사고번호,사고일시,요일,시군구,사고내용,사망자수,중상자수,경상자수,부상신고자수,사고유형,법규위반,노면상태,기상상태,도로형태,가해운전자 차종,가해운전자 성별,가해운전자 연령,가해운전자 상해정도,피해운전자 차종,피해운전자 성별,피해운전자 연령,피해운전자 상해정도
2013012500100207,2013년 1월 25일 12시,금요일,대구광역시 북구 칠성동2가,경상사고,0,0,5,0,차대차 - 추돌 - 진행중,안전거리미확보,건조,맑음,미분류 - 미분류,승용,여,52세,경상,승용,여,33세,경상
2013012500100226,2013년 1월 25일 13시,금요일,대구광역시 중구 동인동1가,경상사고,0,0,3,0,차대차 - 기타,안전거리미확보,건조,맑음,단일로 - 기타,승용,남,49세,상해없음,승용,여,45세,경상
2013012500100266,2013년 1월 25일 15시,금요일,대구광역시 달서구 성당동,경상사고,0,0,2,0,차대차 - 추돌 - 진행중,안전거리미확보,건조,맑음,교차로 - 교차로부근,승용,남,43세,상해없음,승용,남,23세,경상
2013012500100294,2013년 1월 25일 16시,금요일,대구광역시 달서구 진천동,경상사고,0,0,1,0,차대차 - 기타,안전운전불이행,건조,맑음,단일로 - 기타,이륜,남,17세,경상,승용,남,63세,상해없음
2013012500100295,2013년 1월 25일 16시,금요일,대구광역시 달성군 화원읍,경상사고,0,0,1,0,차대사람 - 기타,안전운전불이행,건조,맑음,교차로 - 교차로안,승용,여,28세,상해없음,보행자,여,11세,경상
2013012500100296,2013년 1월 25일 16시,금요일,대구광역시 중구 대신동,중상사고,0,2,0,0,차대차 - 측면직각충돌,신호위반,건조,맑음,단일로 - 기타,승용,여,60세,상해없음,이륜,남,53세,중상
2013012500100297,2013년 1월 25일 16시,금요일,대구광역시 달서구 두류동,경상사고,0,0,2,0,차대차 - 추돌 - 주정차중,안전운전불이행,건조,맑음,교차로 - 교차로부근,승용,남,69세,상해없음,승용,남,42세,경상
2013012500100325,2013년 1월 25일 17시,금요일,대구광역시 북구 태전동,경상사고,0,0,2,0,차대차 - 기타,안전거리미확보,건조,맑음,단일로 - 기타,승용,남,35세,상해없음,승용,남,30세,경상
2013012500100364,2013년 1월 25일 18시,금요일,대구광역시 달성군 다사읍,경상사고,0,0,4,0,차대차 - 정면충돌,중앙선침범,건조,맑음,단일로 - 기타,승용,여,56세,경상,승용,남,45세,경상
2013012500100395,2013년 1월 25일 19시,금요일,대구광역시 수성구 수성동2가,중상사고,0,1,0,0,차대사람 - 횡단중,안전운전불이행,건조,맑음,교차로 - 교차로부근,승용,남,32세,상해없음,보행자,여,60세,중상
2013012500100431,2013년 1월 25일 20시,금요일,대구광역시 남구 봉덕동,경상사고,0,0,1,0,차대차 - 측면직각충돌,안전운전불이행,건조,맑음,단일로 - 기타,승용,남,57세,상해없음,승용,여,30세,경상
2013012500100432,2013년 1월 25일 20시,금요일,대구광역시 달서구 월성동,경상사고,0,0,1,0,차대차 - 측면직각충돌,안전운전불이행,건조,맑음,단일로 - 기타,승용,남,61세,상해없음,승용,남,37세,상해없음
2013012500100433,2013년 1월 25일 20시,금요일,대구광역시 서구 평리동,경상사고,0,0,1,0,차대차 - 기타,안전운전불이행,건조,맑음,단일로 - 기타,승용,남,37세,상해없음,이륜,남,17세,경상
2013012500100455,2013년 1월 25일 21시,금요일,대구광역시 달서구 상인동,경상사고,0,0,1,0,차대차 - 기타,안전거리미확보,건조,맑음,단일로 - 기타,승용,남,46세,상해없음,이륜,남,31세,경상
2013012500100456,2013년 1월 25일 21시,금요일,대구광역시 북구 산격동,경상사고,0,0,1,0,차대차 - 측면직각충돌,안전운전불이행,건조,맑음,단일로 - 기타,승용,여,31세,상해없음,원동기,남,18세,경상
2013012500100457,2013년 1월 25일 21시,금요일,대구광역시 북구 침산동,경상사고,0,0,1,0,차대차 - 측면직각충돌,안전운전불이행,건조,맑음,교차로 - 교차로부근,원동기,남,19세,상해없음,자전거,여,36세,경상
2013012500100458,2013년 1월 25일 21시,금요일,대구광역시 달서구 신당동,중상사고,0,1,0,0,차대사람 - 횡단중,보행자보호의무위반,건조,맑음,단일로 - 횡단보도상,승용,남,48세,상해없음,보행자,여,48세,중상
2013012500100484,2013년 1월 25일 22시,금요일,대구광역시 동구 지저동,경상사고,0,0,1,0,차대사람 - 기타,안전운전불이행,건조,맑음,단일로 - 횡단보도부근,승용,남,53세,상해없음,보행자,남,51세,경상
2013012500100485,2013년 1월 25일 22시,금요일,대구광역시 서구 비산동,경상사고,0,0,1,0,차대차 - 기타,안전거리미확보,건조,맑음,단일로 - 기타,승용,남,24세,상해없음,이륜,남,17세,경상
2013012500100502,2013년 1월 25일 23시,금요일,대구광역시 남구 대명동,경상사고,0,0,2,0,차대차 - 측면직각충돌,차로위반,건조,맑음,단일로 - 기타,승합,남,68세,상해없음,승용,남,58세,경상
2013012500100503,2013년 1월 25일 23시,금요일,대구광역시 남구 봉덕동,경상사고,0,0,1,0,차대차 - 측면직각충돌,신호위반,건조,맑음,교차로 - 교차로안,이륜,남,36세,상해없음,승용,남,44세,경상
2013012500100504,2013년 1월 25일 23시,금요일,대구광역시 달서구 송현동,경상사고,0,0,1,0,차대차 - 추돌 - 주정차중,안전운전불이행,건조,맑음,단일로 - 기타,승용,남,31세,상해없음,승용,여,24세,경상
2013012500100505,2013년 1월 25일 23시,금요일,대구광역시 북구 칠성동2가,경상사고,0,0,2,0,차대차 - 측면직각충돌,안전거리미확보,건조,맑음,교차로 - 교차로부근,승용,남,53세,상해없음,승용,남,35세,경상
2013012500100506,2013년 1월 25일 23시,금요일,대구광역시 달서구 용산동,경상사고,0,0,1,0,차대차 - 측면직각충돌,안전운전불이행,건조,맑음,단일로 - 기타,승용,남,33세,상해없음,승용,남,20세,경상
2013012500100507,2013년 1월 25일 23시,금요일,대구광역시 달서구 이곡동,부상신고사고,0,0,0,1,차대차 - 추돌 - 주정차중,안전운전불이행,건조,맑음,단일로 - 기타,이륜,남,19세,부상신고,화물,남,34세,기타불명
2013012600100027,2013년 1월 26일 00시,토요일,대구광역시 수성구 만촌동,중상사고,0,1,0,0,차대차 - 추돌 - 주정차중,안전운전불이행,건조,맑음,교차로 - 교차로안,승용,남,40세,상해없음,이륜,남,47세,중상
2013012600100028,2013년 1월 26일 00시,토요일,대구광역시 북구 고성동3가,경상사고,0,0,1,0,차대차 - 측면직각충돌,직진우회전진행방해,건조,맑음,교차로 - 교차로안,승용,여,27세,상해없음,승용,남,54세,경상
2013012600100029,2013년 1월 26일 00시,토요일,대구광역시 북구 동변동,중상사고,0,2,2,0,차대차 - 추돌 - 주정차중,안전운전불이행,건조,맑음,교차로 - 교차로부근,화물,남,60세,상해없음,승용,여,44세,중상
2013012600100030,2013년 1월 26일 00시,토요일,대구광역시 서구 평리동,중상사고,0,1,1,0,차대차 - 측면직각충돌,교차로운행방법위반,건조,흐림,교차로 - 교차로안,승용,남,31세,중상,화물,남,27세,경상
2013012600100052,2013년 1월 26일 01시,토요일,대구광역시 동구 율하동,중상사고,0,1,0,0,차대사람 - 기타,안전운전불이행,건조,맑음,교차로 - 교차로부근,승용,여,41세,상해없음,보행자,남,29세,중상
2013012600100053,2013년 1월 26일 01시,토요일,대구광역시 북구 노원동3가,경상사고,0,0,2,0,차대차 - 측면직각충돌,교차로운행방법위반,건조,맑음,단일로 - 기타,승용,남,47세,상해없음,승용,남,23세,경상
2013012600100054,2013년 1월 26일 01시,토요일,대구광역시 서구 비산동,경상사고,0,0,1,0,차대사람 - 기타,보행자보호의무위반,건조,맑음,교차로 - 교차로안,승용,남,38세,상해없음,보행자,남,44세,경상
2013012600100055,2013년 1월 26일 01시,토요일,대구광역시 달서구 본리동,경상사고,0,0,1,0,차대차 - 측면직각충돌,안전거리미확보,건조,맑음,단일로 - 기타,승용,남,57세,상해없음,승용,남,56세,경상
2013012600100067,2013년 1월 26일 02시,토요일,대구광역시 남구 대명동,경상사고,0,0,2,0,차대차 - 추돌 - 진행중,안전거리미확보,건조,맑음,교차로 - 교차로안,승용,남,60세,상해없음,승용,여,42세,경상
2013012600100068,2013년 1월 26일 02시,토요일,대구광역시 달서구 감삼동,경상사고,0,0,1,0,차대차 - 기타,안전운전불이행,건조,맑음,단일로 - 기타,승용,남,46세,기타불명,승용,남,28세,경상
2013012600100082,2013년 1월 26일 03시,토요일,대구광역시 서구 내당동,경상사고,0,0,2,0,차대차 - 기타,교차로운행방법위반,건조,맑음,교차로 - 교차로안,승용,남,45세,상해없음,승용,남,45세,경상
2013012600100083,2013년 1월 26일 03시,토요일,대구광역시 달서구 신당동,중상사고,0,1,0,0,차대사람 - 기타,안전운전불이행,건조,맑음,교차로 - 교차로부근,승용,남,50세,상해없음,보행자,여,47세,중상
2013012600100094,2013년 1월 26일 04시,토요일,대구광역시 달서구 유천동,경상사고,0,0,1,0,차대차 - 추돌 - 주정차중,안전운전불이행,건조,맑음,교차로 - 교차로부근,승용,남,46세,상해없음,승합,남,39세,경상
2013012600100106,2013년 1월 26일 06시,토요일,대구광역시 달서구 월성동,경상사고,0,0,1,0,차대차 - 측면직각충돌,직진우회전진행방해,건조,맑음,교차로 - 교차로안,승용,여,54세,상해없음,승용,남,43세,경상
2013012600100116,2013년 1월 26일 07시,토요일,대구광역시 중구 삼덕동2가,중상사고,0,1,0,0,차대차 - 측면직각충돌,직진우회전진행방해,건조,맑음,교차로 - 교차로안,승용,남,60세,상해없음,승용,여,42세,상해없음
2013012600100135,2013년 1월 26일 08시,토요일,대구광역시 달성군 구지면,경상사고,0,0,1,0,차대차 - 측면직각충돌,안전운전불이행,건조,맑음,교차로 - 교차로안,승용,여,70세,상해없음,승용,여,61세,경상
2013012600100160,2013년 1월 26일 09시,토요일,대구광역시 수성구 수성동1가,경상사고,0,0,1,0,차대차 - 측면직각충돌,안전운전불이행,건조,맑음,교차로 - 교차로부근,승용,남,50세,상해없음,승용,남,58세,경상
2013012600100161,2013년 1월 26일 09시,토요일,대구광역시 달서구 호산동,경상사고,0,0,1,0,차대차 - 측면직각충돌,교차로운행방법위반,건조,맑음,교차로 - 교차로안,화물,남,48세,상해없음,승용,남,42세,상해없음
2013012600100215,2013년 1월 26일 12시,토요일,대구광역시 서구 비산동,경상사고,0,0,2,0,차대차 - 측면직각충돌,안전운전불이행,건조,맑음,기타 - 기타,승용,여,62세,상해없음,승용,여,40세,기타불명
2013012600100288,2013년 1월 26일 15시,토요일,대구광역시 수성구 범물동,경상사고,0,0,1,0,차대사람 - 기타,안전운전불이행,건조,맑음,단일로 - 기타,승합,남,53세,상해없음,보행자,여,84세,경상
2013012600100313,2013년 1월 26일 16시,토요일,대구광역시 수성구 범물동,경상사고,0,0,1,0,차대차 - 기타,안전운전불이행,건조,맑음,교차로 - 교차로안,승용,남,55세,상해없음,이륜,남,49세,경상
2013012600100314,2013년 1월 26일 16시,토요일,대구광역시 북구 산격동,경상사고,0,0,2,0,차대차 - 기타,안전거리미확보,건조,맑음,단일로 - 기타,승용,남,58세,상해없음,승용,남,43세,경상
2013012600100315,2013년 1월 26일 16시,토요일,대구광역시 달서구 신당동,부상신고사고,0,0,0,1,차대차 - 추돌 - 주정차중,안전운전불이행,건조,맑음,단일로 - 기타,승용,여,57세,부상신고,승용,남,56세,상해없음
2013012600100337,2013년 1월 26일 17시,토요일,대구광역시 달서구 신당동,경상사고,0,0,1,0,차대사람 - 차도통행중,안전운전불이행,건조,맑음,단일로 - 기타,화물,남,31세,상해없음,보행자,남,25세,경상
2013012600100372,2013년 1월 26일 18시,토요일,대구광역시 달성군 다사읍,중상사고,0,1,1,0,차대차 - 기타,기타,건조,맑음,교차로 - 교차로안,승용,남,18세,상해없음,승용,여,49세,중상
2013012600100373,2013년 1월 26일 18시,토요일,대구광역시 북구 침산동,경상사고,0,0,2,0,차대차 - 측면직각충돌,신호위반,건조,맑음,교차로 - 교차로안,승용,여,55세,상해없음,승용,여,45세,경상
2013012600100396,2013년 1월 26일 19시,토요일,대구광역시 달서구 월성동,중상사고,0,1,0,0,차대사람 - 횡단중,보행자보호의무위반,건조,맑음,단일로 - 횡단보도상,승용,남,56세,상해없음,보행자,여,58세,중상
2013012600100412,2013년 1월 26일 20시,토요일,대구광역시 서구 평리동,중상사고,0,1,0,0,차대사람 - 기타,안전운전불이행,건조,맑음,단일로 - 기타,승용,남,42세,상해없음,보행자,여,89세,중상
2013012600100470,2013년 1월 26일 22시,토요일,대구광역시 중구 하서동,경상사고,0,0,7,0,차대차 - 추돌 - 주정차중,안전운전불이행,건조,맑음,단일로 - 기타,승용,남,21세,상해없음,승용,남,34세,경상
2013012600100488,2013년 1월 26일 23시,토요일,대구광역시 달서구 진천동,경상사고,0,0,1,0,차대사람 - 길가장자리구역통행중,안전운전불이행,건조,맑음,교차로 - 교차로안,승용,여,52세,상해없음,보행자,남,69세,경상
2013012700100009,2013년 1월 27일 00시,일요일,대구광역시 북구 태전동,부상신고사고,0,0,0,1,차대차 - 추돌 - 진행중,안전운전불이행,건조,맑음,교차로 - 교차로안,승용,남,56세,상해없음,이륜,남,59세,부상신고
2013012700100031,2013년 1월 27일 01시,일요일,대구광역시 수성구 상동,경상사고,0,0,1,0,차대차 - 측면직각충돌,안전거리미확보,건조,맑음,교차로 - 교차로부근,승용,남,25세,상해없음,승용,여,42세,경상
2013012700100059,2013년 1월 27일 03시,일요일,대구광역시 남구 대명동,중상사고,0,1,8,0,차대차 - 측면직각충돌,안전거리미확보,건조,맑음,단일로 - 기타,화물,남,50세,상해없음,승합,남,27세,경상
2013012700100060,2013년 1월 27일 03시,일요일,대구광역시 동구 불로동,중상사고,0,1,0,0,차대차 - 측면직각충돌,안전운전불이행,건조,맑음,단일로 - 기타,승용,남,61세,상해없음,이륜,남,17세,중상
2013012700100090,2013년 1월 27일 06시,일요일,대구광역시 북구 칠성동1가,경상사고,0,0,1,0,차대차 - 측면직각충돌,안전운전불이행,건조,맑음,단일로 - 기타,승용,남,25세,상해없음,승용,남,58세,경상
2013012700100104,2013년 1월 27일 07시,일요일,대구광역시 달서구 송현동,중상사고,0,4,3,0,차대차 - 정면충돌,중앙선침범,건조,맑음,단일로 - 기타,승용,남,32세,중상,승용,남,46세,중상
2013012700100105,2013년 1월 27일 07시,일요일,대구광역시 북구 학정동,경상사고,0,0,2,0,차대차 - 추돌 - 진행중,안전운전불이행,건조,흐림,단일로 - 기타,승합,남,28세,상해없음,승용,남,41세,경상
2013012700100106,2013년 1월 27일 07시,일요일,대구광역시 중구 북성로2가,중상사고,0,2,1,2,차대차 - 측면직각충돌,신호위반,건조,맑음,교차로 - 교차로안,승용,남,38세,중상,승용,남,57세,경상
2013012700100116,2013년 1월 27일 08시,일요일,대구광역시 동구 신암동,중상사고,0,1,0,0,차대사람 - 기타,안전운전불이행,건조,맑음,단일로 - 기타,화물,남,49세,상해없음,보행자,여,63세,중상
2013012700100117,2013년 1월 27일 08시,일요일,대구광역시 북구 매천동,경상사고,0,0,1,1,차대차 - 측면직각충돌,교차로운행방법위반,건조,맑음,교차로 - 교차로안,승용,남,54세,상해없음,승용,남,60세,상해없음
2013012700100118,2013년 1월 27일 08시,일요일,대구광역시 달서구 감삼동,중상사고,0,1,0,0,차대차 - 측면직각충돌,교차로운행방법위반,건조,맑음,교차로 - 교차로안,승용,여,36세,상해없음,이륜,남,46세,중상
2013012700100166,2013년 1월 27일 11시,일요일,대구광역시 남구 대명동,경상사고,0,0,3,0,차대차 - 기타,기타,건조,맑음,단일로 - 기타,건설기계,남,64세,상해없음,승용,남,39세,경상
2013012700100228,2013년 1월 27일 14시,일요일,대구광역시 동구 신암동,중상사고,0,1,0,0,차대차 - 측면직각충돌,안전운전불이행,건조,맑음,단일로 - 기타,승용,남,28세,상해없음,이륜,여,53세,중상
2013012700100229,2013년 1월 27일 14시,일요일,대구광역시 수성구 중동,경상사고,0,0,2,0,차대차 - 측면직각충돌,신호위반,건조,맑음,교차로 - 교차로안,이륜,남,19세,상해없음,승용,남,29세,경상
2013012700100230,2013년 1월 27일 14시,일요일,대구광역시 달서구 도원동,경상사고,0,0,3,0,차대차 - 추돌 - 주정차중,안전운전불이행,건조,맑음,단일로 - 기타,승용,여,44세,상해없음,승용,여,47세,경상
2013012700100231,2013년 1월 27일 14시,일요일,대구광역시 서구 평리동,경상사고,0,0,1,0,차대차 - 기타,교차로운행방법위반,건조,맑음,교차로 - 교차로안,원동기,남,16세,기타불명,원동기,남,34세,경상
2013012700100232,2013년 1월 27일 14시,일요일,대구광역시 서구 내당동,경상사고,0,0,1,0,차대차 - 측면직각충돌,안전운전불이행,건조,맑음,단일로 - 기타,승용,남,38세,상해없음,이륜,남,52세,경상
2013012700100247,2013년 1월 27일 15시,일요일,대구광역시 수성구 범어동,중상사고,0,1,0,0,차대차 - 측면직각충돌,신호위반,건조,맑음,교차로 - 교차로안,승용,남,34세,상해없음,승용,남,42세,중상
2013012700100304,2013년 1월 27일 18시,일요일,대구광역시 달서구 본동,경상사고,0,0,2,0,차대차 - 추돌 - 주정차중,안전운전불이행,건조,맑음,교차로 - 교차로부근,화물,남,55세,상해없음,승용,여,43세,경상
2013012700100305,2013년 1월 27일 18시,일요일,대구광역시 달성군 화원읍,경상사고,0,0,1,0,차대차 - 기타,안전운전불이행,건조,맑음,교차로 - 교차로부근,승합,남,45세,상해없음,승용,남,41세,경상
2013012700100352,2013년 1월 27일 20시,일요일,대구광역시 북구 침산동,중상사고,0,1,0,0,차대차 - 측면직각충돌,중앙선침범,건조,맑음,교차로 - 교차로부근,승용,여,53세,상해없음,이륜,남,47세,중상
2013012700100366,2013년 1월 27일 21시,일요일,대구광역시 달성군 다사읍,부상신고사고,0,0,0,1,차대차 - 추돌 - 진행중,안전운전불이행,건조,맑음,교차로 - 교차로부근,이륜,남,16세,부상신고,승용,남,26세,상해없음
2013012700100367,2013년 1월 27일 21시,일요일,대구광역시 중구 태평로2가,경상사고,0,0,1,0,차대차 - 추돌 - 주정차중,안전운전불이행,건조,맑음,교차로 - 교차로부근,승용,남,47세,상해없음,승용,여,45세,경상
2013012700100368,2013년 1월 27일 21시,일요일,대구광역시 중구 공평동,경상사고,0,0,1,0,차대사람 - 기타,안전운전불이행,건조,맑음,교차로 - 교차로안,승용,남,34세,상해없음,보행자,남,21세,경상
2013012700100369,2013년 1월 27일 21시,일요일,대구광역시 달서구 신당동,경상사고,0,0,1,0,차대차 - 기타,안전거리미확보,건조,맑음,단일로 - 기타,승용,남,54세,상해없음,이륜,남,44세,경상
2013012700100388,2013년 1월 27일 23시,일요일,대구광역시 서구 중리동,경상사고,0,0,1,0,차대차 - 추돌 - 주정차중,안전거리미확보,건조,맑음,교차로 - 교차로부근,승용,남,29세,상해없음,승용,남,60세,경상
2013012700100389,2013년 1월 27일 23시,일요일,대구광역시 달서구 신당동,중상사고,0,1,1,0,차대차 - 측면직각충돌,신호위반,건조,맑음,교차로 - 교차로안,원동기,남,21세,중상,승용,남,56세,경상
2013012800100034,2013년 1월 28일 04시,월요일,대구광역시 달서구 송현동,경상사고,0,0,3,0,차대차 - 측면직각충돌,차로위반,건조,맑음,단일로 - 기타,승용,여,28세,상해없음,승합,남,52세,경상
2013012800100038,2013년 1월 28일 05시,월요일,대구광역시 북구 산격동,경상사고,0,0,4,0,차대차 - 측면직각충돌,차로위반,건조,흐림,교차로 - 교차로안,승용,여,54세,상해없음,승용,남,23세,경상
2013012800100073,2013년 1월 28일 07시,월요일,대구광역시 달성군 화원읍,경상사고,0,0,1,0,차대차 - 기타,안전운전불이행,건조,맑음,교차로 - 교차로부근,화물,남,60세,경상,화물,남,57세,상해없음
2013012800100074,2013년 1월 28일 07시,월요일,대구광역시 북구 태전동,중상사고,0,1,0,0,차대차 - 기타,안전운전불이행,건조,맑음,단일로 - 기타,승용,여,30세,상해없음,자전거,남,52세,중상
2013012800100128,2013년 1월 28일 09시,월요일,대구광역시 북구 침산동,경상사고,0,0,2,2,차대차 - 기타,안전거리미확보,건조,맑음,단일로 - 기타,승용,남,52세,부상신고,승용,남,57세,부상신고
2013012800100129,2013년 1월 28일 09시,월요일,대구광역시 서구 내당동,중상사고,0,1,0,0,차대사람 - 기타,안전운전불이행,건조,맑음,교차로 - 교차로부근,승용,남,66세,상해없음,보행자,남,16세,중상
2013012800100152,2013년 1월 28일 10시,월요일,대구광역시 수성구 수성동4가,경상사고,0,0,1,0,차대차 - 측면직각충돌,안전운전불이행,건조,맑음,단일로 - 기타,승용,남,66세,상해없음,승용,여,27세,경상
2013012800100153,2013년 1월 28일 10시,월요일,대구광역시 서구 비산동,경상사고,0,0,2,0,차대차 - 추돌 - 주정차중,안전거리미확보,건조,맑음,단일로 - 기타,승용,남,37세,상해없음,승용,남,62세,경상
2013012800100174,2013년 1월 28일 11시,월요일,대구광역시 달서구 상인동,중상사고,0,2,0,0,차대차 - 측면직각충돌,교차로운행방법위반,건조,맑음,교차로 - 교차로안,승용,남,43세,중상,승용,남,42세,중상
2013012800100175,2013년 1월 28일 11시,월요일,대구광역시 북구 복현동,경상사고,0,0,2,0,차대차 - 기타,안전거리미확보,건조,맑음,기타 - 기타,화물,남,45세,상해없음,승용,여,40세,상해없음
2013012800100194,2013년 1월 28일 12시,월요일,대구광역시 달서구 송현동,경상사고,0,0,1,0,차대차 - 기타,안전운전불이행,건조,맑음,단일로 - 기타,화물,남,50세,상해없음,이륜,남,43세,경상
2013012800100216,2013년 1월 28일 13시,월요일,대구광역시 남구 대명동,중상사고,0,1,0,0,차대사람 - 횡단중,안전운전불이행,건조,맑음,미분류 - 미분류,승용,남,47세,상해없음,보행자,남,29세,중상
2013012800100217,2013년 1월 28일 13시,월요일,대구광역시 수성구 황금동,중상사고,0,1,0,0,차대차 - 측면직각충돌,안전운전불이행,건조,맑음,단일로 - 기타,승용,남,37세,상해없음,승합,남,58세,상해없음
2013012800100241,2013년 1월 28일 14시,월요일,대구광역시 수성구 범어동,중상사고,0,1,0,0,차대차 - 기타,안전운전불이행,건조,맑음,단일로 - 횡단보도상,승용,남,31세,상해없음,자전거,남,79세,중상
2013012800100242,2013년 1월 28일 14시,월요일,대구광역시 수성구 만촌동,경상사고,0,0,5,0,차대차 - 추돌 - 진행중,교차로운행방법위반,건조,맑음,교차로 - 교차로부근,승합,남,57세,상해없음,승용,남,51세,경상
2013012800100243,2013년 1월 28일 14시,월요일,대구광역시 달서구 월성동,사망사고,1,0,0,0,차대차 - 측면직각충돌,안전운전불이행,건조,맑음,교차로 - 교차로안,특수,남,38세,상해없음,자전거,남,74세,사망
2013012800100263,2013년 1월 28일 15시,월요일,대구광역시 북구 고성동3가,부상신고사고,0,0,0,1,차대차 - 측면직각충돌,직진우회전진행방해,건조,맑음,교차로 - 교차로안,승용,남,45세,상해없음,승용,여,49세,부상신고
2013012800100290,2013년 1월 28일 16시,월요일,대구광역시 중구 남산동,중상사고,0,1,0,0,차대차 - 추돌 - 진행중,안전운전불이행,건조,맑음,교차로 - 교차로안,승용,여,48세,상해없음,화물,남,59세,중상
2013012800100291,2013년 1월 28일 16시,월요일,대구광역시 달서구 장동,사망사고,1,0,0,0,차대차 - 측면직각충돌,안전운전불이행,건조,맑음,교차로 - 교차로안,화물,남,61세,상해없음,이륜,남,46세,사망
2013012800100314,2013년 1월 28일 17시,월요일,대구광역시 남구 이천동,중상사고,0,1,2,0,차대차 - 기타,신호위반,건조,맑음,교차로 - 교차로안,승용,남,51세,상해없음,승용,남,64세,경상
2013012800100315,2013년 1월 28일 17시,월요일,대구광역시 동구 방촌동,경상사고,0,0,1,0,차대사람 - 길가장자리구역통행중,안전운전불이행,건조,맑음,단일로 - 기타,승용,여,53세,상해없음,보행자,여,34세,경상
2013012800100316,2013년 1월 28일 17시,월요일,대구광역시 서구 내당동,중상사고,0,1,0,0,차대사람 - 횡단중,보행자보호의무위반,건조,맑음,단일로 - 횡단보도상,승용,남,21세,상해없음,보행자,남,70세,중상
2013012800100317,2013년 1월 28일 17시,월요일,대구광역시 달서구 감삼동,중상사고,0,1,1,0,차대차 - 측면직각충돌,안전거리미확보,건조,맑음,단일로 - 기타,승합,남,29세,경상,승용,남,60세,중상
2013012800100350,2013년 1월 28일 18시,월요일,대구광역시 동구 신천동,경상사고,0,0,1,0,차대차 - 측면직각충돌,안전거리미확보,건조,맑음,단일로 - 기타,승용,남,35세,상해없음,승합,남,37세,상해없음
2013012800100351,2013년 1월 28일 18시,월요일,대구광역시 동구 각산동,중상사고,0,1,0,0,차대사람 - 횡단중,보행자보호의무위반,건조,맑음,단일로 - 기타,승용,남,47세,상해없음,보행자,여,12세,중상
2013012800100352,2013년 1월 28일 18시,월요일,대구광역시 수성구 만촌동,중상사고,0,2,1,0,차대차 - 기타,안전운전불이행,건조,맑음,단일로 - 기타,승용,남,26세,상해없음,승용,남,46세,경상
2013012800100353,2013년 1월 28일 18시,월요일,대구광역시 달서구 진천동,중상사고,0,1,0,0,차대사람 - 기타,안전운전불이행,건조,맑음,단일로 - 기타,승용,남,53세,상해없음,보행자,여,13세,중상
2013012800100354,2013년 1월 28일 18시,월요일,대구광역시 북구 구암동,부상신고사고,0,0,0,1,차대차 - 측면직각충돌,안전운전불이행,건조,맑음,교차로 - 교차로안,이륜,남,80세,부상신고,승용,남,50세,상해없음
2013012800100386,2013년 1월 28일 19시,월요일,대구광역시 동구 신천동,경상사고,0,0,1,0,차대사람 - 횡단중,중앙선침범,건조,맑음,단일로 - 기타,승용,남,25세,상해없음,보행자,여,61세,경상
2013012800100405,2013년 1월 28일 20시,월요일,대구광역시 수성구 수성동1가,경상사고,0,0,1,0,차대차 - 측면직각충돌,신호위반,건조,맑음,교차로 - 교차로안,승용,여,51세,상해없음,승용,여,39세,경상
2013012800100432,2013년 1월 28일 21시,월요일,대구광역시 북구 산격동,경상사고,0,0,1,0,차대사람 - 횡단중,안전운전불이행,습기,비,단일로 - 기타,승용,남,26세,상해없음,보행자,남,47세,경상
2013012800100433,2013년 1월 28일 21시,월요일,대구광역시 북구 복현동,경상사고,0,0,2,0,차대차 - 기타,안전운전불이행,건조,맑음,교차로 - 교차로안,승용,남,40세,상해없음,화물,남,55세,경상
2013012800100434,2013년 1월 28일 21시,월요일,대구광역시 서구 내당동,중상사고,0,1,0,0,차대차 - 측면직각충돌,안전운전불이행,건조,맑음,단일로 - 기타,승용,남,27세,상해없음,승용,남,37세,중상
2013012800100454,2013년 1월 28일 22시,월요일,대구광역시 달서구 본동,중상사고,0,1,0,0,차대사람 - 횡단중,안전운전불이행,건조,맑음,단일로 - 횡단보도상,승용,남,30세,상해없음,보행자,남,25세,중상
2013012800100455,2013년 1월 28일 22시,월요일,대구광역시 달성군 다사읍,경상사고,0,0,1,0,차대차 - 추돌 - 주정차중,안전운전불이행,건조,맑음,교차로 - 교차로부근,화물,남,59세,상해없음,승용,남,28세,경상
2013012800100472,2013년 1월 28일 23시,월요일,대구광역시 남구 봉덕동,중상사고,0,1,0,0,차대차 - 측면직각충돌,신호위반,건조,맑음,교차로 - 교차로안,승용,남,31세,상해없음,이륜,남,18세,중상
2013012900100050,2013년 1월 29일 03시,화요일,대구광역시 중구 삼덕동1가,경상사고,0,0,1,0,차대사람 - 차도통행중,보행자보호의무위반,건조,맑음,단일로 - 횡단보도상,승용,남,20세,상해없음,보행자,여,24세,경상
2013012900100064,2013년 1월 29일 05시,화요일,대구광역시 북구 침산동,경상사고,0,0,1,0,차대차 - 측면직각충돌,안전운전불이행,건조,맑음,교차로 - 교차로안,승용,기타불명,기타불명,기타불명,자전거,남,54세,경상
2013012900100086,2013년 1월 29일 06시,화요일,대구광역시 북구 팔달동,경상사고,0,0,1,0,차대차 - 기타,안전거리미확보,건조,맑음,단일로 - 기타,화물,남,49세,상해없음,승용,남,30세,경상
2013012900100087,2013년 1월 29일 06시,화요일,대구광역시 북구 태전동,경상사고,0,0,1,0,차대차 - 기타,교차로운행방법위반,건조,맑음,교차로 - 교차로안,기타불명,기타불명,기타불명,기타불명,승용,남,32세,상해없음