사고번호,사고일시,요일,시군구,사고내용,사망자수,중상자수,경상자수,부상신고자수,사고유형,법규위반,노면상태,기상상태,도로형태,가해운전자 차종,가해운전자 성별,가해운전자 연령,가해운전자 상해정도,피해운전자 차종,피해운전자 성별,피해운전자 연령,피해운전자 상해정도
2013012900100107,2013년 1월 29일 07시,화요일,대구광역시 달서구 진천동,경상사고,0,0,1,0,차대사람 - 기타,안전운전불이행,건조,맑음,단일로 - 기타,승용,남,38세,상해없음,보행자,남,55세,경상
2013012900100108,2013년 1월 29일 07시,화요일,대구광역시 달서구 본동,경상사고,0,0,1,0,차대차 - 측면직각충돌,신호위반,건조,맑음,교차로 - 교차로안,자전거,남,21세,경상,승합,남,53세,상해없음
2013012900100109,2013년 1월 29일 07시,화요일,대구광역시 서구 평리동,경상사고,0,0,1,0,차대차 - 기타,중앙선침범,건조,흐림,단일로 - 기타,승용,남,47세,상해없음,승용,남,68세,경상
2013012900100130,2013년 1월 29일 08시,화요일,대구광역시 동구 율하동,경상사고,0,0,1,0,차대차 - 측면직각충돌,교차로운행방법위반,건조,맑음,교차로 - 교차로안,승용,남,57세,상해없음,승용,남,24세,경상
2013012900100142,2013년 1월 29일 09시,화요일,대구광역시 수성구 만촌동,경상사고,0,0,1,0,차대사람 - 기타,안전운전불이행,건조,맑음,교차로 - 교차로안,승용,여,42세,상해없음,보행자,남,14세,경상
2013012900100143,2013년 1월 29일 09시,화요일,대구광역시 북구 침산동,중상사고,0,1,0,0,차대차 - 기타,안전운전불이행,건조,맑음,단일로 - 횡단보도상,건설기계,남,54세,상해없음,자전거,여,71세,중상
2013012900100164,2013년 1월 29일 10시,화요일,대구광역시 수성구 상동,경상사고,0,0,1,0,차대사람 - 기타,안전운전불이행,건조,맑음,단일로 - 기타,건설기계,남,45세,상해없음,보행자,남,24세,경상
2013012900100165,2013년 1월 29일 10시,화요일,대구광역시 서구 내당동,부상신고사고,0,0,0,1,차대사람 - 기타,안전운전불이행,건조,맑음,교차로 - 교차로안,자전거,기타불명,기타불명,기타불명,보행자,여,70세,부상신고
2013012900100183,2013년 1월 29일 11시,화요일,대구광역시 서구 평리동,중상사고,0,1,0,0,차대사람 - 기타,교차로운행방법위반,건조,맑음,교차로 - 교차로부근,승용,여,48세,상해없음,보행자,남,74세,중상
2013012900100228,2013년 1월 29일 13시,화요일,대구광역시 남구 봉덕동,경상사고,0,0,2,0,차대차 - 측면직각충돌,안전운전불이행,건조,맑음,단일로 - 기타,승용,여,56세,상해없음,승용,남,37세,경상
2013012900100229,2013년 1월 29일 13시,화요일,대구광역시 동구 율하동,부상신고사고,0,0,0,1,차대차 - 측면직각충돌,안전운전불이행,건조,맑음,단일로 - 기타,화물,남,62세,상해없음,원동기,남,18세,부상신고
2013012900100230,2013년 1월 29일 13시,화요일,대구광역시 중구 동인동2가,경상사고,0,0,1,0,차대차 - 측면직각충돌,교차로운행방법위반,건조,맑음,교차로 - 교차로안,화물,남,55세,상해없음,승용,남,47세,경상
2013012900100270,2013년 1월 29일 15시,화요일,대구광역시 중구 삼덕동1가,경상사고,0,0,1,0,차대차 - 기타,안전운전불이행,건조,맑음,단일로 - 기타,승용,남,31세,상해없음,자전거,남,26세,경상
2013012900100293,2013년 1월 29일 16시,화요일,대구광역시 동구 신암동,경상사고,0,0,1,0,차대차 - 추돌 - 주정차중,안전거리미확보,건조,맑음,단일로 - 횡단보도부근,승용,남,50세,상해없음,승용,여,65세,경상
2013012900100379,2013년 1월 29일 19시,화요일,대구광역시 수성구 두산동,중상사고,0,1,0,0,차대사람 - 차도통행중,안전운전불이행,건조,맑음,단일로 - 기타,승용,여,53세,상해없음,보행자,남,9세,중상
2013012900100429,2013년 1월 29일 21시,화요일,대구광역시 수성구 황금동,중상사고,0,1,0,0,차대차 - 측면직각충돌,안전거리미확보,건조,맑음,단일로 - 기타,승용,남,55세,상해없음,이륜,남,42세,중상
2013012900100430,2013년 1월 29일 21시,화요일,대구광역시 달서구 월성동,중상사고,0,1,0,0,차대사람 - 기타,안전운전불이행,건조,맑음,단일로 - 기타,승용,여,41세,상해없음,보행자,남,41세,중상
2013013000100035,2013년 1월 30일 01시,수요일,대구광역시 중구 삼덕동2가,경상사고,0,0,1,0,차대사람 - 기타,안전운전불이행,건조,맑음,교차로 - 교차로안,승용,남,31세,상해없음,보행자,여,25세,경상
2013013000100060,2013년 1월 30일 03시,수요일,대구광역시 달서구 용산동,경상사고,0,0,1,0,차대차 - 측면직각충돌,신호위반,건조,맑음,교차로 - 교차로부근,승용,남,27세,상해없음,승용,남,36세,경상
2013013000100066,2013년 1월 30일 04시,수요일,대구광역시 수성구 지산동,경상사고,0,0,2,0,차대차 - 측면직각충돌,안전운전불이행,건조,맑음,교차로 - 교차로안,승용,남,31세,상해없음,화물,남,69세,경상
2013013000100079,2013년 1월 30일 05시,수요일,대구광역시 달서구 감삼동,중상사고,0,1,0,0,차대차 - 측면직각충돌,중앙선침범,건조,맑음,단일로 - 기타,승용,남,63세,상해없음,자전거,여,63세,중상
2013013000100093,2013년 1월 30일 06시,수요일,대구광역시 서구 비산동,중상사고,0,1,0,0,차대사람 - 기타,보행자보호의무위반,건조,맑음,교차로 - 교차로안,승용,여,43세,상해없음,보행자,여,63세,중상
2013013000100119,2013년 1월 30일 07시,수요일,대구광역시 중구 남산동,경상사고,0,0,1,0,차대사람 - 횡단중,안전운전불이행,건조,맑음,단일로 - 기타,화물,남,45세,상해없음,보행자,남,32세,경상
2013013000100120,2013년 1월 30일 07시,수요일,대구광역시 중구 대봉동,경상사고,0,0,2,0,차대차 - 추돌 - 진행중,안전거리미확보,건조,맑음,교차로 - 교차로부근,화물,남,32세,상해없음,화물,남,23세,경상
2013013000100121,2013년 1월 30일 07시,수요일,대구광역시 달서구 용산동,경상사고,0,0,1,0,차대사람 - 횡단중,안전운전불이행,건조,맑음,단일로 - 기타,승용,남,30세,상해없음,보행자,여,45세,경상
2013013000100151,2013년 1월 30일 08시,수요일,대구광역시 동구 신기동,경상사고,0,0,1,1,차대차 - 측면직각충돌,안전거리미확보,건조,맑음,단일로 - 기타,승용,여,36세,부상신고,승용,남,55세,경상
2013013000100152,2013년 1월 30일 08시,수요일,대구광역시 북구 노원동2가,경상사고,0,0,1,0,차대차 - 기타,중앙선침범,건조,맑음,단일로 - 기타,승용,남,42세,상해없음,원동기,남,51세,경상
2013013000100194,2013년 1월 30일 10시,수요일,대구광역시 북구 노원동2가,경상사고,0,0,1,0,차대차 - 추돌 - 진행중,안전거리미확보,건조,맑음,단일로 - 기타,승용,남,44세,상해없음,승용,남,45세,경상
2013013000100195,2013년 1월 30일 10시,수요일,대구광역시 달서구 신당동,중상사고,0,1,0,0,차대차 - 측면직각충돌,직진우회전진행방해,건조,맑음,교차로 - 교차로안,화물,남,57세,상해없음,원동기,남,41세,중상
2013013000100220,2013년 1월 30일 11시,수요일,대구광역시 수성구 만촌동,중상사고,0,1,0,0,차대차 - 추돌 - 주정차중,안전운전불이행,건조,맑음,단일로 - 기타,승용,여,67세,상해없음,승용,여,41세,중상
2013013000100221,2013년 1월 30일 11시,수요일,대구광역시 달서구 호산동,경상사고,0,0,1,0,차대사람 - 기타,안전운전불이행,건조,맑음,단일로 - 기타,승용,남,46세,상해없음,보행자,남,21세,경상
2013013000100249,2013년 1월 30일 12시,수요일,대구광역시 동구 검사동,경상사고,0,0,1,0,차량단독 - 공작물충돌,안전운전불이행,건조,맑음,단일로 - 기타,승용,남,75세,경상,,,,
2013013000100250,2013년 1월 30일 12시,수요일,대구광역시 동구 미곡동,중상사고,0,1,0,0,차량단독 - 공작물충돌,안전운전불이행,건조,맑음,단일로 - 기타,이륜,남,59세,중상,,,,
2013013000100288,2013년 1월 30일 14시,수요일,대구광역시 남구 이천동,중상사고,0,1,0,0,차대사람 - 기타,안전운전불이행,건조,맑음,단일로 - 기타,화물,남,74세,상해없음,보행자,남,9세,중상
2013013000100289,2013년 1월 30일 14시,수요일,대구광역시 북구 복현동,중상사고,0,1,1,0,차대차 - 측면직각충돌,신호위반,건조,맑음,교차로 - 교차로안,승용,여,45세,상해없음,승용,남,50세,경상
2013013000100333,2013년 1월 30일 16시,수요일,대구광역시 남구 대명동,경상사고,0,0,1,0,차량단독 - 기타,안전운전불이행,건조,맑음,단일로 - 기타,승용,남,54세,상해없음,,,,
2013013000100408,2013년 1월 30일 18시,수요일,대구광역시 달성군 유가면,중상사고,0,1,0,0,차대차 - 측면직각충돌,안전거리미확보,건조,맑음,교차로 - 교차로부근,승용,남,32세,상해없음,승용,남,69세,중상
2013013000100409,2013년 1월 30일 18시,수요일,대구광역시 북구 칠성동1가,중상사고,0,1,0,0,차대사람 - 차도통행중,안전운전불이행,건조,맑음,단일로 - 기타,승용,남,45세,상해없음,보행자,여,84세,중상
2013013000100410,2013년 1월 30일 18시,수요일,대구광역시 달서구 두류동,경상사고,0,0,1,0,차대차 - 측면직각충돌,안전거리미확보,건조,맑음,단일로 - 기타,승용,여,44세,상해없음,승용,남,70세,경상
2013013000100443,2013년 1월 30일 19시,수요일,대구광역시 수성구 노변동,경상사고,0,0,1,0,차대차 - 기타,교차로운행방법위반,건조,맑음,교차로 - 교차로안,승용,남,54세,상해없음,원동기,남,17세,경상
2013013000100444,2013년 1월 30일 19시,수요일,대구광역시 달서구 상인동,경상사고,0,0,1,0,차대사람 - 기타,안전운전불이행,건조,맑음,교차로 - 교차로부근,승용,기타불명,기타불명,기타불명,보행자,여,41세,경상
2013013000100498,2013년 1월 30일 21시,수요일,대구광역시 동구 방촌동,경상사고,0,0,1,0,차대사람 - 기타,안전운전불이행,건조,맑음,단일로 - 기타,승용,남,62세,상해없음,보행자,남,22세,경상
2013013000100527,2013년 1월 30일 22시,수요일,대구광역시 서구 평리동,경상사고,0,0,3,0,차대차 - 추돌 - 진행중,안전거리미확보,건조,맑음,단일로 - 기타,승용,남,42세,상해없음,승용,여,22세,경상
2013013100100016,2013년 1월 31일 00시,목요일,대구광역시 수성구 신매동,중상사고,0,1,0,0,차대사람 - 횡단중,안전운전불이행,건조,맑음,단일로 - 기타,승용,남,33세,상해없음,보행자,남,36세,중상
2013013100100028,2013년 1월 31일 01시,목요일,대구광역시 달서구 송현동,경상사고,0,0,1,0,차대차 - 기타,안전운전불이행,건조,맑음,단일로 - 기타,승용,남,26세,상해없음,승용,남,42세,상해없음
2013013100100029,2013년 1월 31일 01시,목요일,대구광역시 달성군 다사읍,경상사고,0,0,1,0,차량단독 - 공작물충돌,안전운전불이행,건조,맑음,교차로 - 교차로부근,승용,남,37세,경상,,,,
2013013100100042,2013년 1월 31일 02시,목요일,대구광역시 동구 방촌동,경상사고,0,0,1,0,차대차 - 측면직각충돌,안전운전불이행,건조,맑음,교차로 - 교차로부근,승용,남,30세,상해없음,승용,여,25세,경상
2013013100100106,2013년 1월 31일 07시,목요일,대구광역시 북구 칠성동1가,중상사고,0,1,0,0,차대차 - 측면직각충돌,안전거리미확보,건조,맑음,교차로 - 교차로부근,승용,남,51세,상해없음,승용,여,51세,중상
2013013100100151,2013년 1월 31일 08시,목요일,대구광역시 동구 율하동,경상사고,0,0,1,0,차대차 - 추돌 - 진행중,안전거리미확보,건조,맑음,교차로 - 교차로부근,건설기계,남,57세,상해없음,화물,남,37세,경상
2013013100100181,2013년 1월 31일 09시,목요일,대구광역시 달서구 월성동,경상사고,0,0,1,0,차대차 - 기타,불법유턴,건조,맑음,교차로 - 교차로부근,승용,남,50세,상해없음,승용,여,60세,경상
2013013100100182,2013년 1월 31일 09시,목요일,대구광역시 달성군 가창면,중상사고,0,1,0,0,차량단독 - 기타,안전운전불이행,결빙,맑음,단일로 - 기타,승용,남,52세,중상,,,,
2013013100100183,2013년 1월 31일 09시,목요일,대구광역시 서구 비산동,중상사고,0,1,0,0,차대차 - 기타,안전운전불이행,건조,맑음,단일로 - 기타,승용,남,70세,상해없음,자전거,남,73세,중상
2013013100100225,2013년 1월 31일 11시,목요일,대구광역시 북구 검단동,경상사고,0,0,2,0,차대차 - 측면직각충돌,교차로운행방법위반,건조,맑음,교차로 - 교차로안,승합,남,60세,경상,승용,남,43세,경상
2013013100100249,2013년 1월 31일 12시,목요일,대구광역시 서구 비산동,중상사고,0,1,0,0,차대사람 - 기타,안전운전불이행,건조,맑음,단일로 - 기타,원동기,여,38세,상해없음,보행자,남,64세,중상
2013013100100279,2013년 1월 31일 13시,목요일,대구광역시 수성구 만촌동,중상사고,0,1,2,0,차대차 - 추돌 - 진행중,교차로운행방법위반,건조,맑음,교차로 - 교차로안,승용,여,45세,상해없음,승용,남,52세,중상
2013013100100303,2013년 1월 31일 14시,목요일,대구광역시 중구 계산동2가,경상사고,0,0,1,0,차대사람 - 기타,안전운전불이행,건조,맑음,단일로 - 기타,원동기,남,39세,상해없음,보행자,남,44세,경상
2013013100100304,2013년 1월 31일 14시,목요일,대구광역시 달서구 두류동,중상사고,0,1,0,0,차대차 - 측면직각충돌,직진우회전진행방해,건조,맑음,교차로 - 교차로안,승용,여,60세,상해없음,원동기,남,57세,중상
2013013100100327,2013년 1월 31일 15시,목요일,대구광역시 북구 산격동,중상사고,0,1,0,0,차량단독 - 기타,기타,건조,맑음,단일로 - 기타,승합,남,38세,상해없음,,,,
2013013100100344,2013년 1월 31일 16시,목요일,대구광역시 수성구 범어동,경상사고,0,0,1,0,차대차 - 추돌 - 진행중,안전거리미확보,건조,맑음,단일로 - 기타,승용,여,33세,상해없음,승용,남,42세,경상
2013013100100345,2013년 1월 31일 16시,목요일,대구광역시 달서구 월성동,경상사고,0,0,1,0,차대차 - 측면직각충돌,안전운전불이행,건조,맑음,교차로 - 교차로안,원동기,남,54세,경상,승용,여,68세,상해없음
2013013100100346,2013년 1월 31일 16시,목요일,대구광역시 서구 평리동,경상사고,0,0,2,0,차대사람 - 횡단중,보행자보호의무위반,건조,맑음,교차로 - 교차로부근,승용,여,53세,상해없음,보행자,여,34세,경상
2013013100100368,2013년 1월 31일 17시,목요일,대구광역시 중구 남산동,경상사고,0,0,3,0,차대차 - 추돌 - 진행중,안전거리미확보,건조,맑음,교차로 - 교차로안,승용,여,42세,상해없음,승용,남,22세,경상
2013013100100369,2013년 1월 31일 17시,목요일,대구광역시 달서구 이곡동,중상사고,0,1,0,0,차대차 - 측면직각충돌,안전거리미확보,건조,맑음,단일로 - 기타,승용,남,61세,상해없음,원동기,남,17세,중상
2013013100100436,2013년 1월 31일 19시,목요일,대구광역시 동구 동호동,경상사고,0,0,2,0,차대차 - 측면직각충돌,안전거리미확보,건조,맑음,단일로 - 기타,승용,남,54세,상해없음,승용,여,32세,경상
2013013100100437,2013년 1월 31일 19시,목요일,대구광역시 서구 비산동,중상사고,0,1,0,0,차대차 - 기타,신호위반,건조,맑음,단일로 - 기타,승용,남,55세,상해없음,자전거,남,49세,중상
2013013100100500,2013년 1월 31일 21시,목요일,대구광역시 동구 용계동,경상사고,0,0,1,0,차대차 - 추돌 - 진행중,신호위반,건조,맑음,교차로 - 교차로안,화물,남,45세,상해없음,화물,남,64세,경상
2013013100100501,2013년 1월 31일 21시,목요일,대구광역시 북구 동천동,경상사고,0,0,1,0,차대차 - 기타,안전운전불이행,건조,맑음,교차로 - 교차로안,승용,남,40세,상해없음,승용,여,40세,경상
2013013100100502,2013년 1월 31일 21시,목요일,대구광역시 중구 태평로1가,경상사고,0,0,1,0,차대차 - 추돌 - 진행중,신호위반,건조,맑음,교차로 - 교차로안,승용,남,34세,상해없음,이륜,남,32세,경상
2013013100100503,2013년 1월 31일 21시,목요일,대구광역시 달서구 호림동,경상사고,0,0,2,0,차대차 - 기타,차로위반,건조,맑음,단일로 - 기타,승용,여,26세,경상,승용,여,54세,경상
2013013100100529,2013년 1월 31일 22시,목요일,대구광역시 북구 산격동,중상사고,0,1,0,0,차대차 - 기타,안전운전불이행,건조,맑음,단일로 - 횡단보도상,승용,남,55세,상해없음,이륜,남,43세,중상
2013013100100530,2013년 1월 31일 22시,목요일,대구광역시 북구 태전동,경상사고,0,0,1,0,차대차 - 기타,중앙선침범,건조,맑음,단일로 - 기타,승용,남,60세,상해없음,승용,남,50세,경상
2013013100100562,2013년 1월 31일 23시,목요일,대구광역시 달서구 호산동,경상사고,0,0,1,0,차대사람 - 기타,기타,건조,맑음,단일로 - 기타,승용,여,40세,상해없음,보행자,남,33세,경상
2013020100100043,2013년 2월 1일 01시,금요일,대구광역시 동구 신암동,경상사고,0,0,1,0,차대사람 - 기타,안전운전불이행,습기,비,단일로 - 기타,승용,남,34세,상해없음,보행자,남,28세,경상
2013020100100044,2013년 2월 1일 01시,금요일,대구광역시 수성구 황금동,중상사고,0,1,0,0,차대사람 - 기타,안전운전불이행,건조,맑음,단일로 - 기타,원동기,남,23세,상해없음,보행자,남,57세,중상
2013020100100045,2013년 2월 1일 01시,금요일,대구광역시 달서구 월성동,경상사고,0,0,2,0,차대차 - 추돌 - 진행중,안전운전불이행,습기,비,교차로 - 교차로부근,승용,남,61세,상해없음,승용,남,61세,경상
2013020100100065,2013년 2월 1일 02시,금요일,대구광역시 수성구 황금동,경상사고,0,0,1,0,차대차 - 측면직각충돌,중앙선침범,건조,맑음,교차로 - 교차로안,승용,여,43세,상해없음,승용,여,63세,경상
2013020100100066,2013년 2월 1일 02시,금요일,대구광역시 달서구 이곡동,경상사고,0,0,2,0,차대차 - 측면직각충돌,안전운전불이행,습기,비,단일로 - 기타,승용,남,28세,상해없음,승용,남,27세,경상
2013020100100132,2013년 2월 1일 06시,금요일,대구광역시 북구 칠성동2가,경상사고,0,0,1,0,차대차 - 추돌 - 주정차중,안전거리미확보,습기,비,단일로 - 기타,승용,남,56세,상해없음,승용,남,31세,경상
2013020100100161,2013년 2월 1일 07시,금요일,대구광역시 북구 학정동,중상사고,0,1,0,0,차대사람 - 횡단중,보행자보호의무위반,습기,비,단일로 - 횡단보도상,화물,남,51세,상해없음,보행자,여,51세,중상
2013020100100162,2013년 2월 1일 07시,금요일,대구광역시 달서구 이곡동,경상사고,0,0,1,0,차대사람 - 횡단중,보행자보호의무위반,습기,비,단일로 - 횡단보도상,승용,남,53세,기타불명,보행자,남,20세,경상
2013020100100190,2013년 2월 1일 08시,금요일,대구광역시 서구 상리동,경상사고,0,0,1,0,차대차 - 추돌 - 진행중,안전운전불이행,건조,맑음,단일로 - 기타,승합,남,35세,상해없음,화물,남,41세,경상
2013020100100195,2013년 2월 1일 08시,금요일,대구광역시 달서구 유천동,경상사고,0,0,2,0,차대차 - 측면직각충돌,신호위반,건조,맑음,교차로 - 교차로안,승합,남,59세,상해없음,승용,남,36세,경상
2013020100100196,2013년 2월 1일 08시,금요일,대구광역시 중구 남산동,중상사고,0,1,0,0,차량단독 - 기타,안전운전불이행,습기,비,단일로 - 기타,승합,남,54세,상해없음,,,,
2013020100100222,2013년 2월 1일 09시,금요일,대구광역시 남구 봉덕동,중상사고,0,1,0,0,차량단독 - 기타,안전운전불이행,습기,비,단일로 - 기타,승합,남,41세,상해없음,,,,
2013020100100223,2013년 2월 1일 09시,금요일,대구광역시 동구 효목동,중상사고,0,1,0,0,차대사람 - 기타,안전운전불이행,습기,비,교차로 - 교차로부근,화물,남,49세,상해없음,보행자,여,74세,중상
2013020100100279,2013년 2월 1일 12시,금요일,대구광역시 동구 신암동,경상사고,0,0,2,0,차대차 - 추돌 - 주정차중,안전운전불이행,습기,비,단일로 - 기타,승용,남,46세,상해없음,승용,남,62세,경상
2013020100100324,2013년 2월 1일 14시,금요일,대구광역시 북구 침산동,중상사고,0,2,0,0,차대차 - 측면직각충돌,중앙선침범,습기,비,단일로 - 기타,승용,남,57세,상해없음,승용,여,45세,중상
2013020100100325,2013년 2월 1일 14시,금요일,대구광역시 중구 남산동,경상사고,0,0,1,0,차대차 - 추돌 - 진행중,안전거리미확보,습기,비,단일로 - 기타,승용,남,75세,상해없음,승용,여,32세,경상
2013020100100344,2013년 2월 1일 15시,금요일,대구광역시 동구 용계동,경상사고,0,0,1,0,차대차 - 추돌 - 주정차중,안전거리미확보,습기,비,단일로 - 기타,화물,남,30세,상해없음,승용,여,28세,경상
2013020100100372,2013년 2월 1일 16시,금요일,대구광역시 동구 신천동,경상사고,0,0,3,0,차대차 - 기타,안전거리미확보,습기,비,교차로 - 교차로안,승합,남,55세,상해없음,승용,남,41세,경상
2013020100100441,2013년 2월 1일 18시,금요일,대구광역시 서구 평리동,경상사고,0,0,1,0,차대사람 - 기타,기타,습기,비,단일로 - 기타,이륜,남,38세,상해없음,보행자,남,50세,경상
2013020100100486,2013년 2월 1일 19시,금요일,대구광역시 서구 평리동,경상사고,0,0,3,0,차대차 - 측면직각충돌,안전거리미확보,건조,맑음,단일로 - 횡단보도부근,승용,남,52세,상해없음,승합,남,52세,상해없음
2013020100100487,2013년 2월 1일 19시,금요일,대구광역시 달서구 이곡동,부상신고사고,0,0,0,1,차대사람 - 횡단중,신호위반,건조,맑음,단일로 - 기타,승용,남,47세,상해없음,보행자,남,40세,부상신고
2013020100100519,2013년 2월 1일 20시,금요일,대구광역시 수성구 수성동1가,중상사고,0,1,0,0,차대차 - 측면직각충돌,안전운전불이행,습기,흐림,단일로 - 기타,승용,여,47세,상해없음,원동기,남,19세,중상
2013020100100548,2013년 2월 1일 21시,금요일,대구광역시 북구 국우동,중상사고,0,2,0,0,차대차 - 추돌 - 주정차중,안전운전불이행,건조,맑음,단일로 - 기타,승용,남,36세,상해없음,승용,남,40세,중상
2013020100100549,2013년 2월 1일 21시,금요일,대구광역시 중구 수창동,중상사고,0,1,0,0,차량단독 - 기타,안전운전불이행,습기,맑음,교차로 - 교차로부근,승합,남,46세,기타불명,,,,
2013020100100588,2013년 2월 1일 22시,금요일,대구광역시 북구 복현동,중상사고,0,1,0,0,차대차 - 기타,안전거리미확보,건조,맑음,단일로 - 기타,승용,남,27세,상해없음,원동기,남,35세,중상
2013020100100619,2013년 2월 1일 23시,금요일,대구광역시 달서구 이곡동,경상사고,0,0,1,0,차대사람 - 횡단중,안전운전불이행,습기,흐림,단일로 - 기타,승용,남,47세,상해없음,보행자,남,48세,경상
2013020200100025,2013년 2월 2일 00시,토요일,대구광역시 중구 대봉동,경상사고,0,0,1,0,차대차 - 기타,안전운전불이행,건조,맑음,단일로 - 기타,승용,남,41세,상해없음,승용,남,61세,경상
2013020200100049,2013년 2월 2일 01시,토요일,대구광역시 동구 효목동,경상사고,0,0,1,0,차대사람 - 기타,안전운전불이행,건조,맑음,교차로 - 교차로부근,승용,남,52세,상해없음,보행자,남,38세,경상
2013020200100050,2013년 2월 2일 01시,토요일,대구광역시 북구 대현동,경상사고,0,0,1,0,차대차 - 기타,신호위반,건조,맑음,교차로 - 교차로안,승합,남,56세,상해없음,승용,남,28세,경상
2013020200100086,2013년 2월 2일 03시,토요일,대구광역시 남구 봉덕동,경상사고,0,0,2,0,차대차 - 추돌 - 주정차중,안전운전불이행,건조,맑음,단일로 - 교량,승용,여,34세,상해없음,승용,남,63세,경상
2013020200100087,2013년 2월 2일 03시,토요일,대구광역시 달서구 용산동,부상신고사고,0,0,0,2,차대차 - 기타,과속,건조,맑음,단일로 - 기타,승용,남,58세,상해없음,승용,남,59세,부상신고
2013020200100101,2013년 2월 2일 04시,토요일,대구광역시 동구 효목동,경상사고,0,0,1,0,차대사람 - 횡단중,신호위반,건조,맑음,단일로 - 횡단보도상,승합,남,51세,상해없음,보행자,남,23세,경상
2013020200100102,2013년 2월 2일 04시,토요일,대구광역시 달서구 상인동,경상사고,0,0,1,0,차대사람 - 기타,안전운전불이행,건조,맑음,기타 - 기타,승용,남,47세,상해없음,보행자,남,29세,경상
2013020200100103,2013년 2월 2일 04시,토요일,대구광역시 달서구 신당동,경상사고,0,0,1,0,차대차 - 측면직각충돌,안전거리미확보,습기,흐림,단일로 - 기타,승용,남,52세,상해없음,승용,남,38세,경상
2013020200100114,2013년 2월 2일 05시,토요일,대구광역시 북구 노원동3가,경상사고,0,0,1,0,차량단독 - 기타,안전운전불이행,건조,맑음,단일로 - 기타,승합,남,54세,상해없음,,,,
2013020200100115,2013년 2월 2일 05시,토요일,대구광역시 서구 평리동,중상사고,0,1,0,0,차대사람 - 기타,안전운전불이행,습기,맑음,단일로 - 기타,원동기,남,68세,상해없음,보행자,남,63세,중상
2013020200100127,2013년 2월 2일 06시,토요일,대구광역시 중구 대신동,경상사고,0,0,1,0,차대사람 - 차도통행중,안전운전불이행,건조,맑음,교차로 - 교차로부근,화물,남,56세,상해없음,보행자,여,71세,경상
2013020200100167,2013년 2월 2일 08시,토요일,대구광역시 달성군 하빈면,중상사고,0,2,0,0,차대차 - 기타,중앙선침범,결빙,맑음,단일로 - 기타,승용,남,41세,상해없음,승용,남,33세,중상
2013020200100218,2013년 2월 2일 10시,토요일,대구광역시 달서구 신당동,경상사고,0,0,2,0,차대차 - 측면직각충돌,직진우회전진행방해,건조,맑음,교차로 - 교차로안,승용,남,24세,상해없음,승용,남,30세,경상
2013020200100219,2013년 2월 2일 10시,토요일,대구광역시 달서구 본리동,경상사고,0,0,1,0,차대사람 - 기타,기타,건조,맑음,단일로 - 기타,승합,여,57세,상해없음,보행자,여,70세,경상
2013020200100248,2013년 2월 2일 11시,토요일,대구광역시 동구 동호동,경상사고,0,0,2,0,차대차 - 측면직각충돌,안전운전불이행,건조,맑음,단일로 - 기타,승용,여,49세,상해없음,이륜,남,17세,경상
2013020200100272,2013년 2월 2일 12시,토요일,대구광역시 수성구 만촌동,중상사고,0,1,1,0,차대차 - 기타,신호위반,건조,맑음,교차로 - 교차로안,승용,남,42세,상해없음,승용,남,60세,중상
2013020200100273,2013년 2월 2일 12시,토요일,대구광역시 서구 이현동,경상사고,0,0,1,0,차대차 - 기타,안전운전불이행,건조,맑음,기타 - 기타,승용,남,49세,상해없음,원동기,남,37세,경상
2013020200100301,2013년 2월 2일 13시,토요일,대구광역시 동구 신천동,경상사고,0,0,1,0,차대차 - 추돌 - 주정차중,안전거리미확보,건조,맑음,교차로 - 교차로부근,화물,남,24세,상해없음,승용,남,30세,경상
2013020200100327,2013년 2월 2일 14시,토요일,대구광역시 동구 효목동,사망사고,1,0,0,0,차대차 - 기타,안전운전불이행,건조,맑음,단일로 - 기타,승용,남,33세,상해없음,승용,남,27세,사망
2013020200100328,2013년 2월 2일 14시,토요일,대구광역시 달서구 죽전동,경상사고,0,0,3,0,차대차 - 측면직각충돌,안전운전불이행,건조,맑음,단일로 - 기타,승용,남,51세,상해없음,승용,여,23세,경상
2013020200100346,2013년 2월 2일 15시,토요일,대구광역시 달서구 죽전동,경상사고,0,0,1,0,차대차 - 측면직각충돌,신호위반,건조,맑음,단일로 - 횡단보도상,이륜,남,18세,상해없음,원동기,여,48세,경상
2013020200100365,2013년 2월 2일 16시,토요일,대구광역시 중구 남산동,중상사고,0,1,0,0,차대차 - 측면직각충돌,안전운전불이행,건조,맑음,단일로 - 기타,승용,남,37세,상해없음,원동기,남,61세,중상
2013020200100393,2013년 2월 2일 17시,토요일,대구광역시 북구 관음동,경상사고,0,0,1,0,차대사람 - 기타,안전운전불이행,건조,맑음,단일로 - 기타,승용,남,49세,상해없음,보행자,남,42세,경상
2013020200100394,2013년 2월 2일 17시,토요일,대구광역시 달서구 신당동,경상사고,0,0,2,0,차대차 - 추돌 - 주정차중,안전운전불이행,건조,맑음,단일로 - 기타,승용,남,28세,상해없음,승용,여,23세,경상
2013020200100430,2013년 2월 2일 18시,토요일,대구광역시 남구 대명동,경상사고,0,0,1,0,차대차 - 기타,차로위반,건조,맑음,단일로 - 기타,승용,남,31세,상해없음,승용,남,62세,경상