사고번호,사고일시,요일,시군구,사고내용,사망자수,중상자수,경상자수,부상신고자수,사고유형,법규위반,노면상태,기상상태,도로형태,가해운전자 차종,가해운전자 성별,가해운전자 연령,가해운전자 상해정도,피해운전자 차종,피해운전자 성별,피해운전자 연령,피해운전자 상해정도
2013020200100431,2013년 2월 2일 18시,토요일,대구광역시 북구 칠성동2가,경상사고,0,0,1,0,차대차 - 측면직각충돌,안전거리미확보,건조,맑음,단일로 - 기타,승용,남,36세,상해없음,이륜,남,18세,경상
2013020200100432,2013년 2월 2일 18시,토요일,대구광역시 북구 대현동,경상사고,0,0,1,1,차대차 - 측면직각충돌,신호위반,건조,맑음,교차로 - 교차로안,승용,남,33세,상해없음,승용,여,50세,경상
2013020200100467,2013년 2월 2일 19시,토요일,대구광역시 수성구 신매동,중상사고,0,1,0,0,차대차 - 정면충돌,중앙선침범,건조,맑음,단일로 - 기타,승용,남,28세,상해없음,이륜,남,17세,중상
2013020200100468,2013년 2월 2일 19시,토요일,대구광역시 달서구 감삼동,경상사고,0,0,1,0,차대차 - 추돌 - 진행중,안전운전불이행,건조,맑음,단일로 - 기타,승용,남,45세,상해없음,승용,남,46세,경상
2013020200100520,2013년 2월 2일 21시,토요일,대구광역시 북구 서변동,경상사고,0,0,3,0,차대차 - 측면직각충돌,안전운전불이행,건조,맑음,기타 - 기타,승용,남,53세,상해없음,승용,남,31세,경상
2013020200100561,2013년 2월 2일 23시,토요일,대구광역시 남구 대명동,경상사고,0,0,4,0,차대차 - 추돌 - 진행중,안전거리미확보,건조,흐림,단일로 - 기타,승용,남,21세,상해없음,승용,남,54세,경상
2013020200100562,2013년 2월 2일 23시,토요일,대구광역시 달서구 본동,중상사고,0,1,0,0,차대차 - 기타,불법유턴,건조,맑음,교차로 - 교차로부근,승용,남,63세,기타불명,원동기,남,16세,중상
2013020200100563,2013년 2월 2일 23시,토요일,대구광역시 북구 침산동,경상사고,0,0,2,0,차대차 - 측면직각충돌,안전거리미확보,건조,맑음,교차로 - 교차로부근,승용,남,32세,상해없음,승용,남,50세,경상
2013020300100011,2013년 2월 3일 00시,일요일,대구광역시 남구 대명동,경상사고,0,0,1,0,차대사람 - 기타,신호위반,건조,맑음,단일로 - 기타,승용,남,47세,상해없음,보행자,여,49세,경상
2013020300100012,2013년 2월 3일 00시,일요일,대구광역시 동구 용계동,중상사고,0,1,0,0,차대차 - 측면직각충돌,안전거리미확보,건조,맑음,단일로 - 기타,승용,남,50세,상해없음,이륜,남,62세,중상
2013020300100013,2013년 2월 3일 00시,일요일,대구광역시 달서구 상인동,경상사고,0,0,1,0,차대차 - 측면직각충돌,차로위반,건조,맑음,교차로 - 교차로부근,기타불명,기타불명,기타불명,기타불명,승용,남,53세,경상
2013020300100014,2013년 2월 3일 00시,일요일,대구광역시 달서구 대천동,중상사고,0,1,3,0,차대차 - 추돌 - 진행중,직진우회전진행방해,건조,맑음,교차로 - 교차로안,승용,남,27세,경상,승용,남,49세,경상
2013020300100029,2013년 2월 3일 01시,일요일,대구광역시 동구 신서동,경상사고,0,0,1,0,차대차 - 기타,안전운전불이행,건조,맑음,단일로 - 기타,승용,남,40세,상해없음,승용,남,26세,경상
2013020300100043,2013년 2월 3일 02시,일요일,대구광역시 동구 동호동,중상사고,0,1,1,0,차대차 - 기타,중앙선침범,건조,맑음,단일로 - 기타,승용,남,27세,상해없음,승용,남,42세,중상
2013020300100060,2013년 2월 3일 03시,일요일,대구광역시 동구 방촌동,경상사고,0,0,1,0,차대차 - 기타,안전운전불이행,건조,맑음,단일로 - 기타,승용,남,31세,상해없음,승용,남,29세,경상
2013020300100061,2013년 2월 3일 03시,일요일,대구광역시 중구 삼덕동1가,경상사고,0,0,4,0,차대사람 - 기타,안전운전불이행,건조,맑음,단일로 - 기타,승용,남,22세,상해없음,보행자,남,25세,경상
2013020300100083,2013년 2월 3일 05시,일요일,대구광역시 수성구 황금동,경상사고,0,0,1,0,차대차 - 기타,안전거리미확보,건조,맑음,단일로 - 기타,승용,남,25세,상해없음,승용,남,58세,경상
2013020300100100,2013년 2월 3일 06시,일요일,대구광역시 남구 대명동,경상사고,0,0,2,0,차대차 - 측면직각충돌,안전거리미확보,건조,맑음,단일로 - 기타,승용,남,43세,상해없음,승용,남,55세,경상
2013020300100101,2013년 2월 3일 06시,일요일,대구광역시 중구 태평로3가,경상사고,0,0,1,0,차대사람 - 횡단중,안전운전불이행,건조,맑음,단일로 - 기타,승용,남,53세,상해없음,보행자,남,19세,경상
2013020300100235,2013년 2월 3일 14시,일요일,대구광역시 수성구 만촌동,중상사고,0,1,0,0,차대차 - 측면직각충돌,안전운전불이행,건조,맑음,단일로 - 기타,승용,남,57세,상해없음,이륜,남,48세,중상
2013020300100283,2013년 2월 3일 16시,일요일,대구광역시 수성구 지산동,중상사고,0,1,0,0,차대사람 - 보도통행중,보행자보호의무위반,건조,맑음,교차로 - 교차로부근,승용,여,66세,상해없음,보행자,여,80세,중상
2013020300100284,2013년 2월 3일 16시,일요일,대구광역시 북구 매천동,경상사고,0,0,1,0,차대차 - 측면직각충돌,안전거리미확보,건조,맑음,단일로 - 기타,화물,남,50세,상해없음,승용,여,49세,경상
2013020300100285,2013년 2월 3일 16시,일요일,대구광역시 북구 산격동,경상사고,0,0,1,0,차대사람 - 횡단중,보행자보호의무위반,건조,맑음,교차로 - 교차로안,승용,여,47세,상해없음,보행자,남,27세,경상
2013020300100365,2013년 2월 3일 18시,일요일,대구광역시 북구 복현동,부상신고사고,0,0,0,1,차대차 - 기타,안전운전불이행,건조,맑음,단일로 - 기타,이륜,남,30세,부상신고,화물,남,46세,상해없음
2013020300100366,2013년 2월 3일 18시,일요일,대구광역시 중구 동인동4가,중상사고,0,1,0,0,차대차 - 기타,안전운전불이행,건조,맑음,단일로 - 기타,승용,남,31세,상해없음,원동기,남,30세,중상
2013020300100397,2013년 2월 3일 19시,일요일,대구광역시 북구 칠성동2가,경상사고,0,0,2,0,차대차 - 측면직각충돌,안전운전불이행,건조,흐림,교차로 - 교차로부근,이륜,남,16세,경상,승용,남,48세,경상
2013020300100433,2013년 2월 3일 20시,일요일,대구광역시 남구 대명동,부상신고사고,0,0,0,1,차대차 - 기타,안전운전불이행,습기,흐림,교차로 - 교차로안,화물,남,29세,상해없음,승용,남,67세,부상신고
2013020300100473,2013년 2월 3일 21시,일요일,대구광역시 수성구 지산동,중상사고,0,1,0,0,차대차 - 기타,교차로운행방법위반,습기,비,교차로 - 교차로안,승용,남,32세,상해없음,원동기,남,48세,중상
2013020300100509,2013년 2월 3일 22시,일요일,대구광역시 동구 율하동,경상사고,0,0,1,0,차대차 - 추돌 - 진행중,안전운전불이행,습기,비,단일로 - 기타,승용,남,21세,상해없음,이륜,남,17세,경상
2013020300100510,2013년 2월 3일 22시,일요일,대구광역시 달서구 감삼동,경상사고,0,0,1,0,차량단독 - 공작물충돌,안전운전불이행,습기,비,단일로 - 기타,승용,남,69세,상해없음,,,,
2013020300100542,2013년 2월 3일 23시,일요일,대구광역시 수성구 지산동,중상사고,0,1,0,0,차대사람 - 기타,안전운전불이행,습기,비,교차로 - 교차로부근,승용,남,69세,상해없음,보행자,남,48세,중상
2013020300100543,2013년 2월 3일 23시,일요일,대구광역시 수성구 수성동2가,중상사고,0,1,0,0,차대사람 - 기타,신호위반,습기,비,교차로 - 교차로부근,승용,남,64세,상해없음,보행자,남,34세,중상
2013020300100544,2013년 2월 3일 23시,일요일,대구광역시 달서구 송현동,중상사고,0,1,0,0,차대사람 - 횡단중,안전운전불이행,습기,비,교차로 - 교차로부근,승용,남,61세,상해없음,보행자,남,18세,중상
2013020300100545,2013년 2월 3일 23시,일요일,대구광역시 북구 서변동,경상사고,0,0,2,0,차대차 - 추돌 - 진행중,안전운전불이행,적설,눈,미분류 - 미분류,승용,남,26세,경상,승용,남,26세,경상
2013020300100546,2013년 2월 3일 23시,일요일,대구광역시 북구 매천동,중상사고,0,1,0,0,차량단독 - 공작물충돌,안전운전불이행,결빙,눈,미분류 - 미분류,승용,여,52세,중상,,,,
2013020300100547,2013년 2월 3일 23시,일요일,대구광역시 달서구 용산동,중상사고,0,1,2,0,차량단독 - 공작물충돌,안전운전불이행,결빙,비,단일로 - 기타,승용,남,35세,상해없음,,,,
2013020400100019,2013년 2월 4일 00시,월요일,대구광역시 수성구 대흥동,중상사고,0,1,1,0,차대차 - 측면직각충돌,신호위반,습기,비,교차로 - 교차로안,승용,남,44세,상해없음,승용,남,28세,경상
2013020400100020,2013년 2월 4일 00시,월요일,대구광역시 수성구 범어동,경상사고,0,0,1,0,차량단독 - 도로외이탈 - 추락,안전운전불이행,결빙,눈,단일로 - 기타,승용,남,62세,상해없음,,,,
2013020400100021,2013년 2월 4일 00시,월요일,대구광역시 달서구 본리동,경상사고,0,0,2,0,차대차 - 측면직각충돌,안전거리미확보,적설,비,단일로 - 기타,승용,여,19세,상해없음,승용,남,39세,경상
2013020400100022,2013년 2월 4일 00시,월요일,대구광역시 달성군 다사읍,경상사고,0,0,1,0,차대사람 - 기타,신호위반,건조,맑음,단일로 - 횡단보도상,기타불명,기타불명,기타불명,기타불명,보행자,남,22세,경상
2013020400100040,2013년 2월 4일 01시,월요일,대구광역시 남구 대명동,경상사고,0,0,1,0,차대차 - 기타,안전운전불이행,습기,비,단일로 - 기타,승용,남,29세,상해없음,승용,남,52세,경상
2013020400100041,2013년 2월 4일 01시,월요일,대구광역시 수성구 지산동,중상사고,0,1,0,0,차대사람 - 기타,안전운전불이행,결빙,비,교차로 - 교차로부근,승용,남,51세,상해없음,보행자,남,59세,중상
2013020400100055,2013년 2월 4일 02시,월요일,대구광역시 수성구 매호동,경상사고,0,0,3,0,차대차 - 추돌 - 주정차중,중앙선침범,습기,비,교차로 - 교차로부근,승용,남,27세,상해없음,승용,남,36세,경상
2013020400100089,2013년 2월 4일 05시,월요일,대구광역시 달서구 도원동,경상사고,0,0,1,0,차대차 - 측면직각충돌,신호위반,습기,비,교차로 - 교차로안,이륜,남,70세,경상,승용,남,28세,상해없음
2013020400100129,2013년 2월 4일 07시,월요일,대구광역시 달성군 유가면,중상사고,0,1,0,0,차대차 - 정면충돌,중앙선침범,결빙,흐림,단일로 - 기타,승용,여,59세,상해없음,화물,남,62세,중상
2013020400100130,2013년 2월 4일 07시,월요일,대구광역시 서구 원대동3가,경상사고,0,0,1,0,차대사람 - 횡단중,안전운전불이행,건조,맑음,단일로 - 횡단보도상,승용,남,31세,상해없음,보행자,여,56세,경상
2013020400100131,2013년 2월 4일 07시,월요일,대구광역시 서구 비산동,경상사고,0,0,1,0,차대사람 - 기타,안전운전불이행,건조,맑음,단일로 - 기타,화물,남,62세,상해없음,보행자,여,53세,경상
2013020400100132,2013년 2월 4일 07시,월요일,대구광역시 달서구 신당동,경상사고,0,0,1,0,차대차 - 측면직각충돌,안전운전불이행,건조,맑음,단일로 - 기타,승용,남,61세,상해없음,자전거,남,43세,경상
2013020400100155,2013년 2월 4일 08시,월요일,대구광역시 서구 내당동,중상사고,0,1,0,0,차대사람 - 기타,기타,습기,비,단일로 - 기타,승용,남,55세,상해없음,보행자,남,62세,중상
2013020400100200,2013년 2월 4일 10시,월요일,대구광역시 중구 봉산동,경상사고,0,0,1,0,차대차 - 추돌 - 진행중,안전운전불이행,건조,맑음,교차로 - 교차로안,승용,여,53세,상해없음,승용,남,34세,경상
2013020400100220,2013년 2월 4일 11시,월요일,대구광역시 북구 침산동,경상사고,0,0,1,0,차대차 - 추돌 - 주정차중,안전운전불이행,건조,맑음,단일로 - 교량,승용,남,38세,상해없음,승용,남,39세,경상
2013020400100221,2013년 2월 4일 11시,월요일,대구광역시 중구 계산동1가,경상사고,0,0,4,0,차대차 - 추돌 - 주정차중,안전거리미확보,건조,맑음,단일로 - 기타,승용,남,30세,상해없음,승용,남,66세,경상
2013020400100222,2013년 2월 4일 11시,월요일,대구광역시 달서구 이곡동,경상사고,0,0,1,0,차대차 - 기타,신호위반,건조,맑음,교차로 - 교차로안,화물,남,50세,상해없음,승합,여,35세,경상
2013020400100240,2013년 2월 4일 12시,월요일,대구광역시 동구 신암동,경상사고,0,0,1,0,차대사람 - 기타,안전운전불이행,건조,맑음,단일로 - 기타,승용,여,39세,상해없음,보행자,남,18세,경상
2013020400100241,2013년 2월 4일 12시,월요일,대구광역시 북구 침산동,중상사고,0,1,1,0,차량단독 - 공작물충돌,안전운전불이행,건조,맑음,단일로 - 기타,화물,남,28세,상해없음,,,,
2013020400100242,2013년 2월 4일 12시,월요일,대구광역시 서구 내당동,경상사고,0,0,1,0,차대차 - 기타,차로위반,건조,맑음,단일로 - 기타,승용,남,36세,상해없음,원동기,남,47세,경상
2013020400100264,2013년 2월 4일 13시,월요일,대구광역시 북구 구암동,경상사고,0,0,2,0,차대차 - 측면직각충돌,안전운전불이행,건조,맑음,교차로 - 교차로안,승용,여,40세,경상,승용,여,29세,경상
2013020400100302,2013년 2월 4일 14시,월요일,대구광역시 남구 이천동,경상사고,0,0,1,0,차대차 - 기타,교차로운행방법위반,건조,맑음,교차로 - 교차로안,승용,남,58세,상해없음,승합,남,37세,상해없음
2013020400100303,2013년 2월 4일 14시,월요일,대구광역시 동구 방촌동,경상사고,0,0,1,0,차대차 - 측면직각충돌,불법유턴,건조,맑음,교차로 - 교차로부근,승용,남,21세,상해없음,승용,남,42세,경상
2013020400100304,2013년 2월 4일 14시,월요일,대구광역시 동구 신암동,경상사고,0,0,3,0,차대차 - 기타,안전운전불이행,건조,맑음,단일로 - 기타,승용,남,52세,상해없음,승용,남,58세,경상
2013020400100305,2013년 2월 4일 14시,월요일,대구광역시 달서구 본동,부상신고사고,0,0,0,1,차대사람 - 횡단중,보행자보호의무위반,건조,맑음,교차로 - 교차로안,기타불명,기타불명,기타불명,기타불명,보행자,여,18세,부상신고
2013020400100306,2013년 2월 4일 14시,월요일,대구광역시 서구 평리동,경상사고,0,0,1,0,차대사람 - 보도통행중,보행자보호의무위반,건조,맑음,단일로 - 횡단보도상,승용,남,44세,상해없음,보행자,남,12세,경상
2013020400100326,2013년 2월 4일 15시,월요일,대구광역시 수성구 신매동,중상사고,0,1,0,0,차대차 - 측면직각충돌,안전운전불이행,건조,맑음,교차로 - 교차로안,승합,남,46세,상해없음,자전거,여,14세,중상
2013020400100327,2013년 2월 4일 15시,월요일,대구광역시 중구 삼덕동2가,중상사고,0,1,0,0,차대차 - 측면직각충돌,교차로운행방법위반,건조,맑음,교차로 - 교차로안,승용,여,53세,상해없음,이륜,남,22세,중상
2013020400100355,2013년 2월 4일 16시,월요일,대구광역시 동구 방촌동,경상사고,0,0,2,0,차대차 - 측면직각충돌,안전운전불이행,건조,맑음,단일로 - 기타,승용,남,45세,상해없음,승용,남,47세,경상
2013020400100371,2013년 2월 4일 17시,월요일,대구광역시 수성구 범어동,경상사고,0,0,2,0,차대차 - 추돌 - 진행중,교차로운행방법위반,건조,맑음,교차로 - 교차로안,승용,여,51세,상해없음,승용,남,55세,경상
2013020400100372,2013년 2월 4일 17시,월요일,대구광역시 중구 동인동1가,중상사고,0,1,0,0,차대사람 - 기타,안전운전불이행,건조,맑음,단일로 - 기타,승용,여,44세,상해없음,보행자,여,74세,중상
2013020400100405,2013년 2월 4일 18시,월요일,대구광역시 남구 대명동,중상사고,0,3,0,0,차대사람 - 횡단중,보행자보호의무위반,건조,맑음,교차로 - 교차로부근,승용,여,30세,상해없음,보행자,여,17세,중상
2013020400100419,2013년 2월 4일 19시,월요일,대구광역시 수성구 중동,경상사고,0,0,1,0,차대사람 - 기타,안전운전불이행,건조,맑음,단일로 - 기타,승용,여,57세,상해없음,보행자,남,47세,경상
2013020400100420,2013년 2월 4일 19시,월요일,대구광역시 서구 내당동,경상사고,0,0,1,0,차대차 - 측면직각충돌,안전운전불이행,건조,맑음,단일로 - 기타,승용,여,45세,상해없음,이륜,남,53세,경상
2013020400100443,2013년 2월 4일 20시,월요일,대구광역시 달서구 상인동,경상사고,0,0,3,0,차대차 - 추돌 - 진행중,중앙선침범,건조,맑음,교차로 - 교차로부근,승용,남,49세,상해없음,승용,남,36세,경상
2013020400100459,2013년 2월 4일 21시,월요일,대구광역시 남구 이천동,경상사고,0,0,4,0,차대차 - 추돌 - 주정차중,안전운전불이행,건조,맑음,단일로 - 기타,승용,남,27세,상해없음,승용,남,44세,경상
2013020400100460,2013년 2월 4일 21시,월요일,대구광역시 수성구 만촌동,중상사고,0,1,0,0,차대사람 - 횡단중,보행자보호의무위반,건조,맑음,단일로 - 횡단보도상,승용,여,45세,상해없음,보행자,남,72세,중상
2013020400100461,2013년 2월 4일 21시,월요일,대구광역시 북구 동천동,중상사고,0,1,0,0,차대차 - 측면직각충돌,교차로운행방법위반,건조,맑음,교차로 - 교차로안,승용,남,35세,상해없음,이륜,남,17세,중상
2013020400100462,2013년 2월 4일 21시,월요일,대구광역시 달서구 죽전동,중상사고,0,2,0,0,차대차 - 측면직각충돌,신호위반,건조,맑음,단일로 - 기타,승용,남,56세,상해없음,승용,남,22세,중상
2013020400100463,2013년 2월 4일 21시,월요일,대구광역시 달서구 두류동,경상사고,0,0,3,0,차대차 - 추돌 - 주정차중,안전운전불이행,건조,맑음,단일로 - 기타,승용,여,41세,상해없음,승용,남,55세,경상
2013020400100485,2013년 2월 4일 22시,월요일,대구광역시 동구 방촌동,경상사고,0,0,1,0,차대차 - 추돌 - 주정차중,안전운전불이행,건조,맑음,교차로 - 교차로부근,승용,남,66세,상해없음,승용,남,30세,경상
2013020400100511,2013년 2월 4일 23시,월요일,대구광역시 남구 대명동,경상사고,0,0,2,0,차대차 - 추돌 - 주정차중,안전운전불이행,건조,맑음,단일로 - 기타,화물,남,32세,상해없음,승용,남,25세,경상
2013020500100012,2013년 2월 5일 00시,화요일,대구광역시 동구 지묘동,중상사고,0,1,2,0,차대차 - 기타,안전운전불이행,건조,맑음,단일로 - 기타,승용,남,24세,중상,승용,남,42세,경상
2013020500100026,2013년 2월 5일 01시,화요일,대구광역시 남구 봉덕동,중상사고,0,2,1,0,차대차 - 기타,안전운전불이행,건조,맑음,교차로 - 교차로안,승용,남,42세,상해없음,승용,남,18세,중상
2013020500100027,2013년 2월 5일 01시,화요일,대구광역시 수성구 범물동,경상사고,0,0,1,0,차대차 - 추돌 - 진행중,안전운전불이행,건조,맑음,단일로 - 기타,승용,남,46세,상해없음,승용,여,40세,경상
2013020500100028,2013년 2월 5일 01시,화요일,대구광역시 북구 태전동,중상사고,0,1,0,0,차대차 - 추돌 - 진행중,안전운전불이행,건조,맑음,단일로 - 기타,승용,남,37세,상해없음,승용,남,61세,중상
2013020500100066,2013년 2월 5일 05시,화요일,대구광역시 달성군 화원읍,중상사고,0,1,1,0,차대차 - 추돌 - 진행중,안전운전불이행,건조,맑음,단일로 - 기타,승용,남,42세,중상,승합,남,51세,경상
2013020500100082,2013년 2월 5일 06시,화요일,대구광역시 달성군 화원읍,경상사고,0,0,2,0,차대차 - 추돌 - 진행중,안전운전불이행,건조,맑음,단일로 - 기타,승용,남,30세,경상,화물,남,39세,경상
2013020500100104,2013년 2월 5일 07시,화요일,대구광역시 달서구 본리동,중상사고,0,1,0,0,차대사람 - 차도통행중,안전운전불이행,건조,맑음,단일로 - 기타,승용,여,43세,상해없음,보행자,여,56세,중상
2013020500100135,2013년 2월 5일 08시,화요일,대구광역시 동구 용계동,중상사고,0,1,0,0,차대차 - 측면직각충돌,안전운전불이행,건조,맑음,단일로 - 기타,승용,남,35세,상해없음,자전거,남,77세,중상
2013020500100164,2013년 2월 5일 09시,화요일,대구광역시 달서구 신당동,경상사고,0,0,1,0,차대차 - 측면직각충돌,안전운전불이행,건조,맑음,교차로 - 교차로안,승용,남,38세,상해없음,승용,남,56세,경상
2013020500100188,2013년 2월 5일 10시,화요일,대구광역시 남구 봉덕동,경상사고,0,0,3,0,차대차 - 추돌 - 주정차중,안전운전불이행,건조,맑음,단일로 - 기타,승용,여,44세,상해없음,승용,남,66세,경상
2013020500100189,2013년 2월 5일 10시,화요일,대구광역시 동구 지저동,경상사고,0,0,1,0,차대차 - 추돌 - 주정차중,안전운전불이행,건조,맑음,단일로 - 기타,화물,남,52세,상해없음,승용,여,37세,경상
2013020500100190,2013년 2월 5일 10시,화요일,대구광역시 수성구 중동,중상사고,0,1,3,0,차대차 - 추돌 - 진행중,안전거리미확보,건조,맑음,단일로 - 기타,승용,여,26세,상해없음,승용,남,47세,중상
2013020500100205,2013년 2월 5일 11시,화요일,대구광역시 동구 신천동,중상사고,0,1,1,0,차대차 - 기타,안전운전불이행,건조,맑음,단일로 - 기타,승용,남,45세,기타불명,승용,남,51세,중상
2013020500100206,2013년 2월 5일 11시,화요일,대구광역시 북구 복현동,부상신고사고,0,0,0,1,차대차 - 기타,안전거리미확보,건조,맑음,기타 - 기타,이륜,남,48세,부상신고,승용,남,69세,기타불명
2013020500100207,2013년 2월 5일 11시,화요일,대구광역시 달서구 성당동,중상사고,0,1,0,0,차대사람 - 횡단중,안전운전불이행,건조,맑음,단일로 - 기타,화물,남,32세,상해없음,보행자,여,68세,중상
2013020500100239,2013년 2월 5일 13시,화요일,대구광역시 수성구 만촌동,중상사고,0,1,0,0,차대차 - 기타,안전운전불이행,건조,맑음,단일로 - 기타,화물,남,48세,상해없음,이륜,남,57세,중상
2013020500100240,2013년 2월 5일 13시,화요일,대구광역시 달성군 구지면,경상사고,0,0,1,0,차대사람 - 기타,안전운전불이행,건조,맑음,단일로 - 기타,승용,여,39세,상해없음,보행자,여,80세,경상
2013020500100288,2013년 2월 5일 15시,화요일,대구광역시 수성구 시지동,경상사고,0,0,1,0,차대사람 - 기타,안전운전불이행,건조,맑음,교차로 - 교차로안,승용,남,40세,상해없음,보행자,여,83세,경상
2013020500100337,2013년 2월 5일 17시,화요일,대구광역시 달서구 송현동,경상사고,0,0,1,0,차대차 - 측면직각충돌,교차로운행방법위반,건조,맑음,교차로 - 교차로부근,화물,남,61세,상해없음,원동기,남,25세,경상
2013020500100380,2013년 2월 5일 18시,화요일,대구광역시 남구 대명동,경상사고,0,0,1,0,차대차 - 측면직각충돌,교차로운행방법위반,습기,비,교차로 - 교차로부근,승용,남,54세,상해없음,승용,남,55세,경상
2013020500100381,2013년 2월 5일 18시,화요일,대구광역시 남구 대명동,경상사고,0,0,1,0,차대차 - 정면충돌,직진우회전진행방해,습기,비,교차로 - 교차로안,승용,남,36세,상해없음,이륜,남,23세,경상
2013020500100382,2013년 2월 5일 18시,화요일,대구광역시 동구 동호동,중상사고,0,1,0,0,차대사람 - 횡단중,안전운전불이행,습기,비,단일로 - 기타,승용,여,71세,상해없음,보행자,남,74세,중상
2013020500100383,2013년 2월 5일 18시,화요일,대구광역시 서구 비산동,경상사고,0,0,1,0,차대사람 - 횡단중,안전운전불이행,건조,맑음,단일로 - 기타,이륜,남,41세,상해없음,보행자,남,52세,경상
2013020500100384,2013년 2월 5일 18시,화요일,대구광역시 달서구 파호동,경상사고,0,0,1,0,차대차 - 측면직각충돌,안전운전불이행,습기,비,단일로 - 기타,승용,여,53세,상해없음,승용,남,61세,경상
2013020500100428,2013년 2월 5일 19시,화요일,대구광역시 남구 대명동,경상사고,0,0,1,0,차대차 - 추돌 - 진행중,안전거리미확보,습기,비,단일로 - 기타,승용,남,61세,상해없음,승용,남,43세,경상
2013020500100429,2013년 2월 5일 19시,화요일,대구광역시 수성구 시지동,경상사고,0,0,1,0,차대차 - 측면직각충돌,안전운전불이행,습기,비,단일로 - 기타,화물,남,45세,상해없음,원동기,남,41세,경상
2013020500100430,2013년 2월 5일 19시,화요일,대구광역시 중구 동산동,중상사고,0,1,0,0,차대사람 - 횡단중,보행자보호의무위반,습기,흐림,단일로 - 횡단보도상,승용,남,63세,상해없음,보행자,여,29세,중상
2013020500100462,2013년 2월 5일 20시,화요일,대구광역시 동구 지저동,경상사고,0,0,1,0,차대사람 - 횡단중,신호위반,습기,비,단일로 - 횡단보도상,승용,남,34세,상해없음,보행자,여,29세,경상
2013020500100500,2013년 2월 5일 21시,화요일,대구광역시 북구 산격동,중상사고,0,3,0,0,차대차 - 측면직각충돌,신호위반,습기,비,교차로 - 교차로안,승용,남,40세,중상,승용,여,57세,중상
2013020500100501,2013년 2월 5일 21시,화요일,대구광역시 서구 비산동,경상사고,0,0,3,0,차대차 - 추돌 - 주정차중,안전거리미확보,건조,맑음,단일로 - 기타,승용,여,48세,상해없음,승용,남,59세,경상
2013020500100533,2013년 2월 5일 22시,화요일,대구광역시 수성구 수성동1가,경상사고,0,0,1,0,차대차 - 측면직각충돌,안전거리미확보,건조,맑음,교차로 - 교차로부근,승합,남,58세,상해없음,승용,남,27세,경상
2013020600100028,2013년 2월 6일 00시,수요일,대구광역시 수성구 사월동,경상사고,0,0,1,0,차대차 - 추돌 - 주정차중,안전운전불이행,습기,흐림,단일로 - 기타,승용,남,37세,상해없음,승용,남,34세,경상
2013020600100045,2013년 2월 6일 01시,수요일,대구광역시 달서구 이곡동,경상사고,0,0,2,0,차대차 - 측면직각충돌,신호위반,습기,비,교차로 - 교차로안,승용,남,52세,상해없음,승용,남,38세,경상
2013020600100063,2013년 2월 6일 03시,수요일,대구광역시 남구 봉덕동,중상사고,0,1,0,0,차대차 - 추돌 - 주정차중,안전운전불이행,습기,비,교차로 - 교차로부근,승합,남,43세,상해없음,이륜,남,61세,중상
2013020600100064,2013년 2월 6일 03시,수요일,대구광역시 동구 신암동,중상사고,0,1,1,0,차대차 - 기타,교차로운행방법위반,습기,비,교차로 - 교차로안,승용,남,48세,상해없음,승용,남,55세,중상
2013020600100072,2013년 2월 6일 04시,수요일,대구광역시 달서구 진천동,경상사고,0,0,2,0,차대차 - 기타,안전거리미확보,습기,흐림,단일로 - 기타,승용,남,38세,상해없음,승용,남,44세,경상
2013020600100123,2013년 2월 6일 07시,수요일,대구광역시 북구 산격동,경상사고,0,0,1,0,차량단독 - 공작물충돌,안전운전불이행,건조,흐림,교차로 - 교차로안,승용,남,42세,경상,,,,
2013020600100124,2013년 2월 6일 07시,수요일,대구광역시 서구 이현동,경상사고,0,0,2,0,차대차 - 기타,직진우회전진행방해,건조,맑음,교차로 - 교차로안,승용,남,58세,상해없음,화물,남,48세,경상
2013020600100155,2013년 2월 6일 08시,수요일,대구광역시 남구 봉덕동,경상사고,0,0,1,0,차대차 - 기타,안전운전불이행,건조,맑음,교차로 - 교차로안,승용,여,28세,상해없음,승용,여,32세,경상
2013020600100156,2013년 2월 6일 08시,수요일,대구광역시 달성군 화원읍,경상사고,0,0,1,0,차대차 - 측면직각충돌,차로위반,습기,맑음,단일로 - 기타,승용,남,44세,상해없음,승용,남,22세,경상
2013020600100157,2013년 2월 6일 08시,수요일,대구광역시 서구 이현동,중상사고,0,3,2,0,차대차 - 추돌 - 주정차중,안전거리미확보,습기,흐림,단일로 - 기타,특수,남,61세,상해없음,승용,남,37세,중상
2013020600100158,2013년 2월 6일 08시,수요일,대구광역시 중구 삼덕동1가,경상사고,0,0,3,0,차대차 - 추돌 - 주정차중,안전운전불이행,습기,흐림,단일로 - 기타,승용,여,21세,상해없음,승용,남,38세,경상
2013020600100214,2013년 2월 6일 10시,수요일,대구광역시 북구 칠성동1가,경상사고,0,0,1,0,차대사람 - 길가장자리구역통행중,중앙선침범,건조,맑음,단일로 - 기타,화물,남,64세,상해없음,보행자,남,74세,경상
2013020600100241,2013년 2월 6일 11시,수요일,대구광역시 달성군 하빈면,중상사고,0,1,0,0,차대차 - 기타,중앙선침범,건조,맑음,단일로 - 기타,화물,남,44세,상해없음,이륜,남,72세,중상
2013020600100242,2013년 2월 6일 11시,수요일,대구광역시 북구 산격동,부상신고사고,0,0,0,1,차대차 - 기타,불법유턴,건조,맑음,교차로 - 교차로안,이륜,남,56세,부상신고,승용,여,30세,상해없음