사고번호,사고일시,요일,시군구,사고내용,사망자수,중상자수,경상자수,부상신고자수,사고유형,법규위반,노면상태,기상상태,도로형태,가해운전자 차종,가해운전자 성별,가해운전자 연령,가해운전자 상해정도,피해운전자 차종,피해운전자 성별,피해운전자 연령,피해운전자 상해정도
2013020600100264,2013년 2월 6일 12시,수요일,대구광역시 달성군 가창면,경상사고,0,0,1,0,차대차 - 추돌 - 주정차중,안전운전불이행,건조,맑음,단일로 - 기타,화물,남,50세,상해없음,화물,남,49세,경상
2013020600100288,2013년 2월 6일 13시,수요일,대구광역시 남구 이천동,경상사고,0,0,1,0,차대차 - 기타,기타,건조,맑음,단일로 - 기타,승용,남,56세,상해없음,이륜,남,71세,경상
2013020600100289,2013년 2월 6일 13시,수요일,대구광역시 동구 입석동,경상사고,0,0,1,0,차대사람 - 기타,안전운전불이행,건조,맑음,교차로 - 교차로안,이륜,남,17세,상해없음,보행자,남,12세,경상
2013020600100290,2013년 2월 6일 13시,수요일,대구광역시 북구 서변동,경상사고,0,0,1,0,차대사람 - 횡단중,보행자보호의무위반,건조,맑음,교차로 - 교차로부근,승용,남,72세,상해없음,보행자,여,10세,경상
2013020600100315,2013년 2월 6일 14시,수요일,대구광역시 남구 대명동,경상사고,0,0,1,0,차대차 - 추돌 - 주정차중,안전운전불이행,건조,맑음,단일로 - 기타,승합,남,29세,상해없음,화물,남,47세,상해없음
2013020600100316,2013년 2월 6일 14시,수요일,대구광역시 달서구 월성동,경상사고,0,0,3,0,차대차 - 측면직각충돌,직진우회전진행방해,건조,맑음,교차로 - 교차로안,승용,여,48세,경상,승용,남,54세,경상
2013020600100317,2013년 2월 6일 14시,수요일,대구광역시 북구 침산동,경상사고,0,0,1,0,차대차 - 기타,안전운전불이행,건조,맑음,기타 - 기타,승용,남,74세,상해없음,승용,남,39세,경상
2013020600100340,2013년 2월 6일 15시,수요일,대구광역시 남구 이천동,중상사고,0,1,0,0,차대차 - 기타,안전운전불이행,건조,맑음,교차로 - 교차로부근,승용,남,40세,상해없음,자전거,남,69세,중상
2013020600100341,2013년 2월 6일 15시,수요일,대구광역시 북구 침산동,중상사고,0,1,0,0,차대차 - 기타,안전운전불이행,건조,맑음,단일로 - 기타,화물,남,48세,상해없음,자전거,남,61세,중상
2013020600100342,2013년 2월 6일 15시,수요일,대구광역시 북구 동천동,경상사고,0,0,1,0,차대차 - 측면직각충돌,불법유턴,건조,맑음,단일로 - 기타,자전거,남,13세,경상,승용,남,69세,상해없음
2013020600100366,2013년 2월 6일 16시,수요일,대구광역시 북구 칠성동1가,경상사고,0,0,1,0,차대차 - 측면직각충돌,안전운전불이행,건조,맑음,단일로 - 기타,화물,남,54세,상해없음,원동기,남,23세,경상
2013020600100367,2013년 2월 6일 16시,수요일,대구광역시 중구 동인동3가,경상사고,0,0,1,0,차대차 - 기타,안전운전불이행,기타,맑음,단일로 - 기타,승용,남,89세,상해없음,승용,남,23세,경상
2013020600100410,2013년 2월 6일 18시,수요일,대구광역시 남구 대명동,경상사고,0,0,2,0,차대차 - 추돌 - 주정차중,안전운전불이행,건조,맑음,단일로 - 기타,승용,여,47세,상해없음,승용,여,26세,경상
2013020600100411,2013년 2월 6일 18시,수요일,대구광역시 남구 대명동,경상사고,0,0,1,0,차대차 - 추돌 - 진행중,안전운전불이행,건조,맑음,단일로 - 기타,승용,여,41세,상해없음,승용,남,56세,상해없음
2013020600100412,2013년 2월 6일 18시,수요일,대구광역시 달서구 상인동,경상사고,0,0,1,0,차대사람 - 기타,직진우회전진행방해,건조,맑음,교차로 - 교차로안,승용,여,42세,상해없음,보행자,남,9세,경상
2013020600100448,2013년 2월 6일 19시,수요일,대구광역시 남구 대명동,경상사고,0,0,2,0,차대차 - 기타,차로위반,건조,맑음,단일로 - 기타,승용,남,33세,상해없음,승용,남,19세,경상
2013020600100449,2013년 2월 6일 19시,수요일,대구광역시 동구 용계동,경상사고,0,0,1,0,차대차 - 기타,안전거리미확보,건조,맑음,교차로 - 교차로부근,승합,남,56세,상해없음,화물,남,44세,경상
2013020600100450,2013년 2월 6일 19시,수요일,대구광역시 북구 침산동,경상사고,0,0,1,0,차대차 - 기타,안전거리미확보,건조,맑음,단일로 - 기타,승용,남,44세,상해없음,승용,여,55세,경상
2013020600100451,2013년 2월 6일 19시,수요일,대구광역시 서구 중리동,경상사고,0,0,1,0,차대차 - 기타,안전거리미확보,건조,맑음,단일로 - 기타,승용,남,63세,상해없음,승용,남,23세,경상
2013020600100452,2013년 2월 6일 19시,수요일,대구광역시 중구 동인동3가,중상사고,0,1,1,2,차대차 - 기타,신호위반,건조,맑음,교차로 - 교차로안,승용,남,46세,부상신고,승용,남,64세,중상
2013020600100481,2013년 2월 6일 20시,수요일,대구광역시 수성구 범어동,중상사고,0,1,0,0,차대차 - 측면직각충돌,안전운전불이행,건조,맑음,교차로 - 교차로안,승용,남,30세,상해없음,이륜,남,34세,중상
2013020600100482,2013년 2월 6일 20시,수요일,대구광역시 북구 산격동,부상신고사고,0,0,0,1,차대차 - 측면직각충돌,안전운전불이행,건조,맑음,단일로 - 기타,이륜,남,61세,부상신고,승용,여,36세,상해없음
2013020600100483,2013년 2월 6일 20시,수요일,대구광역시 달서구 신당동,경상사고,0,0,1,0,차대사람 - 길가장자리구역통행중,안전운전불이행,건조,맑음,단일로 - 기타,승용,남,22세,상해없음,보행자,남,21세,경상
2013020600100511,2013년 2월 6일 21시,수요일,대구광역시 동구 율하동,경상사고,0,0,1,0,차대차 - 측면직각충돌,안전운전불이행,건조,맑음,기타 - 기타,승용,남,29세,상해없음,이륜,남,17세,경상
2013020600100512,2013년 2월 6일 21시,수요일,대구광역시 중구 계산동2가,부상신고사고,0,0,0,1,차대차 - 기타,교차로운행방법위반,건조,맑음,교차로 - 교차로안,승용,여,24세,상해없음,승용,남,57세,부상신고
2013020600100534,2013년 2월 6일 22시,수요일,대구광역시 중구 종로1가,경상사고,0,0,2,0,차대차 - 추돌 - 주정차중,안전운전불이행,건조,흐림,교차로 - 교차로부근,승용,남,39세,상해없음,승용,남,31세,경상
2013020600100535,2013년 2월 6일 22시,수요일,대구광역시 달서구 두류동,경상사고,0,0,2,0,차대차 - 추돌 - 주정차중,안전운전불이행,건조,맑음,단일로 - 기타,승용,남,39세,상해없음,승용,남,22세,경상
2013020600100561,2013년 2월 6일 23시,수요일,대구광역시 수성구 범어동,경상사고,0,0,1,0,차대차 - 기타,신호위반,건조,맑음,단일로 - 기타,승용,남,38세,상해없음,승용,남,53세,경상
2013020700100016,2013년 2월 7일 00시,목요일,대구광역시 동구 신암동,경상사고,0,0,1,0,차대사람 - 기타,안전운전불이행,건조,맑음,단일로 - 기타,승용,여,39세,상해없음,보행자,여,39세,경상
2013020700100035,2013년 2월 7일 01시,목요일,대구광역시 동구 숙천동,중상사고,0,4,1,0,차대차 - 추돌 - 진행중,안전운전불이행,건조,맑음,단일로 - 기타,승용,남,40세,상해없음,승용,남,52세,상해없음
2013020700100060,2013년 2월 7일 03시,목요일,대구광역시 수성구 매호동,경상사고,0,0,2,0,차대차 - 추돌 - 진행중,신호위반,건조,맑음,교차로 - 교차로안,승용,남,58세,상해없음,화물,남,22세,경상
2013020700100061,2013년 2월 7일 03시,목요일,대구광역시 서구 비산동,경상사고,0,0,2,0,차대차 - 기타,안전운전불이행,건조,맑음,단일로 - 기타,승용,남,45세,상해없음,승용,여,24세,경상
2013020700100062,2013년 2월 7일 03시,목요일,대구광역시 달서구 두류동,중상사고,0,1,0,0,차대차 - 기타,안전운전불이행,건조,맑음,단일로 - 기타,승용,남,29세,상해없음,화물,남,31세,중상
2013020700100124,2013년 2월 7일 08시,목요일,대구광역시 수성구 만촌동,중상사고,0,1,0,0,차대사람 - 횡단중,보행자보호의무위반,건조,맑음,단일로 - 횡단보도상,승용,여,36세,상해없음,보행자,여,28세,중상
2013020700100125,2013년 2월 7일 08시,목요일,대구광역시 수성구 만촌동,중상사고,0,1,0,0,차대사람 - 기타,안전운전불이행,건조,맑음,단일로 - 기타,승용,여,47세,상해없음,보행자,여,28세,중상
2013020700100126,2013년 2월 7일 08시,목요일,대구광역시 달서구 본리동,경상사고,0,0,1,0,차대차 - 기타,교차로운행방법위반,건조,맑음,교차로 - 교차로안,승용,남,25세,상해없음,자전거,남,66세,경상
2013020700100168,2013년 2월 7일 10시,목요일,대구광역시 동구 효목동,중상사고,0,1,5,0,차대차 - 기타,신호위반,건조,맑음,교차로 - 교차로안,승용,남,73세,상해없음,승용,남,18세,중상
2013020700100186,2013년 2월 7일 11시,목요일,대구광역시 북구 산격동,경상사고,0,0,1,0,차대차 - 추돌 - 주정차중,안전운전불이행,건조,맑음,단일로 - 기타,화물,남,57세,상해없음,승용,남,50세,경상
2013020700100230,2013년 2월 7일 13시,목요일,대구광역시 동구 서호동,경상사고,0,0,1,0,차대사람 - 횡단중,안전운전불이행,건조,맑음,교차로 - 교차로부근,화물,남,27세,상해없음,보행자,여,87세,경상
2013020700100231,2013년 2월 7일 13시,목요일,대구광역시 수성구 수성동4가,중상사고,0,1,0,0,차대차 - 기타,기타,건조,맑음,단일로 - 기타,승용,남,57세,상해없음,이륜,남,43세,중상
2013020700100232,2013년 2월 7일 13시,목요일,대구광역시 달서구 송현동,경상사고,0,0,1,0,차대차 - 측면직각충돌,교차로운행방법위반,건조,맑음,교차로 - 교차로안,승용,여,46세,경상,승용,남,60세,상해없음
2013020700100261,2013년 2월 7일 14시,목요일,대구광역시 달서구 송현동,경상사고,0,0,2,0,차대차 - 추돌 - 진행중,안전운전불이행,건조,맑음,단일로 - 기타,승용,여,59세,상해없음,승용,여,41세,경상
2013020700100262,2013년 2월 7일 14시,목요일,대구광역시 북구 태전동,경상사고,0,0,1,0,차대사람 - 길가장자리구역통행중,안전운전불이행,건조,맑음,단일로 - 기타,기타불명,기타불명,기타불명,기타불명,보행자,여,7세,경상
2013020700100291,2013년 2월 7일 15시,목요일,대구광역시 동구 신암동,중상사고,0,1,1,0,차대차 - 측면직각충돌,중앙선침범,건조,맑음,단일로 - 기타,승용,여,56세,상해없음,승용,남,50세,중상
2013020700100345,2013년 2월 7일 17시,목요일,대구광역시 동구 신천동,경상사고,0,0,2,0,차대차 - 추돌 - 진행중,안전운전불이행,건조,맑음,교차로 - 교차로안,승용,남,67세,상해없음,승용,남,46세,경상
2013020700100346,2013년 2월 7일 17시,목요일,대구광역시 수성구 만촌동,중상사고,0,1,0,0,차대사람 - 횡단중,안전운전불이행,건조,맑음,단일로 - 기타,승용,여,30세,상해없음,보행자,여,67세,중상
2013020700100347,2013년 2월 7일 17시,목요일,대구광역시 달서구 상인동,경상사고,0,0,1,0,차대차 - 기타,교차로운행방법위반,건조,맑음,교차로 - 교차로안,승용,남,26세,상해없음,이륜,남,45세,경상
2013020700100348,2013년 2월 7일 17시,목요일,대구광역시 서구 비산동,중상사고,0,2,0,0,차대차 - 측면직각충돌,기타,건조,맑음,단일로 - 기타,화물,남,25세,상해없음,원동기,남,72세,중상
2013020700100372,2013년 2월 7일 18시,목요일,대구광역시 남구 봉덕동,경상사고,0,0,1,0,차대차 - 기타,신호위반,건조,맑음,교차로 - 교차로안,이륜,남,21세,상해없음,이륜,남,23세,경상
2013020700100373,2013년 2월 7일 18시,목요일,대구광역시 남구 대명동,중상사고,0,1,0,0,차대차 - 추돌 - 주정차중,직진우회전진행방해,건조,맑음,교차로 - 교차로안,화물,남,58세,상해없음,승용,여,44세,중상
2013020700100374,2013년 2월 7일 18시,목요일,대구광역시 수성구 신매동,중상사고,0,1,0,0,차대사람 - 횡단중,신호위반,건조,맑음,단일로 - 기타,이륜,기타불명,기타불명,기타불명,보행자,여,69세,중상
2013020700100375,2013년 2월 7일 18시,목요일,대구광역시 수성구 신매동,중상사고,0,1,0,0,차대차 - 추돌 - 진행중,안전운전불이행,건조,맑음,단일로 - 기타,승합,남,51세,상해없음,승용,여,60세,중상
2013020700100376,2013년 2월 7일 18시,목요일,대구광역시 수성구 황금동,경상사고,0,0,1,0,차대차 - 추돌 - 진행중,안전거리미확보,건조,맑음,단일로 - 기타,화물,남,46세,상해없음,승용,남,44세,경상
2013020700100378,2013년 2월 7일 18시,목요일,대구광역시 달성군 다사읍,경상사고,0,0,1,0,차대차 - 추돌 - 주정차중,안전운전불이행,건조,맑음,교차로 - 교차로부근,승용,여,51세,상해없음,승용,여,31세,경상
2013020700100415,2013년 2월 7일 19시,목요일,대구광역시 북구 노원동2가,중상사고,0,1,0,0,차대사람 - 기타,기타,기타,맑음,기타 - 기타,이륜,남,67세,상해없음,보행자,남,56세,중상
2013020700100416,2013년 2월 7일 19시,목요일,대구광역시 달서구 성당동,부상신고사고,0,0,0,1,차대사람 - 횡단중,안전운전불이행,건조,맑음,단일로 - 횡단보도상,승용,남,30세,기타불명,보행자,남,51세,부상신고
2013020700100417,2013년 2월 7일 19시,목요일,대구광역시 달서구 죽전동,경상사고,0,0,1,0,차대차 - 측면직각충돌,안전거리미확보,건조,맑음,단일로 - 기타,승용,남,59세,상해없음,승용,남,28세,경상
2013020700100418,2013년 2월 7일 19시,목요일,대구광역시 달서구 감삼동,경상사고,0,0,1,0,차대사람 - 기타,기타,건조,맑음,단일로 - 기타,승용,남,57세,기타불명,보행자,남,29세,경상
2013020700100448,2013년 2월 7일 20시,목요일,대구광역시 수성구 신매동,중상사고,0,1,1,0,차대차 - 정면충돌,신호위반,건조,맑음,교차로 - 교차로안,이륜,남,21세,중상,승용,남,60세,경상
2013020700100449,2013년 2월 7일 20시,목요일,대구광역시 중구 대신동,경상사고,0,0,1,0,차대차 - 측면직각충돌,신호위반,건조,맑음,교차로 - 교차로안,자전거,남,59세,경상,승용,남,55세,상해없음
2013020700100450,2013년 2월 7일 20시,목요일,대구광역시 달서구 감삼동,경상사고,0,0,1,0,차대차 - 기타,안전운전불이행,건조,맑음,단일로 - 기타,승용,남,49세,상해없음,이륜,남,25세,경상
2013020700100487,2013년 2월 7일 21시,목요일,대구광역시 달서구 본동,경상사고,0,0,1,0,차대사람 - 횡단중,안전운전불이행,건조,맑음,교차로 - 교차로안,승용,남,45세,상해없음,보행자,여,14세,경상
2013020700100488,2013년 2월 7일 21시,목요일,대구광역시 달서구 도원동,중상사고,0,1,0,0,차대사람 - 기타,중앙선침범,건조,맑음,단일로 - 기타,승용,남,55세,상해없음,보행자,여,56세,중상
2013020700100489,2013년 2월 7일 21시,목요일,대구광역시 달성군 다사읍,경상사고,0,0,1,0,차대차 - 추돌 - 주정차중,안전운전불이행,건조,맑음,단일로 - 기타,승용,남,35세,상해없음,화물,남,32세,경상
2013020700100490,2013년 2월 7일 21시,목요일,대구광역시 서구 비산동,중상사고,0,1,0,0,차대차 - 측면직각충돌,교차로운행방법위반,건조,맑음,교차로 - 교차로안,화물,남,31세,상해없음,승용,여,54세,중상
2013020700100523,2013년 2월 7일 22시,목요일,대구광역시 수성구 상동,중상사고,0,2,1,0,차대차 - 측면직각충돌,신호위반,건조,맑음,교차로 - 교차로부근,승용,남,33세,중상,승용,남,50세,경상
2013020700100524,2013년 2월 7일 22시,목요일,대구광역시 수성구 만촌동,중상사고,0,2,1,0,차대차 - 추돌 - 주정차중,안전운전불이행,건조,맑음,교차로 - 교차로부근,승용,남,47세,상해없음,승용,남,35세,중상
2013020700100554,2013년 2월 7일 23시,목요일,대구광역시 동구 방촌동,경상사고,0,0,2,0,차대차 - 측면직각충돌,안전거리미확보,건조,맑음,단일로 - 기타,승용,남,38세,상해없음,승용,남,48세,경상
2013020700100555,2013년 2월 7일 23시,목요일,대구광역시 달서구 이곡동,중상사고,0,2,1,0,차대차 - 추돌 - 주정차중,안전운전불이행,건조,맑음,단일로 - 기타,화물,남,55세,상해없음,승용,남,48세,중상
2013020800100014,2013년 2월 8일 00시,금요일,대구광역시 북구 읍내동,경상사고,0,0,2,0,차대차 - 측면직각충돌,신호위반,건조,맑음,교차로 - 교차로안,승용,남,22세,상해없음,승용,남,23세,경상
2013020800100035,2013년 2월 8일 01시,금요일,대구광역시 수성구 범어동,중상사고,0,1,0,0,차대사람 - 횡단중,보행자보호의무위반,건조,맑음,단일로 - 횡단보도상,승용,남,36세,상해없음,보행자,남,45세,중상
2013020800100036,2013년 2월 8일 01시,금요일,대구광역시 중구 서성로2가,중상사고,0,1,0,0,차대차 - 정면충돌,신호위반,건조,맑음,교차로 - 교차로안,승용,남,30세,상해없음,승용,남,60세,중상
2013020800100056,2013년 2월 8일 03시,금요일,대구광역시 수성구 범어동,중상사고,0,2,3,0,차대차 - 기타,안전운전불이행,건조,맑음,교차로 - 교차로부근,승용,남,67세,상해없음,승용,남,38세,중상
2013020800100057,2013년 2월 8일 03시,금요일,대구광역시 수성구 두산동,경상사고,0,0,1,0,차대차 - 기타,안전운전불이행,건조,맑음,단일로 - 기타,승용,남,24세,상해없음,승용,남,28세,상해없음
2013020800100084,2013년 2월 8일 06시,금요일,대구광역시 수성구 만촌동,중상사고,0,1,0,0,차대차 - 추돌 - 주정차중,안전운전불이행,건조,맑음,단일로 - 교량,승용,여,33세,상해없음,화물,남,64세,중상
2013020800100101,2013년 2월 8일 07시,금요일,대구광역시 수성구 만촌동,경상사고,0,0,1,0,차대차 - 측면직각충돌,안전운전불이행,건조,맑음,교차로 - 교차로안,승용,남,55세,상해없음,승합,여,43세,경상
2013020800100124,2013년 2월 8일 08시,금요일,대구광역시 남구 대명동,경상사고,0,0,1,0,차대차 - 측면직각충돌,교차로운행방법위반,건조,맑음,교차로 - 교차로안,승용,여,38세,상해없음,이륜,남,65세,경상
2013020800100125,2013년 2월 8일 08시,금요일,대구광역시 북구 서변동,중상사고,0,1,0,0,차량단독 - 공작물충돌,안전운전불이행,건조,맑음,교차로 - 교차로부근,화물,여,49세,중상,,,,
2013020800100126,2013년 2월 8일 08시,금요일,대구광역시 북구 서변동,경상사고,0,0,2,0,차대차 - 측면직각충돌,직진우회전진행방해,건조,맑음,교차로 - 교차로안,승용,남,42세,상해없음,승용,남,71세,상해없음
2013020800100127,2013년 2월 8일 08시,금요일,대구광역시 북구 대현동,부상신고사고,0,0,0,2,차대차 - 기타,신호위반,건조,맑음,교차로 - 교차로부근,승합,남,60세,상해없음,승용,여,42세,상해없음
2013020800100128,2013년 2월 8일 08시,금요일,대구광역시 중구 달성동,경상사고,0,0,1,0,차대차 - 기타,안전거리미확보,건조,맑음,교차로 - 교차로부근,승용,남,57세,상해없음,승용,남,33세,상해없음
2013020800100142,2013년 2월 8일 09시,금요일,대구광역시 남구 대명동,경상사고,0,0,2,0,차대차 - 추돌 - 주정차중,안전운전불이행,건조,맑음,단일로 - 기타,승용,남,25세,상해없음,화물,남,61세,경상
2013020800100143,2013년 2월 8일 09시,금요일,대구광역시 북구 침산동,부상신고사고,0,0,0,1,차대차 - 기타,안전거리미확보,건조,맑음,교차로 - 교차로안,이륜,남,72세,부상신고,승용,남,60세,상해없음
2013020800100167,2013년 2월 8일 10시,금요일,대구광역시 동구 각산동,중상사고,0,1,0,0,차대차 - 측면직각충돌,신호위반,건조,맑음,교차로 - 교차로안,승용,남,52세,상해없음,승용,여,41세,중상
2013020800100168,2013년 2월 8일 10시,금요일,대구광역시 수성구 만촌동,경상사고,0,0,2,0,차대차 - 추돌 - 진행중,안전거리미확보,건조,맑음,단일로 - 기타,승용,남,45세,상해없음,승용,여,36세,경상
2013020800100169,2013년 2월 8일 10시,금요일,대구광역시 수성구 범어동,경상사고,0,0,1,0,차대차 - 측면직각충돌,교차로운행방법위반,건조,맑음,교차로 - 교차로안,승용,남,59세,상해없음,승용,남,68세,경상
2013020800100170,2013년 2월 8일 10시,금요일,대구광역시 달서구 파호동,경상사고,0,0,1,0,차대차 - 추돌 - 주정차중,중앙선침범,건조,맑음,교차로 - 교차로부근,승용,남,18세,상해없음,화물,남,46세,경상
2013020800100219,2013년 2월 8일 12시,금요일,대구광역시 수성구 지산동,경상사고,0,0,2,0,차대차 - 측면직각충돌,안전운전불이행,건조,맑음,단일로 - 기타,승용,여,45세,상해없음,승용,여,40세,경상
2013020800100251,2013년 2월 8일 13시,금요일,대구광역시 동구 효목동,경상사고,0,0,3,0,차대차 - 정면충돌,중앙선침범,건조,맑음,단일로 - 기타,승용,남,38세,상해없음,승용,남,70세,경상
2013020800100252,2013년 2월 8일 13시,금요일,대구광역시 달성군 화원읍,경상사고,0,0,1,0,차대차 - 측면직각충돌,안전운전불이행,건조,맑음,교차로 - 교차로부근,화물,남,57세,상해없음,승용,여,51세,경상
2013020800100281,2013년 2월 8일 14시,금요일,대구광역시 동구 효목동,중상사고,0,1,0,0,차대차 - 기타,중앙선침범,건조,맑음,단일로 - 기타,승용,남,63세,상해없음,이륜,남,41세,중상
2013020800100282,2013년 2월 8일 14시,금요일,대구광역시 북구 산격동,경상사고,0,0,1,0,차대차 - 측면직각충돌,안전운전불이행,건조,맑음,교차로 - 교차로안,승용,남,59세,상해없음,화물,남,23세,경상
2013020800100283,2013년 2월 8일 14시,금요일,대구광역시 북구 동천동,경상사고,0,0,1,0,차대사람 - 횡단중,신호위반,건조,맑음,단일로 - 횡단보도상,승용,남,32세,상해없음,보행자,남,7세,경상
2013020800100284,2013년 2월 8일 14시,금요일,대구광역시 서구 내당동,경상사고,0,0,1,0,차대차 - 추돌 - 진행중,안전거리미확보,건조,맑음,단일로 - 기타,승용,남,29세,상해없음,승용,남,41세,경상
2013020800100285,2013년 2월 8일 14시,금요일,대구광역시 중구 태평로2가,경상사고,0,0,3,1,차대차 - 측면직각충돌,안전운전불이행,건조,맑음,교차로 - 교차로부근,승용,남,67세,부상신고,승용,남,36세,경상
2013020800100316,2013년 2월 8일 15시,금요일,대구광역시 달서구 대곡동,경상사고,0,0,1,0,차대사람 - 횡단중,안전운전불이행,건조,맑음,단일로 - 기타,승합,여,34세,상해없음,보행자,남,7세,경상
2013020800100317,2013년 2월 8일 15시,금요일,대구광역시 서구 비산동,경상사고,0,0,2,0,차대차 - 측면직각충돌,교차로운행방법위반,건조,맑음,교차로 - 교차로안,승용,여,52세,상해없음,승용,남,53세,경상
2013020800100339,2013년 2월 8일 16시,금요일,대구광역시 달서구 상인동,중상사고,0,1,1,0,차대차 - 추돌 - 주정차중,안전운전불이행,건조,맑음,교차로 - 교차로부근,화물,남,37세,상해없음,화물,남,55세,중상
2013020800100340,2013년 2월 8일 16시,금요일,대구광역시 서구 평리동,경상사고,0,0,2,0,차대차 - 기타,안전거리미확보,건조,맑음,단일로 - 기타,승용,남,53세,경상,승용,여,28세,경상
2013020800100373,2013년 2월 8일 17시,금요일,대구광역시 남구 대명동,경상사고,0,0,1,0,차대사람 - 기타,안전운전불이행,건조,맑음,교차로 - 교차로부근,승용,남,60세,상해없음,보행자,남,17세,경상
2013020800100374,2013년 2월 8일 17시,금요일,대구광역시 북구 태전동,중상사고,0,1,0,0,차대차 - 기타,교차로운행방법위반,건조,맑음,교차로 - 교차로안,승용,남,25세,상해없음,원동기,남,50세,중상
2013020800100375,2013년 2월 8일 17시,금요일,대구광역시 서구 내당동,중상사고,0,1,0,0,차대차 - 측면직각충돌,신호위반,건조,맑음,교차로 - 교차로안,이륜,여,52세,중상,승용,남,22세,상해없음
2013020800100376,2013년 2월 8일 17시,금요일,대구광역시 달서구 이곡동,부상신고사고,0,0,0,1,차대차 - 측면직각충돌,기타,건조,맑음,교차로 - 교차로안,이륜,남,74세,부상신고,승합,남,39세,상해없음
2013020800100417,2013년 2월 8일 18시,금요일,대구광역시 수성구 지산동,중상사고,0,1,0,0,차대사람 - 횡단중,보행자보호의무위반,건조,맑음,교차로 - 교차로부근,화물,남,39세,상해없음,보행자,남,57세,중상
2013020800100418,2013년 2월 8일 18시,금요일,대구광역시 달성군 논공읍,경상사고,0,0,1,0,차대차 - 추돌 - 주정차중,안전운전불이행,건조,맑음,교차로 - 교차로안,기타불명,기타불명,기타불명,기타불명,승용,여,30세,상해없음
2013020800100419,2013년 2월 8일 18시,금요일,대구광역시 북구 복현동,경상사고,0,0,4,0,차대차 - 기타,교차로운행방법위반,건조,맑음,교차로 - 교차로안,승합,남,33세,상해없음,승용,남,52세,경상
2013020800100420,2013년 2월 8일 18시,금요일,대구광역시 북구 침산동,경상사고,0,0,1,0,차대차 - 추돌 - 진행중,안전운전불이행,건조,맑음,단일로 - 기타,승용,남,47세,상해없음,승용,남,41세,경상
2013020800100421,2013년 2월 8일 18시,금요일,대구광역시 서구 원대동1가,중상사고,0,1,3,0,차대차 - 추돌 - 진행중,안전거리미확보,건조,맑음,단일로 - 기타,승용,남,49세,상해없음,승용,여,48세,경상
2013020800100422,2013년 2월 8일 18시,금요일,대구광역시 중구 공평동,경상사고,0,0,1,0,차대사람 - 기타,안전운전불이행,건조,흐림,단일로 - 기타,승용,여,53세,상해없음,보행자,남,32세,경상
2013020800100466,2013년 2월 8일 19시,금요일,대구광역시 북구 산격동,중상사고,0,1,0,0,차대차 - 측면직각충돌,신호위반,건조,맑음,교차로 - 교차로안,승합,남,51세,상해없음,승합,남,42세,중상
2013020800100468,2013년 2월 8일 19시,금요일,대구광역시 달서구 이곡동,경상사고,0,0,2,0,차대차 - 추돌 - 진행중,안전운전불이행,건조,맑음,단일로 - 기타,원동기,남,21세,상해없음,승용,남,57세,경상
2013020800100469,2013년 2월 8일 19시,금요일,대구광역시 달서구 이곡동,경상사고,0,0,1,0,차대차 - 추돌 - 주정차중,안전운전불이행,건조,맑음,단일로 - 기타,승용,남,41세,상해없음,승용,남,28세,경상
2013020800100505,2013년 2월 8일 20시,금요일,대구광역시 동구 신암동,중상사고,0,1,0,0,차대차 - 기타,안전운전불이행,건조,맑음,단일로 - 기타,승용,남,52세,상해없음,승합,남,58세,상해없음
2013020800100506,2013년 2월 8일 20시,금요일,대구광역시 달서구 용산동,부상신고사고,0,0,0,1,차대차 - 기타,신호위반,건조,맑음,교차로 - 교차로안,이륜,남,16세,부상신고,승용,남,59세,상해없음
2013020800100546,2013년 2월 8일 21시,금요일,대구광역시 동구 신천동,중상사고,0,1,1,0,차대차 - 기타,안전운전불이행,건조,맑음,단일로 - 기타,승용,남,40세,상해없음,이륜,남,36세,중상
2013020800100547,2013년 2월 8일 21시,금요일,대구광역시 달서구 용산동,경상사고,0,0,2,0,차대차 - 기타,안전운전불이행,건조,맑음,단일로 - 기타,화물,남,52세,상해없음,승용,남,32세,경상
2013020800100578,2013년 2월 8일 22시,금요일,대구광역시 수성구 범어동,경상사고,0,0,1,0,차대차 - 추돌 - 주정차중,안전운전불이행,건조,맑음,교차로 - 교차로부근,승용,남,49세,상해없음,승용,남,24세,경상
2013020800100579,2013년 2월 8일 22시,금요일,대구광역시 수성구 만촌동,중상사고,0,1,0,0,차대사람 - 횡단중,안전운전불이행,건조,맑음,단일로 - 기타,승용,남,22세,상해없음,보행자,남,54세,중상
2013020900100017,2013년 2월 9일 00시,토요일,대구광역시 수성구 범어동,중상사고,0,1,0,0,차대차 - 기타,신호위반,건조,맑음,단일로 - 횡단보도상,승용,남,61세,상해없음,자전거,여,53세,중상
2013020900100049,2013년 2월 9일 01시,토요일,대구광역시 달서구 월성동,중상사고,0,1,2,0,차대차 - 측면직각충돌,신호위반,건조,맑음,교차로 - 교차로안,승용,여,41세,상해없음,승용,남,39세,경상
2013020900100050,2013년 2월 9일 01시,토요일,대구광역시 달성군 현풍면,중상사고,0,3,0,0,차대차 - 정면충돌,중앙선침범,건조,맑음,단일로 - 기타,승용,남,24세,상해없음,승용,남,22세,중상
2013020900100051,2013년 2월 9일 01시,토요일,대구광역시 북구 서변동,경상사고,0,0,1,0,차대차 - 측면직각충돌,신호위반,건조,맑음,교차로 - 교차로안,승용,남,24세,상해없음,승용,남,33세,경상
2013020900100069,2013년 2월 9일 02시,토요일,대구광역시 서구 내당동,중상사고,0,1,2,0,차대차 - 추돌 - 진행중,안전거리미확보,건조,맑음,교차로 - 교차로부근,승용,남,63세,상해없음,승용,남,26세,중상