사고번호,사고일시,요일,시군구,사고내용,사망자수,중상자수,경상자수,부상신고자수,사고유형,법규위반,노면상태,기상상태,도로형태,가해운전자 차종,가해운전자 성별,가해운전자 연령,가해운전자 상해정도,피해운전자 차종,피해운전자 성별,피해운전자 연령,피해운전자 상해정도
2013020900100084,2013년 2월 9일 03시,토요일,대구광역시 중구 남산동,경상사고,0,0,2,0,차대차 - 추돌 - 진행중,안전운전불이행,건조,맑음,단일로 - 기타,승용,남,49세,상해없음,승용,남,24세,경상
2013020900100103,2013년 2월 9일 05시,토요일,대구광역시 동구 입석동,중상사고,0,1,0,0,차대사람 - 횡단중,신호위반,건조,맑음,단일로 - 횡단보도상,승용,남,63세,상해없음,보행자,남,68세,중상
2013020900100104,2013년 2월 9일 05시,토요일,대구광역시 수성구 지산동,중상사고,0,1,0,0,차대차 - 추돌 - 주정차중,안전운전불이행,건조,맑음,단일로 - 기타,승용,남,39세,상해없음,특수,남,52세,중상
2013020900100105,2013년 2월 9일 05시,토요일,대구광역시 중구 대신동,경상사고,0,0,1,1,차대차 - 측면직각충돌,직진우회전진행방해,건조,맑음,교차로 - 교차로안,승용,여,65세,부상신고,승용,남,50세,경상
2013020900100117,2013년 2월 9일 06시,토요일,대구광역시 남구 대명동,중상사고,0,4,0,0,차대차 - 기타,중앙선침범,건조,맑음,교차로 - 교차로부근,승용,남,30세,상해없음,승용,남,60세,중상
2013020900100150,2013년 2월 9일 09시,토요일,대구광역시 수성구 수성동4가,경상사고,0,0,1,0,차대차 - 측면직각충돌,안전운전불이행,건조,맑음,단일로 - 기타,승용,여,58세,상해없음,자전거,남,59세,경상
2013020900100167,2013년 2월 9일 10시,토요일,대구광역시 달서구 상인동,경상사고,0,0,2,0,차대차 - 추돌 - 주정차중,안전운전불이행,건조,맑음,단일로 - 기타,승용,여,49세,상해없음,승용,남,38세,경상
2013020900100168,2013년 2월 9일 10시,토요일,대구광역시 달서구 감삼동,경상사고,0,0,1,0,차대차 - 측면직각충돌,안전거리미확보,건조,맑음,단일로 - 기타,승용,남,61세,상해없음,승용,여,58세,경상
2013020900100181,2013년 2월 9일 11시,토요일,대구광역시 남구 봉덕동,경상사고,0,0,1,2,차대차 - 측면직각충돌,중앙선침범,건조,맑음,교차로 - 교차로부근,승용,남,20세,상해없음,승용,남,63세,부상신고
2013020900100199,2013년 2월 9일 12시,토요일,대구광역시 달서구 본동,경상사고,0,0,1,0,차대차 - 추돌 - 진행중,안전운전불이행,건조,맑음,단일로 - 기타,승용,남,54세,상해없음,승용,여,29세,경상
2013020900100200,2013년 2월 9일 12시,토요일,대구광역시 북구 학정동,중상사고,0,2,2,0,차대차 - 측면직각충돌,직진우회전진행방해,건조,맑음,교차로 - 교차로안,승용,남,61세,경상,승용,남,22세,중상
2013020900100213,2013년 2월 9일 13시,토요일,대구광역시 서구 내당동,경상사고,0,0,4,0,차대차 - 기타,안전거리미확보,건조,맑음,단일로 - 기타,승용,남,60세,상해없음,승용,남,38세,경상
2013020900100249,2013년 2월 9일 15시,토요일,대구광역시 수성구 범어동,경상사고,0,0,2,0,차대차 - 추돌 - 진행중,신호위반,건조,맑음,교차로 - 교차로안,승용,남,75세,상해없음,승용,남,25세,경상
2013020900100250,2013년 2월 9일 15시,토요일,대구광역시 달서구 성당동,중상사고,0,1,0,0,차대차 - 기타,교차로운행방법위반,건조,맑음,교차로 - 교차로안,승용,남,70세,상해없음,이륜,남,80세,중상
2013020900100270,2013년 2월 9일 16시,토요일,대구광역시 서구 내당동,중상사고,0,1,0,0,차대차 - 기타,신호위반,건조,맑음,교차로 - 교차로안,승용,남,50세,상해없음,원동기,남,33세,중상
2013020900100288,2013년 2월 9일 17시,토요일,대구광역시 수성구 수성동1가,경상사고,0,0,2,0,차대차 - 추돌 - 주정차중,안전운전불이행,건조,맑음,교차로 - 교차로부근,승용,남,23세,상해없음,승용,여,30세,경상
2013020900100327,2013년 2월 9일 19시,토요일,대구광역시 수성구 파동,중상사고,0,1,0,0,차대사람 - 보도통행중,안전운전불이행,건조,맑음,단일로 - 기타,승용,남,51세,상해없음,보행자,남,70세,중상
2013020900100328,2013년 2월 9일 19시,토요일,대구광역시 북구 침산동,경상사고,0,0,6,0,차대차 - 정면충돌,안전운전불이행,건조,맑음,단일로 - 기타,승용,여,57세,기타불명,승용,남,44세,경상
2013020900100349,2013년 2월 9일 20시,토요일,대구광역시 달서구 성당동,경상사고,0,0,1,0,차대차 - 추돌 - 주정차중,안전운전불이행,결빙,맑음,교차로 - 교차로부근,승용,남,56세,상해없음,승용,여,29세,경상
2013020900100350,2013년 2월 9일 20시,토요일,대구광역시 달서구 감삼동,경상사고,0,0,1,0,차대사람 - 횡단중,안전운전불이행,건조,맑음,단일로 - 횡단보도상,원동기,남,39세,상해없음,보행자,남,29세,경상
2013021000100027,2013년 2월 10일 02시,일요일,대구광역시 달서구 상인동,중상사고,0,1,0,0,차대차 - 기타,신호위반,건조,맑음,교차로 - 교차로안,승용,남,32세,상해없음,승용,남,27세,중상
2013021000100036,2013년 2월 10일 04시,일요일,대구광역시 동구 신천동,중상사고,0,2,0,0,차량단독 - 공작물충돌,안전운전불이행,건조,맑음,단일로 - 기타,승용,남,28세,중상,,,,
2013021000100037,2013년 2월 10일 04시,일요일,대구광역시 수성구 중동,경상사고,0,0,1,0,차대차 - 추돌 - 진행중,안전운전불이행,건조,맑음,단일로 - 기타,승용,남,27세,상해없음,승용,남,62세,경상
2013021000100052,2013년 2월 10일 06시,일요일,대구광역시 남구 대명동,중상사고,0,1,1,0,차대차 - 측면직각충돌,불법유턴,건조,맑음,교차로 - 교차로부근,승용,남,73세,경상,화물,남,37세,중상
2013021000100053,2013년 2월 10일 06시,일요일,대구광역시 달서구 신당동,부상신고사고,0,0,0,1,차대사람 - 횡단중,보행자보호의무위반,건조,맑음,교차로 - 교차로부근,기타불명,기타불명,기타불명,기타불명,보행자,여,76세,부상신고
2013021000100064,2013년 2월 10일 07시,일요일,대구광역시 북구 대현동,경상사고,0,0,6,0,차대차 - 기타,신호위반,건조,맑음,교차로 - 교차로안,화물,남,48세,상해없음,승용,남,41세,경상
2013021000100087,2013년 2월 10일 08시,일요일,대구광역시 수성구 중동,경상사고,0,0,3,0,차대차 - 측면직각충돌,안전거리미확보,건조,맑음,단일로 - 기타,승합,남,47세,상해없음,승용,여,48세,경상
2013021000100088,2013년 2월 10일 08시,일요일,대구광역시 북구 고성동1가,경상사고,0,0,2,0,차대차 - 측면직각충돌,교차로운행방법위반,건조,맑음,교차로 - 교차로안,승용,남,58세,상해없음,승용,남,47세,상해없음
2013021000100108,2013년 2월 10일 09시,일요일,대구광역시 달서구 상인동,중상사고,0,2,2,0,차대차 - 기타,교차로운행방법위반,건조,맑음,교차로 - 교차로안,승용,여,45세,상해없음,승용,남,35세,경상
2013021000100121,2013년 2월 10일 10시,일요일,대구광역시 남구 대명동,경상사고,0,0,1,0,차대차 - 측면직각충돌,교차로운행방법위반,건조,맑음,교차로 - 교차로안,승용,남,68세,상해없음,자전거,여,52세,경상
2013021000100169,2013년 2월 10일 13시,일요일,대구광역시 북구 금호동,경상사고,0,0,3,0,차대차 - 추돌 - 진행중,안전운전불이행,건조,맑음,단일로 - 기타,승용,남,46세,상해없음,승용,남,37세,경상
2013021000100194,2013년 2월 10일 14시,일요일,대구광역시 남구 이천동,중상사고,0,2,0,0,차대차 - 기타,안전운전불이행,건조,맑음,단일로 - 기타,자전거,남,23세,중상,자전거,남,70세,중상
2013021000100238,2013년 2월 10일 16시,일요일,대구광역시 달서구 송현동,경상사고,0,0,1,0,차대사람 - 횡단중,안전운전불이행,건조,맑음,단일로 - 기타,승용,남,36세,상해없음,보행자,남,4세,경상
2013021000100268,2013년 2월 10일 18시,일요일,대구광역시 북구 서변동,경상사고,0,0,2,0,차대차 - 측면직각충돌,안전운전불이행,건조,맑음,단일로 - 기타,승용,남,53세,상해없음,승용,남,27세,경상
2013021000100272,2013년 2월 10일 18시,일요일,대구광역시 북구 서변동,경상사고,0,0,3,0,차대차 - 기타,안전거리미확보,건조,맑음,단일로 - 교량,승용,남,54세,상해없음,승합,남,41세,경상
2013021000100328,2013년 2월 10일 21시,일요일,대구광역시 중구 삼덕동1가,경상사고,0,0,1,0,차대사람 - 기타,안전운전불이행,건조,맑음,단일로 - 기타,승용,여,32세,상해없음,보행자,남,29세,경상
2013021000100355,2013년 2월 10일 22시,일요일,대구광역시 동구 신암동,경상사고,0,0,1,0,차대차 - 추돌 - 주정차중,안전거리미확보,건조,맑음,단일로 - 기타,승용,남,54세,상해없음,승용,남,46세,경상
2013021100100016,2013년 2월 11일 01시,월요일,대구광역시 북구 칠성동1가,중상사고,0,1,1,0,차대차 - 측면직각충돌,교차로운행방법위반,건조,맑음,교차로 - 교차로안,승용,여,59세,기타불명,승용,남,58세,중상
2013021100100023,2013년 2월 11일 02시,월요일,대구광역시 중구 삼덕동2가,경상사고,0,0,4,0,차대차 - 추돌 - 주정차중,안전운전불이행,건조,기타,단일로 - 기타,승용,남,31세,상해없음,승용,남,48세,경상
2013021100100024,2013년 2월 11일 02시,월요일,대구광역시 중구 삼덕동1가,경상사고,0,0,1,0,차대사람 - 차도통행중,안전운전불이행,건조,맑음,단일로 - 기타,승용,남,50세,상해없음,보행자,남,21세,경상
2013021100100046,2013년 2월 11일 05시,월요일,대구광역시 달서구 두류동,부상신고사고,0,0,0,1,차대사람 - 기타,안전운전불이행,건조,맑음,교차로 - 교차로안,승용,남,38세,상해없음,보행자,남,32세,부상신고
2013021100100060,2013년 2월 11일 06시,월요일,대구광역시 남구 봉덕동,중상사고,0,1,1,0,차대차 - 추돌 - 진행중,과속,건조,맑음,단일로 - 기타,승용,남,28세,중상,승용,남,45세,경상
2013021100100061,2013년 2월 11일 06시,월요일,대구광역시 수성구 욱수동,경상사고,0,0,1,0,차대차 - 추돌 - 진행중,안전운전불이행,건조,맑음,단일로 - 기타,승용,남,25세,상해없음,승용,여,60세,경상
2013021100100068,2013년 2월 11일 07시,월요일,대구광역시 수성구 황금동,사망사고,1,2,0,0,차대차 - 추돌 - 주정차중,안전운전불이행,건조,맑음,단일로 - 기타,승용,남,25세,상해없음,승용,남,70세,중상
2013021100100069,2013년 2월 11일 07시,월요일,대구광역시 달서구 용산동,경상사고,0,0,1,0,차대차 - 추돌 - 주정차중,안전운전불이행,건조,맑음,단일로 - 기타,승용,남,27세,경상,화물,남,43세,기타불명
2013021100100113,2013년 2월 11일 12시,월요일,대구광역시 중구 태평로2가,경상사고,0,0,1,0,차대차 - 측면직각충돌,안전운전불이행,건조,맑음,단일로 - 기타,승용,남,40세,상해없음,승합,남,60세,경상
2013021100100171,2013년 2월 11일 16시,월요일,대구광역시 동구 불로동,중상사고,0,1,0,0,차대차 - 측면직각충돌,안전거리미확보,건조,맑음,단일로 - 기타,승용,남,45세,상해없음,승용,남,32세,중상
2013021100100172,2013년 2월 11일 16시,월요일,대구광역시 달서구 두류동,중상사고,0,1,0,0,차대사람 - 기타,안전운전불이행,건조,맑음,단일로 - 기타,승용,여,46세,상해없음,보행자,남,56세,중상
2013021100100188,2013년 2월 11일 17시,월요일,대구광역시 수성구 파동,경상사고,0,0,4,0,차대차 - 추돌 - 진행중,안전거리미확보,건조,맑음,단일로 - 기타,승용,남,61세,상해없음,승용,여,38세,경상
2013021100100203,2013년 2월 11일 18시,월요일,대구광역시 남구 봉덕동,경상사고,0,0,1,0,차대사람 - 기타,기타,건조,맑음,단일로 - 기타,승용,남,60세,기타불명,보행자,여,28세,경상
2013021100100229,2013년 2월 11일 19시,월요일,대구광역시 수성구 만촌동,중상사고,0,1,0,0,차대차 - 추돌 - 진행중,안전운전불이행,건조,맑음,단일로 - 기타,원동기,남,18세,상해없음,승용,여,57세,중상
2013021100100264,2013년 2월 11일 21시,월요일,대구광역시 북구 동천동,경상사고,0,0,2,0,차대차 - 측면직각충돌,안전운전불이행,건조,맑음,단일로 - 기타,승용,남,59세,상해없음,승용,남,29세,상해없음
2013021100100294,2013년 2월 11일 23시,월요일,대구광역시 북구 구암동,경상사고,0,0,1,0,차대차 - 추돌 - 주정차중,안전운전불이행,건조,맑음,교차로 - 교차로부근,승용,여,46세,상해없음,승용,남,58세,경상
2013021200100013,2013년 2월 12일 00시,화요일,대구광역시 중구 삼덕동2가,경상사고,0,0,2,0,차대차 - 기타,안전운전불이행,건조,맑음,단일로 - 기타,승용,남,39세,상해없음,승용,남,27세,경상
2013021200100027,2013년 2월 12일 01시,화요일,대구광역시 북구 동천동,경상사고,0,0,3,0,차대차 - 정면충돌,직진우회전진행방해,건조,맑음,교차로 - 교차로안,승용,남,44세,상해없음,승용,여,37세,경상
2013021200100028,2013년 2월 12일 01시,화요일,대구광역시 달서구 이곡동,중상사고,0,1,1,0,차량단독 - 공작물충돌,안전운전불이행,건조,맑음,단일로 - 기타,승용,여,45세,상해없음,,,,
2013021200100037,2013년 2월 12일 02시,화요일,대구광역시 서구 내당동,경상사고,0,0,1,0,차대차 - 기타,교차로운행방법위반,건조,맑음,교차로 - 교차로부근,승용,남,51세,상해없음,승용,여,53세,경상
2013021200100049,2013년 2월 12일 04시,화요일,대구광역시 달서구 두류동,경상사고,0,0,3,0,차대차 - 기타,안전운전불이행,건조,맑음,교차로 - 교차로안,승용,남,34세,경상,승용,남,22세,경상
2013021200100054,2013년 2월 12일 05시,화요일,대구광역시 중구 삼덕동1가,중상사고,0,1,1,0,차대사람 - 기타,안전운전불이행,건조,맑음,교차로 - 교차로안,승용,남,45세,상해없음,보행자,남,46세,경상
2013021200100066,2013년 2월 12일 06시,화요일,대구광역시 달서구 장동,경상사고,0,0,1,0,차대차 - 기타,교차로운행방법위반,건조,맑음,교차로 - 교차로안,원동기,남,61세,경상,승용,남,63세,상해없음
2013021200100088,2013년 2월 12일 08시,화요일,대구광역시 북구 복현동,경상사고,0,0,1,0,차대사람 - 기타,안전운전불이행,건조,맑음,기타 - 기타,승용,여,44세,기타불명,보행자,여,12세,경상
2013021200100119,2013년 2월 12일 10시,화요일,대구광역시 북구 노원동1가,경상사고,0,0,1,0,차대차 - 기타,안전운전불이행,건조,맑음,단일로 - 기타,승용,남,64세,상해없음,자전거,남,59세,경상
2013021200100163,2013년 2월 12일 12시,화요일,대구광역시 중구 대봉동,경상사고,0,0,1,0,차대사람 - 길가장자리구역통행중,안전운전불이행,건조,흐림,단일로 - 기타,승용,여,44세,상해없음,보행자,남,66세,경상
2013021200100200,2013년 2월 12일 13시,화요일,대구광역시 달서구 도원동,중상사고,0,1,0,0,차대차 - 추돌 - 주정차중,안전거리미확보,습기,눈,교차로 - 교차로안,승용,남,47세,상해없음,승용,남,61세,상해없음
2013021200100201,2013년 2월 12일 13시,화요일,대구광역시 북구 동천동,중상사고,0,1,0,0,차대사람 - 보도통행중,신호위반,결빙,흐림,교차로 - 교차로부근,승용,여,47세,상해없음,보행자,여,25세,중상
2013021200100223,2013년 2월 12일 14시,화요일,대구광역시 동구 율하동,경상사고,0,0,2,0,차대차 - 추돌 - 진행중,안전운전불이행,적설,눈,단일로 - 기타,승용,남,33세,상해없음,승용,남,27세,상해없음
2013021200100227,2013년 2월 12일 14시,화요일,대구광역시 동구 신기동,경상사고,0,0,2,0,차대차 - 측면직각충돌,교차로운행방법위반,기타,기타,교차로 - 교차로부근,승용,남,65세,상해없음,승용,남,52세,경상
2013021200100228,2013년 2월 12일 14시,화요일,대구광역시 동구 신천동,경상사고,0,0,1,0,차대차 - 측면직각충돌,신호위반,건조,맑음,교차로 - 교차로안,승합,남,38세,상해없음,이륜,남,44세,경상
2013021200100229,2013년 2월 12일 14시,화요일,대구광역시 달서구 도원동,경상사고,0,0,1,0,차대차 - 기타,안전거리미확보,건조,맑음,교차로 - 교차로부근,승용,남,67세,상해없음,승용,여,54세,경상
2013021200100252,2013년 2월 12일 15시,화요일,대구광역시 수성구 만촌동,경상사고,0,0,2,0,차대차 - 추돌 - 진행중,안전운전불이행,습기,흐림,단일로 - 기타,승합,남,31세,상해없음,승용,남,56세,경상
2013021200100253,2013년 2월 12일 15시,화요일,대구광역시 달서구 송현동,경상사고,0,0,2,0,차대차 - 기타,안전운전불이행,건조,흐림,단일로 - 기타,승용,남,20세,상해없음,승용,남,71세,경상
2013021200100254,2013년 2월 12일 15시,화요일,대구광역시 달서구 월성동,경상사고,0,0,2,0,차대차 - 기타,안전거리미확보,건조,맑음,단일로 - 기타,승용,남,42세,상해없음,승용,여,53세,경상
2013021200100255,2013년 2월 12일 15시,화요일,대구광역시 북구 매천동,경상사고,0,0,1,0,차량단독 - 기타,안전운전불이행,결빙,눈,단일로 - 기타,승용,남,32세,경상,,,,
2013021200100282,2013년 2월 12일 16시,화요일,대구광역시 동구 신암동,경상사고,0,0,1,0,차대차 - 추돌 - 주정차중,안전운전불이행,건조,맑음,교차로 - 교차로부근,승용,남,65세,상해없음,승용,남,58세,경상
2013021200100283,2013년 2월 12일 16시,화요일,대구광역시 달성군 현풍면,중상사고,0,1,0,0,차대차 - 기타,안전운전불이행,건조,맑음,교차로 - 교차로안,기타불명,기타불명,기타불명,기타불명,원동기,남,78세,중상
2013021200100284,2013년 2월 12일 16시,화요일,대구광역시 북구 침산동,경상사고,0,0,2,0,차대차 - 기타,안전거리미확보,건조,맑음,단일로 - 기타,승용,남,62세,상해없음,승용,남,26세,경상
2013021200100285,2013년 2월 12일 16시,화요일,대구광역시 서구 내당동,경상사고,0,0,1,0,차대차 - 측면직각충돌,안전운전불이행,습기,흐림,교차로 - 교차로안,승용,여,52세,상해없음,승용,남,47세,경상
2013021200100311,2013년 2월 12일 17시,화요일,대구광역시 수성구 파동,중상사고,0,1,0,0,차량단독 - 기타,안전운전불이행,습기,흐림,단일로 - 기타,승합,남,49세,상해없음,,,,
2013021200100312,2013년 2월 12일 17시,화요일,대구광역시 중구 대봉동,경상사고,0,0,1,0,차대사람 - 차도통행중,안전운전불이행,건조,맑음,단일로 - 기타,승용,남,34세,상해없음,보행자,여,61세,경상
2013021200100345,2013년 2월 12일 18시,화요일,대구광역시 동구 신기동,중상사고,0,1,0,0,차대사람 - 횡단중,보행자보호의무위반,건조,맑음,단일로 - 횡단보도상,승용,남,51세,상해없음,보행자,남,13세,중상
2013021200100374,2013년 2월 12일 19시,화요일,대구광역시 동구 신암동,경상사고,0,0,2,0,차대차 - 측면직각충돌,안전거리미확보,건조,맑음,단일로 - 기타,승용,여,25세,기타불명,승용,남,22세,경상
2013021200100375,2013년 2월 12일 19시,화요일,대구광역시 북구 노원동1가,경상사고,0,0,1,0,차대차 - 기타,신호위반,건조,맑음,교차로 - 교차로안,승합,남,65세,상해없음,승용,여,45세,경상
2013021200100399,2013년 2월 12일 20시,화요일,대구광역시 달서구 진천동,경상사고,0,0,1,0,차대차 - 기타,차로위반,건조,맑음,교차로 - 교차로안,승용,여,41세,상해없음,화물,여,50세,경상
2013021200100400,2013년 2월 12일 20시,화요일,대구광역시 달서구 본리동,경상사고,0,0,1,0,차대차 - 기타,안전운전불이행,건조,맑음,단일로 - 기타,승용,남,30세,상해없음,승용,남,51세,경상
2013021200100474,2013년 2월 12일 23시,화요일,대구광역시 달서구 송현동,사망사고,1,0,0,0,차대사람 - 횡단중,안전운전불이행,건조,맑음,교차로 - 교차로안,승용,여,52세,상해없음,보행자,남,37세,사망
2013021200100475,2013년 2월 12일 23시,화요일,대구광역시 북구 태전동,중상사고,0,1,0,0,차대사람 - 기타,안전운전불이행,건조,맑음,단일로 - 기타,승용,남,24세,상해없음,보행자,남,52세,중상
2013021200100476,2013년 2월 12일 23시,화요일,대구광역시 서구 평리동,중상사고,0,1,2,0,차대차 - 추돌 - 주정차중,안전운전불이행,건조,맑음,교차로 - 교차로부근,승용,남,46세,상해없음,승용,남,40세,중상
2013021200100477,2013년 2월 12일 23시,화요일,대구광역시 달서구 본리동,경상사고,0,0,2,0,차대차 - 기타,중앙선침범,건조,맑음,단일로 - 기타,승용,남,57세,상해없음,승용,남,36세,경상
2013021200100478,2013년 2월 12일 23시,화요일,대구광역시 달서구 성당동,경상사고,0,0,1,0,차대차 - 추돌 - 주정차중,안전운전불이행,건조,맑음,단일로 - 기타,승용,남,39세,상해없음,승합,남,70세,경상
2013021300100010,2013년 2월 13일 00시,수요일,대구광역시 수성구 수성동4가,중상사고,0,2,0,0,차대차 - 정면충돌,중앙선침범,건조,맑음,교차로 - 교차로부근,승용,남,47세,기타불명,승용,남,54세,중상
2013021300100011,2013년 2월 13일 00시,수요일,대구광역시 중구 대봉동,중상사고,0,1,0,0,차대사람 - 기타,안전운전불이행,건조,맑음,단일로 - 기타,승용,남,23세,상해없음,보행자,남,41세,중상
2013021300100012,2013년 2월 13일 00시,수요일,대구광역시 중구 대봉동,경상사고,0,0,2,0,차대차 - 기타,신호위반,건조,맑음,교차로 - 교차로안,승용,여,43세,상해없음,승용,남,57세,경상
2013021300100072,2013년 2월 13일 06시,수요일,대구광역시 북구 노원동3가,경상사고,0,0,1,0,차대차 - 추돌 - 주정차중,안전운전불이행,건조,맑음,단일로 - 횡단보도부근,승용,남,27세,상해없음,이륜,남,37세,경상
2013021300100152,2013년 2월 13일 09시,수요일,대구광역시 달서구 대천동,중상사고,0,1,0,0,차대차 - 기타,교차로운행방법위반,건조,맑음,교차로 - 교차로안,승용,남,29세,상해없음,승용,남,48세,중상
2013021300100153,2013년 2월 13일 09시,수요일,대구광역시 중구 태평로3가,경상사고,0,0,3,0,차대차 - 측면직각충돌,안전거리미확보,건조,맑음,교차로 - 교차로부근,승합,남,42세,상해없음,승용,여,47세,경상
2013021300100172,2013년 2월 13일 10시,수요일,대구광역시 남구 봉덕동,경상사고,0,0,1,0,차대차 - 측면직각충돌,중앙선침범,건조,맑음,기타 - 기타,이륜,남,27세,경상,승용,여,64세,상해없음
2013021300100173,2013년 2월 13일 10시,수요일,대구광역시 북구 침산동,경상사고,0,0,1,0,차대차 - 기타,안전거리미확보,건조,맑음,단일로 - 기타,승용,남,35세,상해없음,승용,여,37세,경상
2013021300100194,2013년 2월 13일 11시,수요일,대구광역시 달성군 하빈면,경상사고,0,0,2,0,차대차 - 기타,기타,건조,맑음,단일로 - 기타,화물,남,58세,상해없음,승용,남,26세,경상
2013021300100234,2013년 2월 13일 13시,수요일,대구광역시 북구 침산동,부상신고사고,0,0,0,1,차대차 - 측면직각충돌,기타,건조,맑음,교차로 - 교차로부근,이륜,남,24세,부상신고,승용,남,59세,상해없음
2013021300100235,2013년 2월 13일 13시,수요일,대구광역시 중구 삼덕동1가,경상사고,0,0,1,0,차대사람 - 기타,안전운전불이행,건조,맑음,단일로 - 기타,승용,여,55세,상해없음,보행자,여,21세,경상
2013021300100261,2013년 2월 13일 14시,수요일,대구광역시 북구 동천동,경상사고,0,0,1,0,차대차 - 측면직각충돌,교차로운행방법위반,건조,맑음,교차로 - 교차로안,이륜,남,21세,상해없음,이륜,남,21세,경상
2013021300100294,2013년 2월 13일 15시,수요일,대구광역시 동구 신암동,경상사고,0,0,1,0,차대차 - 기타,안전운전불이행,건조,맑음,교차로 - 교차로안,승용,남,60세,상해없음,자전거,남,24세,경상
2013021300100322,2013년 2월 13일 16시,수요일,대구광역시 남구 대명동,경상사고,0,0,1,0,차대차 - 측면직각충돌,교차로운행방법위반,건조,맑음,교차로 - 교차로안,승용,남,56세,상해없음,승용,남,27세,경상
2013021300100339,2013년 2월 13일 17시,수요일,대구광역시 달서구 본동,경상사고,0,0,1,0,차대차 - 추돌 - 주정차중,안전운전불이행,건조,맑음,단일로 - 기타,승용,남,59세,상해없음,승용,남,46세,경상
2013021300100379,2013년 2월 13일 18시,수요일,대구광역시 동구 지저동,경상사고,0,0,1,0,차대차 - 추돌 - 진행중,안전운전불이행,건조,맑음,단일로 - 기타,승용,남,44세,상해없음,승용,남,43세,경상
2013021300100380,2013년 2월 13일 18시,수요일,대구광역시 달서구 월성동,경상사고,0,0,1,0,차대차 - 측면직각충돌,안전운전불이행,건조,맑음,단일로 - 기타,승용,여,41세,상해없음,승용,남,32세,경상
2013021300100381,2013년 2월 13일 18시,수요일,대구광역시 북구 동천동,부상신고사고,0,0,0,1,차대차 - 정면충돌,신호위반,건조,맑음,교차로 - 교차로안,원동기,남,18세,부상신고,승용,남,67세,상해없음
2013021300100382,2013년 2월 13일 18시,수요일,대구광역시 북구 노원동3가,경상사고,0,0,2,0,차대사람 - 횡단중,안전운전불이행,건조,맑음,단일로 - 기타,승용,남,30세,상해없음,보행자,남,66세,경상
2013021300100383,2013년 2월 13일 18시,수요일,대구광역시 달서구 신당동,중상사고,0,2,0,0,차대차 - 측면직각충돌,안전거리미확보,건조,맑음,단일로 - 기타,화물,남,40세,상해없음,승용,남,43세,상해없음
2013021300100442,2013년 2월 13일 20시,수요일,대구광역시 동구 동호동,경상사고,0,0,2,0,차대차 - 기타,안전운전불이행,건조,맑음,단일로 - 기타,기타불명,기타불명,기타불명,기타불명,승용,남,35세,경상
2013021300100443,2013년 2월 13일 20시,수요일,대구광역시 동구 봉무동,부상신고사고,0,0,0,1,차대차 - 기타,안전운전불이행,건조,맑음,교차로 - 교차로안,승용,남,57세,부상신고,승용,남,53세,상해없음
2013021300100444,2013년 2월 13일 20시,수요일,대구광역시 달서구 상인동,경상사고,0,0,1,0,차대차 - 기타,교차로운행방법위반,건조,맑음,교차로 - 교차로안,승용,여,41세,상해없음,승용,남,71세,경상
2013021300100445,2013년 2월 13일 20시,수요일,대구광역시 북구 노원동1가,경상사고,0,0,1,0,차대차 - 기타,안전거리미확보,건조,맑음,단일로 - 기타,승합,기타불명,기타불명,기타불명,승용,남,33세,경상
2013021300100446,2013년 2월 13일 20시,수요일,대구광역시 달서구 이곡동,중상사고,0,1,1,0,차대차 - 측면직각충돌,교차로운행방법위반,건조,맑음,교차로 - 교차로안,승용,남,48세,경상,원동기,남,25세,중상
2013021300100447,2013년 2월 13일 20시,수요일,대구광역시 달서구 두류동,중상사고,0,1,0,0,차대차 - 측면직각충돌,안전거리미확보,건조,맑음,단일로 - 기타,승용,남,33세,상해없음,자전거,남,65세,중상
2013021300100472,2013년 2월 13일 21시,수요일,대구광역시 중구 삼덕동2가,경상사고,0,0,1,0,차대차 - 추돌 - 진행중,안전운전불이행,건조,맑음,단일로 - 기타,승용,남,30세,상해없음,승합,남,44세,경상
2013021300100473,2013년 2월 13일 21시,수요일,대구광역시 달서구 감삼동,중상사고,0,1,1,0,차대차 - 기타,안전거리미확보,건조,맑음,단일로 - 기타,승합,남,53세,상해없음,승용,남,62세,중상
2013021300100501,2013년 2월 13일 22시,수요일,대구광역시 북구 침산동,경상사고,0,0,1,0,차대차 - 기타,안전운전불이행,건조,맑음,단일로 - 기타,승용,남,30세,상해없음,승용,남,45세,경상
2013021300100502,2013년 2월 13일 22시,수요일,대구광역시 북구 복현동,경상사고,0,0,1,0,차대사람 - 기타,안전운전불이행,건조,맑음,단일로 - 기타,승용,남,28세,상해없음,보행자,여,54세,경상
2013021300100503,2013년 2월 13일 22시,수요일,대구광역시 달서구 호산동,중상사고,0,1,1,0,차대차 - 측면직각충돌,신호위반,건조,맑음,교차로 - 교차로안,승용,여,46세,중상,승용,남,51세,경상
2013021400100012,2013년 2월 14일 00시,목요일,대구광역시 수성구 범어동,경상사고,0,0,1,0,차대차 - 추돌 - 진행중,안전거리미확보,건조,맑음,단일로 - 기타,승용,남,31세,상해없음,승용,남,57세,경상
2013021400100013,2013년 2월 14일 00시,목요일,대구광역시 달서구 이곡동,경상사고,0,0,3,0,차대차 - 측면직각충돌,안전운전불이행,건조,맑음,교차로 - 교차로부근,승용,남,49세,상해없음,승용,남,41세,경상