사고번호,사고일시,요일,시군구,사고내용,사망자수,중상자수,경상자수,부상신고자수,사고유형,법규위반,노면상태,기상상태,도로형태,가해운전자 차종,가해운전자 성별,가해운전자 연령,가해운전자 상해정도,피해운전자 차종,피해운전자 성별,피해운전자 연령,피해운전자 상해정도
2013021800100010,2013년 2월 18일 00시,월요일,대구광역시 남구 대명동,경상사고,0,0,2,0,차대차 - 추돌 - 주정차중,안전운전불이행,건조,맑음,교차로 - 교차로부근,화물,남,52세,상해없음,승용,남,50세,경상
2013021800100011,2013년 2월 18일 00시,월요일,대구광역시 달서구 성당동,경상사고,0,0,1,0,차대차 - 추돌 - 주정차중,안전운전불이행,습기,비,교차로 - 교차로부근,승용,남,26세,상해없음,승용,남,52세,경상
2013021800100012,2013년 2월 18일 00시,월요일,대구광역시 달서구 이곡동,경상사고,0,0,1,0,차대차 - 추돌 - 주정차중,안전운전불이행,건조,맑음,단일로 - 기타,승용,남,44세,상해없음,승용,남,59세,상해없음
2013021800100048,2013년 2월 18일 05시,월요일,대구광역시 동구 신천동,경상사고,0,0,2,0,차대차 - 측면직각충돌,신호위반,습기,비,교차로 - 교차로안,승용,남,51세,상해없음,승용,여,40세,경상
2013021800100146,2013년 2월 18일 10시,월요일,대구광역시 달성군 화원읍,중상사고,0,1,0,0,차대사람 - 기타,안전운전불이행,건조,맑음,교차로 - 교차로안,화물,남,37세,상해없음,보행자,여,71세,중상
2013021800100218,2013년 2월 18일 13시,월요일,대구광역시 중구 동산동,경상사고,0,0,1,0,차량단독 - 기타,안전운전불이행,건조,맑음,단일로 - 기타,승합,남,37세,상해없음,,,,
2013021800100238,2013년 2월 18일 14시,월요일,대구광역시 서구 평리동,경상사고,0,0,2,0,차대차 - 기타,안전거리미확보,건조,맑음,단일로 - 기타,승용,남,57세,상해없음,승용,남,54세,경상
2013021800100260,2013년 2월 18일 15시,월요일,대구광역시 북구 복현동,경상사고,0,0,1,0,차대차 - 측면직각충돌,안전운전불이행,건조,흐림,단일로 - 횡단보도상,화물,남,52세,상해없음,자전거,여,42세,경상
2013021800100282,2013년 2월 18일 16시,월요일,대구광역시 수성구 황금동,경상사고,0,0,1,0,차대차 - 추돌 - 주정차중,안전운전불이행,건조,맑음,단일로 - 기타,승용,남,51세,상해없음,승용,여,22세,경상
2013021800100283,2013년 2월 18일 16시,월요일,대구광역시 달서구 상인동,경상사고,0,0,1,0,차대차 - 기타,교차로운행방법위반,건조,맑음,단일로 - 기타,승용,남,32세,상해없음,이륜,남,16세,경상
2013021800100284,2013년 2월 18일 16시,월요일,대구광역시 중구 삼덕동1가,경상사고,0,0,1,0,차대사람 - 기타,안전운전불이행,건조,맑음,교차로 - 교차로안,화물,남,59세,기타불명,보행자,남,16세,경상
2013021800100303,2013년 2월 18일 17시,월요일,대구광역시 수성구 상동,경상사고,0,0,1,0,차대차 - 측면직각충돌,안전운전불이행,건조,맑음,단일로 - 기타,승용,남,62세,상해없음,자전거,남,72세,경상
2013021800100304,2013년 2월 18일 17시,월요일,대구광역시 북구 태전동,경상사고,0,0,2,0,차대차 - 측면직각충돌,신호위반,건조,맑음,교차로 - 교차로안,승용,남,59세,경상,승용,남,34세,경상
2013021800100305,2013년 2월 18일 17시,월요일,대구광역시 북구 태전동,경상사고,0,0,1,0,차대차 - 추돌 - 주정차중,안전운전불이행,건조,맑음,단일로 - 기타,승용,여,50세,상해없음,승용,여,31세,경상
2013021800100332,2013년 2월 18일 18시,월요일,대구광역시 수성구 만촌동,중상사고,0,1,1,0,차대사람 - 보도통행중,보행자보호의무위반,건조,맑음,단일로 - 횡단보도상,승용,남,33세,상해없음,보행자,여,54세,중상
2013021800100362,2013년 2월 18일 19시,월요일,대구광역시 달성군 다사읍,중상사고,0,2,1,0,차대차 - 측면직각충돌,신호위반,건조,맑음,교차로 - 교차로안,화물,남,53세,중상,승용,남,55세,경상
2013021800100363,2013년 2월 18일 19시,월요일,대구광역시 북구 노원동1가,경상사고,0,0,1,0,차대차 - 측면직각충돌,안전운전불이행,건조,맑음,단일로 - 횡단보도상,승용,남,26세,상해없음,자전거,여,53세,경상
2013021800100388,2013년 2월 18일 20시,월요일,대구광역시 동구 신암동,경상사고,0,0,1,0,차대차 - 추돌 - 주정차중,안전운전불이행,건조,맑음,교차로 - 교차로안,화물,남,56세,상해없음,승용,남,52세,경상
2013021800100389,2013년 2월 18일 20시,월요일,대구광역시 수성구 만촌동,경상사고,0,0,1,0,차대차 - 측면직각충돌,안전거리미확보,건조,맑음,단일로 - 기타,승용,남,50세,상해없음,승용,남,53세,상해없음
2013021800100390,2013년 2월 18일 20시,월요일,대구광역시 달성군 현풍면,중상사고,0,1,1,0,차대차 - 추돌 - 주정차중,안전운전불이행,건조,맑음,단일로 - 기타,화물,남,42세,상해없음,승합,남,56세,경상
2013021800100425,2013년 2월 18일 21시,월요일,대구광역시 남구 대명동,경상사고,0,0,1,0,차대차 - 추돌 - 주정차중,안전거리미확보,건조,맑음,단일로 - 기타,승용,남,36세,상해없음,승용,남,55세,경상
2013021800100426,2013년 2월 18일 21시,월요일,대구광역시 동구 지묘동,경상사고,0,0,3,0,차대차 - 기타,안전운전불이행,건조,맑음,교차로 - 교차로부근,승용,남,52세,기타불명,승용,남,40세,경상
2013021800100455,2013년 2월 18일 22시,월요일,대구광역시 동구 용계동,중상사고,0,2,1,0,차대차 - 기타,안전운전불이행,건조,맑음,단일로 - 기타,승용,남,32세,상해없음,특수,남,68세,경상
2013021800100456,2013년 2월 18일 22시,월요일,대구광역시 북구 국우동,경상사고,0,0,2,0,차대차 - 측면직각충돌,신호위반,건조,맑음,기타 - 기타,원동기,남,16세,상해없음,승용,남,36세,경상
2013021800100457,2013년 2월 18일 22시,월요일,대구광역시 중구 서성로1가,경상사고,0,0,1,0,차대차 - 추돌 - 진행중,안전운전불이행,건조,맑음,단일로 - 기타,승용,남,44세,상해없음,승용,남,29세,경상
2013021800100458,2013년 2월 18일 22시,월요일,대구광역시 달서구 죽전동,경상사고,0,0,1,0,차대차 - 추돌 - 주정차중,안전운전불이행,건조,맑음,단일로 - 기타,승용,여,47세,상해없음,승용,남,34세,기타불명
2013021800100459,2013년 2월 18일 22시,월요일,대구광역시 달서구 성당동,사망사고,1,0,0,0,차량단독 - 공작물충돌,안전운전불이행,건조,맑음,단일로 - 기타,승용,여,55세,사망,,,,
2013021800100494,2013년 2월 18일 23시,월요일,대구광역시 중구 삼덕동1가,경상사고,0,0,2,0,차대차 - 기타,기타,건조,맑음,단일로 - 기타,승용,여,19세,상해없음,승용,남,21세,경상
2013021800100495,2013년 2월 18일 23시,월요일,대구광역시 달서구 두류동,경상사고,0,0,2,0,차대차 - 추돌 - 주정차중,안전운전불이행,건조,맑음,단일로 - 기타,승용,남,35세,상해없음,이륜,남,16세,경상
2013021900100016,2013년 2월 19일 00시,화요일,대구광역시 달성군 옥포면,중상사고,0,1,1,0,차대차 - 추돌 - 주정차중,안전운전불이행,건조,맑음,교차로 - 교차로안,승용,남,47세,상해없음,화물,여,32세,중상
2013021900100043,2013년 2월 19일 02시,화요일,대구광역시 동구 신암동,경상사고,0,0,1,0,차대차 - 측면직각충돌,신호위반,건조,맑음,교차로 - 교차로안,승용,남,43세,상해없음,승용,남,24세,경상
2013021900100055,2013년 2월 19일 04시,화요일,대구광역시 북구 구암동,경상사고,0,0,1,0,차대차 - 추돌 - 진행중,신호위반,건조,맑음,교차로 - 교차로안,승용,남,51세,상해없음,승용,남,64세,경상
2013021900100078,2013년 2월 19일 06시,화요일,대구광역시 서구 평리동,중상사고,0,1,0,0,차대차 - 측면직각충돌,안전운전불이행,건조,맑음,단일로 - 기타,승용,남,59세,상해없음,자전거,남,61세,중상
2013021900100079,2013년 2월 19일 06시,화요일,대구광역시 서구 비산동,중상사고,0,1,0,0,차대사람 - 기타,보행자보호의무위반,건조,맑음,단일로 - 횡단보도상,승용,남,32세,상해없음,보행자,남,56세,중상
2013021900100090,2013년 2월 19일 07시,화요일,대구광역시 달성군 하빈면,경상사고,0,0,1,0,차대차 - 측면직각충돌,안전거리미확보,건조,맑음,단일로 - 교량,화물,남,53세,상해없음,승용,여,43세,경상
2013021900100105,2013년 2월 19일 08시,화요일,대구광역시 남구 봉덕동,경상사고,0,0,1,0,차대차 - 측면직각충돌,직진우회전진행방해,건조,맑음,교차로 - 교차로안,승용,남,40세,상해없음,승용,여,60세,경상
2013021900100106,2013년 2월 19일 08시,화요일,대구광역시 달서구 용산동,중상사고,0,1,0,0,차대차 - 기타,안전운전불이행,건조,맑음,단일로 - 기타,승용,남,59세,상해없음,자전거,남,54세,중상
2013021900100143,2013년 2월 19일 10시,화요일,대구광역시 수성구 만촌동,중상사고,0,1,1,0,차대차 - 추돌 - 진행중,안전거리미확보,건조,맑음,단일로 - 기타,승합,남,54세,상해없음,승용,남,57세,중상
2013021900100163,2013년 2월 19일 11시,화요일,대구광역시 동구 지저동,사망사고,1,0,0,0,차대사람 - 기타,안전운전불이행,건조,맑음,단일로 - 기타,화물,남,43세,상해없음,보행자,남,64세,사망
2013021900100164,2013년 2월 19일 11시,화요일,대구광역시 달서구 월암동,경상사고,0,0,2,0,차대차 - 측면직각충돌,직진우회전진행방해,건조,맑음,교차로 - 교차로안,화물,남,28세,경상,승합,남,23세,경상
2013021900100165,2013년 2월 19일 11시,화요일,대구광역시 중구 동인동4가,중상사고,0,1,1,0,차대차 - 추돌 - 진행중,안전운전불이행,건조,맑음,단일로 - 터널,승용,남,65세,상해없음,승용,남,45세,중상
2013021900100217,2013년 2월 19일 13시,화요일,대구광역시 동구 신암동,사망사고,1,0,0,0,차대차 - 측면직각충돌,불법유턴,건조,맑음,교차로 - 교차로안,이륜,남,69세,사망,화물,남,51세,상해없음
2013021900100218,2013년 2월 19일 13시,화요일,대구광역시 수성구 신매동,중상사고,0,2,0,1,차대차 - 측면직각충돌,중앙선침범,건조,맑음,교차로 - 교차로부근,화물,남,42세,상해없음,승용,여,40세,중상
2013021900100219,2013년 2월 19일 13시,화요일,대구광역시 북구 검단동,경상사고,0,0,1,0,차대차 - 기타,중앙선침범,건조,맑음,단일로 - 기타,승용,여,36세,상해없음,원동기,남,55세,경상
2013021900100220,2013년 2월 19일 13시,화요일,대구광역시 중구 대신동,경상사고,0,0,2,0,차대사람 - 기타,안전운전불이행,건조,맑음,교차로 - 교차로부근,승용,여,60세,상해없음,보행자,남,24세,경상
2013021900100241,2013년 2월 19일 14시,화요일,대구광역시 동구 율하동,중상사고,0,1,0,0,차대차 - 추돌 - 주정차중,안전운전불이행,건조,맑음,단일로 - 기타,화물,남,56세,상해없음,승용,여,43세,중상
2013021900100242,2013년 2월 19일 14시,화요일,대구광역시 북구 복현동,중상사고,0,1,0,0,차대사람 - 기타,안전운전불이행,건조,맑음,단일로 - 기타,승용,여,46세,상해없음,보행자,여,57세,중상
2013021900100243,2013년 2월 19일 14시,화요일,대구광역시 북구 노원동3가,경상사고,0,0,1,0,차대사람 - 기타,안전운전불이행,건조,맑음,단일로 - 기타,승합,남,46세,상해없음,보행자,여,59세,경상
2013021900100244,2013년 2월 19일 14시,화요일,대구광역시 서구 비산동,중상사고,0,1,0,0,차대사람 - 횡단중,안전운전불이행,건조,맑음,단일로 - 횡단보도상,승용,남,53세,상해없음,보행자,여,82세,중상
2013021900100245,2013년 2월 19일 14시,화요일,대구광역시 달서구 이곡동,경상사고,0,0,1,0,차대차 - 기타,안전운전불이행,건조,맑음,단일로 - 기타,화물,남,64세,상해없음,승용,남,67세,경상
2013021900100246,2013년 2월 19일 14시,화요일,대구광역시 달서구 장기동,중상사고,0,1,0,0,차대사람 - 횡단중,보행자보호의무위반,건조,맑음,단일로 - 기타,자전거,남,19세,상해없음,보행자,남,8세,중상
2013021900100296,2013년 2월 19일 16시,화요일,대구광역시 달서구 송현동,중상사고,0,1,0,0,차대차 - 기타,신호위반,건조,맑음,교차로 - 교차로안,승용,남,25세,상해없음,이륜,남,38세,중상
2013021900100297,2013년 2월 19일 16시,화요일,대구광역시 서구 중리동,경상사고,0,0,2,0,차대차 - 추돌 - 진행중,안전운전불이행,건조,맑음,단일로 - 기타,승용,남,51세,상해없음,화물,여,22세,경상
2013021900100357,2013년 2월 19일 18시,화요일,대구광역시 북구 태전동,중상사고,0,1,0,0,차량단독 - 전도전복,안전운전불이행,건조,맑음,단일로 - 기타,승합,남,57세,상해없음,,,,
2013021900100358,2013년 2월 19일 18시,화요일,대구광역시 북구 팔달동,중상사고,0,1,0,0,차대차 - 측면직각충돌,안전운전불이행,건조,맑음,교차로 - 교차로안,승용,남,53세,상해없음,자전거,남,54세,중상
2013021900100359,2013년 2월 19일 18시,화요일,대구광역시 북구 산격동,중상사고,0,1,0,0,차대차 - 기타,안전운전불이행,건조,맑음,단일로 - 기타,원동기,남,18세,상해없음,원동기,남,46세,중상
2013021900100360,2013년 2월 19일 18시,화요일,대구광역시 서구 중리동,중상사고,0,1,0,0,차대차 - 기타,교차로운행방법위반,건조,맑음,교차로 - 교차로안,화물,남,66세,상해없음,자전거,여,45세,중상
2013021900100361,2013년 2월 19일 18시,화요일,대구광역시 달서구 용산동,경상사고,0,0,1,0,차대사람 - 기타,보행자보호의무위반,건조,맑음,단일로 - 기타,승용,남,42세,상해없음,보행자,남,10세,경상
2013021900100383,2013년 2월 19일 19시,화요일,대구광역시 동구 신천동,중상사고,0,1,0,0,차대사람 - 횡단중,안전운전불이행,건조,맑음,단일로 - 기타,승용,남,27세,상해없음,보행자,여,72세,중상
2013021900100384,2013년 2월 19일 19시,화요일,대구광역시 수성구 노변동,중상사고,0,1,0,0,차대사람 - 횡단중,보행자보호의무위반,건조,맑음,단일로 - 기타,승용,여,46세,상해없음,보행자,남,24세,중상
2013021900100385,2013년 2월 19일 19시,화요일,대구광역시 달서구 송현동,경상사고,0,0,1,0,차대차 - 측면직각충돌,기타,건조,맑음,단일로 - 기타,승용,남,32세,상해없음,원동기,남,43세,경상
2013021900100386,2013년 2월 19일 19시,화요일,대구광역시 북구 노원동2가,사망사고,1,0,0,0,차대사람 - 기타,안전운전불이행,건조,맑음,단일로 - 기타,승용,남,51세,상해없음,보행자,남,79세,사망
2013021900100419,2013년 2월 19일 20시,화요일,대구광역시 달성군 다사읍,중상사고,0,1,0,0,차대사람 - 기타,안전운전불이행,건조,맑음,단일로 - 기타,화물,여,57세,상해없음,보행자,남,59세,중상
2013021900100420,2013년 2월 19일 20시,화요일,대구광역시 북구 노원동3가,중상사고,0,1,0,0,차대사람 - 기타,안전운전불이행,건조,맑음,단일로 - 기타,승용,남,44세,상해없음,보행자,남,43세,중상
2013021900100422,2013년 2월 19일 20시,화요일,대구광역시 중구 종로2가,경상사고,0,0,2,0,차대차 - 기타,안전운전불이행,건조,맑음,단일로 - 기타,승용,남,56세,상해없음,승용,남,22세,경상
2013021900100444,2013년 2월 19일 21시,화요일,대구광역시 북구 노원동3가,중상사고,0,1,0,0,차대사람 - 기타,안전운전불이행,건조,맑음,단일로 - 기타,이륜,남,45세,상해없음,보행자,남,59세,중상
2013021900100445,2013년 2월 19일 21시,화요일,대구광역시 중구 동산동,경상사고,0,0,1,0,차대차 - 추돌 - 진행중,안전거리미확보,건조,맑음,교차로 - 교차로부근,화물,남,57세,상해없음,승용,남,43세,경상
2013021900100472,2013년 2월 19일 22시,화요일,대구광역시 수성구 신매동,경상사고,0,0,1,0,차대차 - 측면직각충돌,차로위반,건조,맑음,교차로 - 교차로부근,승용,남,38세,상해없음,승용,남,45세,상해없음
2013022000100019,2013년 2월 20일 00시,수요일,대구광역시 북구 국우동,경상사고,0,0,1,0,차대차 - 측면직각충돌,안전운전불이행,건조,맑음,단일로 - 기타,승용,남,44세,상해없음,이륜,남,47세,경상
2013022000100047,2013년 2월 20일 02시,수요일,대구광역시 달서구 용산동,경상사고,0,0,1,0,차대차 - 측면직각충돌,직진우회전진행방해,건조,맑음,교차로 - 교차로안,승용,남,55세,상해없음,승용,남,60세,경상
2013022000100053,2013년 2월 20일 03시,수요일,대구광역시 북구 침산동,중상사고,0,2,2,0,차대차 - 측면직각충돌,신호위반,건조,맑음,교차로 - 교차로안,이륜,남,31세,중상,승용,남,47세,중상
2013022000100054,2013년 2월 20일 03시,수요일,대구광역시 북구 침산동,경상사고,0,0,2,0,차대차 - 측면직각충돌,안전운전불이행,건조,맑음,단일로 - 기타,승용,남,62세,상해없음,원동기,남,17세,경상
2013022000100089,2013년 2월 20일 07시,수요일,대구광역시 달서구 성당동,경상사고,0,0,1,0,차대차 - 기타,직진우회전진행방해,건조,맑음,교차로 - 교차로안,건설기계,남,54세,상해없음,승용,남,63세,경상
2013022000100113,2013년 2월 20일 08시,수요일,대구광역시 동구 용계동,경상사고,0,0,1,0,차대차 - 기타,안전운전불이행,건조,맑음,교차로 - 교차로부근,승용,여,38세,상해없음,승합,남,47세,상해없음
2013022000100114,2013년 2월 20일 08시,수요일,대구광역시 북구 칠성동1가,중상사고,0,1,0,0,차대차 - 측면직각충돌,안전운전불이행,건조,맑음,단일로 - 기타,화물,남,52세,기타불명,승용,여,40세,중상
2013022000100170,2013년 2월 20일 10시,수요일,대구광역시 동구 둔산동,부상신고사고,0,0,0,1,차량단독 - 기타,안전운전불이행,건조,맑음,단일로 - 기타,이륜,남,79세,부상신고,,,,
2013022000100171,2013년 2월 20일 10시,수요일,대구광역시 달서구 대천동,중상사고,0,1,0,0,차대차 - 기타,안전운전불이행,건조,맑음,단일로 - 기타,승합,남,39세,상해없음,자전거,남,45세,중상
2013022000100190,2013년 2월 20일 11시,수요일,대구광역시 달서구 감삼동,경상사고,0,0,2,0,차대차 - 측면직각충돌,교차로운행방법위반,건조,맑음,미분류 - 미분류,승용,여,32세,경상,승용,여,32세,경상
2013022000100224,2013년 2월 20일 13시,수요일,대구광역시 달서구 대천동,경상사고,0,0,2,0,차대차 - 측면직각충돌,안전운전불이행,건조,맑음,교차로 - 교차로안,승용,여,50세,상해없음,승용,남,36세,경상
2013022000100225,2013년 2월 20일 13시,수요일,대구광역시 북구 복현동,경상사고,0,0,1,0,차대차 - 측면직각충돌,안전운전불이행,건조,맑음,교차로 - 교차로안,원동기,남,61세,경상,승용,남,45세,상해없음
2013022000100247,2013년 2월 20일 14시,수요일,대구광역시 남구 대명동,중상사고,0,2,0,0,차대차 - 추돌 - 진행중,안전거리미확보,건조,맑음,단일로 - 기타,승용,남,60세,상해없음,승용,남,31세,중상
2013022000100248,2013년 2월 20일 14시,수요일,대구광역시 달서구 유천동,경상사고,0,0,1,0,차대차 - 측면직각충돌,안전거리미확보,건조,맑음,교차로 - 교차로부근,승용,여,58세,상해없음,화물,남,51세,경상
2013022000100249,2013년 2월 20일 14시,수요일,대구광역시 북구 매천동,경상사고,0,0,3,0,차대차 - 기타,불법유턴,건조,맑음,교차로 - 교차로안,화물,남,40세,상해없음,승용,여,34세,경상
2013022000100271,2013년 2월 20일 15시,수요일,대구광역시 북구 침산동,중상사고,0,1,0,0,차대차 - 기타,안전운전불이행,건조,맑음,교차로 - 교차로부근,승용,여,45세,상해없음,원동기,남,22세,중상
2013022000100294,2013년 2월 20일 16시,수요일,대구광역시 달서구 대곡동,경상사고,0,0,1,0,차대차 - 측면직각충돌,신호위반,건조,맑음,단일로 - 횡단보도상,원동기,남,16세,상해없음,자전거,남,50세,경상
2013022000100318,2013년 2월 20일 17시,수요일,대구광역시 수성구 수성동1가,중상사고,0,1,0,0,차대사람 - 기타,안전운전불이행,건조,맑음,단일로 - 기타,승용,여,72세,상해없음,보행자,남,75세,중상
2013022000100319,2013년 2월 20일 17시,수요일,대구광역시 북구 태전동,경상사고,0,0,1,0,차대차 - 기타,신호위반,건조,맑음,교차로 - 교차로안,승용,남,50세,상해없음,승용,남,46세,경상
2013022000100320,2013년 2월 20일 17시,수요일,대구광역시 북구 침산동,부상신고사고,0,0,0,1,차대차 - 기타,안전거리미확보,건조,맑음,단일로 - 기타,화물,남,54세,상해없음,화물,남,38세,부상신고
2013022000100343,2013년 2월 20일 18시,수요일,대구광역시 수성구 황금동,중상사고,0,1,2,0,차대차 - 측면직각충돌,안전운전불이행,건조,맑음,단일로 - 횡단보도상,자전거,여,63세,중상,승용,남,69세,상해없음
2013022000100344,2013년 2월 20일 18시,수요일,대구광역시 수성구 중동,경상사고,0,0,1,0,차대차 - 측면직각충돌,안전운전불이행,건조,맑음,단일로 - 기타,승용,여,59세,상해없음,승용,남,37세,경상
2013022000100369,2013년 2월 20일 19시,수요일,대구광역시 수성구 황금동,중상사고,0,1,0,0,차대차 - 추돌 - 진행중,안전운전불이행,건조,맑음,단일로 - 기타,승용,남,61세,상해없음,이륜,남,16세,중상
2013022000100393,2013년 2월 20일 20시,수요일,대구광역시 달서구 진천동,경상사고,0,0,1,0,차대차 - 측면직각충돌,안전운전불이행,건조,맑음,단일로 - 기타,이륜,남,17세,상해없음,승용,여,46세,상해없음
2013022000100420,2013년 2월 20일 21시,수요일,대구광역시 북구 고성동3가,경상사고,0,0,1,0,차대차 - 기타,교차로운행방법위반,건조,맑음,교차로 - 교차로부근,승용,여,35세,상해없음,원동기,남,16세,경상
2013022000100439,2013년 2월 20일 22시,수요일,대구광역시 남구 대명동,중상사고,0,1,0,0,차대차 - 측면직각충돌,안전운전불이행,건조,맑음,교차로 - 교차로부근,승용,남,26세,상해없음,자전거,남,57세,중상
2013022000100440,2013년 2월 20일 22시,수요일,대구광역시 북구 대현동,경상사고,0,0,1,0,차대차 - 기타,신호위반,건조,맑음,교차로 - 교차로안,승합,여,21세,상해없음,원동기,남,47세,경상
2013022000100441,2013년 2월 20일 22시,수요일,대구광역시 북구 동천동,경상사고,0,0,1,0,차대차 - 기타,안전운전불이행,건조,맑음,단일로 - 기타,승합,남,54세,상해없음,이륜,남,45세,경상
2013022000100442,2013년 2월 20일 22시,수요일,대구광역시 중구 남산동,경상사고,0,0,2,1,차대차 - 추돌 - 진행중,안전거리미확보,건조,기타,교차로 - 교차로부근,승용,남,25세,상해없음,승용,남,45세,경상
2013022000100460,2013년 2월 20일 23시,수요일,대구광역시 서구 평리동,중상사고,0,1,0,0,차대차 - 측면직각충돌,신호위반,건조,맑음,교차로 - 교차로부근,승용,남,30세,상해없음,이륜,남,61세,중상
2013022000100461,2013년 2월 20일 23시,수요일,대구광역시 달서구 본리동,경상사고,0,0,4,0,차대차 - 추돌 - 주정차중,안전운전불이행,건조,맑음,단일로 - 기타,승용,남,44세,상해없음,승용,남,52세,경상
2013022100100035,2013년 2월 21일 01시,목요일,대구광역시 서구 평리동,경상사고,0,0,1,0,차대사람 - 기타,보행자보호의무위반,건조,맑음,단일로 - 횡단보도상,승용,남,61세,상해없음,보행자,남,27세,경상
2013022100100043,2013년 2월 21일 02시,목요일,대구광역시 동구 봉무동,사망사고,1,0,0,0,차량단독 - 공작물충돌,안전운전불이행,건조,맑음,단일로 - 기타,승합,남,51세,사망,,,,
2013022100100044,2013년 2월 21일 02시,목요일,대구광역시 동구 효목동,중상사고,0,1,0,0,차대차 - 기타,안전거리미확보,건조,맑음,단일로 - 기타,승용,남,52세,상해없음,이륜,남,23세,중상
2013022100100045,2013년 2월 21일 02시,목요일,대구광역시 중구 봉산동,경상사고,0,0,2,0,차대차 - 측면직각충돌,신호위반,건조,맑음,단일로 - 기타,승용,남,18세,상해없음,승용,남,30세,경상
2013022100100062,2013년 2월 21일 04시,목요일,대구광역시 수성구 두산동,중상사고,0,1,2,0,차대차 - 측면직각충돌,안전운전불이행,건조,맑음,단일로 - 기타,승용,남,39세,상해없음,승용,남,37세,중상
2013022100100085,2013년 2월 21일 06시,목요일,대구광역시 서구 평리동,중상사고,0,1,0,0,차대사람 - 횡단중,안전운전불이행,건조,맑음,단일로 - 기타,승용,남,55세,상해없음,보행자,여,80세,중상
2013022100100119,2013년 2월 21일 08시,목요일,대구광역시 남구 대명동,중상사고,0,1,4,0,차대차 - 추돌 - 주정차중,안전거리미확보,건조,맑음,단일로 - 기타,승용,남,55세,상해없음,승용,여,40세,중상
2013022100100120,2013년 2월 21일 08시,목요일,대구광역시 남구 대명동,경상사고,0,0,1,0,차대차 - 추돌 - 진행중,안전운전불이행,건조,맑음,단일로 - 기타,승용,여,42세,상해없음,승용,남,47세,경상
2013022100100121,2013년 2월 21일 08시,목요일,대구광역시 달서구 대곡동,경상사고,0,0,1,0,차량단독 - 기타,안전운전불이행,건조,맑음,단일로 - 기타,승합,남,47세,상해없음,,,,
2013022100100152,2013년 2월 21일 09시,목요일,대구광역시 남구 이천동,경상사고,0,0,4,0,차대차 - 추돌 - 주정차중,안전운전불이행,건조,맑음,단일로 - 기타,승용,남,25세,상해없음,승합,남,60세,경상
2013022100100153,2013년 2월 21일 09시,목요일,대구광역시 동구 신천동,경상사고,0,0,1,0,차대차 - 기타,안전거리미확보,건조,맑음,교차로 - 교차로부근,승용,남,53세,상해없음,승용,여,48세,경상
2013022100100180,2013년 2월 21일 10시,목요일,대구광역시 북구 읍내동,중상사고,0,1,0,0,차대사람 - 기타,안전운전불이행,건조,맑음,단일로 - 기타,승용,남,47세,상해없음,보행자,남,48세,중상
2013022100100181,2013년 2월 21일 10시,목요일,대구광역시 중구 대봉동,경상사고,0,0,2,0,차대차 - 기타,교차로운행방법위반,건조,맑음,교차로 - 교차로안,승용,남,65세,상해없음,승용,남,59세,경상
2013022100100207,2013년 2월 21일 11시,목요일,대구광역시 동구 각산동,경상사고,0,0,1,0,차대차 - 기타,안전운전불이행,건조,맑음,교차로 - 교차로안,승용,남,63세,상해없음,승용,여,56세,상해없음
2013022100100228,2013년 2월 21일 12시,목요일,대구광역시 달서구 본동,중상사고,0,1,0,0,차대차 - 기타,신호위반,건조,맑음,교차로 - 교차로안,승용,남,18세,상해없음,이륜,남,67세,중상
2013022100100248,2013년 2월 21일 13시,목요일,대구광역시 서구 평리동,중상사고,0,1,0,0,차대차 - 기타,안전운전불이행,건조,맑음,단일로 - 기타,승용,여,45세,상해없음,원동기,남,47세,중상
2013022100100265,2013년 2월 21일 14시,목요일,대구광역시 수성구 황금동,부상신고사고,0,0,0,1,차대차 - 측면직각충돌,안전운전불이행,건조,맑음,단일로 - 횡단보도상,승용,남,62세,상해없음,자전거,여,43세,부상신고
2013022100100285,2013년 2월 21일 15시,목요일,대구광역시 수성구 황금동,중상사고,0,1,0,0,차대차 - 추돌 - 진행중,안전운전불이행,건조,맑음,단일로 - 횡단보도부근,승용,남,42세,상해없음,승용,남,33세,중상
2013022100100317,2013년 2월 21일 16시,목요일,대구광역시 수성구 고모동,중상사고,0,1,1,0,차대차 - 측면직각충돌,교차로운행방법위반,건조,맑음,교차로 - 교차로안,승용,여,59세,상해없음,승용,남,26세,중상
2013022100100318,2013년 2월 21일 16시,목요일,대구광역시 달서구 송현동,중상사고,0,1,0,0,차대차 - 기타,안전운전불이행,건조,맑음,교차로 - 교차로안,승용,남,45세,상해없음,자전거,남,82세,중상
2013022100100319,2013년 2월 21일 16시,목요일,대구광역시 달서구 장동,중상사고,0,2,3,0,차대차 - 추돌 - 주정차중,안전운전불이행,건조,맑음,단일로 - 기타,승용,여,43세,상해없음,승용,여,44세,중상
2013022100100348,2013년 2월 21일 17시,목요일,대구광역시 남구 봉덕동,경상사고,0,0,1,0,차대사람 - 길가장자리구역통행중,안전운전불이행,건조,맑음,단일로 - 기타,승용,남,74세,상해없음,보행자,남,77세,경상
2013022100100349,2013년 2월 21일 17시,목요일,대구광역시 북구 고성동1가,경상사고,0,0,2,0,차대차 - 추돌 - 진행중,직진우회전진행방해,건조,맑음,교차로 - 교차로안,승용,남,52세,상해없음,승용,여,40세,경상