사고번호,사고일시,요일,시군구,사고내용,사망자수,중상자수,경상자수,부상신고자수,사고유형,법규위반,노면상태,기상상태,도로형태,가해운전자 차종,가해운전자 성별,가해운전자 연령,가해운전자 상해정도,피해운전자 차종,피해운전자 성별,피해운전자 연령,피해운전자 상해정도
2013022100100350,2013년 2월 21일 17시,목요일,대구광역시 달서구 본리동,중상사고,0,1,0,0,차대차 - 측면직각충돌,안전운전불이행,건조,맑음,교차로 - 교차로부근,승용,여,53세,중상,승용,남,42세,상해없음
2013022100100374,2013년 2월 21일 18시,목요일,대구광역시 수성구 성동,경상사고,0,0,1,0,차대차 - 기타,안전운전불이행,건조,맑음,교차로 - 교차로부근,승용,남,57세,상해없음,자전거,남,33세,경상
2013022100100407,2013년 2월 21일 19시,목요일,대구광역시 수성구 삼덕동,중상사고,0,1,0,0,차대차 - 측면직각충돌,신호위반,건조,맑음,교차로 - 교차로안,이륜,남,68세,중상,승용,남,28세,상해없음
2013022100100408,2013년 2월 21일 19시,목요일,대구광역시 북구 태전동,경상사고,0,0,1,0,차량단독 - 기타,기타,건조,맑음,단일로 - 횡단보도부근,승합,남,55세,상해없음,,,,
2013022100100409,2013년 2월 21일 19시,목요일,대구광역시 서구 평리동,경상사고,0,0,2,0,차대차 - 측면직각충돌,신호위반,건조,맑음,교차로 - 교차로부근,이륜,남,16세,상해없음,이륜,남,16세,경상
2013022100100410,2013년 2월 21일 19시,목요일,대구광역시 달서구 두류동,경상사고,0,0,2,0,차대차 - 추돌 - 주정차중,안전운전불이행,건조,맑음,교차로 - 교차로부근,승용,남,26세,상해없음,승용,남,40세,경상
2013022100100439,2013년 2월 21일 20시,목요일,대구광역시 달서구 월성동,경상사고,0,0,1,0,차대사람 - 기타,보행자보호의무위반,건조,맑음,교차로 - 교차로안,승용,남,47세,상해없음,보행자,남,43세,경상
2013022100100440,2013년 2월 21일 20시,목요일,대구광역시 달성군 화원읍,경상사고,0,0,1,0,차대차 - 추돌 - 진행중,안전운전불이행,건조,맑음,교차로 - 교차로부근,승용,여,45세,상해없음,승용,남,43세,경상
2013022100100464,2013년 2월 21일 21시,목요일,대구광역시 동구 신암동,경상사고,0,0,2,0,차대차 - 기타,중앙선침범,건조,맑음,교차로 - 교차로부근,승용,남,30세,상해없음,승용,남,63세,경상
2013022100100465,2013년 2월 21일 21시,목요일,대구광역시 서구 비산동,중상사고,0,1,0,0,차대차 - 정면충돌,신호위반,건조,맑음,교차로 - 교차로안,이륜,남,17세,상해없음,이륜,남,54세,중상
2013022100100478,2013년 2월 21일 22시,목요일,대구광역시 북구 복현동,중상사고,0,1,0,0,차대사람 - 횡단중,신호위반,건조,맑음,단일로 - 횡단보도상,승용,남,65세,상해없음,보행자,여,54세,중상
2013022100100516,2013년 2월 21일 23시,목요일,대구광역시 북구 침산동,중상사고,0,1,0,0,차대차 - 측면직각충돌,안전거리미확보,건조,맑음,단일로 - 기타,승용,남,48세,상해없음,승용,남,27세,중상
2013022200100021,2013년 2월 22일 00시,금요일,대구광역시 북구 노원동3가,경상사고,0,0,1,0,차대차 - 측면직각충돌,신호위반,건조,흐림,교차로 - 교차로안,승용,남,42세,상해없음,원동기,남,26세,경상
2013022200100035,2013년 2월 22일 01시,금요일,대구광역시 수성구 두산동,경상사고,0,0,2,0,차대차 - 측면직각충돌,교차로운행방법위반,건조,맑음,교차로 - 교차로안,승용,남,55세,상해없음,승용,남,56세,상해없음
2013022200100051,2013년 2월 22일 02시,금요일,대구광역시 남구 대명동,중상사고,0,1,0,0,차대사람 - 횡단중,보행자보호의무위반,건조,맑음,단일로 - 횡단보도상,승용,남,39세,상해없음,보행자,남,31세,중상
2013022200100066,2013년 2월 22일 04시,금요일,대구광역시 서구 평리동,경상사고,0,0,1,0,차대차 - 기타,안전운전불이행,건조,맑음,교차로 - 교차로안,화물,남,47세,상해없음,승용,남,46세,경상
2013022200100105,2013년 2월 22일 06시,금요일,대구광역시 북구 노원동2가,경상사고,0,0,1,0,차대사람 - 기타,신호위반,건조,맑음,단일로 - 기타,승용,남,68세,상해없음,보행자,여,51세,경상
2013022200100118,2013년 2월 22일 07시,금요일,대구광역시 중구 남산동,중상사고,0,1,0,0,차대차 - 추돌 - 진행중,교차로운행방법위반,건조,맑음,교차로 - 교차로안,승용,남,53세,상해없음,이륜,남,60세,중상
2013022200100143,2013년 2월 22일 08시,금요일,대구광역시 달서구 월성동,중상사고,0,1,0,0,차대차 - 기타,교차로운행방법위반,건조,맑음,교차로 - 교차로안,승용,여,38세,상해없음,이륜,남,49세,중상
2013022200100144,2013년 2월 22일 08시,금요일,대구광역시 북구 산격동,경상사고,0,0,2,0,차대차 - 측면직각충돌,중앙선침범,건조,맑음,단일로 - 기타,승용,남,49세,상해없음,승용,남,42세,경상
2013022200100179,2013년 2월 22일 09시,금요일,대구광역시 수성구 수성동1가,중상사고,0,1,0,0,차대차 - 기타,안전운전불이행,건조,맑음,단일로 - 횡단보도상,승용,남,57세,상해없음,자전거,여,63세,중상
2013022200100180,2013년 2월 22일 09시,금요일,대구광역시 북구 학정동,경상사고,0,0,3,0,차대차 - 추돌 - 주정차중,안전운전불이행,건조,맑음,단일로 - 기타,승용,남,24세,상해없음,승용,남,30세,경상
2013022200100210,2013년 2월 22일 10시,금요일,대구광역시 달성군 구지면,중상사고,0,2,2,0,차량단독 - 공작물충돌,안전운전불이행,건조,맑음,단일로 - 기타,승용,남,67세,중상,,,,
2013022200100211,2013년 2월 22일 10시,금요일,대구광역시 북구 노원동3가,중상사고,0,1,0,0,차대차 - 기타,안전운전불이행,건조,맑음,단일로 - 횡단보도상,화물,남,56세,상해없음,자전거,남,66세,중상
2013022200100237,2013년 2월 22일 11시,금요일,대구광역시 북구 칠성동2가,경상사고,0,0,1,0,차대차 - 기타,안전거리미확보,건조,맑음,미분류 - 미분류,화물,남,51세,상해없음,승용,여,36세,경상
2013022200100238,2013년 2월 22일 11시,금요일,대구광역시 중구 태평로2가,경상사고,0,0,3,0,차대차 - 기타,안전운전불이행,건조,맑음,교차로 - 교차로안,화물,남,39세,상해없음,승용,남,23세,경상
2013022200100282,2013년 2월 22일 13시,금요일,대구광역시 수성구 노변동,경상사고,0,0,1,0,차대사람 - 횡단중,안전운전불이행,건조,맑음,단일로 - 횡단보도상,화물,남,56세,상해없음,보행자,남,7세,경상
2013022200100316,2013년 2월 22일 14시,금요일,대구광역시 달서구 상인동,경상사고,0,0,2,0,차대차 - 추돌 - 진행중,안전거리미확보,건조,흐림,단일로 - 횡단보도부근,화물,남,29세,상해없음,승용,여,30세,경상
2013022200100317,2013년 2월 22일 14시,금요일,대구광역시 달서구 유천동,경상사고,0,0,1,0,차대차 - 추돌 - 주정차중,안전운전불이행,건조,맑음,단일로 - 기타,화물,남,71세,상해없음,승용,여,58세,경상
2013022200100340,2013년 2월 22일 15시,금요일,대구광역시 북구 침산동,중상사고,0,1,0,0,차대차 - 측면직각충돌,안전거리미확보,건조,맑음,단일로 - 기타,승용,여,31세,기타불명,승용,여,29세,중상
2013022200100369,2013년 2월 22일 16시,금요일,대구광역시 달서구 상인동,경상사고,0,0,1,0,차대사람 - 횡단중,기타,건조,맑음,단일로 - 횡단보도부근,승용,남,41세,상해없음,보행자,여,5세,경상
2013022200100420,2013년 2월 22일 18시,금요일,대구광역시 남구 봉덕동,중상사고,0,1,0,0,차대차 - 기타,안전운전불이행,건조,맑음,교차로 - 교차로부근,승용,남,34세,상해없음,이륜,여,43세,중상
2013022200100421,2013년 2월 22일 18시,금요일,대구광역시 수성구 사월동,중상사고,0,2,3,0,차대차 - 기타,안전운전불이행,습기,비,단일로 - 기타,승용,남,67세,상해없음,승용,남,23세,경상
2013022200100422,2013년 2월 22일 18시,금요일,대구광역시 수성구 두산동,부상신고사고,0,0,0,2,차대차 - 기타,교차로운행방법위반,건조,맑음,교차로 - 교차로안,화물,남,43세,상해없음,승용,남,31세,부상신고
2013022200100423,2013년 2월 22일 18시,금요일,대구광역시 북구 읍내동,경상사고,0,0,1,0,차대차 - 추돌 - 주정차중,안전운전불이행,건조,맑음,단일로 - 기타,승용,남,51세,상해없음,승용,남,32세,경상
2013022200100424,2013년 2월 22일 18시,금요일,대구광역시 서구 내당동,중상사고,0,1,0,0,차대사람 - 기타,안전운전불이행,건조,맑음,단일로 - 기타,승용,남,66세,상해없음,보행자,여,38세,중상
2013022200100459,2013년 2월 22일 19시,금요일,대구광역시 수성구 황금동,중상사고,0,1,0,0,차대차 - 기타,중앙선침범,건조,맑음,교차로 - 교차로부근,승용,남,60세,상해없음,이륜,남,16세,중상
2013022200100460,2013년 2월 22일 19시,금요일,대구광역시 북구 동변동,경상사고,0,0,1,0,차대차 - 기타,안전운전불이행,습기,흐림,교차로 - 교차로부근,승용,남,40세,상해없음,이륜,남,16세,경상
2013022200100461,2013년 2월 22일 19시,금요일,대구광역시 북구 노원동1가,중상사고,0,1,0,0,차대차 - 추돌 - 주정차중,안전운전불이행,건조,맑음,교차로 - 교차로부근,승용,여,43세,상해없음,이륜,남,49세,중상
2013022200100462,2013년 2월 22일 19시,금요일,대구광역시 중구 동인동3가,경상사고,0,0,2,0,차대차 - 추돌 - 진행중,안전거리미확보,건조,맑음,단일로 - 기타,승용,남,47세,상해없음,승용,남,41세,경상
2013022200100463,2013년 2월 22일 19시,금요일,대구광역시 달서구 갈산동,중상사고,0,2,0,0,차대사람 - 기타,안전운전불이행,건조,맑음,교차로 - 교차로부근,승용,남,47세,상해없음,보행자,남,22세,중상
2013022200100502,2013년 2월 22일 20시,금요일,대구광역시 달서구 진천동,경상사고,0,0,3,0,차대차 - 측면직각충돌,직진우회전진행방해,건조,맑음,단일로 - 기타,승용,남,61세,상해없음,승용,남,32세,경상
2013022200100503,2013년 2월 22일 20시,금요일,대구광역시 달서구 호산동,부상신고사고,0,0,0,1,차대차 - 기타,안전운전불이행,습기,흐림,단일로 - 기타,승용,남,30세,상해없음,기타불명,남,13세,부상신고
2013022200100536,2013년 2월 22일 21시,금요일,대구광역시 달서구 진천동,경상사고,0,0,2,0,차대차 - 측면직각충돌,교차로운행방법위반,건조,맑음,교차로 - 교차로안,승용,여,28세,상해없음,승용,남,61세,상해없음
2013022200100537,2013년 2월 22일 21시,금요일,대구광역시 달서구 송현동,경상사고,0,0,3,0,차대차 - 기타,교차로운행방법위반,건조,맑음,교차로 - 교차로안,이륜,남,18세,경상,승용,남,65세,경상
2013022200100538,2013년 2월 22일 21시,금요일,대구광역시 달성군 현풍면,중상사고,0,1,0,0,차대차 - 정면충돌,중앙선침범,건조,맑음,단일로 - 기타,승용,남,43세,상해없음,화물,여,47세,중상
2013022200100539,2013년 2월 22일 21시,금요일,대구광역시 달서구 두류동,경상사고,0,0,1,0,차대사람 - 차도통행중,안전운전불이행,건조,맑음,단일로 - 기타,승용,남,60세,상해없음,보행자,여,56세,경상
2013022200100571,2013년 2월 22일 22시,금요일,대구광역시 북구 복현동,경상사고,0,0,1,0,차대사람 - 기타,안전운전불이행,건조,흐림,단일로 - 기타,승용,남,60세,상해없음,보행자,남,25세,경상
2013022200100604,2013년 2월 22일 23시,금요일,대구광역시 북구 노원동3가,중상사고,0,1,0,0,차대차 - 추돌 - 진행중,안전거리미확보,건조,맑음,단일로 - 기타,승용,남,54세,상해없음,승용,여,30세,중상
2013022300100023,2013년 2월 23일 00시,토요일,대구광역시 수성구 성동,중상사고,0,1,0,0,차대사람 - 횡단중,안전운전불이행,건조,맑음,단일로 - 기타,승용,남,25세,상해없음,보행자,남,54세,중상
2013022300100024,2013년 2월 23일 00시,토요일,대구광역시 서구 평리동,중상사고,0,1,0,0,차대사람 - 기타,안전운전불이행,건조,맑음,단일로 - 기타,승용,남,44세,상해없음,보행자,남,52세,중상
2013022300100025,2013년 2월 23일 00시,토요일,대구광역시 서구 평리동,경상사고,0,0,3,0,차대차 - 추돌 - 주정차중,안전운전불이행,건조,맑음,교차로 - 교차로부근,승용,남,72세,상해없음,승용,남,49세,경상
2013022300100026,2013년 2월 23일 00시,토요일,대구광역시 달서구 이곡동,부상신고사고,0,0,0,1,차량단독 - 도로외이탈 - 기타,안전운전불이행,건조,맑음,단일로 - 기타,이륜,남,27세,부상신고,,,,
2013022300100027,2013년 2월 23일 00시,토요일,대구광역시 달서구 성당동,경상사고,0,0,2,0,차대차 - 추돌 - 진행중,안전거리미확보,건조,맑음,단일로 - 기타,승용,남,57세,상해없음,승용,남,49세,경상
2013022300100069,2013년 2월 23일 02시,토요일,대구광역시 수성구 성동,중상사고,0,1,0,0,차대차 - 기타,신호위반,건조,맑음,교차로 - 교차로안,승용,남,44세,상해없음,승용,남,29세,상해없음
2013022300100097,2013년 2월 23일 04시,토요일,대구광역시 달서구 상인동,경상사고,0,0,2,0,차대차 - 추돌 - 주정차중,안전운전불이행,건조,맑음,교차로 - 교차로부근,화물,남,25세,상해없음,승용,남,66세,상해없음
2013022300100113,2013년 2월 23일 05시,토요일,대구광역시 중구 도원동,경상사고,0,0,2,0,차대차 - 측면직각충돌,신호위반,건조,맑음,교차로 - 교차로부근,승용,남,39세,상해없음,승용,남,42세,경상
2013022300100132,2013년 2월 23일 06시,토요일,대구광역시 동구 신기동,부상신고사고,0,0,0,1,차대차 - 기타,안전거리미확보,건조,맑음,단일로 - 기타,이륜,남,60세,부상신고,화물,남,52세,상해없음
2013022300100148,2013년 2월 23일 07시,토요일,대구광역시 달서구 두류동,중상사고,0,1,0,0,차대차 - 기타,안전거리미확보,건조,맑음,단일로 - 기타,승용,남,52세,상해없음,원동기,남,30세,중상
2013022300100177,2013년 2월 23일 08시,토요일,대구광역시 동구 용계동,경상사고,0,0,1,0,차대차 - 추돌 - 주정차중,안전거리미확보,건조,맑음,교차로 - 교차로부근,승용,남,60세,상해없음,승용,남,47세,경상
2013022300100204,2013년 2월 23일 09시,토요일,대구광역시 동구 신천동,중상사고,0,1,0,0,차대차 - 기타,중앙선침범,건조,맑음,단일로 - 기타,승용,남,26세,상해없음,이륜,남,50세,중상
2013022300100229,2013년 2월 23일 10시,토요일,대구광역시 달성군 하빈면,중상사고,0,1,0,0,차대사람 - 횡단중,안전운전불이행,건조,맑음,교차로 - 교차로안,화물,남,59세,상해없음,보행자,여,75세,중상
2013022300100230,2013년 2월 23일 10시,토요일,대구광역시 달서구 용산동,중상사고,0,1,0,0,차대사람 - 횡단중,신호위반,건조,맑음,교차로 - 교차로안,승용,여,26세,상해없음,보행자,여,61세,중상
2013022300100295,2013년 2월 23일 12시,토요일,대구광역시 동구 괴전동,경상사고,0,0,2,0,차대차 - 추돌 - 주정차중,안전거리미확보,건조,맑음,단일로 - 기타,승용,여,61세,상해없음,승용,남,21세,경상
2013022300100296,2013년 2월 23일 12시,토요일,대구광역시 달서구 이곡동,경상사고,0,0,1,0,차대차 - 측면직각충돌,신호위반,건조,맑음,교차로 - 교차로안,승용,남,63세,상해없음,승용,남,58세,경상
2013022300100318,2013년 2월 23일 13시,토요일,대구광역시 달서구 성당동,경상사고,0,0,1,0,차대차 - 측면직각충돌,신호위반,건조,맑음,교차로 - 교차로안,승용,남,61세,상해없음,원동기,남,51세,경상
2013022300100319,2013년 2월 23일 13시,토요일,대구광역시 달서구 파호동,경상사고,0,0,1,0,차대차 - 추돌 - 진행중,안전운전불이행,건조,맑음,기타 - 기타,화물,남,45세,상해없음,승용,남,30세,경상
2013022300100341,2013년 2월 23일 14시,토요일,대구광역시 수성구 만촌동,경상사고,0,0,1,0,차대차 - 기타,안전거리미확보,건조,맑음,단일로 - 기타,승용,여,52세,상해없음,승용,남,34세,경상
2013022300100423,2013년 2월 23일 17시,토요일,대구광역시 중구 동산동,경상사고,0,0,1,0,차대차 - 추돌 - 진행중,안전운전불이행,건조,맑음,단일로 - 기타,승용,남,26세,상해없음,승합,남,51세,상해없음
2013022300100424,2013년 2월 23일 17시,토요일,대구광역시 중구 덕산동,중상사고,0,1,2,0,차대차 - 추돌 - 진행중,안전운전불이행,건조,맑음,단일로 - 기타,승용,여,24세,상해없음,승용,남,45세,경상
2013022300100462,2013년 2월 23일 18시,토요일,대구광역시 달성군 옥포면,경상사고,0,0,1,1,차대차 - 측면직각충돌,안전운전불이행,건조,맑음,교차로 - 교차로안,이륜,남,34세,부상신고,승용,남,59세,상해없음
2013022300100463,2013년 2월 23일 18시,토요일,대구광역시 중구 삼덕동1가,중상사고,0,1,0,0,차대차 - 측면직각충돌,안전운전불이행,건조,맑음,단일로 - 횡단보도상,승용,여,29세,상해없음,자전거,남,72세,중상
2013022300100464,2013년 2월 23일 18시,토요일,대구광역시 달서구 이곡동,중상사고,0,2,1,0,차대차 - 기타,안전운전불이행,건조,맑음,단일로 - 기타,승용,남,53세,상해없음,승용,남,58세,상해없음
2013022300100497,2013년 2월 23일 19시,토요일,대구광역시 동구 효목동,경상사고,0,0,1,0,차대차 - 측면직각충돌,교차로운행방법위반,건조,맑음,교차로 - 교차로안,승용,여,19세,상해없음,승용,남,47세,경상
2013022300100498,2013년 2월 23일 19시,토요일,대구광역시 서구 비산동,경상사고,0,0,1,0,차대차 - 측면직각충돌,안전거리미확보,건조,맑음,단일로 - 기타,승용,남,42세,상해없음,승용,남,55세,경상
2013022300100499,2013년 2월 23일 19시,토요일,대구광역시 달서구 본리동,중상사고,0,1,0,0,차대사람 - 횡단중,중앙선침범,건조,맑음,기타 - 기타,승용,남,38세,상해없음,보행자,남,68세,중상
2013022300100500,2013년 2월 23일 19시,토요일,대구광역시 달서구 용산동,경상사고,0,0,4,0,차대차 - 측면직각충돌,안전거리미확보,건조,맑음,단일로 - 기타,승용,남,22세,상해없음,승용,남,35세,경상
2013022300100530,2013년 2월 23일 20시,토요일,대구광역시 달서구 월성동,중상사고,0,2,4,0,차대차 - 측면직각충돌,직진우회전진행방해,건조,맑음,교차로 - 교차로안,승용,남,35세,경상,승용,남,29세,중상
2013022300100531,2013년 2월 23일 20시,토요일,대구광역시 달성군 화원읍,경상사고,0,0,1,0,차대차 - 측면직각충돌,안전운전불이행,건조,맑음,교차로 - 교차로부근,승용,남,43세,상해없음,이륜,남,19세,경상
2013022300100532,2013년 2월 23일 20시,토요일,대구광역시 달서구 감삼동,경상사고,0,0,2,0,차대차 - 추돌 - 진행중,안전운전불이행,건조,맑음,단일로 - 기타,승용,남,39세,상해없음,승용,남,43세,경상
2013022300100584,2013년 2월 23일 22시,토요일,대구광역시 동구 지묘동,경상사고,0,0,1,0,차대차 - 추돌 - 주정차중,안전운전불이행,건조,맑음,단일로 - 기타,승용,남,59세,기타불명,승용,남,36세,경상
2013022300100609,2013년 2월 23일 23시,토요일,대구광역시 북구 동천동,경상사고,0,0,2,0,차대차 - 기타,중앙선침범,건조,맑음,단일로 - 교량,승용,남,47세,상해없음,승용,남,34세,경상
2013022300100610,2013년 2월 23일 23시,토요일,대구광역시 북구 칠성동1가,경상사고,0,0,1,0,차대차 - 측면직각충돌,안전거리미확보,건조,맑음,단일로 - 기타,원동기,기타불명,기타불명,기타불명,승용,남,29세,상해없음
2013022400100032,2013년 2월 24일 00시,일요일,대구광역시 달서구 본동,중상사고,0,1,1,0,차대차 - 기타,신호위반,건조,맑음,교차로 - 교차로안,승용,남,65세,상해없음,승용,남,63세,중상
2013022400100033,2013년 2월 24일 00시,일요일,대구광역시 북구 팔달동,부상신고사고,0,0,0,1,차량단독 - 공작물충돌,안전운전불이행,건조,맑음,단일로 - 기타,승용,남,52세,부상신고,,,,
2013022400100034,2013년 2월 24일 00시,일요일,대구광역시 북구 태전동,경상사고,0,0,2,0,차대차 - 추돌 - 주정차중,안전운전불이행,건조,맑음,단일로 - 기타,승합,남,29세,상해없음,승용,남,19세,경상
2013022400100055,2013년 2월 24일 01시,일요일,대구광역시 동구 신천동,부상신고사고,0,0,0,1,차대차 - 측면직각충돌,중앙선침범,건조,맑음,단일로 - 기타,승용,남,18세,상해없음,승용,남,54세,상해없음
2013022400100097,2013년 2월 24일 04시,일요일,대구광역시 달서구 감삼동,경상사고,0,0,1,0,차대차 - 기타,신호위반,건조,맑음,교차로 - 교차로안,승용,남,28세,상해없음,승용,여,50세,경상
2013022400100110,2013년 2월 24일 05시,일요일,대구광역시 수성구 만촌동,중상사고,0,1,0,0,차대차 - 기타,신호위반,건조,맑음,교차로 - 교차로안,승용,여,31세,상해없음,승용,남,63세,중상
2013022400100167,2013년 2월 24일 09시,일요일,대구광역시 동구 지묘동,중상사고,0,1,0,0,차대차 - 측면직각충돌,신호위반,건조,맑음,교차로 - 교차로안,이륜,남,74세,중상,승용,남,66세,상해없음
2013022400100168,2013년 2월 24일 09시,일요일,대구광역시 달성군 논공읍,경상사고,0,0,4,0,차대차 - 기타,안전거리미확보,건조,맑음,단일로 - 기타,승합,남,38세,상해없음,승용,남,34세,경상
2013022400100169,2013년 2월 24일 09시,일요일,대구광역시 서구 평리동,경상사고,0,0,1,0,차대차 - 추돌 - 진행중,안전운전불이행,건조,맑음,단일로 - 기타,승용,남,58세,상해없음,승용,남,33세,경상
2013022400100192,2013년 2월 24일 10시,일요일,대구광역시 서구 평리동,경상사고,0,0,2,0,차대차 - 기타,불법유턴,건조,맑음,단일로 - 기타,화물,남,35세,상해없음,승용,남,64세,경상
2013022400100214,2013년 2월 24일 11시,일요일,대구광역시 달서구 대곡동,중상사고,0,1,0,0,차대사람 - 기타,기타,건조,맑음,기타 - 기타,승합,여,48세,상해없음,보행자,여,49세,중상
2013022400100247,2013년 2월 24일 13시,일요일,대구광역시 수성구 파동,중상사고,0,1,0,0,차량단독 - 기타,기타,건조,맑음,단일로 - 기타,승용,남,53세,상해없음,,,,
2013022400100248,2013년 2월 24일 13시,일요일,대구광역시 북구 침산동,경상사고,0,0,1,0,차대사람 - 기타,안전운전불이행,건조,맑음,교차로 - 교차로부근,승용,남,56세,상해없음,보행자,여,45세,경상
2013022400100291,2013년 2월 24일 15시,일요일,대구광역시 북구 대현동,중상사고,0,1,0,0,차대차 - 기타,안전거리미확보,건조,맑음,단일로 - 기타,승용,기타불명,기타불명,기타불명,이륜,남,41세,중상
2013022400100321,2013년 2월 24일 16시,일요일,대구광역시 북구 읍내동,경상사고,0,0,1,0,차대사람 - 기타,안전운전불이행,건조,맑음,단일로 - 기타,승용,남,66세,상해없음,보행자,남,16세,경상
2013022400100349,2013년 2월 24일 17시,일요일,대구광역시 달서구 성당동,중상사고,0,1,0,0,차대차 - 측면직각충돌,교차로운행방법위반,건조,맑음,교차로 - 교차로안,승용,남,62세,상해없음,이륜,남,19세,중상
2013022400100376,2013년 2월 24일 18시,일요일,대구광역시 동구 효목동,중상사고,0,1,0,0,차대차 - 기타,안전운전불이행,건조,맑음,단일로 - 기타,승용,남,62세,상해없음,이륜,남,51세,중상
2013022400100377,2013년 2월 24일 18시,일요일,대구광역시 달성군 다사읍,중상사고,0,1,0,0,차대사람 - 기타,안전운전불이행,건조,맑음,교차로 - 교차로안,화물,남,59세,상해없음,보행자,여,65세,중상
2013022400100378,2013년 2월 24일 18시,일요일,대구광역시 달성군 논공읍,중상사고,0,1,0,0,차대사람 - 기타,안전운전불이행,건조,맑음,단일로 - 기타,기타불명,기타불명,기타불명,기타불명,보행자,여,43세,중상
2013022400100379,2013년 2월 24일 18시,일요일,대구광역시 북구 동변동,경상사고,0,0,1,0,차대사람 - 기타,안전운전불이행,건조,맑음,단일로 - 기타,승용,여,57세,기타불명,보행자,남,17세,경상
2013022400100380,2013년 2월 24일 18시,일요일,대구광역시 북구 읍내동,경상사고,0,0,1,0,차대차 - 측면직각충돌,안전운전불이행,건조,맑음,교차로 - 교차로부근,승용,여,50세,상해없음,원동기,남,16세,경상
2013022400100381,2013년 2월 24일 18시,일요일,대구광역시 중구 남산동,중상사고,0,1,0,0,차대사람 - 기타,안전운전불이행,건조,맑음,단일로 - 기타,화물,남,58세,상해없음,보행자,여,75세,중상
2013022400100416,2013년 2월 24일 19시,일요일,대구광역시 남구 대명동,경상사고,0,0,1,0,차대차 - 기타,안전거리미확보,건조,맑음,단일로 - 기타,승용,여,40세,상해없음,승용,남,54세,경상
2013022400100417,2013년 2월 24일 19시,일요일,대구광역시 서구 평리동,중상사고,0,1,1,0,차대사람 - 기타,안전운전불이행,건조,맑음,단일로 - 기타,이륜,남,19세,경상,보행자,남,49세,중상
2013022400100445,2013년 2월 24일 20시,일요일,대구광역시 수성구 수성동2가,경상사고,0,0,2,0,차대차 - 추돌 - 주정차중,안전운전불이행,건조,맑음,교차로 - 교차로부근,승용,남,23세,상해없음,승용,남,33세,경상
2013022400100469,2013년 2월 24일 21시,일요일,대구광역시 달서구 성당동,경상사고,0,0,1,0,차대사람 - 기타,중앙선침범,건조,맑음,단일로 - 기타,승용,남,21세,상해없음,보행자,여,67세,경상
2013022400100470,2013년 2월 24일 21시,일요일,대구광역시 달서구 감삼동,경상사고,0,0,1,0,차대차 - 측면직각충돌,안전운전불이행,건조,맑음,교차로 - 교차로부근,승용,남,25세,상해없음,원동기,남,16세,경상
2013022400100496,2013년 2월 24일 22시,일요일,대구광역시 달서구 이곡동,경상사고,0,0,4,0,차대차 - 추돌 - 주정차중,안전운전불이행,건조,맑음,교차로 - 교차로부근,승용,남,42세,상해없음,승합,남,36세,경상
2013022500100050,2013년 2월 25일 07시,월요일,대구광역시 북구 산격동,중상사고,0,1,0,0,차대사람 - 기타,안전운전불이행,건조,맑음,기타 - 기타,이륜,남,57세,상해없음,보행자,여,44세,중상
2013022500100051,2013년 2월 25일 07시,월요일,대구광역시 북구 복현동,경상사고,0,0,1,0,차대사람 - 횡단중,신호위반,건조,맑음,단일로 - 횡단보도상,승합,남,48세,상해없음,보행자,여,16세,경상
2013022500100088,2013년 2월 25일 09시,월요일,대구광역시 달서구 용산동,경상사고,0,0,1,0,차대사람 - 기타,기타,건조,맑음,기타 - 기타,승용,남,48세,상해없음,보행자,남,47세,경상
2013022500100111,2013년 2월 25일 10시,월요일,대구광역시 남구 대명동,경상사고,0,0,2,0,차대차 - 측면직각충돌,신호위반,건조,맑음,교차로 - 교차로안,이륜,남,26세,경상,이륜,남,40세,경상
2013022500100131,2013년 2월 25일 11시,월요일,대구광역시 서구 내당동,중상사고,0,1,0,0,차대차 - 기타,신호위반,건조,맑음,단일로 - 횡단보도상,승용,남,29세,상해없음,이륜,남,47세,중상
2013022500100146,2013년 2월 25일 12시,월요일,대구광역시 수성구 수성동4가,경상사고,0,0,1,0,차대차 - 추돌 - 진행중,안전운전불이행,건조,맑음,교차로 - 교차로부근,승용,남,50세,상해없음,승용,남,56세,경상
2013022500100147,2013년 2월 25일 12시,월요일,대구광역시 달서구 호림동,경상사고,0,0,1,0,차대차 - 측면직각충돌,중앙선침범,건조,맑음,단일로 - 기타,승용,남,58세,상해없음,화물,남,28세,경상
2013022500100166,2013년 2월 25일 13시,월요일,대구광역시 동구 신암동,중상사고,0,1,0,0,차대사람 - 기타,안전운전불이행,건조,맑음,단일로 - 횡단보도상,승용,남,53세,상해없음,보행자,남,58세,중상
2013022500100167,2013년 2월 25일 13시,월요일,대구광역시 달서구 송현동,경상사고,0,0,1,0,차대차 - 측면직각충돌,교차로운행방법위반,건조,맑음,교차로 - 교차로안,승용,남,59세,상해없음,이륜,남,16세,경상
2013022500100168,2013년 2월 25일 13시,월요일,대구광역시 달성군 화원읍,경상사고,0,0,3,0,차량단독 - 도로외이탈 - 추락,안전운전불이행,건조,맑음,단일로 - 기타,승용,여,32세,경상,,,,
2013022500100188,2013년 2월 25일 14시,월요일,대구광역시 서구 평리동,경상사고,0,0,1,0,차대차 - 측면직각충돌,안전거리미확보,건조,맑음,단일로 - 기타,승용,남,45세,상해없음,승합,남,49세,상해없음