사고번호,사고일시,요일,시군구,사고내용,사망자수,중상자수,경상자수,부상신고자수,사고유형,법규위반,노면상태,기상상태,도로형태,가해운전자 차종,가해운전자 성별,가해운전자 연령,가해운전자 상해정도,피해운전자 차종,피해운전자 성별,피해운전자 연령,피해운전자 상해정도
2013022500100189,2013년 2월 25일 14시,월요일,대구광역시 중구 계산동1가,경상사고,0,0,3,0,차대차 - 측면직각충돌,안전운전불이행,건조,맑음,단일로 - 기타,승용,남,70세,경상,승용,남,35세,경상
2013022500100216,2013년 2월 25일 15시,월요일,대구광역시 서구 비산동,중상사고,0,1,3,0,차대차 - 추돌 - 주정차중,안전운전불이행,건조,맑음,단일로 - 기타,승용,여,38세,상해없음,승용,남,43세,경상
2013022500100217,2013년 2월 25일 15시,월요일,대구광역시 달서구 두류동,중상사고,0,1,0,0,차대차 - 측면직각충돌,안전운전불이행,건조,맑음,교차로 - 교차로안,승용,남,49세,상해없음,이륜,남,58세,중상
2013022500100218,2013년 2월 25일 15시,월요일,대구광역시 달서구 감삼동,중상사고,0,2,5,0,차대차 - 측면직각충돌,안전거리미확보,건조,맑음,단일로 - 기타,승용,남,29세,상해없음,승합,남,46세,상해없음
2013022500100219,2013년 2월 25일 15시,월요일,대구광역시 달서구 두류동,경상사고,0,0,1,0,차대사람 - 횡단중,안전운전불이행,건조,맑음,단일로 - 기타,승용,남,69세,상해없음,보행자,남,5세,경상
2013022500100243,2013년 2월 25일 16시,월요일,대구광역시 달서구 대곡동,중상사고,0,1,0,0,차대사람 - 횡단중,신호위반,건조,맑음,단일로 - 기타,승용,여,48세,상해없음,보행자,남,9세,중상
2013022500100244,2013년 2월 25일 16시,월요일,대구광역시 북구 침산동,경상사고,0,0,1,0,차대차 - 측면직각충돌,교차로운행방법위반,건조,맑음,교차로 - 교차로부근,승용,남,60세,상해없음,이륜,남,43세,경상
2013022500100245,2013년 2월 25일 16시,월요일,대구광역시 북구 학정동,중상사고,0,1,0,0,차량단독 - 기타,안전운전불이행,건조,맑음,단일로 - 기타,승합,남,39세,상해없음,,,,
2013022500100270,2013년 2월 25일 17시,월요일,대구광역시 북구 산격동,경상사고,0,0,1,0,차대차 - 측면직각충돌,안전운전불이행,건조,맑음,교차로 - 교차로부근,승용,남,77세,상해없음,승용,남,30세,경상
2013022500100304,2013년 2월 25일 18시,월요일,대구광역시 달성군 다사읍,중상사고,0,1,0,0,차대차 - 기타,안전거리미확보,건조,맑음,단일로 - 기타,이륜,남,16세,중상,승용,남,40세,상해없음
2013022500100305,2013년 2월 25일 18시,월요일,대구광역시 북구 노원동1가,경상사고,0,0,1,0,차대차 - 기타,기타,건조,맑음,교차로 - 교차로안,이륜,남,43세,경상,화물,남,51세,상해없음
2013022500100338,2013년 2월 25일 19시,월요일,대구광역시 서구 내당동,경상사고,0,0,1,0,차대차 - 측면직각충돌,신호위반,건조,맑음,교차로 - 교차로안,화물,남,56세,상해없음,이륜,남,39세,경상
2013022500100354,2013년 2월 25일 20시,월요일,대구광역시 중구 삼덕동1가,중상사고,0,1,0,0,차대사람 - 차도통행중,안전운전불이행,건조,맑음,교차로 - 교차로안,승합,남,44세,상해없음,보행자,여,58세,중상
2013022500100355,2013년 2월 25일 20시,월요일,대구광역시 달서구 두류동,부상신고사고,0,0,0,1,차대사람 - 기타,안전운전불이행,건조,맑음,단일로 - 기타,승용,기타불명,기타불명,기타불명,보행자,남,52세,부상신고
2013022500100356,2013년 2월 25일 20시,월요일,대구광역시 달서구 장기동,중상사고,0,1,1,0,차대사람 - 기타,안전운전불이행,건조,맑음,교차로 - 교차로안,승용,남,36세,상해없음,보행자,남,44세,중상
2013022500100383,2013년 2월 25일 21시,월요일,대구광역시 동구 동호동,중상사고,0,2,2,0,차대차 - 측면직각충돌,신호위반,건조,맑음,교차로 - 교차로안,승용,남,41세,경상,승용,남,56세,경상
2013022500100384,2013년 2월 25일 21시,월요일,대구광역시 달서구 상인동,중상사고,0,1,0,0,차대사람 - 횡단중,안전운전불이행,건조,맑음,교차로 - 교차로부근,승용,남,33세,상해없음,보행자,여,65세,중상
2013022500100385,2013년 2월 25일 21시,월요일,대구광역시 북구 구암동,경상사고,0,0,1,0,차대사람 - 횡단중,보행자보호의무위반,건조,맑음,교차로 - 교차로부근,원동기,남,17세,상해없음,보행자,여,47세,경상
2013022500100417,2013년 2월 25일 22시,월요일,대구광역시 서구 평리동,경상사고,0,0,1,0,차대차 - 추돌 - 주정차중,안전운전불이행,건조,맑음,단일로 - 기타,승용,남,45세,상해없음,화물,남,44세,상해없음
2013022500100418,2013년 2월 25일 22시,월요일,대구광역시 달서구 감삼동,경상사고,0,0,1,0,차대차 - 측면직각충돌,안전거리미확보,건조,맑음,단일로 - 기타,승용,남,63세,상해없음,승용,여,54세,경상
2013022500100442,2013년 2월 25일 23시,월요일,대구광역시 동구 율하동,경상사고,0,0,1,0,차대차 - 추돌 - 진행중,안전운전불이행,건조,맑음,교차로 - 교차로안,승용,남,38세,상해없음,이륜,남,19세,경상
2013022500100443,2013년 2월 25일 23시,월요일,대구광역시 중구 삼덕동1가,중상사고,0,1,0,0,차대차 - 기타,안전운전불이행,건조,맑음,단일로 - 기타,승용,남,58세,상해없음,승용,여,42세,중상
2013022600100023,2013년 2월 26일 00시,화요일,대구광역시 북구 칠성동1가,경상사고,0,0,1,0,차대차 - 정면충돌,중앙선침범,건조,맑음,단일로 - 기타,승용,남,55세,상해없음,승용,남,32세,경상
2013022600100063,2013년 2월 26일 03시,화요일,대구광역시 북구 대현동,중상사고,0,1,1,0,차대차 - 기타,안전운전불이행,건조,맑음,단일로 - 기타,승용,남,50세,상해없음,승용,남,61세,경상
2013022600100064,2013년 2월 26일 03시,화요일,대구광역시 서구 비산동,경상사고,0,0,2,0,차대차 - 기타,안전거리미확보,건조,맑음,단일로 - 기타,원동기,남,19세,상해없음,화물,남,33세,경상
2013022600100065,2013년 2월 26일 03시,화요일,대구광역시 중구 대봉동,중상사고,0,1,0,0,차대차 - 측면직각충돌,신호위반,건조,맑음,교차로 - 교차로부근,승용,남,45세,상해없음,이륜,남,44세,중상
2013022600100127,2013년 2월 26일 08시,화요일,대구광역시 달서구 대천동,중상사고,0,1,0,0,차량단독 - 공작물충돌,안전운전불이행,건조,맑음,단일로 - 기타,승용,남,31세,상해없음,,,,
2013022600100146,2013년 2월 26일 09시,화요일,대구광역시 달서구 월성동,경상사고,0,0,1,0,차대차 - 추돌 - 주정차중,안전거리미확보,건조,맑음,교차로 - 교차로부근,승용,남,65세,상해없음,승용,여,35세,경상
2013022600100176,2013년 2월 26일 10시,화요일,대구광역시 동구 신암동,경상사고,0,0,1,0,차대사람 - 보도통행중,보행자보호의무위반,건조,맑음,단일로 - 기타,승용,남,71세,상해없음,보행자,남,60세,경상
2013022600100177,2013년 2월 26일 10시,화요일,대구광역시 중구 삼덕동2가,경상사고,0,0,1,0,차대차 - 기타,안전운전불이행,건조,맑음,교차로 - 교차로부근,승용,남,57세,상해없음,원동기,남,16세,경상
2013022600100178,2013년 2월 26일 10시,화요일,대구광역시 달서구 용산동,경상사고,0,0,1,0,차대차 - 추돌 - 진행중,안전거리미확보,건조,맑음,기타 - 기타,승용,여,51세,상해없음,승용,남,29세,경상
2013022600100204,2013년 2월 26일 12시,화요일,대구광역시 수성구 만촌동,경상사고,0,0,1,0,차대차 - 측면직각충돌,안전운전불이행,건조,맑음,단일로 - 기타,이륜,남,39세,경상,승용,남,49세,상해없음
2013022600100205,2013년 2월 26일 12시,화요일,대구광역시 북구 태전동,경상사고,0,0,2,0,차대차 - 추돌 - 진행중,안전운전불이행,건조,맑음,단일로 - 기타,승용,여,42세,경상,승용,여,31세,경상
2013022600100230,2013년 2월 26일 13시,화요일,대구광역시 달성군 현풍면,중상사고,0,1,0,0,차대사람 - 기타,안전운전불이행,건조,맑음,단일로 - 기타,특수,남,52세,상해없음,보행자,남,54세,중상
2013022600100231,2013년 2월 26일 13시,화요일,대구광역시 서구 평리동,경상사고,0,0,1,0,차대사람 - 횡단중,안전운전불이행,건조,맑음,단일로 - 횡단보도상,승용,여,27세,상해없음,보행자,남,53세,경상
2013022600100249,2013년 2월 26일 14시,화요일,대구광역시 달서구 감삼동,경상사고,0,0,1,0,차대차 - 측면직각충돌,교차로운행방법위반,건조,맑음,교차로 - 교차로안,승용,남,60세,상해없음,승용,남,35세,경상
2013022600100268,2013년 2월 26일 15시,화요일,대구광역시 서구 평리동,경상사고,0,0,1,0,차대사람 - 기타,기타,건조,맑음,단일로 - 기타,승합,남,70세,상해없음,보행자,남,53세,경상
2013022600100269,2013년 2월 26일 15시,화요일,대구광역시 중구 남산동,경상사고,0,0,1,0,차대차 - 추돌 - 진행중,안전운전불이행,건조,맑음,교차로 - 교차로부근,승용,남,53세,상해없음,승용,남,31세,경상
2013022600100286,2013년 2월 26일 16시,화요일,대구광역시 달서구 상인동,중상사고,0,1,0,0,차대사람 - 횡단중,보행자보호의무위반,건조,맑음,단일로 - 횡단보도상,승용,남,64세,상해없음,보행자,여,60세,중상
2013022600100287,2013년 2월 26일 16시,화요일,대구광역시 달성군 논공읍,경상사고,0,0,1,0,차대차 - 기타,안전운전불이행,건조,맑음,교차로 - 교차로안,화물,남,70세,상해없음,승용,여,39세,경상
2013022600100288,2013년 2월 26일 16시,화요일,대구광역시 중구 남성로,부상신고사고,0,0,0,1,차대차 - 기타,중앙선침범,건조,흐림,기타 - 기타,자전거,남,34세,부상신고,원동기,남,52세,상해없음
2013022600100310,2013년 2월 26일 17시,화요일,대구광역시 달서구 진천동,경상사고,0,0,1,0,차대차 - 기타,안전운전불이행,건조,맑음,단일로 - 기타,승용,여,57세,상해없음,승용,남,41세,경상
2013022600100311,2013년 2월 26일 17시,화요일,대구광역시 북구 산격동,경상사고,0,0,1,0,차대차 - 측면직각충돌,안전운전불이행,건조,맑음,교차로 - 교차로안,승용,남,53세,상해없음,승용,여,50세,경상
2013022600100396,2013년 2월 26일 20시,화요일,대구광역시 동구 각산동,경상사고,0,0,1,0,차대차 - 기타,안전거리미확보,건조,맑음,단일로 - 기타,승용,남,24세,기타불명,승용,남,40세,경상
2013022600100397,2013년 2월 26일 20시,화요일,대구광역시 북구 침산동,경상사고,0,0,1,0,차대차 - 기타,안전거리미확보,건조,맑음,단일로 - 기타,승용,여,45세,상해없음,승용,남,54세,경상
2013022600100424,2013년 2월 26일 21시,화요일,대구광역시 동구 신천동,부상신고사고,0,0,0,1,차대차 - 기타,안전거리미확보,건조,맑음,교차로 - 교차로부근,승용,남,28세,상해없음,승용,여,40세,부상신고
2013022600100425,2013년 2월 26일 21시,화요일,대구광역시 동구 신암동,경상사고,0,0,2,0,차대차 - 추돌 - 주정차중,안전거리미확보,건조,맑음,단일로 - 기타,승용,남,44세,상해없음,승용,남,61세,경상
2013022600100426,2013년 2월 26일 21시,화요일,대구광역시 중구 삼덕동1가,경상사고,0,0,1,0,차대차 - 추돌 - 주정차중,안전운전불이행,건조,맑음,단일로 - 기타,승용,남,21세,상해없음,승용,남,46세,경상
2013022600100456,2013년 2월 26일 22시,화요일,대구광역시 동구 신천동,경상사고,0,0,2,0,차대차 - 측면직각충돌,안전거리미확보,건조,맑음,단일로 - 기타,승용,여,58세,상해없음,승용,남,43세,경상
2013022600100457,2013년 2월 26일 22시,화요일,대구광역시 달서구 이곡동,경상사고,0,0,1,0,차대차 - 기타,안전운전불이행,건조,맑음,기타 - 기타,승용,여,51세,경상,화물,남,40세,상해없음
2013022700100019,2013년 2월 27일 00시,수요일,대구광역시 동구 효목동,중상사고,0,1,0,0,차대차 - 측면직각충돌,신호위반,건조,맑음,교차로 - 교차로안,승용,여,50세,상해없음,승용,남,33세,중상
2013022700100020,2013년 2월 27일 00시,수요일,대구광역시 수성구 연호동,중상사고,0,1,0,0,차대차 - 측면직각충돌,신호위반,건조,맑음,교차로 - 교차로안,승용,남,33세,상해없음,승용,남,22세,중상
2013022700100054,2013년 2월 27일 02시,수요일,대구광역시 수성구 두산동,경상사고,0,0,3,0,차대차 - 기타,안전운전불이행,건조,맑음,단일로 - 기타,승용,남,44세,상해없음,화물,남,24세,경상
2013022700100055,2013년 2월 27일 02시,수요일,대구광역시 서구 평리동,경상사고,0,0,1,0,차대차 - 측면직각충돌,안전운전불이행,건조,맑음,단일로 - 기타,승용,남,33세,상해없음,승용,남,54세,경상
2013022700100066,2013년 2월 27일 03시,수요일,대구광역시 남구 이천동,중상사고,0,1,0,0,차대사람 - 기타,안전운전불이행,건조,맑음,단일로 - 기타,승용,여,47세,상해없음,보행자,남,29세,중상
2013022700100108,2013년 2월 27일 07시,수요일,대구광역시 서구 비산동,중상사고,0,2,2,0,차대차 - 추돌 - 주정차중,신호위반,건조,맑음,교차로 - 교차로부근,이륜,남,48세,중상,이륜,남,19세,경상
2013022700100141,2013년 2월 27일 08시,수요일,대구광역시 북구 노원동3가,경상사고,0,0,1,0,차대차 - 측면직각충돌,안전운전불이행,건조,맑음,기타 - 기타,자전거,남,53세,경상,화물,남,50세,상해없음
2013022700100191,2013년 2월 27일 10시,수요일,대구광역시 북구 칠성동1가,경상사고,0,0,1,0,차대차 - 측면직각충돌,안전운전불이행,건조,맑음,교차로 - 교차로안,화물,남,28세,상해없음,자전거,남,59세,경상
2013022700100225,2013년 2월 27일 11시,수요일,대구광역시 수성구 범어동,경상사고,0,0,1,0,차대사람 - 기타,기타,건조,맑음,기타 - 기타,승용,남,58세,상해없음,보행자,남,56세,경상
2013022700100226,2013년 2월 27일 11시,수요일,대구광역시 북구 침산동,경상사고,0,0,1,0,차대차 - 추돌 - 진행중,안전거리미확보,건조,맑음,단일로 - 기타,승용,남,73세,상해없음,승용,남,37세,경상
2013022700100248,2013년 2월 27일 12시,수요일,대구광역시 서구 중리동,중상사고,0,1,0,0,차대차 - 측면직각충돌,교차로운행방법위반,건조,맑음,교차로 - 교차로안,승용,남,41세,상해없음,승용,남,23세,중상
2013022700100328,2013년 2월 27일 15시,수요일,대구광역시 동구 신용동,경상사고,0,0,1,0,차대사람 - 기타,안전운전불이행,건조,맑음,기타 - 기타,화물,남,63세,상해없음,보행자,여,70세,경상
2013022700100329,2013년 2월 27일 15시,수요일,대구광역시 달서구 송현동,중상사고,0,1,0,0,차대사람 - 기타,안전운전불이행,건조,맑음,교차로 - 교차로안,승합,남,54세,상해없음,보행자,남,18세,중상
2013022700100364,2013년 2월 27일 16시,수요일,대구광역시 동구 신암동,경상사고,0,0,1,0,차대차 - 측면직각충돌,안전운전불이행,건조,맑음,교차로 - 교차로부근,승용,남,70세,상해없음,이륜,남,51세,경상
2013022700100365,2013년 2월 27일 16시,수요일,대구광역시 서구 평리동,중상사고,0,1,0,0,차대차 - 측면직각충돌,신호위반,건조,맑음,교차로 - 교차로안,이륜,남,77세,중상,화물,남,29세,상해없음
2013022700100366,2013년 2월 27일 16시,수요일,대구광역시 중구 공평동,중상사고,0,1,0,0,차대사람 - 차도통행중,안전운전불이행,건조,맑음,단일로 - 기타,승용,여,30세,상해없음,보행자,여,46세,중상
2013022700100392,2013년 2월 27일 17시,수요일,대구광역시 수성구 만촌동,중상사고,0,1,0,0,차대사람 - 횡단중,안전운전불이행,건조,맑음,단일로 - 기타,승용,여,32세,상해없음,보행자,남,84세,중상
2013022700100393,2013년 2월 27일 17시,수요일,대구광역시 수성구 범어동,경상사고,0,0,1,0,차대차 - 측면직각충돌,기타,건조,맑음,단일로 - 기타,승용,남,59세,상해없음,자전거,여,52세,경상
2013022700100423,2013년 2월 27일 18시,수요일,대구광역시 북구 고성동1가,중상사고,0,1,0,0,차대차 - 추돌 - 진행중,안전거리미확보,건조,맑음,단일로 - 기타,화물,남,29세,상해없음,이륜,남,35세,중상
2013022700100424,2013년 2월 27일 18시,수요일,대구광역시 북구 산격동,중상사고,0,1,0,0,차대차 - 측면직각충돌,중앙선침범,건조,맑음,단일로 - 횡단보도부근,승용,남,70세,상해없음,승용,여,53세,중상
2013022700100425,2013년 2월 27일 18시,수요일,대구광역시 서구 평리동,경상사고,0,0,1,0,차대사람 - 기타,안전운전불이행,건조,맑음,단일로 - 기타,화물,남,32세,상해없음,보행자,남,41세,경상
2013022700100426,2013년 2월 27일 18시,수요일,대구광역시 달서구 장기동,경상사고,0,0,1,0,차대사람 - 기타,안전운전불이행,건조,맑음,단일로 - 기타,승용,남,45세,상해없음,보행자,여,60세,경상
2013022700100452,2013년 2월 27일 19시,수요일,대구광역시 북구 대현동,경상사고,0,0,1,0,차대차 - 추돌 - 진행중,안전운전불이행,건조,맑음,교차로 - 교차로부근,승용,남,42세,상해없음,승용,남,53세,상해없음
2013022700100453,2013년 2월 27일 19시,수요일,대구광역시 서구 이현동,경상사고,0,0,1,0,차대사람 - 기타,교차로운행방법위반,건조,맑음,교차로 - 교차로안,승용,남,51세,상해없음,보행자,여,29세,경상
2013022700100478,2013년 2월 27일 20시,수요일,대구광역시 북구 침산동,부상신고사고,0,0,0,1,차대차 - 추돌 - 진행중,중앙선침범,건조,맑음,단일로 - 기타,자전거,여,57세,부상신고,이륜,남,17세,상해없음
2013022700100479,2013년 2월 27일 20시,수요일,대구광역시 북구 산격동,경상사고,0,0,1,0,차대사람 - 기타,안전운전불이행,건조,맑음,단일로 - 기타,승용,남,27세,상해없음,보행자,남,26세,경상
2013022700100480,2013년 2월 27일 20시,수요일,대구광역시 서구 비산동,경상사고,0,0,1,0,차대차 - 추돌 - 주정차중,안전거리미확보,건조,맑음,단일로 - 기타,승용,남,37세,경상,승용,남,37세,상해없음
2013022700100508,2013년 2월 27일 21시,수요일,대구광역시 달서구 성당동,중상사고,0,1,1,0,차대차 - 기타,불법유턴,건조,맑음,교차로 - 교차로안,자전거,남,60세,중상,승용,남,42세,경상
2013022700100509,2013년 2월 27일 21시,수요일,대구광역시 달서구 신당동,경상사고,0,0,1,0,차대차 - 추돌 - 진행중,안전운전불이행,건조,맑음,교차로 - 교차로부근,이륜,남,24세,경상,승용,남,33세,상해없음
2013022700100542,2013년 2월 27일 22시,수요일,대구광역시 수성구 두산동,경상사고,0,0,1,0,차대사람 - 기타,안전운전불이행,건조,맑음,단일로 - 기타,승용,남,42세,상해없음,보행자,남,48세,경상
2013022800100023,2013년 2월 28일 00시,목요일,대구광역시 수성구 시지동,경상사고,0,0,1,0,차대차 - 기타,안전거리미확보,건조,맑음,교차로 - 교차로부근,화물,남,49세,상해없음,승용,남,46세,경상
2013022800100047,2013년 2월 28일 02시,목요일,대구광역시 중구 삼덕동1가,경상사고,0,0,1,0,차대차 - 기타,중앙선침범,건조,맑음,교차로 - 교차로부근,승용,남,23세,상해없음,승용,남,62세,경상
2013022800100057,2013년 2월 28일 03시,목요일,대구광역시 달서구 유천동,경상사고,0,0,2,0,차대차 - 기타,신호위반,건조,맑음,교차로 - 교차로안,승용,남,36세,상해없음,승용,남,22세,경상
2013022800100088,2013년 2월 28일 06시,목요일,대구광역시 중구 삼덕동2가,중상사고,0,1,0,0,차대사람 - 횡단중,안전운전불이행,건조,맑음,단일로 - 기타,화물,남,27세,상해없음,보행자,남,17세,중상
2013022800100089,2013년 2월 28일 06시,목요일,대구광역시 달서구 감삼동,경상사고,0,0,1,0,차대차 - 측면직각충돌,안전거리미확보,건조,맑음,단일로 - 기타,승용,남,30세,상해없음,승용,남,76세,경상
2013022800100108,2013년 2월 28일 07시,목요일,대구광역시 북구 노원동3가,중상사고,0,1,0,0,차대차 - 기타,안전거리미확보,건조,맑음,단일로 - 횡단보도상,이륜,남,51세,중상,화물,남,62세,상해없음
2013022800100139,2013년 2월 28일 08시,목요일,대구광역시 남구 봉덕동,중상사고,0,2,0,0,차대차 - 측면직각충돌,교차로운행방법위반,건조,맑음,교차로 - 교차로안,승용,여,43세,중상,승용,여,34세,중상
2013022800100140,2013년 2월 28일 08시,목요일,대구광역시 수성구 만촌동,경상사고,0,0,1,0,차대차 - 추돌 - 진행중,안전거리미확보,건조,맑음,단일로 - 기타,승용,여,21세,상해없음,승용,남,52세,경상
2013022800100141,2013년 2월 28일 08시,목요일,대구광역시 달성군 화원읍,경상사고,0,0,1,0,차대차 - 추돌 - 주정차중,안전운전불이행,건조,맑음,단일로 - 기타,승용,남,34세,상해없음,승용,여,25세,경상
2013022800100142,2013년 2월 28일 08시,목요일,대구광역시 서구 비산동,경상사고,0,0,1,0,차대차 - 기타,안전운전불이행,건조,맑음,단일로 - 기타,이륜,기타불명,기타불명,기타불명,자전거,남,58세,경상
2013022800100143,2013년 2월 28일 08시,목요일,대구광역시 중구 대봉동,경상사고,0,0,1,0,차대차 - 추돌 - 진행중,안전운전불이행,건조,맑음,단일로 - 기타,승합,남,21세,상해없음,승용,남,70세,경상
2013022800100144,2013년 2월 28일 08시,목요일,대구광역시 중구 대봉동,경상사고,0,0,4,0,차대차 - 추돌 - 주정차중,안전거리미확보,건조,맑음,단일로 - 기타,승용,여,49세,경상,승용,남,75세,상해없음
2013022800100192,2013년 2월 28일 10시,목요일,대구광역시 수성구 황금동,중상사고,0,1,0,0,차대차 - 측면직각충돌,안전운전불이행,건조,맑음,단일로 - 횡단보도상,화물,남,46세,상해없음,이륜,남,51세,중상
2013022800100193,2013년 2월 28일 10시,목요일,대구광역시 북구 침산동,중상사고,0,1,1,0,차대차 - 기타,신호위반,건조,맑음,교차로 - 교차로안,승용,남,63세,상해없음,이륜,여,59세,중상
2013022800100194,2013년 2월 28일 10시,목요일,대구광역시 북구 노원동1가,중상사고,0,1,0,0,차대차 - 기타,신호위반,건조,맑음,교차로 - 교차로안,승용,남,61세,상해없음,이륜,남,64세,중상
2013022800100223,2013년 2월 28일 11시,목요일,대구광역시 동구 율하동,중상사고,0,1,0,0,차대사람 - 기타,직진우회전진행방해,건조,맑음,교차로 - 교차로안,화물,남,51세,상해없음,보행자,남,50세,중상
2013022800100224,2013년 2월 28일 11시,목요일,대구광역시 수성구 만촌동,경상사고,0,0,1,0,차대사람 - 기타,안전운전불이행,건조,맑음,교차로 - 교차로부근,승용,남,48세,상해없음,보행자,남,44세,경상
2013022800100246,2013년 2월 28일 12시,목요일,대구광역시 서구 상리동,경상사고,0,0,4,0,차대차 - 추돌 - 진행중,안전운전불이행,건조,맑음,단일로 - 기타,화물,남,56세,상해없음,승용,남,54세,경상
2013022800100271,2013년 2월 28일 13시,목요일,대구광역시 북구 복현동,경상사고,0,0,1,0,차대차 - 추돌 - 진행중,안전운전불이행,건조,맑음,교차로 - 교차로안,승용,남,44세,상해없음,승용,남,32세,상해없음
2013022800100272,2013년 2월 28일 13시,목요일,대구광역시 북구 팔달동,경상사고,0,0,1,0,차대차 - 기타,안전운전불이행,건조,맑음,단일로 - 기타,화물,남,58세,상해없음,자전거,남,13세,경상
2013022800100273,2013년 2월 28일 13시,목요일,대구광역시 서구 비산동,경상사고,0,0,1,0,차대사람 - 기타,안전운전불이행,건조,맑음,단일로 - 기타,승용,남,59세,상해없음,보행자,남,9세,경상
2013022800100274,2013년 2월 28일 13시,목요일,대구광역시 달서구 갈산동,경상사고,0,0,1,0,차대차 - 추돌 - 주정차중,안전거리미확보,건조,맑음,교차로 - 교차로부근,건설기계,남,37세,상해없음,승용,여,40세,경상
2013022800100302,2013년 2월 28일 14시,목요일,대구광역시 달서구 상인동,경상사고,0,0,2,0,차대차 - 추돌 - 주정차중,교차로운행방법위반,건조,맑음,교차로 - 교차로부근,승용,남,76세,상해없음,승용,여,29세,경상
2013022800100303,2013년 2월 28일 14시,목요일,대구광역시 달성군 다사읍,경상사고,0,0,1,0,차대차 - 측면직각충돌,안전운전불이행,건조,맑음,기타 - 기타,승용,남,52세,상해없음,자전거,여,10세,경상
2013022800100304,2013년 2월 28일 14시,목요일,대구광역시 달서구 두류동,중상사고,0,1,0,0,차대차 - 측면직각충돌,차로위반,건조,맑음,단일로 - 기타,이륜,남,66세,중상,승합,남,33세,상해없음
2013022800100333,2013년 2월 28일 15시,목요일,대구광역시 북구 산격동,중상사고,0,1,0,0,차대사람 - 횡단중,보행자보호의무위반,건조,맑음,교차로 - 교차로부근,승용,남,19세,상해없음,보행자,여,9세,중상
2013022800100357,2013년 2월 28일 16시,목요일,대구광역시 달성군 화원읍,중상사고,0,1,0,0,차대사람 - 보도통행중,기타,건조,맑음,단일로 - 기타,화물,여,51세,상해없음,보행자,여,65세,중상
2013022800100358,2013년 2월 28일 16시,목요일,대구광역시 중구 동인동3가,경상사고,0,0,1,0,차대차 - 추돌 - 주정차중,안전운전불이행,건조,맑음,단일로 - 기타,승용,여,47세,상해없음,승용,남,28세,경상
2013022800100383,2013년 2월 28일 17시,목요일,대구광역시 달성군 현풍면,중상사고,0,1,0,0,차대차 - 측면직각충돌,신호위반,건조,맑음,교차로 - 교차로안,화물,남,37세,상해없음,이륜,남,53세,중상
2013022800100384,2013년 2월 28일 17시,목요일,대구광역시 중구 서문로1가,경상사고,0,0,2,0,차대차 - 측면직각충돌,안전거리미확보,건조,맑음,단일로 - 기타,이륜,남,41세,상해없음,승용,남,28세,경상
2013022800100385,2013년 2월 28일 17시,목요일,대구광역시 달서구 본리동,경상사고,0,0,1,0,차대차 - 추돌 - 진행중,안전운전불이행,건조,맑음,단일로 - 횡단보도부근,원동기,남,71세,상해없음,승용,여,56세,경상
2013022800100412,2013년 2월 28일 18시,목요일,대구광역시 동구 신천동,경상사고,0,0,1,0,차대차 - 추돌 - 주정차중,기타,건조,맑음,단일로 - 기타,승용,남,72세,상해없음,이륜,남,35세,상해없음
2013022800100413,2013년 2월 28일 18시,목요일,대구광역시 수성구 지산동,경상사고,0,0,1,0,차대차 - 측면직각충돌,교차로운행방법위반,건조,맑음,교차로 - 교차로안,승용,여,45세,상해없음,이륜,남,39세,경상
2013022800100414,2013년 2월 28일 18시,목요일,대구광역시 수성구 상동,경상사고,0,0,1,0,차대사람 - 기타,안전운전불이행,건조,맑음,단일로 - 기타,승용,남,52세,상해없음,보행자,남,52세,경상
2013022800100415,2013년 2월 28일 18시,목요일,대구광역시 중구 동성로3가,경상사고,0,0,1,0,차대사람 - 횡단중,안전운전불이행,건조,맑음,단일로 - 기타,자전거,남,32세,상해없음,보행자,여,20세,경상
2013022800100454,2013년 2월 28일 19시,목요일,대구광역시 동구 율하동,경상사고,0,0,1,0,차대사람 - 횡단중,보행자보호의무위반,건조,맑음,단일로 - 횡단보도상,승용,기타불명,기타불명,기타불명,보행자,여,6세,경상
2013022800100455,2013년 2월 28일 19시,목요일,대구광역시 달서구 진천동,경상사고,0,0,1,0,차대차 - 추돌 - 진행중,안전운전불이행,건조,맑음,단일로 - 기타,승용,남,33세,상해없음,승용,남,58세,경상
2013022800100515,2013년 2월 28일 21시,목요일,대구광역시 북구 읍내동,부상신고사고,0,0,0,1,차대차 - 추돌 - 주정차중,안전운전불이행,건조,맑음,단일로 - 기타,승용,남,55세,부상신고,화물,남,49세,기타불명
2013022800100516,2013년 2월 28일 21시,목요일,대구광역시 북구 매천동,경상사고,0,0,1,0,차대차 - 기타,안전운전불이행,건조,맑음,단일로 - 기타,원동기,남,22세,상해없음,자전거,여,27세,경상
2013022800100539,2013년 2월 28일 22시,목요일,대구광역시 달성군 화원읍,경상사고,0,0,2,0,차대차 - 추돌 - 진행중,안전운전불이행,건조,맑음,단일로 - 기타,승용,남,42세,상해없음,승용,남,53세,경상
2013022800100540,2013년 2월 28일 22시,목요일,대구광역시 달서구 호산동,부상신고사고,0,0,0,1,차량단독 - 기타,안전운전불이행,건조,맑음,단일로 - 기타,승용,남,26세,부상신고,,,,
2013022800100584,2013년 2월 28일 23시,목요일,대구광역시 남구 이천동,중상사고,0,1,2,0,차대차 - 추돌 - 진행중,안전거리미확보,건조,맑음,교차로 - 교차로부근,화물,남,33세,상해없음,승용,남,29세,중상