사고번호,사고일시,요일,시군구,사고내용,사망자수,중상자수,경상자수,부상신고자수,사고유형,법규위반,노면상태,기상상태,도로형태,가해운전자 차종,가해운전자 성별,가해운전자 연령,가해운전자 상해정도,피해운전자 차종,피해운전자 성별,피해운전자 연령,피해운전자 상해정도
2013030500100337,2013년 3월 5일 16시,화요일,대구광역시 달서구 본동,경상사고,0,0,1,0,차대사람 - 횡단중,안전운전불이행,건조,맑음,단일로 - 기타,승용,남,61세,상해없음,보행자,남,19세,경상
2013030500100338,2013년 3월 5일 16시,화요일,대구광역시 중구 대신동,경상사고,0,0,2,0,차대차 - 기타,안전거리미확보,건조,맑음,단일로 - 기타,승용,여,47세,상해없음,승용,남,29세,경상
2013030500100366,2013년 3월 5일 17시,화요일,대구광역시 수성구 만촌동,경상사고,0,0,1,0,차대차 - 기타,안전운전불이행,건조,맑음,단일로 - 기타,승용,남,61세,상해없음,승합,남,41세,상해없음
2013030500100397,2013년 3월 5일 18시,화요일,대구광역시 동구 신암동,경상사고,0,0,1,0,차대차 - 기타,안전운전불이행,건조,맑음,단일로 - 기타,승용,남,38세,상해없음,원동기,남,19세,경상
2013030500100398,2013년 3월 5일 18시,화요일,대구광역시 북구 태전동,부상신고사고,0,0,0,1,차대차 - 측면직각충돌,안전운전불이행,건조,맑음,단일로 - 기타,자전거,여,47세,부상신고,승용,여,30세,상해없음
2013030500100399,2013년 3월 5일 18시,화요일,대구광역시 중구 동인동2가,중상사고,0,1,0,0,차대차 - 기타,안전거리미확보,건조,맑음,단일로 - 기타,승용,남,43세,상해없음,승합,남,48세,상해없음
2013030500100438,2013년 3월 5일 19시,화요일,대구광역시 달성군 옥포면,중상사고,0,2,1,0,차대차 - 추돌 - 주정차중,안전운전불이행,건조,맑음,교차로 - 교차로안,승용,여,48세,상해없음,화물,남,55세,중상
2013030500100462,2013년 3월 5일 20시,화요일,대구광역시 중구 삼덕동3가,중상사고,0,1,0,0,차대사람 - 길가장자리구역통행중,안전운전불이행,건조,맑음,단일로 - 기타,승용,여,24세,상해없음,보행자,여,70세,중상
2013030500100514,2013년 3월 5일 22시,화요일,대구광역시 북구 복현동,중상사고,0,1,0,0,차대차 - 기타,안전운전불이행,건조,맑음,단일로 - 기타,기타불명,기타불명,기타불명,기타불명,승용,남,42세,기타불명
2013030600100017,2013년 3월 6일 00시,수요일,대구광역시 동구 용계동,중상사고,0,1,0,0,차대차 - 추돌 - 주정차중,안전운전불이행,건조,맑음,교차로 - 교차로부근,승용,남,38세,상해없음,승용,여,50세,중상
2013030600100032,2013년 3월 6일 01시,수요일,대구광역시 수성구 범물동,경상사고,0,0,1,0,차대차 - 측면직각충돌,안전운전불이행,건조,맑음,교차로 - 교차로부근,자전거,남,29세,경상,승용,남,40세,상해없음
2013030600100033,2013년 3월 6일 01시,수요일,대구광역시 수성구 범어동,경상사고,0,0,1,0,차대사람 - 기타,안전운전불이행,건조,맑음,교차로 - 교차로부근,승용,남,47세,상해없음,보행자,남,41세,경상
2013030600100042,2013년 3월 6일 02시,수요일,대구광역시 수성구 범어동,중상사고,0,1,0,0,차대차 - 측면직각충돌,안전거리미확보,건조,맑음,단일로 - 기타,승용,남,54세,상해없음,이륜,남,31세,중상
2013030600100043,2013년 3월 6일 02시,수요일,대구광역시 달서구 용산동,중상사고,0,1,4,0,차대차 - 측면직각충돌,교차로운행방법위반,건조,맑음,교차로 - 교차로안,승용,여,38세,상해없음,승합,남,45세,중상
2013030600100047,2013년 3월 6일 03시,수요일,대구광역시 남구 대명동,경상사고,0,0,1,0,차대차 - 측면직각충돌,안전거리미확보,건조,맑음,단일로 - 기타,승용,여,30세,상해없음,승용,여,32세,경상
2013030600100048,2013년 3월 6일 03시,수요일,대구광역시 서구 비산동,경상사고,0,0,2,0,차대차 - 기타,안전운전불이행,건조,맑음,단일로 - 기타,원동기,남,18세,경상,승합,남,46세,상해없음
2013030600100055,2013년 3월 6일 04시,수요일,대구광역시 수성구 매호동,중상사고,0,1,0,1,차대차 - 측면직각충돌,신호위반,건조,맑음,교차로 - 교차로안,승용,여,44세,부상신고,승용,남,40세,중상
2013030600100108,2013년 3월 6일 08시,수요일,대구광역시 달서구 월성동,경상사고,0,0,1,0,차대사람 - 기타,안전운전불이행,건조,맑음,단일로 - 기타,승용,남,60세,상해없음,보행자,여,81세,경상
2013030600100109,2013년 3월 6일 08시,수요일,대구광역시 북구 노원동1가,경상사고,0,0,1,0,차대차 - 측면직각충돌,안전운전불이행,건조,맑음,단일로 - 기타,승용,여,34세,상해없음,자전거,여,63세,경상
2013030600100110,2013년 3월 6일 08시,수요일,대구광역시 북구 침산동,경상사고,0,0,1,0,차대차 - 측면직각충돌,안전거리미확보,건조,맑음,단일로 - 기타,승용,남,63세,상해없음,승용,남,28세,경상
2013030600100111,2013년 3월 6일 08시,수요일,대구광역시 서구 비산동,경상사고,0,0,2,0,차대차 - 측면직각충돌,교차로운행방법위반,건조,맑음,교차로 - 교차로안,승용,남,49세,상해없음,이륜,남,18세,경상
2013030600100160,2013년 3월 6일 10시,수요일,대구광역시 서구 평리동,중상사고,0,1,0,0,차대차 - 기타,교차로운행방법위반,건조,맑음,교차로 - 교차로부근,승용,남,54세,상해없음,이륜,남,63세,중상
2013030600100174,2013년 3월 6일 11시,수요일,대구광역시 남구 봉덕동,경상사고,0,0,2,0,차대차 - 기타,안전운전불이행,건조,맑음,교차로 - 교차로부근,승용,여,57세,상해없음,승합,남,46세,경상
2013030600100175,2013년 3월 6일 11시,수요일,대구광역시 남구 대명동,경상사고,0,0,1,0,차대사람 - 기타,안전운전불이행,기타,맑음,기타 - 기타,승용,여,27세,상해없음,보행자,남,35세,경상
2013030600100176,2013년 3월 6일 11시,수요일,대구광역시 북구 동천동,경상사고,0,0,2,0,차대차 - 측면직각충돌,안전거리미확보,건조,맑음,단일로 - 기타,승용,여,36세,경상,승용,여,49세,경상
2013030600100196,2013년 3월 6일 12시,수요일,대구광역시 수성구 파동,중상사고,0,1,0,0,차대차 - 추돌 - 주정차중,교차로운행방법위반,건조,맑음,교차로 - 교차로안,화물,남,24세,상해없음,승용,남,38세,중상
2013030600100228,2013년 3월 6일 13시,수요일,대구광역시 동구 백안동,중상사고,0,1,2,0,차대차 - 추돌 - 진행중,안전거리미확보,건조,맑음,단일로 - 기타,승용,여,54세,상해없음,승용,여,50세,경상
2013030600100229,2013년 3월 6일 13시,수요일,대구광역시 수성구 신매동,경상사고,0,0,1,0,차대차 - 측면직각충돌,안전운전불이행,건조,맑음,기타 - 기타,승용,여,38세,상해없음,승용,남,27세,경상
2013030600100230,2013년 3월 6일 13시,수요일,대구광역시 달서구 용산동,중상사고,0,1,1,0,차대차 - 추돌 - 진행중,안전운전불이행,건조,맑음,기타 - 기타,화물,남,54세,중상,화물,남,49세,상해없음
2013030600100300,2013년 3월 6일 16시,수요일,대구광역시 서구 평리동,중상사고,0,1,0,0,차대차 - 기타,안전거리미확보,건조,맑음,단일로 - 기타,화물,남,46세,상해없음,이륜,남,19세,중상
2013030600100301,2013년 3월 6일 16시,수요일,대구광역시 중구 남산동,경상사고,0,0,1,0,차대차 - 추돌 - 진행중,안전거리미확보,건조,맑음,단일로 - 기타,승용,남,74세,상해없음,승용,남,26세,상해없음
2013030600100323,2013년 3월 6일 17시,수요일,대구광역시 남구 대명동,경상사고,0,0,1,0,차대차 - 추돌 - 주정차중,안전운전불이행,건조,맑음,기타 - 기타,승용,여,56세,상해없음,승용,남,21세,경상
2013030600100357,2013년 3월 6일 18시,수요일,대구광역시 남구 봉덕동,경상사고,0,0,1,0,차대사람 - 기타,안전운전불이행,건조,맑음,단일로 - 기타,승용,남,40세,상해없음,보행자,여,8세,경상
2013030600100358,2013년 3월 6일 18시,수요일,대구광역시 북구 노원동3가,중상사고,0,1,0,0,차대사람 - 기타,안전운전불이행,건조,맑음,단일로 - 기타,승용,남,53세,상해없음,보행자,남,76세,중상
2013030600100359,2013년 3월 6일 18시,수요일,대구광역시 달서구 용산동,경상사고,0,0,1,0,차대차 - 측면직각충돌,안전운전불이행,건조,맑음,단일로 - 기타,승용,여,40세,상해없음,승용,남,29세,경상
2013030600100390,2013년 3월 6일 19시,수요일,대구광역시 동구 각산동,경상사고,0,0,1,0,차대차 - 측면직각충돌,안전거리미확보,건조,맑음,단일로 - 기타,승합,남,57세,상해없음,화물,남,59세,경상
2013030600100421,2013년 3월 6일 20시,수요일,대구광역시 동구 용계동,경상사고,0,0,1,0,차대차 - 측면직각충돌,안전운전불이행,건조,맑음,교차로 - 교차로안,화물,남,47세,상해없음,승용,남,35세,경상
2013030600100422,2013년 3월 6일 20시,수요일,대구광역시 수성구 두산동,경상사고,0,0,1,0,차대차 - 측면직각충돌,안전거리미확보,건조,맑음,교차로 - 교차로부근,승용,여,40세,상해없음,승용,남,56세,경상
2013030600100423,2013년 3월 6일 20시,수요일,대구광역시 서구 평리동,경상사고,0,0,1,0,차대사람 - 횡단중,보행자보호의무위반,건조,맑음,교차로 - 교차로부근,자전거,남,22세,상해없음,보행자,여,52세,경상
2013030600100424,2013년 3월 6일 20시,수요일,대구광역시 중구 남산동,경상사고,0,0,1,0,차대차 - 기타,교차로운행방법위반,건조,맑음,교차로 - 교차로안,승용,여,34세,상해없음,승합,남,47세,경상
2013030600100448,2013년 3월 6일 21시,수요일,대구광역시 달서구 상인동,경상사고,0,0,1,0,차대차 - 측면직각충돌,직진우회전진행방해,건조,맑음,교차로 - 교차로안,승용,여,47세,상해없음,자전거,남,50세,경상
2013030600100470,2013년 3월 6일 22시,수요일,대구광역시 서구 비산동,경상사고,0,0,1,0,차대차 - 기타,안전운전불이행,건조,맑음,단일로 - 기타,승용,남,43세,상해없음,자전거,남,22세,경상
2013030600100471,2013년 3월 6일 22시,수요일,대구광역시 중구 계산동2가,경상사고,0,0,1,0,차대차 - 측면직각충돌,차로위반,건조,맑음,단일로 - 기타,승용,남,21세,상해없음,승용,여,34세,경상
2013030600100472,2013년 3월 6일 22시,수요일,대구광역시 달서구 용산동,경상사고,0,0,2,0,차대차 - 추돌 - 주정차중,안전운전불이행,건조,맑음,단일로 - 기타,승용,남,33세,상해없음,승용,남,51세,경상
2013030600100497,2013년 3월 6일 23시,수요일,대구광역시 북구 읍내동,경상사고,0,0,1,0,차대차 - 정면충돌,중앙선침범,건조,맑음,단일로 - 기타,승용,남,46세,상해없음,승합,남,42세,경상
2013030700100039,2013년 3월 7일 02시,목요일,대구광역시 중구 계산동2가,중상사고,0,1,0,0,차량단독 - 기타,안전운전불이행,건조,맑음,단일로 - 기타,이륜,남,16세,상해없음,,,,
2013030700100076,2013년 3월 7일 06시,목요일,대구광역시 달서구 송현동,중상사고,0,1,0,0,차대사람 - 횡단중,안전운전불이행,건조,맑음,교차로 - 교차로부근,승용,남,67세,상해없음,보행자,여,63세,중상
2013030700100102,2013년 3월 7일 07시,목요일,대구광역시 서구 평리동,중상사고,0,1,0,0,차대차 - 측면직각충돌,중앙선침범,건조,맑음,단일로 - 기타,승용,남,68세,상해없음,이륜,남,28세,중상
2013030700100142,2013년 3월 7일 09시,목요일,대구광역시 수성구 대흥동,경상사고,0,0,1,0,차대차 - 추돌 - 주정차중,안전운전불이행,건조,맑음,교차로 - 교차로부근,승용,남,65세,상해없음,승용,여,38세,경상
2013030700100143,2013년 3월 7일 09시,목요일,대구광역시 달성군 현풍면,중상사고,0,1,0,0,차대사람 - 보도통행중,기타,건조,맑음,단일로 - 기타,화물,남,36세,상해없음,보행자,남,76세,중상
2013030700100144,2013년 3월 7일 09시,목요일,대구광역시 중구 남산동,중상사고,0,1,0,0,차대차 - 정면충돌,안전운전불이행,건조,맑음,단일로 - 기타,자전거,남,76세,중상,이륜,남,31세,상해없음
2013030700100168,2013년 3월 7일 10시,목요일,대구광역시 동구 서호동,중상사고,0,1,0,0,차대차 - 기타,안전운전불이행,건조,맑음,단일로 - 기타,화물,남,52세,상해없음,이륜,남,73세,중상
2013030700100190,2013년 3월 7일 11시,목요일,대구광역시 북구 산격동,경상사고,0,0,1,0,차량단독 - 공작물충돌,안전운전불이행,건조,맑음,단일로 - 기타,원동기,남,51세,경상,,,,
2013030700100191,2013년 3월 7일 11시,목요일,대구광역시 달서구 신당동,중상사고,0,1,0,0,차대차 - 추돌 - 주정차중,안전운전불이행,건조,맑음,단일로 - 기타,이륜,남,44세,중상,승용,남,25세,상해없음
2013030700100220,2013년 3월 7일 12시,목요일,대구광역시 북구 동천동,경상사고,0,0,1,0,차대차 - 추돌 - 주정차중,안전운전불이행,건조,맑음,교차로 - 교차로부근,승용,여,53세,상해없음,승용,여,31세,경상
2013030700100221,2013년 3월 7일 12시,목요일,대구광역시 서구 평리동,경상사고,0,0,2,0,차대사람 - 차도통행중,불법유턴,건조,맑음,단일로 - 기타,승용,남,60세,상해없음,보행자,남,23세,경상
2013030700100246,2013년 3월 7일 13시,목요일,대구광역시 동구 동호동,경상사고,0,0,1,0,차대차 - 측면직각충돌,안전운전불이행,건조,맑음,단일로 - 기타,승용,남,67세,상해없음,승용,남,60세,경상
2013030700100264,2013년 3월 7일 14시,목요일,대구광역시 북구 침산동,중상사고,0,1,0,0,차대사람 - 횡단중,보행자보호의무위반,건조,맑음,단일로 - 횡단보도상,화물,남,44세,상해없음,보행자,여,75세,중상
2013030700100334,2013년 3월 7일 17시,목요일,대구광역시 북구 구암동,경상사고,0,0,1,0,차대차 - 기타,교차로운행방법위반,건조,맑음,교차로 - 교차로안,승용,여,39세,상해없음,승용,남,66세,경상
2013030700100335,2013년 3월 7일 17시,목요일,대구광역시 북구 서변동,경상사고,0,0,1,0,차대차 - 기타,안전거리미확보,건조,맑음,단일로 - 기타,승용,여,43세,상해없음,원동기,남,33세,경상
2013030700100336,2013년 3월 7일 17시,목요일,대구광역시 서구 평리동,경상사고,0,0,1,0,차대차 - 측면직각충돌,신호위반,건조,맑음,교차로 - 교차로안,승용,여,40세,상해없음,이륜,남,38세,경상
2013030700100370,2013년 3월 7일 18시,목요일,대구광역시 수성구 범물동,중상사고,0,1,0,0,차대차 - 측면직각충돌,교차로운행방법위반,건조,맑음,교차로 - 교차로안,승용,남,63세,상해없음,이륜,남,16세,중상
2013030700100371,2013년 3월 7일 18시,목요일,대구광역시 달성군 논공읍,경상사고,0,0,1,0,차대사람 - 기타,안전운전불이행,건조,맑음,단일로 - 기타,화물,여,45세,상해없음,보행자,여,60세,경상
2013030700100372,2013년 3월 7일 18시,목요일,대구광역시 북구 서변동,중상사고,0,1,0,0,차량단독 - 기타,안전운전불이행,건조,맑음,미분류 - 미분류,원동기,남,18세,중상,,,,
2013030700100400,2013년 3월 7일 19시,목요일,대구광역시 남구 대명동,경상사고,0,0,1,0,차대사람 - 길가장자리구역통행중,안전운전불이행,건조,맑음,단일로 - 기타,승용,여,65세,상해없음,보행자,남,53세,경상
2013030700100401,2013년 3월 7일 19시,목요일,대구광역시 수성구 만촌동,경상사고,0,0,4,0,차대차 - 측면직각충돌,안전운전불이행,건조,맑음,교차로 - 교차로안,승용,여,58세,상해없음,승용,남,60세,경상
2013030700100402,2013년 3월 7일 19시,목요일,대구광역시 북구 노원동1가,경상사고,0,0,1,0,차대사람 - 횡단중,안전운전불이행,건조,맑음,단일로 - 기타,승용,기타불명,기타불명,기타불명,보행자,남,62세,경상
2013030700100403,2013년 3월 7일 19시,목요일,대구광역시 달서구 장기동,부상신고사고,0,0,0,1,차대사람 - 기타,안전운전불이행,건조,맑음,단일로 - 기타,승용,남,35세,상해없음,보행자,남,66세,부상신고
2013030700100426,2013년 3월 7일 20시,목요일,대구광역시 달서구 월암동,경상사고,0,0,1,0,차대차 - 기타,교차로운행방법위반,건조,맑음,교차로 - 교차로부근,이륜,남,31세,경상,승용,남,48세,상해없음
2013030700100427,2013년 3월 7일 20시,목요일,대구광역시 서구 평리동,경상사고,0,0,1,0,차대차 - 측면직각충돌,신호위반,건조,맑음,단일로 - 횡단보도상,승용,남,54세,상해없음,자전거,남,43세,경상
2013030700100483,2013년 3월 7일 22시,목요일,대구광역시 북구 산격동,경상사고,0,0,1,0,차량단독 - 기타,안전운전불이행,건조,맑음,교차로 - 교차로부근,승용,남,71세,상해없음,,,,
2013030700100484,2013년 3월 7일 22시,목요일,대구광역시 달서구 장기동,경상사고,0,0,1,0,차대차 - 추돌 - 진행중,안전거리미확보,건조,맑음,기타 - 기타,승용,남,39세,상해없음,승용,남,49세,경상
2013030700100512,2013년 3월 7일 23시,목요일,대구광역시 달서구 송현동,중상사고,0,1,0,0,차대사람 - 횡단중,안전운전불이행,건조,맑음,단일로 - 횡단보도부근,승용,남,26세,상해없음,보행자,여,67세,중상
2013030700100513,2013년 3월 7일 23시,목요일,대구광역시 북구 복현동,중상사고,0,1,0,0,차대사람 - 기타,안전운전불이행,건조,맑음,단일로 - 기타,승용,남,30세,상해없음,보행자,남,45세,중상
2013030700100514,2013년 3월 7일 23시,목요일,대구광역시 중구 봉산동,중상사고,0,1,0,0,차대차 - 기타,안전거리미확보,건조,맑음,단일로 - 기타,승용,남,58세,상해없음,승용,여,43세,중상
2013030700100515,2013년 3월 7일 23시,목요일,대구광역시 달서구 본리동,중상사고,0,1,0,0,차대차 - 추돌 - 주정차중,안전운전불이행,건조,맑음,단일로 - 기타,이륜,남,29세,중상,건설기계,남,55세,기타불명
2013030800100019,2013년 3월 8일 00시,금요일,대구광역시 달서구 도원동,경상사고,0,0,1,0,차대차 - 측면직각충돌,신호위반,건조,맑음,교차로 - 교차로안,승용,남,32세,상해없음,승용,남,64세,경상
2013030800100032,2013년 3월 8일 01시,금요일,대구광역시 달서구 송현동,중상사고,0,1,0,0,차대사람 - 기타,안전운전불이행,건조,맑음,단일로 - 기타,승용,남,40세,상해없음,보행자,남,52세,중상
2013030800100086,2013년 3월 8일 06시,금요일,대구광역시 달서구 이곡동,중상사고,0,1,0,0,차대차 - 추돌 - 진행중,안전운전불이행,건조,맑음,단일로 - 기타,승용,남,36세,상해없음,화물,남,52세,중상
2013030800100111,2013년 3월 8일 07시,금요일,대구광역시 동구 신천동,부상신고사고,0,0,0,1,차대차 - 기타,신호위반,건조,맑음,교차로 - 교차로안,자전거,여,61세,부상신고,승용,남,37세,상해없음
2013030800100139,2013년 3월 8일 08시,금요일,대구광역시 동구 효목동,경상사고,0,0,1,0,차대사람 - 길가장자리구역통행중,안전운전불이행,건조,맑음,단일로 - 기타,승용,남,26세,상해없음,보행자,남,17세,경상
2013030800100140,2013년 3월 8일 08시,금요일,대구광역시 동구 신암동,경상사고,0,0,1,0,차대차 - 추돌 - 진행중,안전운전불이행,건조,맑음,단일로 - 기타,승용,남,58세,상해없음,승용,남,64세,경상
2013030800100141,2013년 3월 8일 08시,금요일,대구광역시 달서구 이곡동,중상사고,0,1,0,0,차대차 - 측면직각충돌,신호위반,건조,맑음,교차로 - 교차로안,승용,남,63세,상해없음,승용,여,37세,중상
2013030800100142,2013년 3월 8일 08시,금요일,대구광역시 달서구 이곡동,중상사고,0,1,0,0,차대차 - 기타,안전거리미확보,건조,맑음,단일로 - 기타,승용,여,46세,상해없음,승합,남,44세,상해없음
2013030800100202,2013년 3월 8일 11시,금요일,대구광역시 달서구 대천동,경상사고,0,0,1,0,차대차 - 측면직각충돌,안전거리미확보,건조,맑음,단일로 - 기타,화물,남,32세,상해없음,이륜,남,37세,경상
2013030800100225,2013년 3월 8일 12시,금요일,대구광역시 남구 대명동,경상사고,0,0,1,0,차대차 - 추돌 - 진행중,안전거리미확보,건조,맑음,단일로 - 기타,승용,남,76세,상해없음,승용,남,40세,경상
2013030800100226,2013년 3월 8일 12시,금요일,대구광역시 중구 동인동1가,중상사고,0,2,0,0,차량단독 - 공작물충돌,안전운전불이행,건조,맑음,단일로 - 기타,승용,남,77세,중상,,,,
2013030800100249,2013년 3월 8일 13시,금요일,대구광역시 북구 구암동,중상사고,0,1,0,0,차대차 - 측면직각충돌,신호위반,건조,맑음,교차로 - 교차로안,승용,여,53세,상해없음,승용,여,57세,중상
2013030800100276,2013년 3월 8일 14시,금요일,대구광역시 수성구 만촌동,중상사고,0,1,0,0,차대차 - 측면직각충돌,신호위반,건조,맑음,교차로 - 교차로안,승용,여,24세,상해없음,이륜,남,44세,중상
2013030800100277,2013년 3월 8일 14시,금요일,대구광역시 북구 복현동,경상사고,0,0,1,0,차대차 - 추돌 - 주정차중,안전운전불이행,건조,맑음,교차로 - 교차로부근,승용,남,34세,상해없음,승용,남,50세,경상
2013030800100305,2013년 3월 8일 15시,금요일,대구광역시 서구 평리동,경상사고,0,0,1,0,차대사람 - 보도통행중,기타,건조,맑음,단일로 - 기타,화물,남,42세,상해없음,보행자,여,44세,경상
2013030800100329,2013년 3월 8일 16시,금요일,대구광역시 남구 대명동,경상사고,0,0,1,0,차량단독 - 기타,안전운전불이행,건조,맑음,단일로 - 기타,승용,남,62세,상해없음,,,,
2013030800100366,2013년 3월 8일 17시,금요일,대구광역시 수성구 만촌동,부상신고사고,0,0,0,1,차대차 - 측면직각충돌,안전운전불이행,건조,맑음,단일로 - 기타,이륜,남,18세,상해없음,승용,여,28세,부상신고
2013030800100367,2013년 3월 8일 17시,금요일,대구광역시 수성구 수성동1가,경상사고,0,0,1,0,차대사람 - 보도통행중,기타,건조,맑음,단일로 - 기타,이륜,남,27세,상해없음,보행자,여,28세,경상
2013030800100368,2013년 3월 8일 17시,금요일,대구광역시 달성군 현풍면,경상사고,0,0,1,0,차대차 - 측면직각충돌,안전운전불이행,건조,맑음,단일로 - 기타,기타불명,기타불명,기타불명,기타불명,승용,남,61세,경상
2013030800100407,2013년 3월 8일 18시,금요일,대구광역시 동구 지묘동,중상사고,0,1,1,0,차대차 - 측면직각충돌,과속,건조,맑음,단일로 - 기타,승용,남,24세,경상,농기계,남,78세,중상
2013030800100446,2013년 3월 8일 19시,금요일,대구광역시 달서구 송현동,중상사고,0,2,2,0,차대차 - 추돌 - 진행중,안전거리미확보,건조,맑음,교차로 - 교차로부근,화물,남,62세,상해없음,승용,남,62세,경상
2013030800100480,2013년 3월 8일 20시,금요일,대구광역시 달서구 월암동,경상사고,0,0,1,0,차대사람 - 기타,안전운전불이행,건조,맑음,단일로 - 기타,승용,남,46세,상해없음,보행자,남,25세,경상
2013030800100513,2013년 3월 8일 21시,금요일,대구광역시 수성구 대흥동,중상사고,0,1,0,0,차대차 - 추돌 - 진행중,안전운전불이행,건조,맑음,교차로 - 교차로부근,승용,남,50세,상해없음,승용,여,41세,중상
2013030800100514,2013년 3월 8일 21시,금요일,대구광역시 달서구 장기동,경상사고,0,0,2,0,차대차 - 측면직각충돌,안전운전불이행,건조,맑음,단일로 - 기타,승용,여,52세,경상,화물,남,30세,경상
2013030800100541,2013년 3월 8일 22시,금요일,대구광역시 남구 봉덕동,중상사고,0,1,0,0,차대차 - 기타,안전운전불이행,건조,맑음,단일로 - 기타,이륜,남,23세,중상,승용,남,24세,상해없음
2013030800100542,2013년 3월 8일 22시,금요일,대구광역시 서구 평리동,중상사고,0,1,0,0,차대사람 - 횡단중,보행자보호의무위반,건조,맑음,단일로 - 횡단보도상,승용,남,44세,상해없음,보행자,남,19세,중상
2013030800100566,2013년 3월 8일 23시,금요일,대구광역시 중구 종로1가,중상사고,0,1,1,0,차대차 - 기타,안전운전불이행,건조,맑음,교차로 - 교차로부근,승용,남,39세,상해없음,승용,남,41세,경상
2013030800100567,2013년 3월 8일 23시,금요일,대구광역시 달서구 이곡동,중상사고,0,2,0,0,차대차 - 기타,안전운전불이행,건조,맑음,단일로 - 기타,승용,여,36세,상해없음,승용,남,29세,중상
2013030900100019,2013년 3월 9일 00시,토요일,대구광역시 북구 복현동,경상사고,0,0,3,0,차대차 - 기타,중앙선침범,건조,맑음,단일로 - 기타,승용,남,51세,상해없음,승용,남,41세,경상
2013030900100044,2013년 3월 9일 01시,토요일,대구광역시 수성구 만촌동,중상사고,0,1,1,0,차대차 - 측면직각충돌,신호위반,건조,맑음,교차로 - 교차로안,이륜,남,26세,상해없음,승용,남,47세,중상
2013030900100045,2013년 3월 9일 01시,토요일,대구광역시 달성군 현풍면,중상사고,0,1,0,0,차대사람 - 횡단중,안전운전불이행,건조,맑음,단일로 - 기타,승용,남,51세,상해없음,보행자,여,45세,중상
2013030900100062,2013년 3월 9일 02시,토요일,대구광역시 중구 삼덕동1가,경상사고,0,0,1,0,차대사람 - 기타,안전운전불이행,건조,맑음,단일로 - 기타,승용,남,19세,상해없음,보행자,여,18세,경상
2013030900100063,2013년 3월 9일 02시,토요일,대구광역시 달서구 본리동,중상사고,0,1,0,0,차대사람 - 기타,안전운전불이행,건조,맑음,단일로 - 기타,승용,남,28세,기타불명,보행자,남,30세,중상
2013030900100146,2013년 3월 9일 07시,토요일,대구광역시 달서구 진천동,경상사고,0,0,1,0,차대차 - 측면직각충돌,안전운전불이행,건조,맑음,단일로 - 기타,승합,남,71세,상해없음,자전거,여,45세,경상
2013030900100165,2013년 3월 9일 08시,토요일,대구광역시 북구 매천동,경상사고,0,0,1,0,차대차 - 추돌 - 주정차중,안전운전불이행,건조,맑음,단일로 - 기타,이륜,남,36세,경상,승용,남,41세,상해없음
2013030900100193,2013년 3월 9일 09시,토요일,대구광역시 수성구 범어동,경상사고,0,0,2,0,차대차 - 측면직각충돌,안전운전불이행,건조,맑음,단일로 - 기타,승합,남,21세,상해없음,승용,여,28세,경상
2013030900100194,2013년 3월 9일 09시,토요일,대구광역시 달서구 죽전동,경상사고,0,0,1,0,차대차 - 추돌 - 주정차중,차로위반,건조,맑음,단일로 - 기타,승용,남,26세,상해없음,승용,남,42세,경상
2013030900100214,2013년 3월 9일 10시,토요일,대구광역시 달서구 감삼동,경상사고,0,0,2,0,차대차 - 추돌 - 주정차중,안전운전불이행,건조,맑음,단일로 - 기타,승용,남,52세,상해없음,승용,여,32세,경상
2013030900100281,2013년 3월 9일 12시,토요일,대구광역시 동구 도동,중상사고,0,1,0,0,차량단독 - 공작물충돌,안전운전불이행,건조,맑음,단일로 - 기타,승용,남,33세,중상,,,,
2013030900100282,2013년 3월 9일 12시,토요일,대구광역시 동구 신암동,경상사고,0,0,1,0,차대차 - 기타,안전거리미확보,건조,맑음,단일로 - 기타,승용,남,70세,상해없음,이륜,남,63세,경상
2013030900100283,2013년 3월 9일 12시,토요일,대구광역시 수성구 두산동,사망사고,1,0,0,0,차대차 - 추돌 - 주정차중,신호위반,건조,맑음,교차로 - 교차로안,승합,남,23세,상해없음,이륜,남,70세,사망
2013030900100284,2013년 3월 9일 12시,토요일,대구광역시 달서구 송현동,중상사고,0,1,0,0,차대사람 - 기타,안전운전불이행,건조,맑음,교차로 - 교차로안,승용,여,38세,상해없음,보행자,여,46세,중상
2013030900100285,2013년 3월 9일 12시,토요일,대구광역시 달서구 이곡동,중상사고,0,1,0,0,차대사람 - 기타,안전운전불이행,건조,맑음,교차로 - 교차로안,승용,여,28세,상해없음,보행자,여,68세,중상
2013030900100286,2013년 3월 9일 12시,토요일,대구광역시 달서구 용산동,경상사고,0,0,1,0,차대차 - 측면직각충돌,안전운전불이행,건조,맑음,단일로 - 기타,승용,여,30세,상해없음,승용,남,32세,경상
2013030900100318,2013년 3월 9일 13시,토요일,대구광역시 북구 칠성동1가,경상사고,0,0,1,0,차대차 - 측면직각충돌,안전운전불이행,건조,맑음,교차로 - 교차로부근,승용,여,38세,상해없음,자전거,남,38세,경상
2013030900100349,2013년 3월 9일 14시,토요일,대구광역시 서구 평리동,경상사고,0,0,1,0,차대사람 - 횡단중,보행자보호의무위반,건조,맑음,단일로 - 횡단보도상,승용,남,28세,상해없음,보행자,남,70세,경상
2013030900100375,2013년 3월 9일 15시,토요일,대구광역시 동구 용계동,중상사고,0,1,0,0,차대차 - 기타,안전거리미확보,건조,맑음,단일로 - 기타,승용,여,25세,상해없음,승용,남,35세,중상