사고번호,사고일시,요일,시군구,사고내용,사망자수,중상자수,경상자수,부상신고자수,사고유형,법규위반,노면상태,기상상태,도로형태,가해운전자 차종,가해운전자 성별,가해운전자 연령,가해운전자 상해정도,피해운전자 차종,피해운전자 성별,피해운전자 연령,피해운전자 상해정도
2013030900100376,2013년 3월 9일 15시,토요일,대구광역시 수성구 파동,중상사고,0,1,0,0,차대사람 - 횡단중,안전운전불이행,건조,맑음,단일로 - 횡단보도상,승용,남,41세,상해없음,보행자,여,80세,중상
2013030900100406,2013년 3월 9일 16시,토요일,대구광역시 달서구 도원동,중상사고,0,1,0,0,차대차 - 측면직각충돌,안전운전불이행,건조,맑음,교차로 - 교차로안,자전거,남,65세,중상,승용,여,53세,상해없음
2013030900100433,2013년 3월 9일 17시,토요일,대구광역시 달서구 성당동,경상사고,0,0,1,0,차대사람 - 길가장자리구역통행중,안전운전불이행,건조,맑음,단일로 - 기타,자전거,남,18세,상해없음,보행자,여,9세,경상
2013030900100458,2013년 3월 9일 18시,토요일,대구광역시 북구 서변동,부상신고사고,0,0,0,1,차대차 - 추돌 - 진행중,안전운전불이행,건조,맑음,단일로 - 기타,승용,남,71세,상해없음,승용,여,51세,부상신고
2013030900100460,2013년 3월 9일 18시,토요일,대구광역시 북구 태전동,경상사고,0,0,1,0,차대차 - 추돌 - 주정차중,안전운전불이행,건조,맑음,기타 - 기타,승용,남,50세,상해없음,승용,여,61세,경상
2013030900100462,2013년 3월 9일 18시,토요일,대구광역시 중구 동인동1가,중상사고,0,1,0,1,차대차 - 기타,안전거리미확보,건조,맑음,단일로 - 기타,이륜,남,16세,부상신고,승용,남,33세,상해없음
2013030900100500,2013년 3월 9일 19시,토요일,대구광역시 북구 노원동3가,경상사고,0,0,1,0,차대사람 - 기타,안전운전불이행,건조,맑음,단일로 - 기타,승용,남,37세,상해없음,보행자,남,41세,경상
2013030900100501,2013년 3월 9일 19시,토요일,대구광역시 달서구 본리동,경상사고,0,0,2,0,차대차 - 측면직각충돌,안전거리미확보,건조,맑음,단일로 - 기타,승용,남,58세,경상,승용,남,37세,경상
2013030900100526,2013년 3월 9일 20시,토요일,대구광역시 달서구 장기동,경상사고,0,0,1,0,차대차 - 측면직각충돌,안전운전불이행,건조,맑음,교차로 - 교차로부근,승용,여,40세,상해없음,이륜,남,16세,경상
2013030900100527,2013년 3월 9일 20시,토요일,대구광역시 달서구 감삼동,부상신고사고,0,0,0,1,차대사람 - 기타,안전운전불이행,건조,맑음,교차로 - 교차로부근,승용,기타불명,기타불명,기타불명,보행자,남,48세,부상신고
2013030900100564,2013년 3월 9일 21시,토요일,대구광역시 수성구 시지동,경상사고,0,0,2,0,차대차 - 추돌 - 진행중,차로위반,건조,맑음,단일로 - 기타,승용,남,30세,상해없음,이륜,남,28세,경상
2013030900100565,2013년 3월 9일 21시,토요일,대구광역시 서구 중리동,경상사고,0,0,2,0,차대차 - 측면직각충돌,교차로운행방법위반,건조,맑음,교차로 - 교차로안,승용,남,44세,상해없음,승용,남,47세,경상
2013030900100594,2013년 3월 9일 22시,토요일,대구광역시 수성구 황금동,중상사고,0,1,0,0,차대사람 - 기타,안전운전불이행,건조,맑음,단일로 - 기타,승용,남,26세,상해없음,보행자,남,55세,중상
2013030900100595,2013년 3월 9일 22시,토요일,대구광역시 서구 평리동,중상사고,0,1,0,0,차량단독 - 기타,기타,건조,맑음,단일로 - 기타,승용,남,58세,상해없음,,,,
2013030900100596,2013년 3월 9일 22시,토요일,대구광역시 달서구 죽전동,중상사고,0,1,2,0,차대차 - 추돌 - 진행중,안전운전불이행,건조,맑음,기타 - 기타,승용,남,54세,상해없음,승용,남,46세,경상
2013030900100626,2013년 3월 9일 23시,토요일,대구광역시 동구 방촌동,경상사고,0,0,2,1,차대차 - 추돌 - 진행중,안전운전불이행,건조,맑음,단일로 - 기타,이륜,남,18세,경상,승용,남,64세,상해없음
2013030900100627,2013년 3월 9일 23시,토요일,대구광역시 달서구 상인동,경상사고,0,0,2,0,차대차 - 측면직각충돌,교차로운행방법위반,건조,맑음,교차로 - 교차로안,승용,여,47세,상해없음,승용,남,25세,경상
2013031000100017,2013년 3월 10일 00시,일요일,대구광역시 중구 삼덕동1가,경상사고,0,0,1,0,차대사람 - 차도통행중,안전운전불이행,건조,맑음,단일로 - 기타,승용,남,22세,상해없음,보행자,남,18세,경상
2013031000100018,2013년 3월 10일 00시,일요일,대구광역시 달서구 두류동,중상사고,0,1,3,0,차대차 - 측면직각충돌,중앙선침범,건조,맑음,단일로 - 기타,승용,남,18세,경상,승용,남,28세,중상
2013031000100034,2013년 3월 10일 01시,일요일,대구광역시 중구 삼덕동2가,경상사고,0,0,1,0,차대차 - 추돌 - 진행중,안전거리미확보,건조,맑음,단일로 - 기타,승용,남,38세,상해없음,승용,남,63세,상해없음
2013031000100054,2013년 3월 10일 02시,일요일,대구광역시 수성구 대흥동,경상사고,0,0,2,0,차대차 - 측면직각충돌,신호위반,건조,맑음,교차로 - 교차로안,이륜,기타불명,기타불명,기타불명,승용,남,26세,경상
2013031000100055,2013년 3월 10일 02시,일요일,대구광역시 달성군 논공읍,경상사고,0,0,1,0,차대차 - 정면충돌,안전운전불이행,건조,맑음,단일로 - 기타,이륜,남,15세,상해없음,이륜,남,16세,경상
2013031000100056,2013년 3월 10일 02시,일요일,대구광역시 서구 원대동1가,중상사고,0,1,0,0,차대차 - 기타,안전운전불이행,건조,맑음,단일로 - 기타,승용,남,47세,중상,승합,남,42세,기타불명
2013031000100068,2013년 3월 10일 03시,일요일,대구광역시 남구 대명동,경상사고,0,0,1,0,차대사람 - 기타,안전운전불이행,건조,맑음,단일로 - 기타,승용,남,55세,상해없음,보행자,여,41세,경상
2013031000100069,2013년 3월 10일 03시,일요일,대구광역시 달서구 상인동,경상사고,0,0,1,0,차대차 - 추돌 - 진행중,안전거리미확보,건조,맑음,단일로 - 기타,승합,여,55세,상해없음,이륜,남,18세,경상
2013031000100081,2013년 3월 10일 04시,일요일,대구광역시 동구 신천동,경상사고,0,0,1,0,차대사람 - 기타,안전운전불이행,건조,맑음,단일로 - 기타,승용,남,74세,상해없음,보행자,남,37세,경상
2013031000100082,2013년 3월 10일 04시,일요일,대구광역시 동구 신암동,경상사고,0,0,2,0,차대차 - 기타,안전운전불이행,건조,맑음,단일로 - 기타,화물,남,40세,상해없음,승용,남,31세,경상
2013031000100102,2013년 3월 10일 06시,일요일,대구광역시 서구 내당동,중상사고,0,1,1,0,차대차 - 측면직각충돌,불법유턴,건조,맑음,단일로 - 횡단보도상,이륜,남,15세,경상,승용,남,50세,상해없음
2013031000100130,2013년 3월 10일 08시,일요일,대구광역시 달서구 이곡동,중상사고,0,1,1,0,차대차 - 측면직각충돌,신호위반,건조,맑음,교차로 - 교차로안,승용,남,43세,상해없음,승용,남,73세,중상
2013031000100140,2013년 3월 10일 09시,일요일,대구광역시 남구 대명동,경상사고,0,0,1,0,차대차 - 측면직각충돌,안전운전불이행,건조,맑음,단일로 - 기타,승용,기타불명,기타불명,기타불명,승용,여,57세,경상
2013031000100141,2013년 3월 10일 09시,일요일,대구광역시 북구 산격동,경상사고,0,0,4,0,차대차 - 추돌 - 진행중,안전운전불이행,건조,맑음,교차로 - 교차로부근,승용,남,32세,기타불명,승용,남,42세,경상
2013031000100142,2013년 3월 10일 09시,일요일,대구광역시 달서구 감삼동,경상사고,0,0,1,0,차대차 - 기타,신호위반,건조,맑음,단일로 - 횡단보도상,승용,여,57세,상해없음,원동기,남,59세,경상
2013031000100158,2013년 3월 10일 10시,일요일,대구광역시 수성구 만촌동,중상사고,0,1,0,0,차대사람 - 횡단중,보행자보호의무위반,건조,맑음,단일로 - 횡단보도상,승용,남,49세,상해없음,보행자,여,55세,중상
2013031000100159,2013년 3월 10일 10시,일요일,대구광역시 달서구 도원동,경상사고,0,0,1,0,차대차 - 측면직각충돌,안전운전불이행,건조,맑음,단일로 - 횡단보도부근,승용,여,50세,상해없음,자전거,남,16세,경상
2013031000100160,2013년 3월 10일 10시,일요일,대구광역시 북구 산격동,중상사고,0,3,3,0,차대차 - 추돌 - 주정차중,안전운전불이행,건조,맑음,단일로 - 기타,승용,남,67세,상해없음,승용,남,60세,경상
2013031000100184,2013년 3월 10일 11시,일요일,대구광역시 북구 산격동,경상사고,0,0,1,1,차대차 - 측면직각충돌,교차로운행방법위반,건조,맑음,교차로 - 교차로안,승용,남,62세,상해없음,승용,남,55세,상해없음
2013031000100233,2013년 3월 10일 13시,일요일,대구광역시 동구 용계동,경상사고,0,0,1,0,차대사람 - 보도통행중,기타,건조,맑음,단일로 - 기타,승용,남,48세,상해없음,보행자,남,38세,경상
2013031000100234,2013년 3월 10일 13시,일요일,대구광역시 북구 대현동,경상사고,0,0,1,0,차대차 - 측면직각충돌,안전운전불이행,건조,맑음,단일로 - 기타,승용,여,64세,상해없음,이륜,남,71세,경상
2013031000100235,2013년 3월 10일 13시,일요일,대구광역시 달서구 이곡동,경상사고,0,0,1,0,차대차 - 측면직각충돌,신호위반,건조,맑음,교차로 - 교차로안,승용,남,48세,상해없음,이륜,남,18세,경상
2013031000100264,2013년 3월 10일 14시,일요일,대구광역시 서구 내당동,경상사고,0,0,1,0,차대차 - 측면직각충돌,안전거리미확보,건조,맑음,단일로 - 기타,승용,남,77세,상해없음,승용,남,19세,경상
2013031000100322,2013년 3월 10일 16시,일요일,대구광역시 동구 신암동,경상사고,0,0,1,0,차대사람 - 보도통행중,기타,건조,맑음,단일로 - 기타,승용,남,36세,상해없음,보행자,남,32세,경상
2013031000100323,2013년 3월 10일 16시,일요일,대구광역시 북구 대현동,경상사고,0,0,1,0,차대차 - 측면직각충돌,신호위반,건조,맑음,교차로 - 교차로안,이륜,남,58세,경상,승용,남,54세,상해없음
2013031000100324,2013년 3월 10일 16시,일요일,대구광역시 북구 침산동,경상사고,0,0,1,0,차대차 - 측면직각충돌,안전운전불이행,건조,맑음,단일로 - 기타,승용,여,41세,상해없음,자전거,여,6세,경상
2013031000100325,2013년 3월 10일 16시,일요일,대구광역시 달서구 용산동,경상사고,0,0,2,0,차대사람 - 보도통행중,보행자보호의무위반,건조,맑음,교차로 - 교차로부근,화물,남,51세,상해없음,보행자,남,65세,경상
2013031000100363,2013년 3월 10일 17시,일요일,대구광역시 남구 대명동,경상사고,0,0,1,0,차대차 - 추돌 - 진행중,안전운전불이행,건조,맑음,교차로 - 교차로부근,승용,남,21세,상해없음,승용,남,33세,경상
2013031000100364,2013년 3월 10일 17시,일요일,대구광역시 동구 불로동,경상사고,0,0,4,0,차대차 - 측면직각충돌,안전거리미확보,건조,맑음,단일로 - 기타,승합,남,58세,상해없음,승용,남,25세,경상
2013031000100365,2013년 3월 10일 17시,일요일,대구광역시 북구 대현동,경상사고,0,0,1,0,차대차 - 측면직각충돌,신호위반,건조,맑음,교차로 - 교차로안,승용,남,68세,상해없음,원동기,남,54세,경상
2013031000100390,2013년 3월 10일 18시,일요일,대구광역시 동구 용계동,경상사고,0,0,1,0,차대차 - 측면직각충돌,신호위반,건조,맑음,교차로 - 교차로부근,승용,여,44세,상해없음,원동기,남,66세,경상
2013031000100391,2013년 3월 10일 18시,일요일,대구광역시 동구 신서동,경상사고,0,0,1,0,차대사람 - 횡단중,안전운전불이행,건조,맑음,단일로 - 기타,승용,여,63세,상해없음,보행자,남,17세,경상
2013031000100392,2013년 3월 10일 18시,일요일,대구광역시 서구 내당동,경상사고,0,0,3,0,차대차 - 추돌 - 진행중,안전운전불이행,건조,맑음,단일로 - 기타,화물,남,49세,상해없음,승용,남,22세,경상
2013031000100427,2013년 3월 10일 19시,일요일,대구광역시 달서구 진천동,중상사고,0,1,0,0,차대차 - 측면직각충돌,안전거리미확보,건조,맑음,단일로 - 기타,승용,남,27세,상해없음,이륜,남,39세,중상
2013031000100428,2013년 3월 10일 19시,일요일,대구광역시 북구 동천동,부상신고사고,0,0,0,1,차대차 - 기타,안전운전불이행,건조,맑음,기타 - 기타,기타불명,기타불명,기타불명,기타불명,자전거,남,45세,부상신고
2013031000100459,2013년 3월 10일 20시,일요일,대구광역시 북구 산격동,중상사고,0,1,3,0,차대차 - 측면직각충돌,안전운전불이행,건조,맑음,교차로 - 교차로부근,승용,남,72세,상해없음,승용,남,21세,중상
2013031000100460,2013년 3월 10일 20시,일요일,대구광역시 달서구 성당동,경상사고,0,0,1,0,차대차 - 추돌 - 주정차중,안전운전불이행,건조,맑음,단일로 - 기타,승용,남,53세,상해없음,승용,여,56세,경상
2013031000100480,2013년 3월 10일 21시,일요일,대구광역시 남구 대명동,경상사고,0,0,1,0,차대차 - 측면직각충돌,교차로운행방법위반,건조,맑음,교차로 - 교차로안,승용,남,31세,상해없음,승용,남,27세,경상
2013031000100481,2013년 3월 10일 21시,일요일,대구광역시 북구 산격동,중상사고,0,1,0,0,차대차 - 측면직각충돌,신호위반,건조,맑음,교차로 - 교차로안,이륜,남,41세,상해없음,이륜,남,34세,중상
2013031000100482,2013년 3월 10일 21시,일요일,대구광역시 달서구 죽전동,부상신고사고,0,0,0,1,차대차 - 측면직각충돌,신호위반,건조,맑음,단일로 - 횡단보도상,승용,남,38세,상해없음,자전거,남,24세,부상신고
2013031000100505,2013년 3월 10일 22시,일요일,대구광역시 동구 지묘동,경상사고,0,0,2,0,차대차 - 기타,교차로운행방법위반,건조,맑음,교차로 - 교차로안,승용,남,29세,상해없음,이륜,남,16세,경상
2013031000100506,2013년 3월 10일 22시,일요일,대구광역시 북구 산격동,경상사고,0,0,2,0,차대차 - 추돌 - 진행중,안전운전불이행,건조,맑음,단일로 - 기타,승용,남,45세,상해없음,승용,남,27세,경상
2013031000100521,2013년 3월 10일 23시,일요일,대구광역시 북구 대현동,중상사고,0,1,1,0,차대차 - 측면직각충돌,교차로운행방법위반,건조,맑음,교차로 - 교차로안,승용,남,23세,상해없음,승용,남,56세,경상
2013031100100007,2013년 3월 11일 00시,월요일,대구광역시 북구 태전동,부상신고사고,0,0,0,1,차량단독 - 공작물충돌,안전운전불이행,건조,맑음,교차로 - 교차로부근,승용,남,54세,부상신고,,,,
2013031100100008,2013년 3월 11일 00시,월요일,대구광역시 중구 대봉동,중상사고,0,2,0,0,차대차 - 기타,안전운전불이행,건조,맑음,교차로 - 교차로부근,승합,남,45세,상해없음,승용,남,36세,중상
2013031100100029,2013년 3월 11일 02시,월요일,대구광역시 서구 이현동,경상사고,0,0,1,0,차대차 - 기타,신호위반,건조,맑음,교차로 - 교차로안,승용,남,37세,상해없음,화물,남,37세,경상
2013031100100038,2013년 3월 11일 04시,월요일,대구광역시 동구 신천동,부상신고사고,0,0,0,1,차량단독 - 공작물충돌,안전운전불이행,건조,맑음,교차로 - 교차로부근,승용,남,29세,상해없음,,,,
2013031100100054,2013년 3월 11일 06시,월요일,대구광역시 달서구 도원동,경상사고,0,0,1,0,차대사람 - 횡단중,안전운전불이행,건조,맑음,단일로 - 기타,승용,남,28세,상해없음,보행자,여,22세,경상
2013031100100080,2013년 3월 11일 07시,월요일,대구광역시 동구 율암동,경상사고,0,0,1,0,차대차 - 기타,안전거리미확보,건조,맑음,교차로 - 교차로부근,승용,남,51세,상해없음,승합,남,48세,상해없음
2013031100100081,2013년 3월 11일 07시,월요일,대구광역시 달서구 송현동,중상사고,0,1,1,0,차대차 - 기타,안전운전불이행,건조,맑음,단일로 - 기타,화물,남,42세,중상,승용,남,59세,경상
2013031100100082,2013년 3월 11일 07시,월요일,대구광역시 달성군 화원읍,중상사고,0,1,1,0,차대차 - 추돌 - 주정차중,안전운전불이행,건조,맑음,단일로 - 기타,승용,여,51세,경상,건설기계,남,52세,상해없음
2013031100100119,2013년 3월 11일 08시,월요일,대구광역시 수성구 상동,부상신고사고,0,0,0,1,차대차 - 추돌 - 주정차중,안전운전불이행,건조,맑음,단일로 - 기타,승용,남,34세,상해없음,승용,남,68세,부상신고
2013031100100120,2013년 3월 11일 08시,월요일,대구광역시 수성구 황금동,중상사고,0,2,0,0,차대차 - 측면직각충돌,안전운전불이행,건조,맑음,단일로 - 기타,승용,남,27세,상해없음,승용,남,30세,중상
2013031100100121,2013년 3월 11일 08시,월요일,대구광역시 수성구 사월동,경상사고,0,0,1,0,차대사람 - 횡단중,보행자보호의무위반,건조,맑음,단일로 - 횡단보도상,승용,기타불명,기타불명,기타불명,보행자,여,25세,경상
2013031100100160,2013년 3월 11일 09시,월요일,대구광역시 수성구 범어동,경상사고,0,0,1,0,차대차 - 추돌 - 진행중,안전거리미확보,건조,맑음,단일로 - 기타,승용,여,58세,상해없음,승용,여,48세,경상
2013031100100161,2013년 3월 11일 09시,월요일,대구광역시 북구 대현동,부상신고사고,0,0,0,1,차량단독 - 기타,안전운전불이행,건조,맑음,교차로 - 교차로부근,승용,여,54세,부상신고,,,,
2013031100100162,2013년 3월 11일 09시,월요일,대구광역시 북구 태전동,경상사고,0,0,1,0,차대차 - 기타,안전운전불이행,건조,맑음,단일로 - 기타,승용,여,27세,상해없음,원동기,남,19세,경상
2013031100100163,2013년 3월 11일 09시,월요일,대구광역시 북구 침산동,경상사고,0,0,1,0,차대사람 - 기타,안전운전불이행,건조,맑음,단일로 - 기타,승용,여,26세,상해없음,보행자,여,26세,경상
2013031100100164,2013년 3월 11일 09시,월요일,대구광역시 북구 산격동,경상사고,0,0,1,1,차대차 - 기타,안전거리미확보,건조,맑음,단일로 - 기타,승합,남,31세,상해없음,승용,남,31세,부상신고
2013031100100199,2013년 3월 11일 10시,월요일,대구광역시 중구 계산동1가,중상사고,0,1,3,0,차대차 - 측면직각충돌,신호위반,건조,맑음,교차로 - 교차로안,이륜,남,24세,상해없음,승용,남,61세,경상
2013031100100236,2013년 3월 11일 12시,월요일,대구광역시 동구 신암동,중상사고,0,1,0,0,차대사람 - 기타,보행자보호의무위반,건조,맑음,단일로 - 기타,승용,남,74세,상해없음,보행자,여,64세,중상
2013031100100237,2013년 3월 11일 12시,월요일,대구광역시 중구 대봉동,경상사고,0,0,1,0,차대차 - 기타,교차로운행방법위반,건조,맑음,교차로 - 교차로안,승용,남,50세,상해없음,이륜,남,25세,경상
2013031100100250,2013년 3월 11일 13시,월요일,대구광역시 동구 입석동,부상신고사고,0,0,0,1,차대차 - 기타,안전운전불이행,건조,맑음,단일로 - 기타,승용,여,36세,상해없음,자전거,남,51세,부상신고
2013031100100251,2013년 3월 11일 13시,월요일,대구광역시 북구 산격동,중상사고,0,1,0,0,차대차 - 측면직각충돌,안전운전불이행,건조,맑음,교차로 - 교차로부근,원동기,남,65세,중상,화물,남,43세,상해없음
2013031100100283,2013년 3월 11일 14시,월요일,대구광역시 동구 동호동,경상사고,0,0,1,0,차대차 - 측면직각충돌,신호위반,건조,맑음,교차로 - 교차로안,승용,여,53세,상해없음,승용,여,30세,경상
2013031100100284,2013년 3월 11일 14시,월요일,대구광역시 북구 고성동1가,경상사고,0,0,1,0,차량단독 - 전도전복,안전운전불이행,건조,맑음,교차로 - 교차로부근,이륜,남,78세,경상,,,,
2013031100100285,2013년 3월 11일 14시,월요일,대구광역시 서구 평리동,경상사고,0,0,1,0,차대차 - 기타,안전운전불이행,건조,맑음,단일로 - 기타,승용,여,46세,상해없음,원동기,남,50세,경상
2013031100100312,2013년 3월 11일 15시,월요일,대구광역시 서구 내당동,경상사고,0,0,1,0,차대차 - 기타,안전거리미확보,건조,맑음,단일로 - 기타,승용,남,55세,상해없음,원동기,남,39세,경상
2013031100100342,2013년 3월 11일 16시,월요일,대구광역시 동구 백안동,경상사고,0,0,4,0,차대차 - 추돌 - 진행중,안전운전불이행,건조,맑음,단일로 - 기타,승용,여,46세,상해없음,승용,남,35세,상해없음
2013031100100343,2013년 3월 11일 16시,월요일,대구광역시 북구 칠성동1가,경상사고,0,0,1,0,차대사람 - 기타,안전운전불이행,건조,맑음,단일로 - 기타,승용,남,62세,상해없음,보행자,여,8세,경상
2013031100100380,2013년 3월 11일 17시,월요일,대구광역시 동구 신암동,경상사고,0,0,2,0,차대차 - 측면직각충돌,안전운전불이행,건조,맑음,단일로 - 기타,승용,기타불명,기타불명,기타불명,이륜,남,17세,경상
2013031100100381,2013년 3월 11일 17시,월요일,대구광역시 달성군 다사읍,경상사고,0,0,1,0,차대차 - 측면직각충돌,안전운전불이행,건조,맑음,단일로 - 기타,화물,기타불명,기타불명,기타불명,승용,여,56세,경상
2013031100100382,2013년 3월 11일 17시,월요일,대구광역시 서구 비산동,경상사고,0,0,2,0,차대차 - 추돌 - 주정차중,안전운전불이행,건조,맑음,교차로 - 교차로부근,승용,남,59세,상해없음,승용,남,39세,상해없음
2013031100100417,2013년 3월 11일 18시,월요일,대구광역시 북구 복현동,경상사고,0,0,1,0,차대사람 - 기타,기타,건조,맑음,기타 - 기타,화물,남,35세,기타불명,보행자,남,21세,경상
2013031100100461,2013년 3월 11일 19시,월요일,대구광역시 수성구 범어동,경상사고,0,0,1,0,차대사람 - 기타,안전운전불이행,건조,맑음,단일로 - 기타,화물,여,52세,상해없음,보행자,남,56세,경상
2013031100100462,2013년 3월 11일 19시,월요일,대구광역시 북구 산격동,중상사고,0,1,0,0,차대사람 - 횡단중,안전운전불이행,습기,맑음,단일로 - 기타,승용,남,40세,상해없음,보행자,여,70세,중상
2013031100100463,2013년 3월 11일 19시,월요일,대구광역시 달서구 신당동,경상사고,0,0,1,0,차대차 - 측면직각충돌,차로위반,건조,맑음,단일로 - 기타,승용,여,50세,경상,화물,남,52세,상해없음
2013031100100490,2013년 3월 11일 20시,월요일,대구광역시 달서구 진천동,경상사고,0,0,3,0,차대차 - 기타,안전운전불이행,건조,맑음,단일로 - 기타,승용,여,40세,상해없음,승용,남,28세,경상
2013031100100491,2013년 3월 11일 20시,월요일,대구광역시 달서구 대천동,경상사고,0,0,1,0,차대차 - 측면직각충돌,교차로운행방법위반,건조,맑음,교차로 - 교차로안,화물,남,32세,상해없음,승용,남,57세,경상
2013031100100492,2013년 3월 11일 20시,월요일,대구광역시 중구 대신동,중상사고,0,1,0,0,차대사람 - 기타,안전운전불이행,건조,맑음,교차로 - 교차로부근,화물,남,43세,상해없음,보행자,남,13세,중상
2013031100100519,2013년 3월 11일 21시,월요일,대구광역시 달서구 용산동,경상사고,0,0,1,0,차대차 - 기타,신호위반,건조,맑음,교차로 - 교차로부근,이륜,남,16세,상해없음,자전거,남,59세,경상
2013031100100545,2013년 3월 11일 22시,월요일,대구광역시 북구 태전동,중상사고,0,1,0,0,차대사람 - 기타,안전운전불이행,건조,맑음,단일로 - 기타,승합,남,59세,상해없음,보행자,여,55세,중상
2013031100100571,2013년 3월 11일 23시,월요일,대구광역시 달서구 대천동,경상사고,0,0,1,0,차대차 - 추돌 - 주정차중,안전운전불이행,건조,맑음,교차로 - 교차로안,승용,남,37세,상해없음,승용,남,29세,경상
2013031100100572,2013년 3월 11일 23시,월요일,대구광역시 달서구 도원동,경상사고,0,0,1,0,차대차 - 기타,신호위반,건조,맑음,교차로 - 교차로안,승용,남,56세,상해없음,승용,남,58세,상해없음
2013031100100573,2013년 3월 11일 23시,월요일,대구광역시 달서구 송현동,경상사고,0,0,1,0,차대차 - 측면직각충돌,신호위반,건조,맑음,단일로 - 횡단보도상,승용,남,21세,상해없음,이륜,남,32세,경상
2013031100100574,2013년 3월 11일 23시,월요일,대구광역시 달서구 용산동,중상사고,0,1,1,0,차대차 - 추돌 - 진행중,신호위반,건조,맑음,교차로 - 교차로안,승용,남,36세,경상,승합,남,37세,중상
2013031100100575,2013년 3월 11일 23시,월요일,대구광역시 달서구 용산동,경상사고,0,0,1,0,차대사람 - 기타,안전운전불이행,건조,맑음,단일로 - 기타,승용,남,45세,상해없음,보행자,남,46세,경상
2013031200100015,2013년 3월 12일 00시,화요일,대구광역시 남구 이천동,경상사고,0,0,2,0,차대사람 - 기타,안전운전불이행,건조,맑음,단일로 - 기타,자전거,남,23세,경상,보행자,여,54세,경상
2013031200100056,2013년 3월 12일 05시,화요일,대구광역시 달성군 화원읍,중상사고,0,1,1,0,차대차 - 측면직각충돌,신호위반,건조,맑음,교차로 - 교차로안,승용,남,50세,상해없음,승용,남,55세,경상
2013031200100121,2013년 3월 12일 08시,화요일,대구광역시 달성군 논공읍,중상사고,0,1,0,0,차대차 - 기타,안전운전불이행,건조,맑음,교차로 - 교차로안,승용,남,33세,기타불명,승용,남,52세,중상
2013031200100122,2013년 3월 12일 08시,화요일,대구광역시 서구 평리동,경상사고,0,0,2,0,차대사람 - 횡단중,안전운전불이행,건조,맑음,단일로 - 기타,승용,남,72세,상해없음,보행자,남,13세,경상
2013031200100123,2013년 3월 12일 08시,화요일,대구광역시 서구 이현동,경상사고,0,0,1,0,차대차 - 측면직각충돌,신호위반,건조,맑음,교차로 - 교차로안,화물,남,65세,상해없음,이륜,남,17세,경상
2013031200100144,2013년 3월 12일 09시,화요일,대구광역시 동구 용계동,중상사고,0,1,0,0,차대차 - 측면직각충돌,안전운전불이행,건조,맑음,단일로 - 기타,승용,남,70세,상해없음,이륜,남,47세,중상
2013031200100145,2013년 3월 12일 09시,화요일,대구광역시 수성구 만촌동,중상사고,0,1,0,0,차대차 - 측면직각충돌,안전운전불이행,건조,맑음,단일로 - 기타,승용,남,30세,상해없음,승용,여,56세,중상
2013031200100146,2013년 3월 12일 09시,화요일,대구광역시 북구 구암동,중상사고,0,1,1,0,차대차 - 추돌 - 진행중,안전운전불이행,건조,맑음,단일로 - 기타,승용,남,45세,상해없음,승용,남,57세,중상
2013031200100166,2013년 3월 12일 10시,화요일,대구광역시 북구 국우동,경상사고,0,0,1,0,차대차 - 기타,안전거리미확보,건조,맑음,단일로 - 기타,승용,남,62세,상해없음,승용,여,44세,경상
2013031200100240,2013년 3월 12일 13시,화요일,대구광역시 동구 지저동,부상신고사고,0,0,0,1,차대사람 - 기타,안전운전불이행,건조,맑음,단일로 - 기타,화물,기타불명,기타불명,기타불명,보행자,여,45세,부상신고
2013031200100241,2013년 3월 12일 13시,화요일,대구광역시 동구 신천동,경상사고,0,0,2,0,차대차 - 측면직각충돌,안전운전불이행,건조,맑음,단일로 - 교량,승용,여,22세,상해없음,승용,여,36세,경상
2013031200100242,2013년 3월 12일 13시,화요일,대구광역시 달성군 현풍면,경상사고,0,0,1,0,차대사람 - 기타,안전운전불이행,건조,맑음,단일로 - 기타,승용,여,27세,상해없음,보행자,남,35세,경상
2013031200100257,2013년 3월 12일 14시,화요일,대구광역시 북구 노원동3가,중상사고,0,1,0,0,차대차 - 측면직각충돌,안전운전불이행,건조,맑음,교차로 - 교차로안,승용,남,57세,상해없음,원동기,남,28세,중상
2013031200100278,2013년 3월 12일 15시,화요일,대구광역시 동구 신천동,경상사고,0,0,1,0,차대차 - 기타,안전운전불이행,건조,맑음,단일로 - 횡단보도상,승용,남,44세,상해없음,자전거,여,39세,경상
2013031200100279,2013년 3월 12일 15시,화요일,대구광역시 달성군 현풍면,중상사고,0,1,0,0,차대차 - 측면직각충돌,중앙선침범,건조,맑음,교차로 - 교차로부근,이륜,남,78세,중상,승용,여,41세,상해없음
2013031200100280,2013년 3월 12일 15시,화요일,대구광역시 서구 평리동,경상사고,0,0,1,0,차대차 - 측면직각충돌,교차로운행방법위반,건조,맑음,교차로 - 교차로안,승용,남,58세,상해없음,이륜,남,27세,경상
2013031200100327,2013년 3월 12일 17시,화요일,대구광역시 달서구 송현동,경상사고,0,0,1,0,차대사람 - 차도통행중,안전운전불이행,건조,맑음,기타 - 기타,이륜,남,26세,상해없음,보행자,남,5세,경상
2013031200100355,2013년 3월 12일 18시,화요일,대구광역시 수성구 황금동,경상사고,0,0,1,0,차대차 - 추돌 - 주정차중,안전운전불이행,건조,맑음,단일로 - 기타,승용,남,49세,상해없음,승용,여,44세,경상