사고번호,사고일시,요일,시군구,사고내용,사망자수,중상자수,경상자수,부상신고자수,사고유형,법규위반,노면상태,기상상태,도로형태,가해운전자 차종,가해운전자 성별,가해운전자 연령,가해운전자 상해정도,피해운전자 차종,피해운전자 성별,피해운전자 연령,피해운전자 상해정도
2013031200100356,2013년 3월 12일 18시,화요일,대구광역시 수성구 두산동,경상사고,0,0,1,0,차대사람 - 횡단중,안전운전불이행,건조,맑음,단일로 - 횡단보도상,승용,남,64세,상해없음,보행자,남,13세,경상
2013031200100357,2013년 3월 12일 18시,화요일,대구광역시 달서구 신당동,중상사고,0,1,1,0,차대차 - 측면직각충돌,안전거리미확보,건조,맑음,교차로 - 교차로안,이륜,남,49세,중상,이륜,남,21세,경상
2013031200100397,2013년 3월 12일 19시,화요일,대구광역시 북구 매천동,중상사고,0,1,0,1,차대사람 - 보도통행중,기타,건조,맑음,기타 - 기타,이륜,남,17세,부상신고,보행자,여,19세,중상
2013031200100398,2013년 3월 12일 19시,화요일,대구광역시 서구 비산동,경상사고,0,0,1,0,차대차 - 추돌 - 주정차중,안전운전불이행,건조,맑음,기타 - 기타,승용,남,58세,상해없음,승용,남,47세,경상
2013031200100399,2013년 3월 12일 19시,화요일,대구광역시 달서구 두류동,경상사고,0,0,2,0,차대차 - 기타,신호위반,건조,맑음,단일로 - 기타,이륜,남,29세,경상,자전거,남,57세,경상
2013031200100426,2013년 3월 12일 20시,화요일,대구광역시 달서구 유천동,경상사고,0,0,1,0,차대차 - 추돌 - 주정차중,안전운전불이행,건조,맑음,교차로 - 교차로부근,승용,남,51세,상해없음,승용,여,54세,경상
2013031200100427,2013년 3월 12일 20시,화요일,대구광역시 달서구 월암동,중상사고,0,1,2,0,차대차 - 추돌 - 진행중,안전운전불이행,건조,맑음,단일로 - 기타,승용,남,51세,기타불명,승용,남,48세,경상
2013031200100502,2013년 3월 12일 22시,화요일,대구광역시 동구 진인동,중상사고,0,1,1,0,차대차 - 추돌 - 진행중,안전운전불이행,습기,비,단일로 - 기타,화물,남,33세,상해없음,승용,여,51세,중상
2013031200100511,2013년 3월 12일 22시,화요일,대구광역시 수성구 황금동,경상사고,0,0,1,0,차대차 - 추돌 - 주정차중,안전운전불이행,건조,맑음,단일로 - 기타,승용,남,61세,상해없음,승용,남,52세,경상
2013031200100567,2013년 3월 12일 23시,화요일,대구광역시 달서구 두류동,경상사고,0,0,1,0,차대차 - 측면직각충돌,안전운전불이행,건조,맑음,단일로 - 기타,승용,남,52세,상해없음,승용,남,29세,경상
2013031300100028,2013년 3월 13일 00시,수요일,대구광역시 동구 용계동,경상사고,0,0,2,0,차대차 - 추돌 - 진행중,안전운전불이행,건조,맑음,단일로 - 기타,승용,남,49세,상해없음,승용,여,38세,경상
2013031300100029,2013년 3월 13일 00시,수요일,대구광역시 북구 태전동,경상사고,0,0,1,0,차대사람 - 기타,안전운전불이행,건조,맑음,교차로 - 교차로부근,승용,여,56세,상해없음,보행자,남,52세,경상
2013031300100125,2013년 3월 13일 05시,수요일,대구광역시 달서구 감삼동,경상사고,0,0,2,0,차대차 - 측면직각충돌,안전운전불이행,습기,비,교차로 - 교차로부근,승용,여,36세,상해없음,승용,남,53세,경상
2013031300100144,2013년 3월 13일 06시,수요일,대구광역시 남구 대명동,경상사고,0,0,1,0,차대차 - 정면충돌,중앙선침범,습기,비,단일로 - 기타,승용,여,35세,상해없음,승용,남,51세,경상
2013031300100145,2013년 3월 13일 06시,수요일,대구광역시 남구 대명동,중상사고,0,1,0,0,차량단독 - 공작물충돌,안전운전불이행,습기,비,단일로 - 기타,화물,남,45세,중상,,,,
2013031300100146,2013년 3월 13일 06시,수요일,대구광역시 달서구 송현동,경상사고,0,0,1,0,차대차 - 기타,교차로운행방법위반,습기,비,교차로 - 교차로안,화물,남,54세,상해없음,자전거,남,51세,경상
2013031300100147,2013년 3월 13일 06시,수요일,대구광역시 북구 동천동,경상사고,0,0,1,0,차대차 - 기타,교차로운행방법위반,습기,비,교차로 - 교차로안,승용,남,53세,상해없음,승용,남,50세,상해없음
2013031300100168,2013년 3월 13일 07시,수요일,대구광역시 중구 대신동,중상사고,0,1,0,0,차대사람 - 횡단중,안전운전불이행,건조,맑음,단일로 - 횡단보도상,승용,남,51세,상해없음,보행자,여,71세,중상
2013031300100220,2013년 3월 13일 09시,수요일,대구광역시 중구 삼덕동3가,중상사고,0,1,1,0,차대차 - 측면직각충돌,직진우회전진행방해,습기,비,교차로 - 교차로안,승용,여,47세,상해없음,승합,남,25세,상해없음
2013031300100238,2013년 3월 13일 10시,수요일,대구광역시 북구 복현동,경상사고,0,0,1,0,차대차 - 추돌 - 주정차중,안전운전불이행,건조,맑음,교차로 - 교차로부근,화물,남,37세,상해없음,승용,남,57세,상해없음
2013031300100257,2013년 3월 13일 11시,수요일,대구광역시 달서구 진천동,경상사고,0,0,1,0,차대차 - 추돌 - 주정차중,안전운전불이행,건조,맑음,단일로 - 기타,승용,남,24세,상해없음,화물,남,26세,상해없음
2013031300100258,2013년 3월 13일 11시,수요일,대구광역시 서구 내당동,경상사고,0,0,1,0,차대사람 - 횡단중,안전운전불이행,건조,맑음,교차로 - 교차로부근,승용,여,41세,상해없음,보행자,여,82세,경상
2013031300100280,2013년 3월 13일 12시,수요일,대구광역시 중구 남산동,경상사고,0,0,1,0,차대차 - 기타,안전거리미확보,습기,흐림,단일로 - 기타,승용,남,24세,상해없음,이륜,남,19세,경상
2013031300100281,2013년 3월 13일 12시,수요일,대구광역시 중구 남산동,경상사고,0,0,1,0,차대차 - 추돌 - 진행중,안전거리미확보,습기,비,단일로 - 기타,승용,남,74세,상해없음,화물,남,24세,상해없음
2013031300100282,2013년 3월 13일 12시,수요일,대구광역시 달서구 두류동,경상사고,0,0,3,0,차대차 - 측면직각충돌,안전운전불이행,습기,흐림,단일로 - 기타,승용,남,73세,경상,승용,남,25세,경상
2013031300100301,2013년 3월 13일 13시,수요일,대구광역시 동구 동호동,경상사고,0,0,2,0,차대차 - 기타,안전운전불이행,건조,맑음,단일로 - 기타,화물,남,44세,상해없음,승용,남,61세,경상
2013031300100327,2013년 3월 13일 14시,수요일,대구광역시 남구 대명동,부상신고사고,0,0,0,1,차대사람 - 기타,안전운전불이행,건조,맑음,단일로 - 기타,승합,남,62세,상해없음,보행자,남,52세,부상신고
2013031300100328,2013년 3월 13일 14시,수요일,대구광역시 수성구 노변동,경상사고,0,0,1,0,차대차 - 기타,안전운전불이행,건조,맑음,단일로 - 기타,승용,남,51세,상해없음,승용,여,53세,경상
2013031300100356,2013년 3월 13일 15시,수요일,대구광역시 수성구 중동,경상사고,0,0,1,0,차대차 - 추돌 - 진행중,차로위반,건조,맑음,단일로 - 기타,승용,남,77세,상해없음,승용,남,36세,경상
2013031300100375,2013년 3월 13일 16시,수요일,대구광역시 동구 검사동,경상사고,0,0,3,0,차대차 - 추돌 - 진행중,안전거리미확보,건조,맑음,단일로 - 기타,화물,남,54세,상해없음,승용,남,28세,경상
2013031300100378,2013년 3월 13일 16시,수요일,대구광역시 남구 대명동,중상사고,0,1,0,0,차대사람 - 횡단중,안전운전불이행,건조,맑음,단일로 - 횡단보도부근,화물,남,51세,상해없음,보행자,남,15세,중상
2013031300100379,2013년 3월 13일 16시,수요일,대구광역시 달성군 논공읍,중상사고,0,1,0,0,차대차 - 추돌 - 주정차중,안전운전불이행,건조,맑음,단일로 - 기타,화물,남,48세,상해없음,승용,남,31세,중상
2013031300100380,2013년 3월 13일 16시,수요일,대구광역시 중구 상서동,경상사고,0,0,1,0,차대차 - 기타,교차로운행방법위반,건조,맑음,교차로 - 교차로안,승용,남,75세,상해없음,승합,남,34세,상해없음
2013031300100415,2013년 3월 13일 17시,수요일,대구광역시 남구 대명동,중상사고,0,1,0,0,차대사람 - 기타,기타,건조,맑음,단일로 - 기타,승합,남,29세,상해없음,보행자,여,53세,중상
2013031300100416,2013년 3월 13일 17시,수요일,대구광역시 달서구 송현동,중상사고,0,1,0,0,차대차 - 측면직각충돌,교차로운행방법위반,건조,맑음,교차로 - 교차로안,승용,남,54세,상해없음,승용,여,50세,중상
2013031300100417,2013년 3월 13일 17시,수요일,대구광역시 북구 읍내동,중상사고,0,1,0,0,차대사람 - 기타,안전운전불이행,건조,흐림,단일로 - 기타,승용,여,59세,상해없음,보행자,남,17세,중상
2013031300100418,2013년 3월 13일 17시,수요일,대구광역시 중구 서문로1가,경상사고,0,0,1,0,차대차 - 추돌 - 진행중,차로위반,건조,맑음,단일로 - 기타,승용,남,40세,상해없음,승용,남,50세,경상
2013031300100478,2013년 3월 13일 19시,수요일,대구광역시 동구 신천동,경상사고,0,0,1,0,차대차 - 추돌 - 주정차중,안전운전불이행,건조,맑음,교차로 - 교차로부근,승용,남,46세,상해없음,승용,남,37세,경상
2013031300100479,2013년 3월 13일 19시,수요일,대구광역시 수성구 범어동,경상사고,0,0,1,0,차대차 - 기타,안전운전불이행,건조,맑음,단일로 - 기타,승용,여,27세,상해없음,승용,남,33세,경상
2013031300100506,2013년 3월 13일 20시,수요일,대구광역시 달서구 월암동,경상사고,0,0,1,0,차대차 - 추돌 - 주정차중,안전운전불이행,건조,흐림,교차로 - 교차로안,승용,남,42세,상해없음,승용,남,38세,경상
2013031300100507,2013년 3월 13일 20시,수요일,대구광역시 중구 남산동,중상사고,0,1,0,0,차대사람 - 길가장자리구역통행중,안전운전불이행,건조,맑음,단일로 - 기타,승용,남,36세,상해없음,보행자,여,45세,중상
2013031300100534,2013년 3월 13일 21시,수요일,대구광역시 달서구 상인동,중상사고,0,1,0,0,차대사람 - 기타,보행자보호의무위반,건조,맑음,단일로 - 횡단보도상,이륜,남,24세,상해없음,보행자,여,62세,중상
2013031300100535,2013년 3월 13일 21시,수요일,대구광역시 서구 내당동,중상사고,0,1,0,0,차량단독 - 기타,안전운전불이행,습기,비,교차로 - 교차로안,이륜,남,48세,중상,,,,
2013031300100558,2013년 3월 13일 22시,수요일,대구광역시 남구 대명동,경상사고,0,0,1,0,차대차 - 추돌 - 주정차중,안전운전불이행,습기,비,교차로 - 교차로안,승용,남,22세,상해없음,승용,남,42세,경상
2013031300100559,2013년 3월 13일 22시,수요일,대구광역시 동구 신암동,부상신고사고,0,0,0,1,차대차 - 기타,안전운전불이행,습기,비,교차로 - 교차로안,이륜,남,50세,부상신고,승용,남,49세,상해없음
2013031300100560,2013년 3월 13일 22시,수요일,대구광역시 동구 신서동,경상사고,0,0,1,0,차대차 - 기타,안전운전불이행,습기,비,교차로 - 교차로부근,승용,남,19세,경상,화물,남,61세,상해없음
2013031300100561,2013년 3월 13일 22시,수요일,대구광역시 북구 산격동,경상사고,0,0,1,0,차대차 - 추돌 - 주정차중,안전운전불이행,건조,맑음,단일로 - 기타,승용,남,47세,상해없음,승용,남,34세,경상
2013031300100562,2013년 3월 13일 22시,수요일,대구광역시 서구 평리동,경상사고,0,0,1,0,차대사람 - 차도통행중,안전운전불이행,건조,맑음,단일로 - 기타,이륜,남,38세,상해없음,보행자,남,42세,경상
2013031300100591,2013년 3월 13일 23시,수요일,대구광역시 달서구 상인동,경상사고,0,0,2,0,차대차 - 측면직각충돌,안전거리미확보,건조,맑음,단일로 - 기타,승용,여,51세,상해없음,승용,남,45세,상해없음
2013031300100592,2013년 3월 13일 23시,수요일,대구광역시 달성군 화원읍,사망사고,1,0,0,0,차량단독 - 공작물충돌,안전운전불이행,건조,흐림,단일로 - 기타,이륜,남,57세,사망,,,,
2013031400100066,2013년 3월 14일 03시,목요일,대구광역시 동구 용계동,중상사고,0,1,0,0,차대사람 - 횡단중,안전운전불이행,건조,맑음,교차로 - 교차로안,승용,남,38세,상해없음,보행자,남,23세,중상
2013031400100067,2013년 3월 14일 03시,목요일,대구광역시 달서구 본동,중상사고,0,1,0,0,차대차 - 추돌 - 주정차중,안전운전불이행,건조,맑음,교차로 - 교차로부근,승용,남,41세,상해없음,승용,남,59세,중상
2013031400100068,2013년 3월 14일 03시,목요일,대구광역시 중구 대봉동,중상사고,0,1,0,0,차대차 - 측면직각충돌,차로위반,건조,맑음,단일로 - 기타,승용,여,39세,상해없음,승용,남,52세,중상
2013031400100120,2013년 3월 14일 07시,목요일,대구광역시 북구 태전동,중상사고,0,1,0,0,차대차 - 기타,직진우회전진행방해,건조,맑음,교차로 - 교차로안,승용,남,33세,상해없음,이륜,남,46세,중상
2013031400100161,2013년 3월 14일 08시,목요일,대구광역시 수성구 만촌동,경상사고,0,0,1,0,차대사람 - 횡단중,안전운전불이행,건조,맑음,단일로 - 횡단보도부근,승합,남,52세,기타불명,보행자,남,9세,경상
2013031400100162,2013년 3월 14일 08시,목요일,대구광역시 동구 효목동,경상사고,0,0,1,0,차대차 - 기타,안전운전불이행,건조,맑음,단일로 - 기타,승용,남,35세,상해없음,승용,남,59세,경상
2013031400100163,2013년 3월 14일 08시,목요일,대구광역시 중구 태평로1가,경상사고,0,0,2,0,차대차 - 기타,안전운전불이행,건조,맑음,교차로 - 교차로부근,승용,여,57세,경상,승용,남,60세,경상
2013031400100184,2013년 3월 14일 09시,목요일,대구광역시 수성구 수성동4가,경상사고,0,0,2,0,차대차 - 측면직각충돌,안전운전불이행,건조,맑음,교차로 - 교차로부근,승용,여,31세,상해없음,이륜,남,29세,경상
2013031400100185,2013년 3월 14일 09시,목요일,대구광역시 북구 칠성동1가,경상사고,0,0,1,0,차대차 - 기타,안전운전불이행,건조,맑음,교차로 - 교차로부근,화물,남,38세,상해없음,원동기,남,51세,경상
2013031400100202,2013년 3월 14일 10시,목요일,대구광역시 동구 용수동,경상사고,0,0,1,0,차대차 - 기타,안전거리미확보,건조,맑음,단일로 - 기타,승용,남,44세,상해없음,승용,여,51세,상해없음
2013031400100203,2013년 3월 14일 10시,목요일,대구광역시 서구 원대동1가,경상사고,0,0,1,0,차대차 - 기타,안전운전불이행,건조,맑음,단일로 - 기타,이륜,남,67세,상해없음,자전거,여,21세,경상
2013031400100250,2013년 3월 14일 12시,목요일,대구광역시 달성군 논공읍,경상사고,0,0,2,0,차대차 - 기타,안전운전불이행,건조,맑음,교차로 - 교차로안,승용,남,34세,경상,건설기계,남,45세,상해없음
2013031400100251,2013년 3월 14일 12시,목요일,대구광역시 중구 교동,중상사고,0,1,0,0,차대사람 - 기타,안전운전불이행,건조,맑음,단일로 - 기타,승용,여,40세,상해없음,보행자,남,28세,중상
2013031400100252,2013년 3월 14일 12시,목요일,대구광역시 달서구 두류동,경상사고,0,0,1,0,차대차 - 측면직각충돌,직진우회전진행방해,건조,맑음,교차로 - 교차로부근,승용,남,49세,상해없음,승용,여,32세,경상
2013031400100385,2013년 3월 14일 17시,목요일,대구광역시 달서구 본동,중상사고,0,1,0,0,차대차 - 측면직각충돌,교차로운행방법위반,건조,맑음,교차로 - 교차로안,승용,여,58세,중상,승합,남,52세,상해없음
2013031400100459,2013년 3월 14일 19시,목요일,대구광역시 남구 봉덕동,경상사고,0,0,1,0,차대차 - 측면직각충돌,중앙선침범,건조,맑음,단일로 - 기타,승용,남,42세,상해없음,이륜,남,39세,경상
2013031400100460,2013년 3월 14일 19시,목요일,대구광역시 동구 신기동,경상사고,0,0,1,0,차대차 - 기타,안전운전불이행,건조,맑음,교차로 - 교차로안,승용,여,49세,상해없음,이륜,남,25세,경상
2013031400100461,2013년 3월 14일 19시,목요일,대구광역시 달서구 도원동,경상사고,0,0,1,0,차대차 - 추돌 - 진행중,안전운전불이행,건조,맑음,단일로 - 기타,승용,기타불명,기타불명,기타불명,이륜,남,71세,경상
2013031400100462,2013년 3월 14일 19시,목요일,대구광역시 북구 읍내동,경상사고,0,0,1,0,차대사람 - 횡단중,보행자보호의무위반,건조,맑음,단일로 - 횡단보도상,승용,기타불명,기타불명,기타불명,보행자,남,11세,경상
2013031400100490,2013년 3월 14일 20시,목요일,대구광역시 남구 대명동,중상사고,0,1,0,0,차대사람 - 횡단중,안전운전불이행,건조,맑음,단일로 - 기타,승용,남,26세,상해없음,보행자,남,59세,중상
2013031400100491,2013년 3월 14일 20시,목요일,대구광역시 달서구 진천동,중상사고,0,1,0,0,차대차 - 기타,신호위반,건조,맑음,교차로 - 교차로부근,이륜,남,16세,중상,승용,남,32세,상해없음
2013031400100492,2013년 3월 14일 20시,목요일,대구광역시 북구 복현동,경상사고,0,0,1,0,차대차 - 측면직각충돌,직진우회전진행방해,건조,맑음,교차로 - 교차로안,자전거,남,22세,경상,승용,여,33세,상해없음
2013031400100548,2013년 3월 14일 22시,목요일,대구광역시 북구 동천동,경상사고,0,0,1,0,차대차 - 추돌 - 주정차중,안전운전불이행,건조,맑음,단일로 - 기타,승용,여,46세,상해없음,승합,남,36세,경상
2013031400100580,2013년 3월 14일 23시,목요일,대구광역시 수성구 시지동,중상사고,0,1,0,0,차대차 - 기타,안전운전불이행,건조,맑음,단일로 - 기타,승합,남,52세,상해없음,화물,남,31세,상해없음
2013031400100581,2013년 3월 14일 23시,목요일,대구광역시 달서구 상인동,중상사고,0,1,0,0,차대차 - 기타,차로위반,건조,맑음,단일로 - 기타,승용,남,52세,상해없음,이륜,남,19세,중상
2013031500100010,2013년 3월 15일 00시,금요일,대구광역시 수성구 지산동,중상사고,0,1,0,0,차대차 - 기타,안전운전불이행,건조,맑음,단일로 - 기타,승용,남,39세,상해없음,승용,남,56세,중상
2013031500100011,2013년 3월 15일 00시,금요일,대구광역시 북구 칠성동1가,경상사고,0,0,2,0,차대차 - 측면직각충돌,안전운전불이행,건조,맑음,교차로 - 교차로부근,화물,남,34세,상해없음,승용,남,52세,경상
2013031500100024,2013년 3월 15일 01시,금요일,대구광역시 달서구 성당동,경상사고,0,0,1,0,차대차 - 추돌 - 주정차중,안전운전불이행,건조,맑음,단일로 - 기타,승용,남,31세,상해없음,승용,남,52세,경상
2013031500100105,2013년 3월 15일 07시,금요일,대구광역시 남구 대명동,중상사고,0,1,0,0,차대차 - 기타,안전거리미확보,건조,맑음,단일로 - 기타,화물,남,36세,상해없음,이륜,남,23세,중상
2013031500100106,2013년 3월 15일 07시,금요일,대구광역시 동구 율하동,경상사고,0,0,1,0,차대사람 - 기타,안전운전불이행,건조,맑음,단일로 - 기타,승용,여,40세,상해없음,보행자,남,71세,경상
2013031500100107,2013년 3월 15일 07시,금요일,대구광역시 동구 율하동,경상사고,0,0,6,0,차대차 - 기타,안전운전불이행,건조,맑음,단일로 - 기타,승용,남,27세,상해없음,승합,남,41세,경상
2013031500100108,2013년 3월 15일 07시,금요일,대구광역시 달서구 월성동,경상사고,0,0,1,0,차대차 - 추돌 - 진행중,안전운전불이행,건조,맑음,교차로 - 교차로안,승용,남,57세,상해없음,자전거,남,43세,경상
2013031500100151,2013년 3월 15일 08시,금요일,대구광역시 동구 효목동,중상사고,0,1,0,1,차대차 - 추돌 - 진행중,안전운전불이행,건조,맑음,단일로 - 기타,승용,남,77세,부상신고,승합,남,32세,상해없음
2013031500100152,2013년 3월 15일 08시,금요일,대구광역시 북구 고성동3가,경상사고,0,0,1,0,차대차 - 기타,안전거리미확보,건조,맑음,교차로 - 교차로부근,승용,남,35세,상해없음,승용,여,24세,경상
2013031500100153,2013년 3월 15일 08시,금요일,대구광역시 서구 비산동,경상사고,0,0,2,0,차대차 - 측면직각충돌,안전거리미확보,건조,맑음,단일로 - 기타,승용,남,38세,상해없음,승용,남,65세,경상
2013031500100154,2013년 3월 15일 08시,금요일,대구광역시 중구 동인동2가,경상사고,0,0,1,0,차대차 - 기타,안전거리미확보,건조,맑음,단일로 - 기타,승용,남,28세,상해없음,승용,여,35세,경상
2013031500100188,2013년 3월 15일 09시,금요일,대구광역시 북구 태전동,중상사고,0,2,0,0,차대차 - 기타,신호위반,건조,맑음,교차로 - 교차로안,승합,남,51세,상해없음,승용,여,41세,중상
2013031500100189,2013년 3월 15일 09시,금요일,대구광역시 북구 산격동,경상사고,0,0,1,0,차대차 - 기타,안전거리미확보,건조,맑음,단일로 - 기타,화물,남,45세,상해없음,승합,남,40세,경상
2013031500100190,2013년 3월 15일 09시,금요일,대구광역시 달서구 감삼동,중상사고,0,1,0,0,차량단독 - 기타,기타,건조,맑음,단일로 - 기타,승합,남,50세,상해없음,,,,
2013031500100207,2013년 3월 15일 10시,금요일,대구광역시 수성구 만촌동,경상사고,0,0,1,0,차대차 - 추돌 - 주정차중,안전운전불이행,건조,맑음,단일로 - 기타,화물,남,42세,상해없음,화물,남,31세,경상
2013031500100226,2013년 3월 15일 11시,금요일,대구광역시 동구 율하동,경상사고,0,0,1,0,차대차 - 기타,교차로운행방법위반,건조,맑음,교차로 - 교차로안,승용,여,39세,상해없음,건설기계,남,43세,경상
2013031500100265,2013년 3월 15일 13시,금요일,대구광역시 남구 대명동,경상사고,0,0,1,0,차대차 - 추돌 - 주정차중,안전거리미확보,건조,맑음,교차로 - 교차로안,승용,남,69세,상해없음,승용,남,56세,경상
2013031500100266,2013년 3월 15일 13시,금요일,대구광역시 서구 평리동,경상사고,0,0,1,0,차대사람 - 기타,보행자보호의무위반,건조,맑음,단일로 - 기타,승용,여,50세,상해없음,보행자,남,24세,경상
2013031500100334,2013년 3월 15일 15시,금요일,대구광역시 수성구 범어동,중상사고,0,1,0,0,차량단독 - 기타,안전운전불이행,건조,맑음,단일로 - 기타,승합,남,60세,상해없음,,,,
2013031500100335,2013년 3월 15일 15시,금요일,대구광역시 달서구 성당동,중상사고,0,1,0,0,차대사람 - 기타,안전운전불이행,건조,맑음,단일로 - 기타,승용,여,38세,상해없음,보행자,여,68세,중상
2013031500100418,2013년 3월 15일 18시,금요일,대구광역시 동구 효목동,중상사고,0,1,0,0,차대사람 - 횡단중,보행자보호의무위반,건조,맑음,단일로 - 횡단보도상,승용,남,52세,상해없음,보행자,남,12세,중상
2013031500100419,2013년 3월 15일 18시,금요일,대구광역시 수성구 중동,경상사고,0,0,1,0,차대차 - 추돌 - 진행중,교차로운행방법위반,건조,맑음,교차로 - 교차로안,승용,여,53세,상해없음,자전거,여,28세,경상
2013031500100459,2013년 3월 15일 19시,금요일,대구광역시 수성구 지산동,경상사고,0,0,1,0,차대차 - 추돌 - 진행중,안전거리미확보,건조,맑음,교차로 - 교차로부근,승용,여,27세,상해없음,승용,여,38세,경상
2013031500100502,2013년 3월 15일 20시,금요일,대구광역시 수성구 수성동1가,경상사고,0,0,2,0,차대차 - 추돌 - 진행중,안전운전불이행,건조,맑음,단일로 - 기타,승용,여,33세,상해없음,승용,여,37세,경상
2013031500100527,2013년 3월 15일 21시,금요일,대구광역시 달서구 두류동,중상사고,0,1,0,0,차대차 - 측면직각충돌,안전운전불이행,건조,맑음,교차로 - 교차로부근,승용,남,58세,상해없음,이륜,남,18세,중상
2013031500100567,2013년 3월 15일 22시,금요일,대구광역시 수성구 중동,중상사고,0,1,1,0,차대차 - 기타,중앙선침범,건조,흐림,기타 - 기타,승용,남,41세,상해없음,승용,남,44세,중상
2013031500100568,2013년 3월 15일 22시,금요일,대구광역시 수성구 상동,중상사고,0,1,1,0,차대차 - 기타,기타,건조,맑음,단일로 - 기타,승용,여,34세,상해없음,자전거,여,24세,중상
2013031500100593,2013년 3월 15일 23시,금요일,대구광역시 달서구 송현동,경상사고,0,0,1,0,차대사람 - 기타,안전운전불이행,건조,맑음,단일로 - 기타,승용,남,27세,상해없음,보행자,남,46세,경상
2013031500100594,2013년 3월 15일 23시,금요일,대구광역시 북구 칠성동2가,중상사고,0,1,1,0,차대사람 - 횡단중,안전운전불이행,건조,맑음,교차로 - 교차로안,승용,남,62세,상해없음,보행자,여,42세,중상
2013031500100595,2013년 3월 15일 23시,금요일,대구광역시 북구 관음동,부상신고사고,0,0,0,1,차대차 - 측면직각충돌,안전운전불이행,건조,맑음,교차로 - 교차로부근,이륜,남,78세,부상신고,화물,남,44세,상해없음
2013031500100596,2013년 3월 15일 23시,금요일,대구광역시 달서구 감삼동,경상사고,0,0,3,0,차대차 - 측면직각충돌,안전거리미확보,건조,맑음,단일로 - 기타,승용,남,43세,경상,승용,남,29세,경상
2013031600100019,2013년 3월 16일 00시,토요일,대구광역시 남구 대명동,경상사고,0,0,1,0,차대차 - 추돌 - 주정차중,안전거리미확보,건조,맑음,교차로 - 교차로안,승용,남,58세,상해없음,승용,남,57세,경상
2013031600100020,2013년 3월 16일 00시,토요일,대구광역시 달서구 이곡동,중상사고,0,1,0,0,차대차 - 기타,안전운전불이행,건조,맑음,교차로 - 교차로부근,승용,여,42세,상해없음,승용,남,47세,중상
2013031600100043,2013년 3월 16일 01시,토요일,대구광역시 남구 봉덕동,경상사고,0,0,3,0,차대차 - 추돌 - 진행중,안전운전불이행,건조,맑음,단일로 - 기타,승용,남,40세,상해없음,승용,남,53세,경상
2013031600100044,2013년 3월 16일 01시,토요일,대구광역시 수성구 상동,중상사고,0,2,0,0,차대차 - 측면직각충돌,교차로운행방법위반,건조,맑음,교차로 - 교차로안,승용,남,25세,중상,승용,남,53세,중상
2013031600100080,2013년 3월 16일 04시,토요일,대구광역시 수성구 중동,사망사고,1,0,0,0,차대사람 - 횡단중,안전운전불이행,건조,맑음,교차로 - 교차로안,승용,남,28세,상해없음,보행자,여,51세,사망
2013031600100115,2013년 3월 16일 07시,토요일,대구광역시 수성구 지산동,중상사고,0,2,0,0,차대차 - 측면직각충돌,기타,건조,맑음,교차로 - 교차로안,승용,여,49세,중상,승용,여,53세,중상
2013031600100138,2013년 3월 16일 08시,토요일,대구광역시 동구 율하동,경상사고,0,0,3,0,차대차 - 추돌 - 진행중,안전운전불이행,건조,맑음,교차로 - 교차로부근,승용,남,65세,상해없음,승용,남,41세,경상
2013031600100139,2013년 3월 16일 08시,토요일,대구광역시 달성군 옥포면,경상사고,0,0,1,0,차대차 - 기타,안전운전불이행,건조,맑음,교차로 - 교차로안,승용,남,58세,상해없음,승용,남,30세,경상
2013031600100155,2013년 3월 16일 09시,토요일,대구광역시 북구 복현동,경상사고,0,0,1,0,차대차 - 추돌 - 진행중,안전운전불이행,건조,맑음,단일로 - 기타,승용,남,44세,상해없음,승용,남,52세,경상
2013031600100156,2013년 3월 16일 09시,토요일,대구광역시 달서구 이곡동,경상사고,0,0,1,0,차대차 - 기타,안전운전불이행,건조,맑음,단일로 - 횡단보도상,승용,여,59세,상해없음,자전거,남,55세,경상
2013031600100191,2013년 3월 16일 11시,토요일,대구광역시 남구 대명동,중상사고,0,1,0,0,차대사람 - 기타,안전운전불이행,건조,맑음,단일로 - 기타,승용,여,39세,상해없음,보행자,남,55세,중상
2013031600100192,2013년 3월 16일 11시,토요일,대구광역시 수성구 수성동1가,경상사고,0,0,1,0,차대차 - 측면직각충돌,안전운전불이행,건조,맑음,단일로 - 기타,승용,남,75세,상해없음,승용,남,37세,경상
2013031600100193,2013년 3월 16일 11시,토요일,대구광역시 달서구 용산동,중상사고,0,1,1,0,차대차 - 기타,기타,건조,맑음,단일로 - 기타,승용,여,54세,상해없음,승용,남,29세,중상
2013031600100264,2013년 3월 16일 14시,토요일,대구광역시 중구 봉산동,경상사고,0,0,1,0,차대차 - 기타,안전운전불이행,건조,기타,기타 - 기타,화물,남,53세,경상,승용,남,42세,상해없음
2013031600100290,2013년 3월 16일 15시,토요일,대구광역시 수성구 범어동,중상사고,0,1,0,0,차대사람 - 횡단중,안전운전불이행,건조,맑음,교차로 - 교차로부근,승용,여,44세,상해없음,보행자,여,63세,중상
2013031600100291,2013년 3월 16일 15시,토요일,대구광역시 달서구 용산동,경상사고,0,0,1,0,차대차 - 측면직각충돌,신호위반,건조,맑음,교차로 - 교차로안,화물,남,56세,상해없음,승용,남,56세,경상
2013031600100316,2013년 3월 16일 16시,토요일,대구광역시 동구 효목동,중상사고,0,1,0,0,차대사람 - 기타,안전운전불이행,건조,맑음,단일로 - 기타,승용,남,34세,상해없음,보행자,남,14세,중상