사고번호,사고일시,요일,시군구,사고내용,사망자수,중상자수,경상자수,부상신고자수,사고유형,법규위반,노면상태,기상상태,도로형태,가해운전자 차종,가해운전자 성별,가해운전자 연령,가해운전자 상해정도,피해운전자 차종,피해운전자 성별,피해운전자 연령,피해운전자 상해정도
2013032600100216,2013년 3월 26일 11시,화요일,대구광역시 중구 동인동4가,경상사고,0,0,1,1,차량단독 - 기타,안전운전불이행,건조,맑음,단일로 - 기타,승용,남,56세,부상신고,,,,
2013032600100258,2013년 3월 26일 13시,화요일,대구광역시 수성구 범어동,경상사고,0,0,1,0,차대사람 - 기타,안전운전불이행,건조,맑음,단일로 - 기타,승용,여,56세,상해없음,보행자,여,54세,경상
2013032600100259,2013년 3월 26일 13시,화요일,대구광역시 중구 남산동,중상사고,0,2,0,0,차대차 - 측면직각충돌,안전운전불이행,건조,맑음,교차로 - 교차로안,원동기,남,78세,중상,화물,남,30세,중상
2013032600100277,2013년 3월 26일 14시,화요일,대구광역시 동구 효목동,경상사고,0,0,1,0,차대사람 - 차도통행중,안전운전불이행,건조,맑음,단일로 - 기타,승용,남,74세,상해없음,보행자,남,74세,경상
2013032600100278,2013년 3월 26일 14시,화요일,대구광역시 북구 복현동,경상사고,0,0,1,0,차대사람 - 횡단중,신호위반,건조,맑음,단일로 - 횡단보도상,승용,남,57세,상해없음,보행자,남,7세,경상
2013032600100279,2013년 3월 26일 14시,화요일,대구광역시 서구 내당동,중상사고,0,1,0,1,차대차 - 기타,안전운전불이행,건조,맑음,단일로 - 기타,승용,남,52세,부상신고,승용,남,27세,중상
2013032600100302,2013년 3월 26일 15시,화요일,대구광역시 동구 율하동,중상사고,0,1,1,0,차대차 - 측면직각충돌,교차로운행방법위반,건조,맑음,교차로 - 교차로안,특수,남,56세,경상,승용,여,38세,중상
2013032600100324,2013년 3월 26일 16시,화요일,대구광역시 수성구 중동,부상신고사고,0,0,0,1,차대차 - 기타,안전운전불이행,건조,맑음,단일로 - 기타,이륜,남,22세,부상신고,화물,남,40세,상해없음
2013032600100325,2013년 3월 26일 16시,화요일,대구광역시 달서구 본동,경상사고,0,0,1,0,차대차 - 기타,안전운전불이행,건조,맑음,단일로 - 기타,승용,남,54세,상해없음,이륜,남,86세,경상
2013032600100326,2013년 3월 26일 16시,화요일,대구광역시 북구 노원동1가,경상사고,0,0,1,0,차대차 - 기타,안전운전불이행,건조,맑음,교차로 - 교차로부근,화물,남,56세,상해없음,자전거,여,20세,경상
2013032600100327,2013년 3월 26일 16시,화요일,대구광역시 달서구 이곡동,경상사고,0,0,3,0,차대사람 - 횡단중,보행자보호의무위반,건조,맑음,단일로 - 횡단보도상,화물,남,32세,상해없음,보행자,여,13세,경상
2013032600100358,2013년 3월 26일 17시,화요일,대구광역시 동구 신암동,중상사고,0,1,0,0,차대사람 - 기타,안전운전불이행,건조,맑음,단일로 - 기타,기타불명,남,69세,상해없음,보행자,여,79세,중상
2013032600100359,2013년 3월 26일 17시,화요일,대구광역시 북구 읍내동,경상사고,0,0,1,0,차대차 - 기타,차로위반,건조,맑음,단일로 - 기타,자전거,남,77세,경상,승용,여,50세,상해없음
2013032600100360,2013년 3월 26일 17시,화요일,대구광역시 중구 대신동,중상사고,0,1,0,0,차대차 - 기타,안전운전불이행,건조,맑음,단일로 - 기타,승용,여,55세,상해없음,승용,여,58세,중상
2013032600100392,2013년 3월 26일 18시,화요일,대구광역시 북구 산격동,경상사고,0,0,1,0,차대사람 - 기타,기타,건조,맑음,단일로 - 기타,승합,남,52세,상해없음,보행자,여,72세,경상
2013032600100393,2013년 3월 26일 18시,화요일,대구광역시 북구 산격동,경상사고,0,0,3,0,차대차 - 추돌 - 진행중,안전운전불이행,건조,맑음,교차로 - 교차로부근,승합,남,58세,상해없음,승용,남,62세,경상
2013032600100430,2013년 3월 26일 19시,화요일,대구광역시 북구 동변동,중상사고,0,1,0,0,차대차 - 추돌 - 진행중,안전거리미확보,건조,맑음,단일로 - 기타,승합,남,38세,상해없음,원동기,남,42세,중상
2013032600100431,2013년 3월 26일 19시,화요일,대구광역시 중구 달성동,경상사고,0,0,1,0,차대차 - 기타,안전운전불이행,건조,맑음,단일로 - 기타,이륜,남,16세,상해없음,승용,남,38세,상해없음
2013032600100459,2013년 3월 26일 20시,화요일,대구광역시 달서구 상인동,중상사고,0,1,0,0,차대사람 - 횡단중,안전운전불이행,건조,맑음,교차로 - 교차로부근,승용,남,30세,상해없음,보행자,남,24세,중상
2013032600100460,2013년 3월 26일 20시,화요일,대구광역시 달성군 옥포면,경상사고,0,0,1,0,차대차 - 측면직각충돌,안전운전불이행,건조,맑음,교차로 - 교차로부근,승용,남,61세,상해없음,승용,남,38세,상해없음
2013032600100528,2013년 3월 26일 22시,화요일,대구광역시 달서구 대곡동,경상사고,0,0,1,0,차대차 - 기타,안전운전불이행,건조,맑음,단일로 - 기타,승용,남,54세,상해없음,자전거,여,43세,경상
2013032700100026,2013년 3월 27일 00시,수요일,대구광역시 수성구 황금동,사망사고,1,0,0,0,차대사람 - 횡단중,과속,건조,맑음,단일로 - 횡단보도상,승용,남,36세,상해없음,보행자,남,39세,사망
2013032700100027,2013년 3월 27일 00시,수요일,대구광역시 북구 침산동,경상사고,0,0,1,0,차대차 - 추돌 - 진행중,안전거리미확보,건조,맑음,교차로 - 교차로안,승용,남,46세,상해없음,승용,남,40세,경상
2013032700100067,2013년 3월 27일 05시,수요일,대구광역시 서구 내당동,경상사고,0,0,1,0,차대차 - 측면직각충돌,안전운전불이행,건조,맑음,단일로 - 기타,승용,남,38세,기타불명,승용,남,55세,경상
2013032700100127,2013년 3월 27일 08시,수요일,대구광역시 남구 봉덕동,경상사고,0,0,1,0,차대차 - 기타,안전운전불이행,건조,맑음,단일로 - 기타,승용,남,24세,상해없음,자전거,남,77세,경상
2013032700100128,2013년 3월 27일 08시,수요일,대구광역시 북구 읍내동,사망사고,1,0,0,0,차대사람 - 횡단중,안전운전불이행,건조,맑음,단일로 - 횡단보도부근,승합,남,50세,상해없음,보행자,남,83세,사망
2013032700100156,2013년 3월 27일 10시,수요일,대구광역시 동구 효목동,경상사고,0,0,1,0,차대사람 - 기타,안전운전불이행,건조,맑음,기타 - 기타,화물,남,43세,상해없음,보행자,남,22세,경상
2013032700100157,2013년 3월 27일 10시,수요일,대구광역시 동구 신암동,경상사고,0,0,2,0,차대차 - 추돌 - 주정차중,불법유턴,건조,맑음,기타 - 기타,승용,남,76세,상해없음,승용,여,28세,경상
2013032700100158,2013년 3월 27일 10시,수요일,대구광역시 북구 학정동,경상사고,0,0,1,0,차대사람 - 기타,보행자보호의무위반,건조,맑음,단일로 - 횡단보도상,승용,여,38세,상해없음,보행자,남,40세,경상
2013032700100159,2013년 3월 27일 10시,수요일,대구광역시 북구 대현동,경상사고,0,0,1,0,차대차 - 측면직각충돌,불법유턴,건조,맑음,교차로 - 교차로안,화물,남,45세,상해없음,자전거,남,54세,경상
2013032700100182,2013년 3월 27일 11시,수요일,대구광역시 서구 내당동,경상사고,0,0,1,0,차대차 - 측면직각충돌,직진우회전진행방해,건조,맑음,교차로 - 교차로안,이륜,남,18세,경상,화물,남,29세,상해없음
2013032700100221,2013년 3월 27일 12시,수요일,대구광역시 수성구 지산동,부상신고사고,0,0,0,1,차대사람 - 기타,안전운전불이행,건조,맑음,단일로 - 기타,승용,여,57세,상해없음,보행자,여,38세,부상신고
2013032700100222,2013년 3월 27일 12시,수요일,대구광역시 달서구 송현동,경상사고,0,0,2,0,차대차 - 기타,안전운전불이행,건조,맑음,교차로 - 교차로부근,승용,여,41세,경상,이륜,남,17세,경상
2013032700100223,2013년 3월 27일 12시,수요일,대구광역시 서구 내당동,경상사고,0,0,1,0,차대차 - 기타,안전운전불이행,건조,맑음,교차로 - 교차로부근,승용,여,53세,상해없음,자전거,여,20세,경상
2013032700100246,2013년 3월 27일 13시,수요일,대구광역시 북구 읍내동,부상신고사고,0,0,0,1,차대차 - 기타,안전거리미확보,건조,맑음,교차로 - 교차로부근,화물,남,33세,상해없음,승용,남,57세,부상신고
2013032700100268,2013년 3월 27일 14시,수요일,대구광역시 수성구 범어동,중상사고,0,1,0,0,차대차 - 측면직각충돌,안전운전불이행,건조,맑음,단일로 - 기타,승용,남,57세,상해없음,이륜,남,49세,중상
2013032700100269,2013년 3월 27일 14시,수요일,대구광역시 북구 복현동,경상사고,0,0,1,0,차대차 - 기타,안전운전불이행,건조,맑음,단일로 - 횡단보도부근,승용,남,44세,상해없음,승용,남,34세,경상
2013032700100305,2013년 3월 27일 15시,수요일,대구광역시 남구 대명동,경상사고,0,0,2,0,차대차 - 측면직각충돌,안전운전불이행,건조,맑음,교차로 - 교차로안,승용,남,28세,기타불명,승용,남,43세,경상
2013032700100306,2013년 3월 27일 15시,수요일,대구광역시 수성구 범어동,중상사고,0,1,0,0,차대차 - 추돌 - 진행중,신호위반,건조,맑음,단일로 - 기타,승용,남,50세,상해없음,이륜,남,31세,중상
2013032700100340,2013년 3월 27일 16시,수요일,대구광역시 수성구 지산동,경상사고,0,0,1,0,차대사람 - 횡단중,보행자보호의무위반,건조,맑음,단일로 - 기타,화물,남,47세,상해없음,보행자,남,11세,경상
2013032700100380,2013년 3월 27일 17시,수요일,대구광역시 수성구 수성동1가,중상사고,0,1,0,0,차대사람 - 기타,안전운전불이행,건조,맑음,단일로 - 기타,승용,남,73세,상해없음,보행자,여,72세,중상
2013032700100381,2013년 3월 27일 17시,수요일,대구광역시 달서구 송현동,경상사고,0,0,1,0,차대차 - 기타,신호위반,건조,맑음,교차로 - 교차로안,이륜,남,19세,경상,승용,남,58세,상해없음
2013032700100382,2013년 3월 27일 17시,수요일,대구광역시 달성군 화원읍,경상사고,0,0,1,0,차대차 - 기타,안전운전불이행,건조,맑음,교차로 - 교차로안,화물,남,50세,상해없음,승합,남,32세,경상
2013032700100383,2013년 3월 27일 17시,수요일,대구광역시 달성군 현풍면,경상사고,0,0,1,0,차대사람 - 기타,안전운전불이행,건조,맑음,단일로 - 기타,승용,남,35세,상해없음,보행자,남,13세,경상
2013032700100384,2013년 3월 27일 17시,수요일,대구광역시 달서구 감삼동,중상사고,0,1,0,0,차대사람 - 기타,안전운전불이행,건조,맑음,단일로 - 기타,승용,여,45세,상해없음,보행자,여,15세,중상
2013032700100408,2013년 3월 27일 18시,수요일,대구광역시 남구 대명동,중상사고,0,1,3,0,차대차 - 기타,안전운전불이행,건조,맑음,교차로 - 교차로안,승합,남,69세,상해없음,승용,남,67세,경상
2013032700100409,2013년 3월 27일 18시,수요일,대구광역시 동구 서호동,경상사고,0,0,1,0,차대차 - 추돌 - 진행중,안전운전불이행,건조,맑음,단일로 - 기타,화물,남,60세,상해없음,승용,남,53세,경상
2013032700100410,2013년 3월 27일 18시,수요일,대구광역시 서구 비산동,경상사고,0,0,1,0,차대차 - 추돌 - 주정차중,안전운전불이행,건조,맑음,단일로 - 기타,승용,여,47세,상해없음,승용,여,44세,경상
2013032700100443,2013년 3월 27일 19시,수요일,대구광역시 달성군 옥포면,경상사고,0,0,1,0,차대차 - 측면직각충돌,안전거리미확보,건조,맑음,단일로 - 기타,기타불명,기타불명,기타불명,기타불명,승합,남,55세,상해없음
2013032700100450,2013년 3월 27일 19시,수요일,대구광역시 동구 방촌동,경상사고,0,0,2,0,차대차 - 측면직각충돌,안전거리미확보,건조,맑음,단일로 - 기타,승용,여,27세,경상,승용,남,57세,상해없음
2013032700100451,2013년 3월 27일 19시,수요일,대구광역시 달서구 본동,중상사고,0,1,6,0,차대차 - 기타,안전운전불이행,건조,맑음,단일로 - 기타,승용,남,55세,상해없음,승용,남,66세,중상
2013032700100452,2013년 3월 27일 19시,수요일,대구광역시 달서구 대천동,중상사고,0,1,0,0,차대차 - 측면직각충돌,안전운전불이행,건조,맑음,단일로 - 기타,승용,남,34세,상해없음,자전거,여,33세,중상
2013032700100453,2013년 3월 27일 19시,수요일,대구광역시 서구 평리동,경상사고,0,0,1,0,차대차 - 측면직각충돌,불법유턴,건조,맑음,단일로 - 기타,승용,남,42세,상해없음,이륜,남,34세,경상
2013032700100486,2013년 3월 27일 20시,수요일,대구광역시 달서구 이곡동,경상사고,0,0,1,0,차대차 - 측면직각충돌,안전운전불이행,건조,맑음,교차로 - 교차로부근,승용,남,52세,상해없음,승용,남,26세,경상
2013032700100512,2013년 3월 27일 21시,수요일,대구광역시 달성군 화원읍,경상사고,0,0,1,0,차대차 - 기타,안전운전불이행,건조,맑음,교차로 - 교차로부근,승용,남,49세,상해없음,승용,남,29세,경상
2013032700100513,2013년 3월 27일 21시,수요일,대구광역시 중구 동인동2가,경상사고,0,0,3,0,차대차 - 추돌 - 주정차중,안전운전불이행,건조,맑음,교차로 - 교차로부근,승용,남,58세,상해없음,승용,남,32세,경상
2013032700100514,2013년 3월 27일 21시,수요일,대구광역시 달서구 감삼동,중상사고,0,1,0,0,차대사람 - 보도통행중,중앙선침범,건조,맑음,단일로 - 기타,승용,남,41세,상해없음,보행자,여,59세,중상
2013032700100548,2013년 3월 27일 22시,수요일,대구광역시 중구 태평로1가,경상사고,0,0,1,0,차대사람 - 기타,안전운전불이행,건조,맑음,단일로 - 기타,승용,남,50세,상해없음,보행자,남,51세,경상
2013032700100578,2013년 3월 27일 23시,수요일,대구광역시 수성구 상동,경상사고,0,0,1,0,차대차 - 측면직각충돌,안전운전불이행,건조,맑음,교차로 - 교차로부근,승용,남,72세,상해없음,승용,남,44세,경상
2013032700100579,2013년 3월 27일 23시,수요일,대구광역시 서구 비산동,중상사고,0,2,5,0,차대차 - 추돌 - 주정차중,안전거리미확보,건조,맑음,단일로 - 기타,승용,남,37세,상해없음,승용,남,35세,중상
2013032800100015,2013년 3월 28일 00시,목요일,대구광역시 남구 대명동,경상사고,0,0,2,0,차대차 - 추돌 - 주정차중,안전운전불이행,건조,맑음,단일로 - 기타,이륜,남,21세,경상,승용,남,51세,경상
2013032800100016,2013년 3월 28일 00시,목요일,대구광역시 달서구 본동,중상사고,0,1,0,0,차량단독 - 기타,안전운전불이행,건조,맑음,교차로 - 교차로안,이륜,남,36세,중상,,,,
2013032800100034,2013년 3월 28일 01시,목요일,대구광역시 달서구 월성동,경상사고,0,0,1,0,차대차 - 추돌 - 주정차중,안전운전불이행,건조,맑음,교차로 - 교차로부근,승용,남,57세,상해없음,승용,남,66세,경상
2013032800100049,2013년 3월 28일 02시,목요일,대구광역시 달서구 두류동,경상사고,0,0,2,0,차대차 - 기타,안전거리미확보,건조,맑음,단일로 - 기타,승용,남,27세,상해없음,승용,남,56세,경상
2013032800100057,2013년 3월 28일 03시,목요일,대구광역시 달서구 송현동,중상사고,0,1,0,0,차대사람 - 기타,신호위반,건조,맑음,교차로 - 교차로안,승용,남,39세,상해없음,보행자,여,24세,중상
2013032800100058,2013년 3월 28일 03시,목요일,대구광역시 서구 비산동,경상사고,0,0,1,0,차대차 - 측면직각충돌,안전거리미확보,건조,맑음,교차로 - 교차로안,승용,여,23세,상해없음,승용,남,53세,경상
2013032800100065,2013년 3월 28일 04시,목요일,대구광역시 동구 율하동,중상사고,0,1,0,0,차대차 - 측면직각충돌,교차로운행방법위반,건조,맑음,교차로 - 교차로안,승용,여,52세,상해없음,승용,남,58세,중상
2013032800100106,2013년 3월 28일 07시,목요일,대구광역시 달서구 두류동,경상사고,0,0,1,0,차대사람 - 길가장자리구역통행중,안전운전불이행,건조,맑음,단일로 - 기타,승용,남,39세,상해없음,보행자,남,38세,경상
2013032800100142,2013년 3월 28일 08시,목요일,대구광역시 동구 신천동,경상사고,0,0,3,0,차대차 - 추돌 - 진행중,안전운전불이행,건조,맑음,교차로 - 교차로부근,승용,남,27세,상해없음,승용,남,36세,경상
2013032800100143,2013년 3월 28일 08시,목요일,대구광역시 달서구 월성동,경상사고,0,0,1,0,차대차 - 측면직각충돌,직진우회전진행방해,건조,맑음,교차로 - 교차로안,승용,남,54세,상해없음,이륜,남,33세,경상
2013032800100144,2013년 3월 28일 08시,목요일,대구광역시 달서구 본동,부상신고사고,0,0,0,1,차대차 - 기타,안전운전불이행,건조,맑음,단일로 - 기타,화물,남,58세,상해없음,승용,남,53세,부상신고
2013032800100145,2013년 3월 28일 08시,목요일,대구광역시 달서구 죽전동,경상사고,0,0,1,0,차대차 - 측면직각충돌,안전운전불이행,건조,맑음,단일로 - 기타,승용,남,61세,상해없음,자전거,남,59세,경상
2013032800100146,2013년 3월 28일 08시,목요일,대구광역시 달서구 본리동,경상사고,0,0,1,1,차대차 - 측면직각충돌,불법유턴,건조,맑음,단일로 - 기타,승용,남,50세,상해없음,이륜,남,19세,경상
2013032800100179,2013년 3월 28일 09시,목요일,대구광역시 북구 산격동,중상사고,0,1,0,0,차대사람 - 횡단중,보행자보호의무위반,건조,맑음,단일로 - 횡단보도상,승용,여,51세,상해없음,보행자,여,26세,중상
2013032800100218,2013년 3월 28일 11시,목요일,대구광역시 중구 종로1가,중상사고,0,1,0,0,차대차 - 추돌 - 진행중,교차로운행방법위반,건조,맑음,교차로 - 교차로안,승용,여,48세,상해없음,이륜,남,74세,중상
2013032800100247,2013년 3월 28일 12시,목요일,대구광역시 동구 신암동,중상사고,0,1,0,0,차대사람 - 차도통행중,안전운전불이행,건조,맑음,단일로 - 기타,승용,남,72세,상해없음,보행자,여,61세,중상
2013032800100248,2013년 3월 28일 12시,목요일,대구광역시 동구 방촌동,경상사고,0,0,1,0,차대차 - 기타,안전운전불이행,건조,맑음,단일로 - 기타,화물,남,41세,상해없음,자전거,남,69세,경상
2013032800100249,2013년 3월 28일 12시,목요일,대구광역시 달성군 화원읍,중상사고,0,1,0,0,차대차 - 측면직각충돌,신호위반,건조,맑음,교차로 - 교차로안,승용,여,59세,중상,승용,남,46세,상해없음
2013032800100250,2013년 3월 28일 12시,목요일,대구광역시 서구 중리동,중상사고,0,1,0,0,차대차 - 측면직각충돌,안전운전불이행,건조,맑음,단일로 - 기타,이륜,남,45세,중상,이륜,남,48세,상해없음
2013032800100271,2013년 3월 28일 13시,목요일,대구광역시 달서구 이곡동,부상신고사고,0,0,0,1,차대사람 - 기타,안전운전불이행,건조,맑음,단일로 - 기타,화물,기타불명,기타불명,기타불명,보행자,남,24세,부상신고
2013032800100314,2013년 3월 28일 15시,목요일,대구광역시 수성구 황금동,경상사고,0,0,1,0,차대차 - 추돌 - 주정차중,안전운전불이행,건조,맑음,단일로 - 기타,승용,남,46세,상해없음,승용,남,28세,경상
2013032800100345,2013년 3월 28일 16시,목요일,대구광역시 달서구 진천동,중상사고,0,1,1,0,차대차 - 추돌 - 주정차중,안전운전불이행,건조,맑음,단일로 - 기타,승용,남,28세,상해없음,승용,남,28세,경상
2013032800100375,2013년 3월 28일 17시,목요일,대구광역시 달서구 송현동,중상사고,0,1,0,0,차대차 - 측면직각충돌,중앙선침범,건조,맑음,단일로 - 기타,승합,남,68세,상해없음,이륜,남,56세,중상
2013032800100411,2013년 3월 28일 18시,목요일,대구광역시 달서구 본동,경상사고,0,0,1,0,차대차 - 측면직각충돌,신호위반,건조,맑음,교차로 - 교차로안,원동기,남,26세,상해없음,원동기,남,40세,경상
2013032800100412,2013년 3월 28일 18시,목요일,대구광역시 달서구 진천동,중상사고,0,1,0,0,차대차 - 측면직각충돌,신호위반,건조,맑음,단일로 - 횡단보도부근,승용,남,46세,상해없음,자전거,남,12세,중상
2013032800100449,2013년 3월 28일 19시,목요일,대구광역시 달성군 현풍면,경상사고,0,0,2,0,차대차 - 추돌 - 진행중,중앙선침범,건조,맑음,교차로 - 교차로부근,승용,여,50세,기타불명,승용,남,52세,경상
2013032800100475,2013년 3월 28일 20시,목요일,대구광역시 달성군 옥포면,부상신고사고,0,0,0,1,차대사람 - 길가장자리구역통행중,중앙선침범,건조,맑음,단일로 - 기타,승용,기타불명,기타불명,기타불명,보행자,남,21세,부상신고
2013032800100511,2013년 3월 28일 21시,목요일,대구광역시 북구 국우동,중상사고,0,1,0,0,차대차 - 기타,안전운전불이행,건조,맑음,단일로 - 기타,원동기,기타불명,기타불명,기타불명,자전거,여,53세,중상
2013032800100568,2013년 3월 28일 23시,목요일,대구광역시 동구 율하동,경상사고,0,0,1,0,차대사람 - 길가장자리구역통행중,안전운전불이행,건조,맑음,단일로 - 기타,승합,남,45세,상해없음,보행자,여,53세,경상
2013032800100569,2013년 3월 28일 23시,목요일,대구광역시 달서구 용산동,경상사고,0,0,1,0,차대차 - 측면직각충돌,안전거리미확보,건조,맑음,단일로 - 기타,승용,남,31세,상해없음,승용,남,44세,상해없음
2013032900100024,2013년 3월 29일 00시,금요일,대구광역시 수성구 수성동1가,경상사고,0,0,1,0,차대차 - 정면충돌,중앙선침범,건조,맑음,단일로 - 기타,승용,남,33세,상해없음,승용,남,40세,경상
2013032900100039,2013년 3월 29일 01시,금요일,대구광역시 달성군 논공읍,경상사고,0,0,2,0,차대차 - 측면직각충돌,안전운전불이행,건조,맑음,교차로 - 교차로안,승용,남,44세,경상,승용,여,43세,경상
2013032900100050,2013년 3월 29일 02시,금요일,대구광역시 북구 침산동,중상사고,0,1,0,0,차대차 - 추돌 - 주정차중,안전운전불이행,건조,맑음,단일로 - 기타,승용,남,33세,중상,승용,여,48세,상해없음
2013032900100113,2013년 3월 29일 07시,금요일,대구광역시 달서구 송현동,경상사고,0,0,1,0,차대차 - 추돌 - 진행중,차로위반,건조,맑음,단일로 - 기타,승용,남,55세,상해없음,승용,남,43세,경상
2013032900100149,2013년 3월 29일 08시,금요일,대구광역시 수성구 수성동2가,경상사고,0,0,2,0,차대차 - 측면직각충돌,안전운전불이행,건조,맑음,교차로 - 교차로안,승용,남,44세,경상,승용,남,59세,경상
2013032900100150,2013년 3월 29일 08시,금요일,대구광역시 북구 구암동,경상사고,0,0,1,0,차대차 - 기타,신호위반,건조,맑음,단일로 - 기타,승용,여,37세,상해없음,자전거,남,13세,경상
2013032900100151,2013년 3월 29일 08시,금요일,대구광역시 서구 평리동,중상사고,0,1,0,0,차대사람 - 횡단중,보행자보호의무위반,건조,맑음,단일로 - 횡단보도상,승용,남,31세,상해없음,보행자,여,8세,중상
2013032900100254,2013년 3월 29일 12시,금요일,대구광역시 동구 효목동,중상사고,0,3,0,0,차대차 - 추돌 - 주정차중,안전운전불이행,건조,맑음,단일로 - 기타,승합,남,51세,상해없음,승용,남,58세,중상
2013032900100255,2013년 3월 29일 12시,금요일,대구광역시 북구 산격동,경상사고,0,0,1,0,차대차 - 측면직각충돌,안전운전불이행,건조,맑음,단일로 - 기타,승용,남,28세,상해없음,이륜,남,31세,경상
2013032900100256,2013년 3월 29일 12시,금요일,대구광역시 북구 칠성동1가,중상사고,0,1,0,0,차대차 - 측면직각충돌,안전운전불이행,건조,맑음,단일로 - 기타,화물,남,51세,상해없음,이륜,남,32세,중상
2013032900100278,2013년 3월 29일 13시,금요일,대구광역시 남구 봉덕동,경상사고,0,0,3,0,차대차 - 추돌 - 주정차중,안전거리미확보,건조,맑음,미분류 - 미분류,화물,남,50세,경상,화물,남,53세,상해없음
2013032900100279,2013년 3월 29일 13시,금요일,대구광역시 북구 칠성동1가,경상사고,0,0,1,0,차대차 - 기타,안전운전불이행,건조,맑음,기타 - 기타,승용,남,55세,상해없음,승용,남,53세,경상
2013032900100310,2013년 3월 29일 14시,금요일,대구광역시 중구 계산동2가,중상사고,0,1,0,0,차대차 - 기타,교차로운행방법위반,건조,맑음,교차로 - 교차로부근,승용,여,73세,상해없음,승용,남,57세,중상
2013032900100311,2013년 3월 29일 14시,금요일,대구광역시 중구 계산동1가,중상사고,0,1,0,0,차대사람 - 차도통행중,안전운전불이행,건조,맑음,단일로 - 기타,이륜,남,55세,상해없음,보행자,여,35세,중상
2013032900100352,2013년 3월 29일 15시,금요일,대구광역시 북구 칠성동1가,중상사고,0,1,0,0,차대차 - 기타,직진우회전진행방해,건조,맑음,교차로 - 교차로안,승용,여,43세,상해없음,자전거,남,69세,중상
2013032900100390,2013년 3월 29일 16시,금요일,대구광역시 달서구 장기동,중상사고,0,2,0,0,차대차 - 추돌 - 진행중,안전운전불이행,건조,맑음,단일로 - 기타,승용,남,59세,상해없음,자전거,남,62세,중상
2013032900100391,2013년 3월 29일 16시,금요일,대구광역시 달서구 성당동,경상사고,0,0,1,0,차대차 - 기타,안전운전불이행,건조,맑음,단일로 - 횡단보도상,승용,남,66세,상해없음,자전거,남,65세,경상
2013032900100421,2013년 3월 29일 17시,금요일,대구광역시 달서구 감삼동,부상신고사고,0,0,0,1,차대차 - 측면직각충돌,불법유턴,건조,맑음,단일로 - 횡단보도상,이륜,남,65세,부상신고,승용,여,51세,상해없음
2013032900100448,2013년 3월 29일 18시,금요일,대구광역시 수성구 지산동,경상사고,0,0,1,0,차대사람 - 보도통행중,안전운전불이행,건조,맑음,단일로 - 기타,승용,여,44세,상해없음,보행자,여,46세,경상
2013032900100449,2013년 3월 29일 18시,금요일,대구광역시 수성구 황금동,중상사고,0,1,0,0,차대차 - 측면직각충돌,안전운전불이행,건조,맑음,단일로 - 기타,이륜,남,52세,상해없음,이륜,남,28세,중상
2013032900100492,2013년 3월 29일 19시,금요일,대구광역시 동구 신천동,중상사고,0,1,0,0,차대차 - 측면직각충돌,신호위반,건조,맑음,교차로 - 교차로안,승용,여,56세,상해없음,자전거,여,33세,중상
2013032900100493,2013년 3월 29일 19시,금요일,대구광역시 달서구 두류동,중상사고,0,1,0,0,차대사람 - 횡단중,안전운전불이행,건조,맑음,단일로 - 기타,승합,남,49세,상해없음,보행자,남,19세,중상
2013032900100494,2013년 3월 29일 19시,금요일,대구광역시 서구 평리동,경상사고,0,0,1,0,차대차 - 추돌 - 주정차중,안전운전불이행,건조,맑음,교차로 - 교차로부근,승합,남,51세,기타불명,승용,여,22세,경상
2013032900100525,2013년 3월 29일 20시,금요일,대구광역시 수성구 범어동,경상사고,0,0,1,0,차대사람 - 기타,안전운전불이행,건조,맑음,단일로 - 기타,승용,남,49세,상해없음,보행자,남,5세,경상
2013032900100565,2013년 3월 29일 21시,금요일,대구광역시 북구 산격동,부상신고사고,0,0,0,1,차대차 - 측면직각충돌,안전거리미확보,건조,맑음,교차로 - 교차로부근,이륜,남,16세,부상신고,승용,남,69세,상해없음
2013032900100566,2013년 3월 29일 21시,금요일,대구광역시 북구 국우동,경상사고,0,0,2,0,차대차 - 기타,중앙선침범,건조,맑음,단일로 - 기타,승용,남,42세,상해없음,화물,남,44세,경상
2013032900100567,2013년 3월 29일 21시,금요일,대구광역시 달서구 이곡동,중상사고,0,1,0,0,차대차 - 측면직각충돌,신호위반,건조,맑음,교차로 - 교차로안,승용,남,28세,상해없음,이륜,남,21세,중상
2013032900100615,2013년 3월 29일 22시,금요일,대구광역시 북구 칠성동1가,부상신고사고,0,0,0,1,차대차 - 추돌 - 진행중,안전운전불이행,건조,맑음,단일로 - 기타,화물,남,53세,상해없음,화물,남,56세,상해없음
2013032900100616,2013년 3월 29일 22시,금요일,대구광역시 북구 서변동,경상사고,0,0,1,0,차대차 - 측면직각충돌,안전거리미확보,건조,맑음,단일로 - 기타,승용,남,36세,상해없음,승용,남,47세,경상
2013032900100617,2013년 3월 29일 22시,금요일,대구광역시 서구 비산동,경상사고,0,0,1,0,차대사람 - 기타,안전운전불이행,건조,맑음,교차로 - 교차로안,승합,남,69세,상해없음,보행자,남,52세,경상
2013032900100650,2013년 3월 29일 23시,금요일,대구광역시 달서구 상인동,경상사고,0,0,1,0,차대사람 - 횡단중,보행자보호의무위반,건조,맑음,단일로 - 횡단보도상,승용,남,68세,상해없음,보행자,남,26세,경상
2013033000100020,2013년 3월 30일 00시,토요일,대구광역시 남구 대명동,경상사고,0,0,1,0,차대차 - 추돌 - 주정차중,안전운전불이행,건조,맑음,단일로 - 기타,승용,남,43세,상해없음,승용,남,42세,경상