사고번호,사고일시,요일,시군구,사고내용,사망자수,중상자수,경상자수,부상신고자수,사고유형,법규위반,노면상태,기상상태,도로형태,가해운전자 차종,가해운전자 성별,가해운전자 연령,가해운전자 상해정도,피해운전자 차종,피해운전자 성별,피해운전자 연령,피해운전자 상해정도
2013033000100021,2013년 3월 30일 00시,토요일,대구광역시 동구 효목동,경상사고,0,0,2,1,차대차 - 측면직각충돌,직진우회전진행방해,건조,맑음,교차로 - 교차로안,승용,남,19세,상해없음,승용,남,51세,경상
2013033000100022,2013년 3월 30일 00시,토요일,대구광역시 수성구 상동,부상신고사고,0,0,0,1,차대차 - 측면직각충돌,안전운전불이행,건조,맑음,교차로 - 교차로부근,승용,남,48세,상해없음,승용,남,59세,부상신고
2013033000100044,2013년 3월 30일 01시,토요일,대구광역시 달서구 죽전동,경상사고,0,0,1,0,차대차 - 기타,안전운전불이행,건조,맑음,단일로 - 기타,승합,남,24세,상해없음,특수,남,35세,경상
2013033000100070,2013년 3월 30일 02시,토요일,대구광역시 동구 방촌동,경상사고,0,0,1,0,차대차 - 추돌 - 진행중,안전거리미확보,건조,맑음,단일로 - 기타,승용,남,54세,상해없음,이륜,남,16세,경상
2013033000100071,2013년 3월 30일 02시,토요일,대구광역시 수성구 범어동,경상사고,0,0,3,0,차대차 - 기타,안전운전불이행,건조,맑음,단일로 - 기타,승용,남,52세,경상,승용,남,31세,경상
2013033000100090,2013년 3월 30일 03시,토요일,대구광역시 달성군 다사읍,중상사고,0,1,0,0,차량단독 - 기타,안전운전불이행,건조,맑음,단일로 - 기타,이륜,남,21세,중상,,,,
2013033000100118,2013년 3월 30일 05시,토요일,대구광역시 남구 대명동,중상사고,0,1,1,0,차대사람 - 횡단중,안전운전불이행,건조,맑음,교차로 - 교차로부근,승용,남,38세,상해없음,보행자,남,17세,중상
2013033000100147,2013년 3월 30일 07시,토요일,대구광역시 북구 침산동,중상사고,0,1,0,0,차대차 - 기타,안전운전불이행,건조,맑음,단일로 - 기타,승용,남,47세,상해없음,원동기,여,53세,중상
2013033000100175,2013년 3월 30일 08시,토요일,대구광역시 동구 신천동,중상사고,0,1,0,0,차대차 - 추돌 - 주정차중,안전운전불이행,건조,맑음,단일로 - 기타,승용,남,31세,상해없음,승용,남,47세,중상
2013033000100176,2013년 3월 30일 08시,토요일,대구광역시 달서구 월성동,중상사고,0,1,0,0,차대차 - 측면직각충돌,차로위반,건조,맑음,단일로 - 기타,승용,남,31세,상해없음,이륜,남,66세,중상
2013033000100206,2013년 3월 30일 09시,토요일,대구광역시 북구 노원동3가,중상사고,0,1,1,0,차대차 - 추돌 - 진행중,안전거리미확보,건조,맑음,단일로 - 기타,화물,남,48세,상해없음,승용,남,29세,중상
2013033000100229,2013년 3월 30일 10시,토요일,대구광역시 남구 대명동,중상사고,0,1,0,0,차대차 - 기타,안전운전불이행,건조,맑음,단일로 - 횡단보도상,승용,여,48세,상해없음,자전거,남,76세,중상
2013033000100230,2013년 3월 30일 10시,토요일,대구광역시 달서구 호림동,경상사고,0,0,1,0,차대차 - 측면직각충돌,직진우회전진행방해,건조,맑음,교차로 - 교차로부근,승용,남,55세,상해없음,승용,남,25세,경상
2013033000100279,2013년 3월 30일 12시,토요일,대구광역시 달서구 장기동,경상사고,0,0,1,0,차대차 - 기타,안전운전불이행,건조,맑음,기타 - 기타,승용,여,42세,상해없음,원동기,남,19세,경상
2013033000100313,2013년 3월 30일 13시,토요일,대구광역시 남구 대명동,중상사고,0,1,0,0,차대차 - 기타,신호위반,건조,맑음,단일로 - 기타,승용,남,65세,상해없음,이륜,남,21세,중상
2013033000100314,2013년 3월 30일 13시,토요일,대구광역시 수성구 중동,중상사고,0,1,0,0,차량단독 - 기타,안전운전불이행,건조,맑음,단일로 - 기타,승합,남,40세,상해없음,,,,
2013033000100315,2013년 3월 30일 13시,토요일,대구광역시 수성구 수성동1가,경상사고,0,0,2,0,차대차 - 추돌 - 진행중,신호위반,건조,맑음,교차로 - 교차로안,승용,남,73세,상해없음,승용,남,28세,경상
2013033000100316,2013년 3월 30일 13시,토요일,대구광역시 달서구 유천동,중상사고,0,1,0,0,차대사람 - 기타,안전운전불이행,건조,맑음,단일로 - 기타,승용,남,32세,상해없음,보행자,여,10세,중상
2013033000100341,2013년 3월 30일 14시,토요일,대구광역시 북구 서변동,중상사고,0,1,0,0,차대사람 - 기타,안전운전불이행,건조,맑음,교차로 - 교차로부근,화물,남,37세,상해없음,보행자,남,75세,중상
2013033000100372,2013년 3월 30일 15시,토요일,대구광역시 달성군 논공읍,경상사고,0,0,1,0,차대차 - 측면직각충돌,안전운전불이행,건조,맑음,교차로 - 교차로안,승용,남,38세,상해없음,자전거,남,6세,경상
2013033000100404,2013년 3월 30일 16시,토요일,대구광역시 남구 대명동,중상사고,0,1,0,0,차대차 - 측면직각충돌,안전운전불이행,건조,맑음,기타 - 기타,승용,남,45세,상해없음,자전거,여,64세,중상
2013033000100405,2013년 3월 30일 16시,토요일,대구광역시 동구 신암동,중상사고,0,2,4,0,차대차 - 측면직각충돌,신호위반,건조,흐림,교차로 - 교차로안,승용,남,46세,중상,승용,남,48세,경상
2013033000100406,2013년 3월 30일 16시,토요일,대구광역시 수성구 중동,경상사고,0,0,2,0,차대차 - 측면직각충돌,안전운전불이행,건조,맑음,단일로 - 기타,승용,여,33세,상해없음,승용,여,35세,경상
2013033000100407,2013년 3월 30일 16시,토요일,대구광역시 달서구 이곡동,경상사고,0,0,1,0,차대차 - 추돌 - 진행중,안전운전불이행,건조,맑음,교차로 - 교차로부근,승용,남,35세,상해없음,승용,여,38세,경상
2013033000100444,2013년 3월 30일 17시,토요일,대구광역시 수성구 상동,부상신고사고,0,0,0,1,차대차 - 기타,안전거리미확보,건조,맑음,단일로 - 기타,이륜,여,70세,부상신고,승용,남,56세,상해없음
2013033000100484,2013년 3월 30일 18시,토요일,대구광역시 남구 봉덕동,중상사고,0,1,0,0,차대차 - 측면직각충돌,안전거리미확보,건조,맑음,단일로 - 기타,승용,여,50세,상해없음,원동기,남,43세,중상
2013033000100485,2013년 3월 30일 18시,토요일,대구광역시 수성구 범어동,중상사고,0,1,0,0,차대사람 - 기타,안전운전불이행,건조,맑음,단일로 - 횡단보도부근,승용,여,44세,상해없음,보행자,여,81세,중상
2013033000100486,2013년 3월 30일 18시,토요일,대구광역시 북구 복현동,중상사고,0,1,0,0,차대사람 - 기타,안전운전불이행,건조,맑음,단일로 - 기타,승용,여,47세,상해없음,보행자,여,39세,중상
2013033000100542,2013년 3월 30일 19시,토요일,대구광역시 북구 서변동,경상사고,0,0,1,0,차대차 - 측면직각충돌,불법유턴,건조,맑음,교차로 - 교차로안,승용,남,38세,상해없음,이륜,남,19세,경상
2013033000100543,2013년 3월 30일 19시,토요일,대구광역시 달서구 장기동,경상사고,0,0,1,0,차대차 - 추돌 - 주정차중,안전운전불이행,건조,맑음,단일로 - 기타,승용,남,62세,상해없음,승용,남,42세,상해없음
2013033000100544,2013년 3월 30일 19시,토요일,대구광역시 달서구 장기동,중상사고,0,1,1,0,차대사람 - 길가장자리구역통행중,안전운전불이행,건조,맑음,단일로 - 기타,이륜,남,16세,경상,보행자,여,50세,중상
2013033000100582,2013년 3월 30일 20시,토요일,대구광역시 남구 대명동,중상사고,0,1,0,0,차대사람 - 차도통행중,안전운전불이행,건조,맑음,교차로 - 교차로안,승용,남,39세,상해없음,보행자,남,74세,중상
2013033000100583,2013년 3월 30일 20시,토요일,대구광역시 남구 대명동,중상사고,0,1,0,0,차대사람 - 횡단중,보행자보호의무위반,건조,맑음,교차로 - 교차로안,승용,남,41세,상해없음,보행자,남,58세,중상
2013033000100584,2013년 3월 30일 20시,토요일,대구광역시 북구 산격동,경상사고,0,0,2,0,차대차 - 추돌 - 진행중,안전운전불이행,건조,맑음,교차로 - 교차로부근,승용,남,52세,상해없음,승용,여,46세,경상
2013033000100624,2013년 3월 30일 21시,토요일,대구광역시 동구 율하동,경상사고,0,0,1,0,차대차 - 측면직각충돌,안전운전불이행,건조,맑음,교차로 - 교차로부근,승용,남,37세,상해없음,이륜,남,31세,경상
2013033000100625,2013년 3월 30일 21시,토요일,대구광역시 동구 방촌동,경상사고,0,0,1,0,차대사람 - 기타,안전운전불이행,건조,맑음,단일로 - 기타,승용,남,33세,상해없음,보행자,여,39세,경상
2013033000100626,2013년 3월 30일 21시,토요일,대구광역시 달서구 진천동,중상사고,0,1,0,0,차대차 - 측면직각충돌,중앙선침범,건조,맑음,단일로 - 기타,승용,남,52세,상해없음,승용,여,40세,중상
2013033000100627,2013년 3월 30일 21시,토요일,대구광역시 북구 서변동,경상사고,0,0,1,0,차대차 - 추돌 - 진행중,안전거리미확보,건조,맑음,단일로 - 기타,승용,남,60세,상해없음,승용,남,44세,경상
2013033000100628,2013년 3월 30일 21시,토요일,대구광역시 중구 태평로1가,중상사고,0,2,2,0,차대차 - 추돌 - 진행중,안전운전불이행,건조,맑음,단일로 - 기타,화물,남,59세,중상,승용,남,32세,경상
2013033000100629,2013년 3월 30일 21시,토요일,대구광역시 중구 동인동2가,경상사고,0,0,2,0,차량단독 - 기타,신호위반,건조,맑음,교차로 - 교차로안,승용,남,53세,상해없음,,,,
2013033000100665,2013년 3월 30일 22시,토요일,대구광역시 수성구 지산동,중상사고,0,1,0,0,차대사람 - 횡단중,안전운전불이행,건조,맑음,단일로 - 기타,승용,여,27세,상해없음,보행자,남,40세,중상
2013033000100704,2013년 3월 30일 23시,토요일,대구광역시 동구 신천동,경상사고,0,0,3,0,차대차 - 기타,안전운전불이행,건조,맑음,교차로 - 교차로부근,승용,남,29세,상해없음,승용,남,49세,경상
2013033000100705,2013년 3월 30일 23시,토요일,대구광역시 북구 침산동,경상사고,0,0,1,0,차대사람 - 기타,안전운전불이행,건조,맑음,단일로 - 기타,자전거,남,23세,상해없음,보행자,남,58세,경상
2013033100100016,2013년 3월 31일 00시,일요일,대구광역시 남구 대명동,부상신고사고,0,0,0,1,차대사람 - 기타,안전운전불이행,건조,맑음,단일로 - 기타,기타불명,기타불명,기타불명,기타불명,보행자,남,22세,부상신고
2013033100100017,2013년 3월 31일 00시,일요일,대구광역시 동구 신천동,경상사고,0,0,1,0,차대사람 - 횡단중,보행자보호의무위반,건조,맑음,단일로 - 횡단보도상,승용,남,59세,상해없음,보행자,여,33세,경상
2013033100100018,2013년 3월 31일 00시,일요일,대구광역시 동구 신천동,중상사고,0,1,0,0,차대차 - 측면직각충돌,안전거리미확보,습기,비,단일로 - 기타,승용,남,61세,상해없음,이륜,남,27세,중상
2013033100100019,2013년 3월 31일 00시,일요일,대구광역시 북구 산격동,중상사고,0,1,0,0,차대차 - 기타,안전운전불이행,습기,비,기타 - 기타,승용,남,42세,기타불명,이륜,남,57세,중상
2013033100100020,2013년 3월 31일 00시,일요일,대구광역시 북구 노원동1가,중상사고,0,1,0,0,차대차 - 측면직각충돌,직진우회전진행방해,습기,비,교차로 - 교차로안,승용,남,44세,상해없음,자전거,남,63세,중상
2013033100100043,2013년 3월 31일 01시,일요일,대구광역시 남구 이천동,경상사고,0,0,3,0,차대차 - 정면충돌,신호위반,습기,비,교차로 - 교차로안,승용,남,33세,상해없음,승용,여,29세,경상
2013033100100044,2013년 3월 31일 01시,일요일,대구광역시 달서구 두류동,경상사고,0,0,1,0,차대차 - 추돌 - 진행중,안전운전불이행,습기,비,단일로 - 기타,승용,남,28세,상해없음,승용,남,42세,경상
2013033100100071,2013년 3월 31일 02시,일요일,대구광역시 남구 봉덕동,중상사고,0,1,0,0,차대사람 - 횡단중,안전운전불이행,건조,맑음,단일로 - 기타,승용,여,33세,상해없음,보행자,남,39세,중상
2013033100100072,2013년 3월 31일 02시,일요일,대구광역시 수성구 범어동,경상사고,0,0,3,0,차대차 - 추돌 - 진행중,안전운전불이행,습기,맑음,단일로 - 기타,승용,남,68세,상해없음,승용,남,49세,경상
2013033100100073,2013년 3월 31일 02시,일요일,대구광역시 북구 노원동3가,경상사고,0,0,2,0,차대차 - 기타,안전운전불이행,건조,맑음,단일로 - 기타,승용,남,25세,경상,승용,남,47세,경상
2013033100100093,2013년 3월 31일 04시,일요일,대구광역시 중구 동인동1가,경상사고,0,0,1,0,차대차 - 추돌 - 진행중,안전거리미확보,습기,비,기타 - 기타,승용,남,47세,상해없음,승용,여,42세,경상
2013033100100108,2013년 3월 31일 05시,일요일,대구광역시 서구 비산동,중상사고,0,1,1,0,차대사람 - 횡단중,안전운전불이행,건조,맑음,교차로 - 교차로안,승용,남,30세,상해없음,보행자,남,19세,중상
2013033100100138,2013년 3월 31일 08시,일요일,대구광역시 북구 대현동,경상사고,0,0,1,0,차대차 - 측면직각충돌,안전거리미확보,건조,맑음,단일로 - 기타,승용,남,70세,상해없음,원동기,남,53세,경상
2013033100100139,2013년 3월 31일 08시,일요일,대구광역시 달서구 감삼동,경상사고,0,0,1,0,차대차 - 기타,안전거리미확보,건조,맑음,단일로 - 기타,승용,남,68세,상해없음,승용,남,28세,경상
2013033100100152,2013년 3월 31일 09시,일요일,대구광역시 북구 태전동,경상사고,0,0,1,0,차대차 - 기타,기타,건조,맑음,단일로 - 기타,승용,남,42세,상해없음,원동기,남,19세,경상
2013033100100170,2013년 3월 31일 10시,일요일,대구광역시 달성군 화원읍,경상사고,0,0,1,0,차대차 - 측면직각충돌,신호위반,건조,맑음,교차로 - 교차로안,승용,남,39세,상해없음,승용,남,32세,경상
2013033100100184,2013년 3월 31일 11시,일요일,대구광역시 수성구 지산동,경상사고,0,0,1,0,차대차 - 측면직각충돌,안전운전불이행,건조,맑음,교차로 - 교차로안,승용,남,21세,상해없음,승용,여,40세,경상
2013033100100202,2013년 3월 31일 12시,일요일,대구광역시 달성군 논공읍,경상사고,0,0,2,0,차대차 - 추돌 - 진행중,차로위반,건조,맑음,단일로 - 기타,승용,남,28세,상해없음,승용,남,40세,경상
2013033100100226,2013년 3월 31일 13시,일요일,대구광역시 달서구 용산동,부상신고사고,0,0,0,1,차대차 - 기타,안전운전불이행,건조,맑음,단일로 - 기타,승용,남,59세,상해없음,승합,남,43세,부상신고
2013033100100255,2013년 3월 31일 14시,일요일,대구광역시 북구 칠성동2가,경상사고,0,0,1,0,차대차 - 추돌 - 주정차중,안전운전불이행,건조,맑음,단일로 - 기타,승용,남,67세,상해없음,승용,남,38세,상해없음
2013033100100256,2013년 3월 31일 14시,일요일,대구광역시 중구 계산동2가,경상사고,0,0,1,0,차대차 - 기타,안전운전불이행,건조,맑음,단일로 - 기타,승용,여,31세,상해없음,승용,남,65세,경상
2013033100100288,2013년 3월 31일 15시,일요일,대구광역시 수성구 범물동,경상사고,0,0,1,0,차대차 - 추돌 - 주정차중,안전운전불이행,건조,맑음,단일로 - 기타,승용,여,58세,상해없음,승용,남,57세,경상
2013033100100322,2013년 3월 31일 16시,일요일,대구광역시 달서구 진천동,중상사고,0,1,0,0,차량단독 - 전도전복,안전운전불이행,건조,맑음,단일로 - 기타,승합,남,57세,상해없음,,,,
2013033100100350,2013년 3월 31일 17시,일요일,대구광역시 수성구 중동,중상사고,0,1,0,0,차대차 - 측면직각충돌,신호위반,건조,맑음,단일로 - 기타,승용,남,72세,상해없음,자전거,여,44세,중상
2013033100100376,2013년 3월 31일 18시,일요일,대구광역시 달서구 대곡동,경상사고,0,0,1,0,차량단독 - 기타,안전운전불이행,건조,맑음,단일로 - 기타,승합,남,40세,상해없음,,,,
2013033100100407,2013년 3월 31일 19시,일요일,대구광역시 동구 지저동,중상사고,0,1,0,0,차대사람 - 횡단중,신호위반,건조,맑음,단일로 - 횡단보도상,승용,남,69세,상해없음,보행자,남,16세,중상
2013033100100408,2013년 3월 31일 19시,일요일,대구광역시 달서구 진천동,경상사고,0,0,1,0,차대사람 - 기타,기타,건조,맑음,기타 - 기타,이륜,남,54세,기타불명,보행자,여,19세,경상
2013033100100441,2013년 3월 31일 20시,일요일,대구광역시 남구 대명동,경상사고,0,0,1,0,차대사람 - 횡단중,보행자보호의무위반,건조,맑음,교차로 - 교차로부근,이륜,남,28세,상해없음,보행자,남,65세,경상
2013033100100442,2013년 3월 31일 20시,일요일,대구광역시 동구 입석동,경상사고,0,0,1,0,차대사람 - 횡단중,신호위반,건조,맑음,단일로 - 횡단보도상,원동기,남,17세,상해없음,보행자,여,50세,경상
2013033100100471,2013년 3월 31일 21시,일요일,대구광역시 달성군 화원읍,경상사고,0,0,1,0,차대차 - 기타,안전운전불이행,건조,맑음,단일로 - 기타,화물,여,57세,상해없음,이륜,남,18세,경상
2013033100100472,2013년 3월 31일 21시,일요일,대구광역시 북구 관음동,사망사고,1,0,0,0,차대차 - 추돌 - 주정차중,안전운전불이행,건조,맑음,단일로 - 횡단보도부근,화물,남,37세,사망,화물,남,54세,기타불명
2013033100100473,2013년 3월 31일 21시,일요일,대구광역시 북구 국우동,경상사고,0,0,7,0,차대차 - 추돌 - 주정차중,안전운전불이행,건조,맑음,교차로 - 교차로부근,승용,남,39세,상해없음,승용,여,38세,경상
2013033100100500,2013년 3월 31일 22시,일요일,대구광역시 남구 봉덕동,중상사고,0,1,2,0,차대차 - 측면직각충돌,교차로운행방법위반,건조,맑음,교차로 - 교차로안,승용,남,33세,경상,승용,남,38세,중상
2013033100100501,2013년 3월 31일 22시,일요일,대구광역시 동구 신암동,부상신고사고,0,0,0,1,차대차 - 측면직각충돌,교차로운행방법위반,건조,맑음,교차로 - 교차로안,승용,남,42세,상해없음,승용,남,49세,부상신고
2013033100100521,2013년 3월 31일 23시,일요일,대구광역시 수성구 시지동,경상사고,0,0,1,0,차대차 - 추돌 - 진행중,안전운전불이행,건조,맑음,단일로 - 기타,승용,남,38세,상해없음,승용,남,58세,경상
2013033100100522,2013년 3월 31일 23시,일요일,대구광역시 수성구 만촌동,경상사고,0,0,2,0,차대차 - 추돌 - 주정차중,안전운전불이행,건조,맑음,교차로 - 교차로부근,승용,여,55세,상해없음,승용,남,37세,경상
2013033100100523,2013년 3월 31일 23시,일요일,대구광역시 달서구 상인동,경상사고,0,0,1,0,차대차 - 기타,안전운전불이행,건조,맑음,교차로 - 교차로안,화물,남,52세,상해없음,승용,남,40세,경상
2013033100100524,2013년 3월 31일 23시,일요일,대구광역시 북구 칠성동1가,경상사고,0,0,1,0,차대차 - 기타,안전운전불이행,건조,맑음,단일로 - 기타,승용,여,32세,상해없음,화물,남,41세,경상
2013033100100525,2013년 3월 31일 23시,일요일,대구광역시 달서구 감삼동,경상사고,0,0,1,0,차대차 - 기타,안전운전불이행,건조,맑음,교차로 - 교차로안,승용,남,46세,상해없음,원동기,남,33세,경상
2013040100100028,2013년 4월 1일 02시,월요일,대구광역시 달서구 송현동,경상사고,0,0,1,0,차량단독 - 기타,안전운전불이행,건조,맑음,단일로 - 기타,승용,남,50세,상해없음,,,,
2013040100100085,2013년 4월 1일 07시,월요일,대구광역시 남구 봉덕동,경상사고,0,0,2,0,차대차 - 추돌 - 진행중,안전운전불이행,건조,맑음,미분류 - 미분류,화물,남,71세,상해없음,승용,여,35세,경상
2013040100100086,2013년 4월 1일 07시,월요일,대구광역시 달서구 장동,경상사고,0,0,1,0,차대차 - 추돌 - 진행중,안전운전불이행,건조,맑음,기타 - 기타,승용,여,34세,경상,승용,남,27세,상해없음
2013040100100087,2013년 4월 1일 07시,월요일,대구광역시 달서구 신당동,경상사고,0,0,1,0,차대차 - 추돌 - 진행중,안전운전불이행,건조,맑음,단일로 - 기타,승합,남,53세,상해없음,승용,여,27세,경상
2013040100100115,2013년 4월 1일 08시,월요일,대구광역시 달서구 진천동,중상사고,0,1,1,0,차대차 - 추돌 - 주정차중,안전운전불이행,건조,맑음,단일로 - 기타,승용,여,14세,기타불명,승용,남,49세,경상
2013040100100116,2013년 4월 1일 08시,월요일,대구광역시 북구 서변동,경상사고,0,0,1,1,차대차 - 추돌 - 진행중,안전운전불이행,건조,맑음,교차로 - 교차로부근,승용,여,36세,부상신고,승용,남,45세,경상
2013040100100141,2013년 4월 1일 09시,월요일,대구광역시 동구 용계동,중상사고,0,1,0,0,차대차 - 추돌 - 주정차중,안전운전불이행,건조,맑음,단일로 - 기타,승용,여,53세,상해없음,승용,여,60세,중상
2013040100100170,2013년 4월 1일 10시,월요일,대구광역시 동구 방촌동,중상사고,0,1,0,0,차대사람 - 횡단중,안전운전불이행,건조,맑음,단일로 - 기타,승용,남,56세,상해없음,보행자,여,54세,중상
2013040100100171,2013년 4월 1일 10시,월요일,대구광역시 북구 노원동3가,중상사고,0,1,0,0,차대차 - 기타,신호위반,건조,맑음,단일로 - 기타,승용,남,19세,상해없음,원동기,여,42세,중상
2013040100100172,2013년 4월 1일 10시,월요일,대구광역시 북구 산격동,경상사고,0,0,1,0,차대차 - 기타,안전운전불이행,건조,맑음,단일로 - 기타,승용,남,62세,상해없음,승용,여,40세,경상
2013040100100173,2013년 4월 1일 10시,월요일,대구광역시 달서구 성당동,중상사고,0,1,0,0,차대차 - 측면직각충돌,중앙선침범,건조,맑음,단일로 - 기타,승용,남,61세,상해없음,원동기,남,69세,중상
2013040100100219,2013년 4월 1일 12시,월요일,대구광역시 북구 복현동,경상사고,0,0,1,0,차대차 - 기타,안전운전불이행,건조,맑음,단일로 - 횡단보도상,승용,기타불명,기타불명,기타불명,자전거,여,61세,경상
2013040100100243,2013년 4월 1일 13시,월요일,대구광역시 동구 효목동,경상사고,0,0,1,0,차대차 - 기타,안전운전불이행,건조,맑음,교차로 - 교차로안,승용,여,52세,상해없음,이륜,남,19세,경상
2013040100100244,2013년 4월 1일 13시,월요일,대구광역시 북구 구암동,경상사고,0,0,1,0,차대차 - 측면직각충돌,안전거리미확보,건조,맑음,단일로 - 기타,승용,남,50세,상해없음,원동기,남,31세,경상
2013040100100273,2013년 4월 1일 14시,월요일,대구광역시 달성군 화원읍,경상사고,0,0,2,0,차대차 - 측면직각충돌,안전운전불이행,건조,맑음,교차로 - 교차로부근,승용,여,60세,경상,화물,남,43세,경상
2013040100100274,2013년 4월 1일 14시,월요일,대구광역시 서구 내당동,부상신고사고,0,0,0,1,차량단독 - 기타,안전운전불이행,건조,맑음,단일로 - 횡단보도상,이륜,남,17세,부상신고,,,,
2013040100100275,2013년 4월 1일 14시,월요일,대구광역시 달서구 신당동,경상사고,0,0,1,0,차대차 - 추돌 - 주정차중,안전운전불이행,건조,맑음,교차로 - 교차로안,승합,남,54세,기타불명,승용,남,34세,경상
2013040100100297,2013년 4월 1일 15시,월요일,대구광역시 동구 신서동,경상사고,0,0,1,0,차대차 - 측면직각충돌,직진우회전진행방해,건조,맑음,교차로 - 교차로안,승용,남,43세,상해없음,자전거,여,42세,경상
2013040100100298,2013년 4월 1일 15시,월요일,대구광역시 북구 서변동,경상사고,0,0,1,0,차대사람 - 횡단중,보행자보호의무위반,건조,맑음,교차로 - 교차로안,화물,남,39세,상해없음,보행자,남,33세,경상
2013040100100299,2013년 4월 1일 15시,월요일,대구광역시 서구 내당동,경상사고,0,0,1,0,차대차 - 측면직각충돌,안전운전불이행,건조,맑음,단일로 - 기타,화물,남,52세,상해없음,승용,여,48세,경상
2013040100100332,2013년 4월 1일 16시,월요일,대구광역시 남구 대명동,중상사고,0,2,3,0,차대차 - 정면충돌,중앙선침범,건조,맑음,단일로 - 기타,승용,여,27세,상해없음,승용,여,65세,중상
2013040100100333,2013년 4월 1일 16시,월요일,대구광역시 달서구 상인동,경상사고,0,0,2,0,차대차 - 추돌 - 주정차중,안전운전불이행,건조,맑음,교차로 - 교차로부근,승용,여,52세,상해없음,승용,남,60세,경상
2013040100100334,2013년 4월 1일 16시,월요일,대구광역시 북구 산격동,경상사고,0,0,1,0,차대차 - 기타,교차로운행방법위반,건조,맑음,교차로 - 교차로안,화물,남,31세,상해없음,화물,남,32세,경상
2013040100100335,2013년 4월 1일 16시,월요일,대구광역시 중구 서문로1가,부상신고사고,0,0,0,1,차대차 - 측면직각충돌,안전운전불이행,건조,맑음,단일로 - 기타,승용,남,55세,부상신고,화물,남,41세,상해없음
2013040100100336,2013년 4월 1일 16시,월요일,대구광역시 중구 수창동,경상사고,0,0,1,0,차대차 - 추돌 - 진행중,안전거리미확보,건조,맑음,단일로 - 기타,승용,남,57세,상해없음,이륜,남,56세,경상
2013040100100363,2013년 4월 1일 17시,월요일,대구광역시 남구 봉덕동,경상사고,0,0,1,0,차대차 - 추돌 - 주정차중,안전거리미확보,건조,맑음,교차로 - 교차로부근,승용,남,53세,상해없음,승용,남,56세,경상
2013040100100364,2013년 4월 1일 17시,월요일,대구광역시 북구 복현동,경상사고,0,0,1,0,차대차 - 측면직각충돌,안전운전불이행,건조,맑음,단일로 - 기타,승용,여,42세,상해없음,이륜,남,40세,경상
2013040100100365,2013년 4월 1일 17시,월요일,대구광역시 서구 평리동,중상사고,0,1,0,0,차대차 - 기타,안전운전불이행,건조,맑음,단일로 - 기타,화물,남,60세,상해없음,자전거,남,67세,중상
2013040100100392,2013년 4월 1일 18시,월요일,대구광역시 수성구 두산동,경상사고,0,0,1,0,차대차 - 측면직각충돌,안전운전불이행,건조,맑음,단일로 - 기타,승용,남,68세,상해없음,승용,남,64세,상해없음
2013040100100393,2013년 4월 1일 18시,월요일,대구광역시 달서구 대곡동,중상사고,0,1,0,0,차대사람 - 횡단중,안전운전불이행,건조,맑음,단일로 - 기타,승용,여,31세,상해없음,보행자,여,57세,중상
2013040100100394,2013년 4월 1일 18시,월요일,대구광역시 중구 대봉동,중상사고,0,1,0,0,차대사람 - 기타,안전운전불이행,건조,맑음,교차로 - 교차로부근,승용,남,38세,상해없음,보행자,남,44세,중상
2013040100100395,2013년 4월 1일 18시,월요일,대구광역시 달서구 두류동,부상신고사고,0,0,0,2,차대차 - 기타,안전거리미확보,건조,맑음,교차로 - 교차로부근,승용,남,32세,상해없음,승용,남,49세,부상신고
2013040100100416,2013년 4월 1일 19시,월요일,대구광역시 수성구 파동,중상사고,0,1,0,0,차대사람 - 횡단중,안전운전불이행,건조,맑음,단일로 - 기타,화물,남,76세,상해없음,보행자,여,71세,중상
2013040100100417,2013년 4월 1일 19시,월요일,대구광역시 북구 검단동,경상사고,0,0,1,0,차대사람 - 횡단중,안전운전불이행,건조,맑음,단일로 - 기타,승용,남,37세,상해없음,보행자,남,37세,경상
2013040100100418,2013년 4월 1일 19시,월요일,대구광역시 중구 남산동,경상사고,0,0,1,0,차대차 - 기타,안전운전불이행,건조,맑음,단일로 - 기타,이륜,남,63세,경상,승용,남,52세,상해없음
2013040100100419,2013년 4월 1일 19시,월요일,대구광역시 달서구 신당동,경상사고,0,0,1,0,차대차 - 측면직각충돌,안전운전불이행,건조,맑음,교차로 - 교차로안,승용,남,40세,상해없음,자전거,남,49세,경상
2013040100100470,2013년 4월 1일 21시,월요일,대구광역시 달서구 진천동,경상사고,0,0,1,0,차대사람 - 기타,안전운전불이행,건조,맑음,단일로 - 기타,승용,남,55세,상해없음,보행자,남,52세,경상
2013040100100502,2013년 4월 1일 22시,월요일,대구광역시 달서구 송현동,중상사고,0,1,0,0,차대사람 - 횡단중,신호위반,건조,맑음,교차로 - 교차로안,승용,기타불명,기타불명,기타불명,보행자,여,14세,중상
2013040100100503,2013년 4월 1일 22시,월요일,대구광역시 달서구 용산동,경상사고,0,0,1,0,차대차 - 측면직각충돌,교차로운행방법위반,건조,맑음,교차로 - 교차로안,승용,남,41세,상해없음,이륜,남,19세,경상
2013040100100530,2013년 4월 1일 23시,월요일,대구광역시 달서구 상인동,경상사고,0,0,1,0,차대사람 - 기타,안전운전불이행,건조,맑음,단일로 - 기타,승용,남,22세,상해없음,보행자,남,38세,경상