사고번호,사고일시,요일,시군구,사고내용,사망자수,중상자수,경상자수,부상신고자수,사고유형,법규위반,노면상태,기상상태,도로형태,가해운전자 차종,가해운전자 성별,가해운전자 연령,가해운전자 상해정도,피해운전자 차종,피해운전자 성별,피해운전자 연령,피해운전자 상해정도
2013040400100548,2013년 4월 4일 22시,목요일,대구광역시 중구 삼덕동2가,경상사고,0,0,1,0,차대차 - 추돌 - 주정차중,안전운전불이행,건조,맑음,단일로 - 기타,승용,남,63세,상해없음,승용,남,50세,경상
2013040400100589,2013년 4월 4일 23시,목요일,대구광역시 동구 신암동,경상사고,0,0,2,0,차대차 - 기타,안전운전불이행,건조,맑음,교차로 - 교차로부근,승용,남,32세,상해없음,승용,여,26세,경상
2013040400100590,2013년 4월 4일 23시,목요일,대구광역시 달서구 신당동,중상사고,0,1,0,0,차대사람 - 기타,안전운전불이행,건조,맑음,교차로 - 교차로부근,화물,여,42세,상해없음,보행자,남,46세,중상
2013040500100026,2013년 4월 5일 00시,금요일,대구광역시 수성구 신매동,경상사고,0,0,1,0,차대차 - 측면직각충돌,안전운전불이행,건조,맑음,교차로 - 교차로부근,승용,여,46세,상해없음,승용,여,41세,경상
2013040500100027,2013년 4월 5일 00시,금요일,대구광역시 달서구 이곡동,중상사고,0,1,0,0,차대차 - 추돌 - 진행중,안전운전불이행,건조,맑음,기타 - 기타,승용,남,43세,상해없음,승용,여,27세,중상
2013040500100067,2013년 4월 5일 04시,금요일,대구광역시 수성구 노변동,중상사고,0,1,0,0,차대사람 - 횡단중,안전운전불이행,건조,맑음,단일로 - 횡단보도상,승용,남,65세,상해없음,보행자,여,58세,중상
2013040500100068,2013년 4월 5일 04시,금요일,대구광역시 중구 태평로3가,중상사고,0,1,0,0,차대차 - 측면직각충돌,안전거리미확보,건조,맑음,단일로 - 기타,승용,남,35세,상해없음,승용,남,61세,중상
2013040500100082,2013년 4월 5일 05시,금요일,대구광역시 달서구 용산동,경상사고,0,0,1,0,차대차 - 기타,중앙선침범,건조,맑음,단일로 - 기타,승용,남,46세,상해없음,승용,남,47세,경상
2013040500100144,2013년 4월 5일 08시,금요일,대구광역시 동구 신암동,경상사고,0,0,1,0,차대차 - 기타,교차로운행방법위반,건조,맑음,교차로 - 교차로안,승용,여,34세,상해없음,자전거,남,41세,경상
2013040500100145,2013년 4월 5일 08시,금요일,대구광역시 수성구 수성동1가,경상사고,0,0,3,0,차대차 - 추돌 - 주정차중,안전운전불이행,건조,맑음,단일로 - 기타,승용,남,36세,상해없음,승용,남,29세,경상
2013040500100146,2013년 4월 5일 08시,금요일,대구광역시 달서구 월성동,부상신고사고,0,0,0,1,차대차 - 측면직각충돌,불법유턴,건조,맑음,단일로 - 기타,자전거,남,14세,부상신고,승용,남,43세,상해없음
2013040500100147,2013년 4월 5일 08시,금요일,대구광역시 북구 대현동,경상사고,0,0,1,0,차대차 - 측면직각충돌,안전운전불이행,건조,맑음,단일로 - 기타,승용,남,26세,상해없음,자전거,여,37세,경상
2013040500100148,2013년 4월 5일 08시,금요일,대구광역시 달서구 성당동,중상사고,0,4,3,0,차대차 - 추돌 - 주정차중,안전거리미확보,건조,맑음,교차로 - 교차로부근,승용,남,53세,중상,승합,남,41세,상해없음
2013040500100180,2013년 4월 5일 09시,금요일,대구광역시 달서구 상인동,경상사고,0,0,2,0,차대차 - 측면직각충돌,안전거리미확보,건조,맑음,단일로 - 기타,승용,남,49세,상해없음,승용,남,64세,경상
2013040500100181,2013년 4월 5일 09시,금요일,대구광역시 북구 침산동,경상사고,0,0,2,0,차대차 - 추돌 - 주정차중,안전운전불이행,건조,맑음,단일로 - 기타,승용,여,30세,상해없음,승용,여,39세,경상
2013040500100210,2013년 4월 5일 10시,금요일,대구광역시 남구 봉덕동,경상사고,0,0,2,0,차대차 - 측면직각충돌,직진우회전진행방해,건조,맑음,교차로 - 교차로안,승용,여,43세,경상,승용,남,32세,경상
2013040500100211,2013년 4월 5일 10시,금요일,대구광역시 서구 평리동,중상사고,0,1,0,0,차대사람 - 기타,기타,건조,맑음,단일로 - 기타,승합,남,48세,상해없음,보행자,여,78세,중상
2013040500100212,2013년 4월 5일 10시,금요일,대구광역시 달서구 두류동,경상사고,0,0,1,0,차대차 - 기타,안전운전불이행,건조,맑음,단일로 - 기타,승용,여,34세,상해없음,승용,남,52세,경상
2013040500100257,2013년 4월 5일 12시,금요일,대구광역시 달서구 상인동,중상사고,0,1,0,0,차대차 - 측면직각충돌,안전운전불이행,건조,맑음,교차로 - 교차로안,승용,남,40세,상해없음,승용,남,52세,중상
2013040500100284,2013년 4월 5일 13시,금요일,대구광역시 달성군 화원읍,경상사고,0,0,3,0,차대차 - 추돌 - 주정차중,안전운전불이행,건조,맑음,교차로 - 교차로부근,승용,남,55세,상해없음,승용,여,44세,경상
2013040500100285,2013년 4월 5일 13시,금요일,대구광역시 중구 태평로1가,경상사고,0,0,1,0,차대차 - 측면직각충돌,중앙선침범,건조,맑음,단일로 - 기타,자전거,남,71세,경상,승용,남,44세,상해없음
2013040500100303,2013년 4월 5일 14시,금요일,대구광역시 남구 대명동,경상사고,0,0,1,0,차대차 - 기타,안전운전불이행,건조,맑음,교차로 - 교차로부근,승용,남,49세,상해없음,특수,남,37세,경상
2013040500100304,2013년 4월 5일 14시,금요일,대구광역시 중구 대신동,중상사고,0,1,0,0,차대사람 - 보도통행중,기타,건조,맑음,단일로 - 기타,승용,여,61세,상해없음,보행자,여,56세,중상
2013040500100337,2013년 4월 5일 15시,금요일,대구광역시 남구 봉덕동,경상사고,0,0,3,0,차대차 - 측면직각충돌,신호위반,건조,맑음,교차로 - 교차로안,승용,여,75세,상해없음,승용,남,25세,경상
2013040500100338,2013년 4월 5일 15시,금요일,대구광역시 수성구 범물동,경상사고,0,0,1,0,차대차 - 추돌 - 진행중,교차로운행방법위반,건조,맑음,기타 - 기타,화물,남,38세,상해없음,승용,여,56세,경상
2013040500100339,2013년 4월 5일 15시,금요일,대구광역시 서구 원대동3가,중상사고,0,1,0,0,차대사람 - 기타,기타,건조,맑음,단일로 - 기타,승합,남,47세,상해없음,보행자,여,68세,중상
2013040500100340,2013년 4월 5일 15시,금요일,대구광역시 중구 남산동,부상신고사고,0,0,0,1,차대차 - 추돌 - 진행중,안전운전불이행,건조,맑음,단일로 - 기타,이륜,남,54세,부상신고,승용,남,33세,상해없음
2013040500100341,2013년 4월 5일 15시,금요일,대구광역시 달서구 호산동,중상사고,0,1,1,0,차대차 - 기타,교차로운행방법위반,건조,맑음,교차로 - 교차로안,승용,여,39세,상해없음,승용,여,24세,경상
2013040500100378,2013년 4월 5일 16시,금요일,대구광역시 남구 봉덕동,중상사고,0,1,0,0,차대차 - 측면직각충돌,신호위반,건조,맑음,교차로 - 교차로안,승용,남,54세,상해없음,승용,남,40세,중상
2013040500100379,2013년 4월 5일 16시,금요일,대구광역시 남구 대명동,중상사고,0,1,0,0,차대사람 - 보도통행중,보행자보호의무위반,건조,맑음,단일로 - 횡단보도상,승용,남,21세,상해없음,보행자,여,74세,중상
2013040500100380,2013년 4월 5일 16시,금요일,대구광역시 수성구 수성동4가,경상사고,0,0,1,0,차대차 - 기타,안전운전불이행,건조,맑음,단일로 - 기타,승용,남,53세,상해없음,승용,남,45세,경상
2013040500100381,2013년 4월 5일 16시,금요일,대구광역시 북구 산격동,경상사고,0,0,1,0,차대차 - 측면직각충돌,교차로운행방법위반,건조,맑음,교차로 - 교차로안,승합,남,59세,상해없음,승용,남,55세,경상
2013040500100382,2013년 4월 5일 16시,금요일,대구광역시 중구 남산동,경상사고,0,0,3,0,차대차 - 기타,차로위반,건조,맑음,단일로 - 기타,승합,남,55세,상해없음,승용,남,60세,경상
2013040500100419,2013년 4월 5일 17시,금요일,대구광역시 북구 칠성동1가,경상사고,0,0,1,0,차대차 - 기타,교차로운행방법위반,건조,맑음,교차로 - 교차로안,승합,남,49세,상해없음,승용,남,54세,상해없음
2013040500100420,2013년 4월 5일 17시,금요일,대구광역시 서구 비산동,부상신고사고,0,0,0,1,차대차 - 기타,안전운전불이행,건조,맑음,단일로 - 기타,자전거,남,6세,부상신고,화물,남,53세,상해없음
2013040500100421,2013년 4월 5일 17시,금요일,대구광역시 중구 남산동,중상사고,0,1,0,0,차대차 - 추돌 - 진행중,안전거리미확보,건조,맑음,단일로 - 기타,승용,남,68세,상해없음,원동기,남,31세,중상
2013040500100462,2013년 4월 5일 18시,금요일,대구광역시 달서구 대곡동,경상사고,0,0,2,0,차대차 - 추돌 - 주정차중,차로위반,건조,맑음,단일로 - 기타,승용,남,49세,상해없음,승용,여,36세,경상
2013040500100463,2013년 4월 5일 18시,금요일,대구광역시 북구 학정동,중상사고,0,1,0,0,차대사람 - 기타,안전운전불이행,건조,맑음,단일로 - 기타,승용,여,39세,상해없음,보행자,남,12세,중상
2013040500100464,2013년 4월 5일 18시,금요일,대구광역시 북구 태전동,경상사고,0,0,1,0,차대차 - 측면직각충돌,교차로운행방법위반,건조,맑음,교차로 - 교차로안,승용,여,51세,기타불명,승용,남,27세,경상
2013040500100503,2013년 4월 5일 19시,금요일,대구광역시 남구 대명동,경상사고,0,0,1,0,차대사람 - 기타,안전운전불이행,건조,맑음,단일로 - 기타,승용,남,77세,상해없음,보행자,남,20세,경상
2013040500100504,2013년 4월 5일 19시,금요일,대구광역시 수성구 파동,경상사고,0,0,2,0,차대차 - 추돌 - 주정차중,안전운전불이행,건조,맑음,단일로 - 기타,화물,남,41세,상해없음,화물,남,56세,경상
2013040500100505,2013년 4월 5일 19시,금요일,대구광역시 수성구 상동,경상사고,0,0,1,0,차대차 - 기타,안전운전불이행,건조,맑음,단일로 - 기타,승용,남,50세,상해없음,자전거,남,39세,경상
2013040500100506,2013년 4월 5일 19시,금요일,대구광역시 수성구 중동,중상사고,0,1,0,0,차대차 - 측면직각충돌,안전운전불이행,건조,맑음,단일로 - 기타,승용,남,60세,상해없음,승용,남,27세,중상
2013040500100507,2013년 4월 5일 19시,금요일,대구광역시 달서구 송현동,경상사고,0,0,1,0,차대차 - 추돌 - 주정차중,안전운전불이행,건조,맑음,단일로 - 기타,승용,남,57세,상해없음,이륜,남,39세,경상
2013040500100508,2013년 4월 5일 19시,금요일,대구광역시 북구 칠성동1가,경상사고,0,0,1,0,차대차 - 기타,안전운전불이행,건조,맑음,단일로 - 기타,승용,남,36세,상해없음,자전거,남,61세,경상
2013040500100556,2013년 4월 5일 20시,금요일,대구광역시 수성구 지산동,중상사고,0,3,0,0,차대차 - 측면직각충돌,중앙선침범,건조,맑음,단일로 - 기타,승용,남,48세,상해없음,승용,남,49세,중상
2013040500100626,2013년 4월 5일 22시,금요일,대구광역시 달서구 송현동,부상신고사고,0,0,0,1,차량단독 - 기타,안전운전불이행,건조,맑음,교차로 - 교차로부근,승용,남,52세,상해없음,,,,
2013040500100627,2013년 4월 5일 22시,금요일,대구광역시 중구 삼덕동1가,경상사고,0,0,1,0,차대차 - 기타,안전운전불이행,건조,맑음,단일로 - 기타,승용,남,31세,상해없음,승용,여,22세,경상
2013040500100667,2013년 4월 5일 23시,금요일,대구광역시 동구 율하동,부상신고사고,0,0,0,2,차대차 - 측면직각충돌,안전운전불이행,건조,맑음,단일로 - 기타,자전거,남,50세,부상신고,자전거,남,56세,부상신고
2013040500100668,2013년 4월 5일 23시,금요일,대구광역시 수성구 두산동,경상사고,0,0,1,0,차대사람 - 길가장자리구역통행중,안전운전불이행,건조,맑음,단일로 - 기타,승용,남,24세,상해없음,보행자,남,34세,경상
2013040500100669,2013년 4월 5일 23시,금요일,대구광역시 달서구 용산동,중상사고,0,1,2,0,차대차 - 측면직각충돌,안전운전불이행,건조,맑음,교차로 - 교차로안,승용,남,46세,상해없음,승용,여,29세,중상
2013040600100029,2013년 4월 6일 00시,토요일,대구광역시 남구 대명동,부상신고사고,0,0,0,1,차대차 - 추돌 - 주정차중,안전운전불이행,건조,맑음,단일로 - 기타,승용,남,33세,기타불명,승용,남,56세,부상신고
2013040600100030,2013년 4월 6일 00시,토요일,대구광역시 중구 동인동4가,경상사고,0,0,2,1,차대차 - 기타,안전운전불이행,건조,흐림,단일로 - 기타,승용,남,29세,부상신고,화물,남,59세,경상
2013040600100054,2013년 4월 6일 01시,토요일,대구광역시 달서구 송현동,경상사고,0,0,1,0,차대차 - 추돌 - 주정차중,안전운전불이행,건조,맑음,교차로 - 교차로안,화물,남,18세,상해없음,승용,남,52세,경상
2013040600100055,2013년 4월 6일 01시,토요일,대구광역시 북구 대현동,경상사고,0,0,1,0,차대사람 - 기타,안전운전불이행,건조,맑음,교차로 - 교차로안,승합,남,24세,상해없음,보행자,남,52세,경상
2013040600100083,2013년 4월 6일 02시,토요일,대구광역시 남구 대명동,경상사고,0,0,1,0,차대차 - 정면충돌,신호위반,습기,비,교차로 - 교차로안,이륜,남,17세,기타불명,승용,남,33세,경상
2013040600100084,2013년 4월 6일 02시,토요일,대구광역시 달서구 상인동,경상사고,0,0,1,0,차대차 - 측면직각충돌,안전운전불이행,습기,비,교차로 - 교차로안,승용,남,34세,상해없음,자전거,남,22세,경상
2013040600100085,2013년 4월 6일 02시,토요일,대구광역시 달서구 월성동,경상사고,0,0,1,0,차대차 - 추돌 - 주정차중,안전거리미확보,습기,비,교차로 - 교차로안,승용,남,41세,상해없음,승용,남,45세,상해없음
2013040600100086,2013년 4월 6일 02시,토요일,대구광역시 북구 대현동,경상사고,0,0,2,0,차대차 - 추돌 - 진행중,안전운전불이행,습기,비,단일로 - 기타,승용,남,36세,상해없음,승용,남,38세,경상
2013040600100087,2013년 4월 6일 02시,토요일,대구광역시 서구 내당동,중상사고,0,1,5,0,차대차 - 추돌 - 진행중,안전운전불이행,습기,비,교차로 - 교차로부근,화물,남,29세,상해없음,승용,남,56세,중상
2013040600100117,2013년 4월 6일 03시,토요일,대구광역시 북구 산격동,경상사고,0,0,3,0,차대차 - 추돌 - 주정차중,안전운전불이행,습기,비,교차로 - 교차로부근,승용,남,33세,상해없음,승용,남,53세,경상
2013040600100118,2013년 4월 6일 03시,토요일,대구광역시 북구 매천동,경상사고,0,0,3,0,차대차 - 기타,안전운전불이행,습기,비,단일로 - 기타,승용,남,43세,상해없음,승용,남,54세,경상
2013040600100119,2013년 4월 6일 03시,토요일,대구광역시 서구 내당동,경상사고,0,0,6,0,차대차 - 측면직각충돌,안전운전불이행,습기,비,단일로 - 기타,승용,남,57세,상해없음,승합,남,26세,상해없음
2013040600100154,2013년 4월 6일 05시,토요일,대구광역시 동구 신천동,사망사고,1,0,0,0,차대사람 - 횡단중,안전운전불이행,습기,비,단일로 - 횡단보도부근,승합,남,37세,상해없음,보행자,남,76세,사망
2013040600100155,2013년 4월 6일 05시,토요일,대구광역시 달서구 본리동,경상사고,0,0,1,0,차대사람 - 기타,안전운전불이행,습기,비,교차로 - 교차로부근,화물,남,52세,상해없음,보행자,여,76세,경상
2013040600100172,2013년 4월 6일 06시,토요일,대구광역시 달서구 송현동,중상사고,0,1,1,0,차대차 - 추돌 - 진행중,안전거리미확보,습기,비,단일로 - 기타,승용,남,28세,상해없음,승용,남,66세,중상
2013040600100173,2013년 4월 6일 06시,토요일,대구광역시 달성군 가창면,중상사고,0,1,0,0,차량단독 - 공작물충돌,안전운전불이행,습기,비,단일로 - 기타,승용,남,21세,상해없음,,,,
2013040600100174,2013년 4월 6일 06시,토요일,대구광역시 중구 태평로1가,중상사고,0,1,1,0,차대차 - 기타,안전거리미확보,습기,비,단일로 - 기타,승합,남,50세,상해없음,승용,남,60세,경상
2013040600100175,2013년 4월 6일 06시,토요일,대구광역시 달서구 본리동,경상사고,0,0,3,0,차대차 - 추돌 - 진행중,안전운전불이행,습기,비,단일로 - 기타,승용,남,27세,상해없음,승합,남,40세,경상
2013040600100233,2013년 4월 6일 09시,토요일,대구광역시 달성군 화원읍,중상사고,0,1,2,0,차대차 - 측면직각충돌,안전운전불이행,습기,비,단일로 - 기타,화물,남,39세,상해없음,화물,여,58세,중상
2013040600100255,2013년 4월 6일 10시,토요일,대구광역시 남구 대명동,경상사고,0,0,1,0,차대차 - 측면직각충돌,직진우회전진행방해,건조,맑음,교차로 - 교차로안,승용,남,33세,상해없음,이륜,남,23세,경상
2013040600100280,2013년 4월 6일 11시,토요일,대구광역시 달성군 현풍면,중상사고,0,1,0,0,차대사람 - 횡단중,보행자보호의무위반,습기,비,교차로 - 교차로부근,승용,남,70세,상해없음,보행자,여,65세,중상
2013040600100312,2013년 4월 6일 12시,토요일,대구광역시 수성구 삼덕동,중상사고,0,1,1,0,차대차 - 측면직각충돌,안전거리미확보,습기,비,단일로 - 기타,승용,남,72세,상해없음,승용,남,41세,중상
2013040600100313,2013년 4월 6일 12시,토요일,대구광역시 달서구 상인동,경상사고,0,0,2,0,차대사람 - 횡단중,안전운전불이행,습기,비,단일로 - 횡단보도부근,승용,여,35세,상해없음,보행자,여,31세,경상
2013040600100314,2013년 4월 6일 12시,토요일,대구광역시 서구 비산동,경상사고,0,0,2,0,차대차 - 추돌 - 주정차중,안전운전불이행,습기,비,단일로 - 기타,승용,여,45세,상해없음,승용,남,44세,경상
2013040600100315,2013년 4월 6일 12시,토요일,대구광역시 서구 비산동,경상사고,0,0,1,0,차대사람 - 기타,안전운전불이행,건조,맑음,기타 - 기타,승용,남,50세,상해없음,보행자,남,28세,경상
2013040600100316,2013년 4월 6일 12시,토요일,대구광역시 중구 하서동,중상사고,0,1,0,0,차대사람 - 기타,기타,습기,비,단일로 - 기타,승합,남,58세,상해없음,보행자,여,70세,중상
2013040600100352,2013년 4월 6일 13시,토요일,대구광역시 수성구 만촌동,경상사고,0,0,1,0,차대차 - 측면직각충돌,안전거리미확보,건조,맑음,단일로 - 기타,승용,여,41세,상해없음,승용,남,57세,경상
2013040600100353,2013년 4월 6일 13시,토요일,대구광역시 달서구 상인동,경상사고,0,0,1,0,차대차 - 추돌 - 주정차중,안전운전불이행,습기,비,단일로 - 기타,승용,여,62세,상해없음,화물,여,50세,경상
2013040600100354,2013년 4월 6일 13시,토요일,대구광역시 중구 태평로3가,경상사고,0,0,1,1,차대차 - 측면직각충돌,안전거리미확보,습기,비,단일로 - 기타,승용,남,71세,상해없음,승용,여,51세,부상신고
2013040600100378,2013년 4월 6일 14시,토요일,대구광역시 동구 신암동,중상사고,0,1,0,0,차대사람 - 길가장자리구역통행중,안전운전불이행,건조,맑음,단일로 - 기타,승용,여,34세,상해없음,보행자,남,67세,중상
2013040600100379,2013년 4월 6일 14시,토요일,대구광역시 북구 서변동,중상사고,0,1,4,0,차대차 - 추돌 - 주정차중,안전거리미확보,습기,비,단일로 - 기타,승용,남,41세,경상,화물,남,64세,상해없음
2013040600100380,2013년 4월 6일 14시,토요일,대구광역시 북구 침산동,경상사고,0,0,2,0,차대차 - 측면직각충돌,안전거리미확보,습기,비,단일로 - 기타,승용,여,29세,상해없음,승용,남,35세,경상
2013040600100381,2013년 4월 6일 14시,토요일,대구광역시 북구 산격동,경상사고,0,0,2,0,차대차 - 추돌 - 진행중,안전운전불이행,건조,맑음,기타 - 기타,승용,남,35세,상해없음,승용,여,33세,경상
2013040600100382,2013년 4월 6일 14시,토요일,대구광역시 북구 태전동,중상사고,0,1,0,0,차대사람 - 횡단중,안전운전불이행,습기,비,단일로 - 횡단보도상,승용,남,44세,상해없음,보행자,여,62세,중상
2013040600100383,2013년 4월 6일 14시,토요일,대구광역시 중구 태평로2가,중상사고,0,1,1,0,차대차 - 측면직각충돌,신호위반,습기,비,교차로 - 교차로안,이륜,남,28세,경상,이륜,남,33세,중상
2013040600100384,2013년 4월 6일 14시,토요일,대구광역시 달서구 갈산동,경상사고,0,0,1,0,차대차 - 측면직각충돌,교차로운행방법위반,습기,비,교차로 - 교차로안,승용,남,53세,상해없음,승용,남,51세,경상
2013040600100385,2013년 4월 6일 14시,토요일,대구광역시 달서구 두류동,경상사고,0,0,1,0,차대차 - 측면직각충돌,안전운전불이행,습기,비,단일로 - 기타,승용,남,63세,상해없음,승용,여,43세,경상
2013040600100414,2013년 4월 6일 15시,토요일,대구광역시 동구 신암동,경상사고,0,0,1,0,차대차 - 측면직각충돌,안전거리미확보,습기,비,단일로 - 기타,승용,남,58세,상해없음,승용,남,44세,경상
2013040600100415,2013년 4월 6일 15시,토요일,대구광역시 달성군 다사읍,경상사고,0,0,2,0,차대차 - 기타,신호위반,습기,비,교차로 - 교차로안,승용,남,41세,상해없음,승용,남,35세,경상
2013040600100416,2013년 4월 6일 15시,토요일,대구광역시 북구 노원동3가,경상사고,0,0,1,0,차대차 - 기타,중앙선침범,습기,비,단일로 - 기타,화물,남,25세,상해없음,이륜,남,30세,경상
2013040600100440,2013년 4월 6일 16시,토요일,대구광역시 동구 불로동,중상사고,0,3,0,0,차대차 - 기타,안전거리미확보,건조,맑음,단일로 - 기타,승용,남,21세,상해없음,승용,여,58세,중상
2013040600100441,2013년 4월 6일 16시,토요일,대구광역시 북구 산격동,경상사고,0,0,1,1,차대차 - 기타,안전운전불이행,습기,비,교차로 - 교차로부근,승용,남,75세,부상신고,승용,남,31세,경상
2013040600100442,2013년 4월 6일 16시,토요일,대구광역시 북구 대현동,경상사고,0,0,1,0,차대차 - 추돌 - 주정차중,안전운전불이행,습기,비,교차로 - 교차로부근,이륜,남,22세,상해없음,이륜,남,36세,경상
2013040600100443,2013년 4월 6일 16시,토요일,대구광역시 중구 삼덕동3가,경상사고,0,0,1,0,차대차 - 측면직각충돌,안전거리미확보,습기,비,단일로 - 기타,승용,남,68세,상해없음,승용,여,39세,경상
2013040600100472,2013년 4월 6일 17시,토요일,대구광역시 남구 대명동,경상사고,0,0,1,0,차대사람 - 횡단중,보행자보호의무위반,습기,비,단일로 - 횡단보도상,승용,남,77세,상해없음,보행자,여,18세,경상
2013040600100473,2013년 4월 6일 17시,토요일,대구광역시 수성구 황금동,경상사고,0,0,1,0,차대차 - 측면직각충돌,안전운전불이행,건조,맑음,단일로 - 기타,승합,남,56세,경상,승용,남,43세,기타불명
2013040600100474,2013년 4월 6일 17시,토요일,대구광역시 달서구 도원동,경상사고,0,0,3,0,차대차 - 기타,차로위반,건조,맑음,교차로 - 교차로부근,승용,남,61세,상해없음,승용,여,60세,경상
2013040600100475,2013년 4월 6일 17시,토요일,대구광역시 달서구 월성동,경상사고,0,0,1,0,차대차 - 추돌 - 진행중,안전운전불이행,건조,맑음,기타 - 기타,자전거,남,25세,경상,승용,남,46세,상해없음
2013040600100476,2013년 4월 6일 17시,토요일,대구광역시 서구 내당동,경상사고,0,0,1,0,차대차 - 기타,안전운전불이행,습기,비,단일로 - 기타,기타불명,기타불명,기타불명,기타불명,승용,여,57세,경상
2013040600100512,2013년 4월 6일 18시,토요일,대구광역시 북구 읍내동,중상사고,0,1,0,0,차대차 - 기타,안전운전불이행,습기,비,교차로 - 교차로부근,승용,남,47세,상해없음,승용,여,47세,중상
2013040600100557,2013년 4월 6일 19시,토요일,대구광역시 수성구 황금동,중상사고,0,1,7,0,차대차 - 추돌 - 진행중,안전거리미확보,습기,비,단일로 - 기타,승용,남,23세,중상,승용,여,49세,경상
2013040600100558,2013년 4월 6일 19시,토요일,대구광역시 달서구 유천동,경상사고,0,0,1,0,차대차 - 측면직각충돌,신호위반,습기,비,교차로 - 교차로안,승용,남,47세,상해없음,승용,여,44세,경상
2013040600100559,2013년 4월 6일 19시,토요일,대구광역시 달서구 송현동,경상사고,0,0,1,0,차대사람 - 횡단중,보행자보호의무위반,습기,비,교차로 - 교차로안,화물,남,51세,상해없음,보행자,여,53세,경상
2013040600100615,2013년 4월 6일 20시,토요일,대구광역시 동구 신평동,경상사고,0,0,1,0,차대차 - 기타,안전운전불이행,습기,비,교차로 - 교차로부근,승용,남,49세,상해없음,승용,남,40세,경상
2013040600100616,2013년 4월 6일 20시,토요일,대구광역시 동구 신천동,경상사고,0,0,1,0,차대차 - 추돌 - 진행중,안전운전불이행,습기,비,교차로 - 교차로부근,이륜,남,16세,상해없음,이륜,남,73세,경상
2013040600100617,2013년 4월 6일 20시,토요일,대구광역시 달서구 월성동,경상사고,0,0,1,0,차대차 - 측면직각충돌,교차로운행방법위반,습기,비,단일로 - 기타,승용,남,45세,상해없음,원동기,남,30세,경상
2013040600100618,2013년 4월 6일 20시,토요일,대구광역시 북구 구암동,경상사고,0,0,1,0,차대차 - 추돌 - 주정차중,안전운전불이행,습기,비,교차로 - 교차로부근,승용,남,35세,상해없음,승용,남,52세,경상
2013040600100619,2013년 4월 6일 20시,토요일,대구광역시 북구 노원동1가,경상사고,0,0,1,2,차대차 - 기타,안전거리미확보,습기,비,단일로 - 기타,승용,남,58세,상해없음,승용,남,41세,부상신고
2013040600100620,2013년 4월 6일 20시,토요일,대구광역시 북구 학정동,경상사고,0,0,1,0,차대사람 - 횡단중,보행자보호의무위반,습기,비,교차로 - 교차로안,화물,남,47세,상해없음,보행자,남,23세,경상
2013040600100621,2013년 4월 6일 20시,토요일,대구광역시 달서구 두류동,부상신고사고,0,0,0,1,차대차 - 기타,안전운전불이행,건조,맑음,단일로 - 기타,화물,남,61세,상해없음,자전거,남,47세,부상신고
2013040600100668,2013년 4월 6일 21시,토요일,대구광역시 남구 대명동,경상사고,0,0,1,0,차대차 - 기타,안전운전불이행,건조,맑음,단일로 - 기타,승용,남,54세,상해없음,이륜,남,41세,경상
2013040600100714,2013년 4월 6일 22시,토요일,대구광역시 남구 대명동,경상사고,0,0,1,0,차대차 - 측면직각충돌,안전거리미확보,습기,비,단일로 - 기타,기타불명,기타불명,기타불명,기타불명,승용,남,36세,경상
2013040600100715,2013년 4월 6일 22시,토요일,대구광역시 동구 효목동,경상사고,0,0,1,0,차대사람 - 횡단중,보행자보호의무위반,습기,비,교차로 - 교차로부근,승용,남,25세,상해없음,보행자,남,45세,경상
2013040600100716,2013년 4월 6일 22시,토요일,대구광역시 동구 신천동,부상신고사고,0,0,0,1,차대차 - 기타,안전운전불이행,습기,비,단일로 - 기타,이륜,남,27세,부상신고,승용,남,45세,상해없음
2013040600100717,2013년 4월 6일 22시,토요일,대구광역시 서구 평리동,중상사고,0,1,0,0,차대사람 - 횡단중,보행자보호의무위반,습기,비,교차로 - 교차로안,원동기,남,26세,상해없음,보행자,남,31세,중상
2013040600100767,2013년 4월 6일 23시,토요일,대구광역시 동구 신서동,경상사고,0,0,2,0,차량단독 - 공작물충돌,안전운전불이행,습기,비,교차로 - 교차로부근,승용,남,34세,경상,,,,
2013040600100768,2013년 4월 6일 23시,토요일,대구광역시 동구 신암동,경상사고,0,0,1,0,차대차 - 측면직각충돌,안전거리미확보,습기,비,단일로 - 기타,승용,남,57세,상해없음,승용,여,21세,경상
2013040600100769,2013년 4월 6일 23시,토요일,대구광역시 동구 신천동,경상사고,0,0,1,0,차대사람 - 차도통행중,안전운전불이행,습기,비,단일로 - 기타,승용,남,55세,상해없음,보행자,남,33세,경상
2013040600100770,2013년 4월 6일 23시,토요일,대구광역시 수성구 지산동,경상사고,0,0,2,0,차대차 - 기타,안전운전불이행,습기,비,단일로 - 기타,이륜,남,17세,경상,승용,남,36세,경상
2013040600100771,2013년 4월 6일 23시,토요일,대구광역시 달성군 화원읍,중상사고,0,1,0,0,차대사람 - 기타,안전운전불이행,습기,비,단일로 - 기타,승용,남,55세,상해없음,보행자,남,56세,중상
2013040600100772,2013년 4월 6일 23시,토요일,대구광역시 북구 팔달동,경상사고,0,0,1,0,차대차 - 측면직각충돌,안전운전불이행,건조,맑음,단일로 - 기타,승용,남,23세,상해없음,승용,남,52세,경상
2013040600100773,2013년 4월 6일 23시,토요일,대구광역시 중구 동인동1가,사망사고,1,0,0,0,차대사람 - 횡단중,안전운전불이행,습기,비,단일로 - 횡단보도상,승용,남,46세,상해없음,보행자,남,66세,사망