사고번호,사고일시,요일,시군구,사고내용,사망자수,중상자수,경상자수,부상신고자수,사고유형,법규위반,노면상태,기상상태,도로형태,가해운전자 차종,가해운전자 성별,가해운전자 연령,가해운전자 상해정도,피해운전자 차종,피해운전자 성별,피해운전자 연령,피해운전자 상해정도
2013041000100464,2013년 4월 10일 19시,수요일,대구광역시 수성구 두산동,경상사고,0,0,1,0,차대차 - 측면직각충돌,교차로운행방법위반,건조,맑음,교차로 - 교차로안,승용,여,45세,상해없음,승용,남,38세,경상
2013041000100465,2013년 4월 10일 19시,수요일,대구광역시 서구 중리동,경상사고,0,0,1,0,차대차 - 측면직각충돌,안전운전불이행,건조,맑음,단일로 - 횡단보도부근,화물,남,57세,상해없음,승합,남,58세,경상
2013041000100466,2013년 4월 10일 19시,수요일,대구광역시 달서구 본리동,경상사고,0,0,1,0,차대사람 - 보도통행중,기타,건조,맑음,단일로 - 기타,승용,남,42세,상해없음,보행자,남,42세,경상
2013041000100499,2013년 4월 10일 20시,수요일,대구광역시 북구 태전동,경상사고,0,0,2,0,차대차 - 측면직각충돌,안전거리미확보,건조,맑음,단일로 - 기타,승용,남,58세,상해없음,승용,여,26세,경상
2013041000100536,2013년 4월 10일 21시,수요일,대구광역시 수성구 범어동,경상사고,0,0,1,0,차대사람 - 기타,안전운전불이행,건조,맑음,단일로 - 기타,승용,여,62세,상해없음,보행자,여,25세,경상
2013041000100537,2013년 4월 10일 21시,수요일,대구광역시 북구 서변동,중상사고,0,1,0,0,차대사람 - 기타,안전운전불이행,건조,맑음,단일로 - 기타,승용,남,31세,상해없음,보행자,여,47세,중상
2013041000100558,2013년 4월 10일 22시,수요일,대구광역시 수성구 범어동,경상사고,0,0,1,0,차대차 - 측면직각충돌,안전운전불이행,건조,맑음,교차로 - 교차로부근,승용,남,54세,상해없음,자전거,남,14세,경상
2013041000100559,2013년 4월 10일 22시,수요일,대구광역시 수성구 만촌동,경상사고,0,0,1,0,차대사람 - 기타,안전운전불이행,건조,맑음,단일로 - 기타,승합,남,35세,상해없음,보행자,남,29세,경상
2013041000100560,2013년 4월 10일 22시,수요일,대구광역시 달서구 상인동,중상사고,0,1,0,0,차대사람 - 횡단중,신호위반,건조,맑음,단일로 - 횡단보도상,원동기,남,21세,상해없음,보행자,여,52세,중상
2013041000100561,2013년 4월 10일 22시,수요일,대구광역시 북구 산격동,경상사고,0,0,1,0,차대차 - 기타,안전운전불이행,건조,맑음,단일로 - 기타,승합,남,48세,상해없음,자전거,남,17세,경상
2013041000100562,2013년 4월 10일 22시,수요일,대구광역시 서구 중리동,경상사고,0,0,1,0,차대차 - 기타,안전운전불이행,건조,맑음,단일로 - 기타,승용,남,62세,상해없음,승용,남,43세,상해없음
2013041000100587,2013년 4월 10일 23시,수요일,대구광역시 수성구 대흥동,중상사고,0,1,0,0,차대차 - 측면직각충돌,안전운전불이행,건조,맑음,교차로 - 교차로안,승용,남,25세,상해없음,승용,남,26세,중상
2013041000100588,2013년 4월 10일 23시,수요일,대구광역시 달서구 월암동,중상사고,0,1,0,0,차대사람 - 기타,보행자보호의무위반,건조,맑음,교차로 - 교차로안,승용,남,50세,상해없음,보행자,남,57세,중상
2013041100100021,2013년 4월 11일 00시,목요일,대구광역시 서구 내당동,경상사고,0,0,1,0,차대차 - 기타,안전거리미확보,건조,맑음,단일로 - 기타,승용,남,57세,상해없음,승용,남,47세,상해없음
2013041100100036,2013년 4월 11일 01시,목요일,대구광역시 북구 태전동,경상사고,0,0,2,0,차대차 - 기타,안전운전불이행,건조,맑음,단일로 - 기타,승용,남,64세,상해없음,승용,남,52세,경상
2013041100100053,2013년 4월 11일 03시,목요일,대구광역시 수성구 중동,중상사고,0,1,5,0,차대차 - 측면직각충돌,신호위반,건조,맑음,교차로 - 교차로안,승용,남,21세,상해없음,승용,남,32세,중상
2013041100100068,2013년 4월 11일 05시,목요일,대구광역시 북구 칠성동1가,중상사고,0,1,0,0,차대사람 - 기타,신호위반,건조,맑음,교차로 - 교차로안,승합,남,32세,상해없음,보행자,남,66세,중상
2013041100100069,2013년 4월 11일 05시,목요일,대구광역시 북구 노원동3가,중상사고,0,1,0,0,차대사람 - 기타,안전운전불이행,건조,맑음,단일로 - 기타,원동기,남,52세,상해없음,보행자,남,56세,중상
2013041100100093,2013년 4월 11일 06시,목요일,대구광역시 달서구 죽전동,중상사고,0,1,0,0,차대차 - 기타,기타,건조,맑음,단일로 - 기타,승용,남,62세,상해없음,자전거,여,57세,중상
2013041100100118,2013년 4월 11일 07시,목요일,대구광역시 수성구 범어동,중상사고,0,2,0,0,차대차 - 측면직각충돌,신호위반,건조,맑음,교차로 - 교차로안,승용,남,58세,상해없음,승용,여,34세,중상
2013041100100119,2013년 4월 11일 07시,목요일,대구광역시 수성구 신매동,경상사고,0,0,4,0,차대차 - 측면직각충돌,교차로운행방법위반,건조,맑음,교차로 - 교차로안,승용,여,47세,상해없음,승용,남,26세,상해없음
2013041100100149,2013년 4월 11일 08시,목요일,대구광역시 북구 노원동1가,중상사고,0,2,0,0,차대차 - 측면직각충돌,안전운전불이행,건조,맑음,단일로 - 기타,이륜,남,22세,중상,자전거,남,68세,중상
2013041100100150,2013년 4월 11일 08시,목요일,대구광역시 북구 칠성동1가,부상신고사고,0,0,0,1,차대차 - 정면충돌,중앙선침범,건조,맑음,단일로 - 기타,이륜,남,56세,상해없음,이륜,남,56세,부상신고
2013041100100151,2013년 4월 11일 08시,목요일,대구광역시 달서구 갈산동,중상사고,0,2,0,0,차대차 - 기타,신호위반,건조,맑음,교차로 - 교차로안,승용,남,24세,중상,승용,여,56세,중상
2013041100100170,2013년 4월 11일 09시,목요일,대구광역시 수성구 만촌동,경상사고,0,0,1,0,차대차 - 추돌 - 진행중,안전거리미확보,건조,맑음,교차로 - 교차로부근,승용,여,22세,상해없음,승용,남,31세,상해없음
2013041100100171,2013년 4월 11일 09시,목요일,대구광역시 중구 남산동,경상사고,0,0,1,4,차대차 - 측면직각충돌,중앙선침범,건조,맑음,단일로 - 기타,승용,남,18세,상해없음,화물,남,29세,경상
2013041100100218,2013년 4월 11일 11시,목요일,대구광역시 남구 봉덕동,중상사고,0,1,0,0,차대차 - 기타,안전운전불이행,건조,맑음,교차로 - 교차로부근,화물,남,58세,상해없음,승용,여,33세,상해없음
2013041100100219,2013년 4월 11일 11시,목요일,대구광역시 동구 신천동,경상사고,0,0,1,1,차대차 - 측면직각충돌,안전운전불이행,건조,맑음,단일로 - 기타,원동기,남,15세,부상신고,특수,남,33세,기타불명
2013041100100220,2013년 4월 11일 11시,목요일,대구광역시 수성구 범어동,중상사고,0,1,0,0,차대차 - 기타,안전운전불이행,건조,맑음,단일로 - 기타,승용,여,26세,상해없음,자전거,남,62세,중상
2013041100100221,2013년 4월 11일 11시,목요일,대구광역시 수성구 범어동,경상사고,0,0,1,0,차대사람 - 기타,안전운전불이행,건조,맑음,단일로 - 기타,승용,남,45세,상해없음,보행자,남,20세,경상
2013041100100222,2013년 4월 11일 11시,목요일,대구광역시 중구 서야동,중상사고,0,1,0,0,차대차 - 기타,안전운전불이행,건조,맑음,단일로 - 기타,화물,남,39세,기타불명,원동기,남,61세,중상
2013041100100275,2013년 4월 11일 13시,목요일,대구광역시 서구 내당동,경상사고,0,0,1,0,차대차 - 추돌 - 진행중,안전운전불이행,건조,맑음,교차로 - 교차로부근,승용,남,58세,상해없음,승용,남,29세,경상
2013041100100306,2013년 4월 11일 14시,목요일,대구광역시 수성구 지산동,경상사고,0,0,3,0,차대차 - 추돌 - 진행중,안전거리미확보,건조,맑음,단일로 - 기타,승용,남,55세,상해없음,승용,남,22세,경상
2013041100100307,2013년 4월 11일 14시,목요일,대구광역시 수성구 범어동,중상사고,0,1,0,0,차대차 - 측면직각충돌,안전거리미확보,건조,맑음,교차로 - 교차로부근,승용,남,74세,상해없음,이륜,남,44세,중상
2013041100100308,2013년 4월 11일 14시,목요일,대구광역시 북구 서변동,부상신고사고,0,0,0,1,차량단독 - 기타,안전운전불이행,건조,맑음,단일로 - 기타,이륜,남,67세,부상신고,,,,
2013041100100323,2013년 4월 11일 15시,목요일,대구광역시 동구 각산동,경상사고,0,0,1,0,차대사람 - 기타,안전운전불이행,건조,맑음,단일로 - 기타,승용,남,73세,상해없음,보행자,남,34세,경상
2013041100100353,2013년 4월 11일 16시,목요일,대구광역시 수성구 황금동,경상사고,0,0,1,0,차대차 - 기타,안전운전불이행,건조,맑음,단일로 - 교량,승용,여,64세,상해없음,승용,여,39세,경상
2013041100100354,2013년 4월 11일 16시,목요일,대구광역시 북구 읍내동,중상사고,0,1,0,0,차대사람 - 횡단중,신호위반,건조,맑음,단일로 - 횡단보도상,이륜,남,60세,상해없음,보행자,여,54세,중상
2013041100100383,2013년 4월 11일 17시,목요일,대구광역시 수성구 만촌동,경상사고,0,0,1,0,차대사람 - 기타,안전운전불이행,건조,맑음,단일로 - 기타,승용,남,54세,상해없음,보행자,남,17세,경상
2013041100100385,2013년 4월 11일 17시,목요일,대구광역시 달서구 상인동,중상사고,0,1,0,0,차대사람 - 횡단중,안전운전불이행,건조,맑음,단일로 - 기타,승용,여,45세,상해없음,보행자,여,10세,중상
2013041100100386,2013년 4월 11일 17시,목요일,대구광역시 달성군 화원읍,경상사고,0,0,1,0,차대차 - 측면직각충돌,안전운전불이행,건조,맑음,단일로 - 횡단보도상,승용,여,38세,상해없음,자전거,여,50세,경상
2013041100100419,2013년 4월 11일 18시,목요일,대구광역시 수성구 범어동,경상사고,0,0,1,0,차대차 - 기타,안전운전불이행,건조,맑음,교차로 - 교차로안,승용,남,66세,상해없음,승용,여,34세,경상
2013041100100420,2013년 4월 11일 18시,목요일,대구광역시 서구 중리동,중상사고,0,1,0,0,차대차 - 추돌 - 주정차중,안전운전불이행,건조,맑음,단일로 - 기타,이륜,남,15세,상해없음,승용,남,31세,기타불명
2013041100100421,2013년 4월 11일 18시,목요일,대구광역시 서구 평리동,경상사고,0,0,2,0,차대차 - 추돌 - 주정차중,안전운전불이행,건조,맑음,단일로 - 기타,승용,남,22세,상해없음,승용,여,40세,경상
2013041100100452,2013년 4월 11일 19시,목요일,대구광역시 동구 신암동,중상사고,0,1,0,0,차대사람 - 기타,안전운전불이행,건조,맑음,단일로 - 기타,승용,남,61세,상해없음,보행자,여,72세,중상
2013041100100453,2013년 4월 11일 19시,목요일,대구광역시 수성구 신매동,경상사고,0,0,1,0,차대차 - 측면직각충돌,안전운전불이행,건조,맑음,단일로 - 기타,승용,여,57세,상해없음,이륜,남,30세,경상
2013041100100454,2013년 4월 11일 19시,목요일,대구광역시 달서구 이곡동,중상사고,0,1,0,0,차대사람 - 보도통행중,안전운전불이행,건조,맑음,단일로 - 기타,승용,남,39세,상해없음,보행자,여,31세,중상
2013041100100490,2013년 4월 11일 20시,목요일,대구광역시 달성군 논공읍,경상사고,0,0,2,0,차대차 - 측면직각충돌,안전운전불이행,건조,맑음,단일로 - 기타,승용,남,44세,경상,승용,남,57세,경상
2013041100100491,2013년 4월 11일 20시,목요일,대구광역시 북구 노원동2가,경상사고,0,0,1,0,차대차 - 측면직각충돌,신호위반,건조,맑음,교차로 - 교차로안,승용,남,33세,상해없음,승용,남,51세,경상
2013041100100556,2013년 4월 11일 22시,목요일,대구광역시 남구 대명동,경상사고,0,0,1,0,차대차 - 측면직각충돌,안전거리미확보,건조,맑음,단일로 - 기타,승용,남,54세,상해없음,자전거,남,33세,경상
2013041100100557,2013년 4월 11일 22시,목요일,대구광역시 수성구 만촌동,경상사고,0,0,1,0,차대차 - 측면직각충돌,안전운전불이행,건조,맑음,단일로 - 기타,승용,여,53세,상해없음,승용,남,57세,경상
2013041100100558,2013년 4월 11일 22시,목요일,대구광역시 서구 내당동,경상사고,0,0,1,0,차대차 - 측면직각충돌,안전운전불이행,건조,맑음,교차로 - 교차로부근,승용,여,29세,상해없음,승용,남,28세,경상
2013041100100598,2013년 4월 11일 23시,목요일,대구광역시 달성군 논공읍,경상사고,0,0,1,0,차대차 - 측면직각충돌,직진우회전진행방해,건조,맑음,교차로 - 교차로안,승용,남,39세,경상,승용,남,38세,상해없음
2013041100100599,2013년 4월 11일 23시,목요일,대구광역시 달서구 두류동,중상사고,0,1,0,0,차대차 - 측면직각충돌,교차로운행방법위반,건조,맑음,교차로 - 교차로안,승용,남,36세,상해없음,이륜,남,60세,중상
2013041100100600,2013년 4월 11일 23시,목요일,대구광역시 달서구 호산동,부상신고사고,0,0,0,1,차량단독 - 공작물충돌,안전운전불이행,건조,맑음,교차로 - 교차로안,승용,남,30세,부상신고,,,,
2013041200100020,2013년 4월 12일 00시,금요일,대구광역시 동구 신암동,경상사고,0,0,2,0,차대차 - 기타,신호위반,건조,맑음,교차로 - 교차로안,승용,여,39세,상해없음,승용,남,47세,상해없음
2013041200100021,2013년 4월 12일 00시,금요일,대구광역시 수성구 대흥동,경상사고,0,0,2,0,차대차 - 추돌 - 주정차중,안전운전불이행,건조,맑음,단일로 - 기타,화물,남,35세,상해없음,승용,남,34세,경상
2013041200100037,2013년 4월 12일 01시,금요일,대구광역시 북구 구암동,중상사고,0,3,0,0,차대차 - 기타,직진우회전진행방해,건조,맑음,교차로 - 교차로안,승용,남,48세,상해없음,승용,남,47세,중상
2013041200100038,2013년 4월 12일 01시,금요일,대구광역시 북구 복현동,경상사고,0,0,1,0,차대사람 - 기타,안전운전불이행,건조,맑음,단일로 - 기타,화물,남,36세,상해없음,보행자,남,32세,경상
2013041200100054,2013년 4월 12일 02시,금요일,대구광역시 중구 남산동,중상사고,0,1,0,0,차량단독 - 공작물충돌,안전운전불이행,건조,맑음,단일로 - 기타,승용,남,24세,상해없음,,,,
2013041200100073,2013년 4월 12일 04시,금요일,대구광역시 동구 신천동,중상사고,0,1,0,0,차대차 - 기타,안전운전불이행,건조,맑음,단일로 - 횡단보도부근,승용,남,29세,상해없음,승용,남,45세,중상
2013041200100128,2013년 4월 12일 07시,금요일,대구광역시 북구 구암동,중상사고,0,1,0,0,차대차 - 측면직각충돌,안전운전불이행,건조,맑음,단일로 - 기타,승용,여,44세,상해없음,승용,여,44세,상해없음
2013041200100161,2013년 4월 12일 08시,금요일,대구광역시 동구 입석동,부상신고사고,0,0,0,1,차대차 - 추돌 - 진행중,안전운전불이행,건조,맑음,교차로 - 교차로부근,이륜,남,32세,부상신고,승합,남,55세,상해없음
2013041200100162,2013년 4월 12일 08시,금요일,대구광역시 북구 노원동3가,경상사고,0,0,1,0,차량단독 - 기타,안전운전불이행,건조,맑음,단일로 - 기타,승합,남,47세,상해없음,,,,
2013041200100163,2013년 4월 12일 08시,금요일,대구광역시 중구 남산동,중상사고,0,1,0,0,차량단독 - 기타,안전운전불이행,건조,맑음,단일로 - 기타,승합,남,53세,상해없음,,,,
2013041200100224,2013년 4월 12일 10시,금요일,대구광역시 수성구 범어동,경상사고,0,0,1,0,차대사람 - 기타,안전운전불이행,건조,맑음,기타 - 기타,승용,남,47세,상해없음,보행자,남,22세,경상
2013041200100225,2013년 4월 12일 10시,금요일,대구광역시 서구 내당동,중상사고,0,1,0,0,차대사람 - 기타,안전운전불이행,건조,맑음,교차로 - 교차로부근,화물,남,51세,상해없음,보행자,여,76세,중상
2013041200100226,2013년 4월 12일 10시,금요일,대구광역시 중구 동인동1가,중상사고,0,1,0,0,차대사람 - 기타,기타,건조,맑음,단일로 - 기타,승용,여,35세,상해없음,보행자,남,63세,중상
2013041200100245,2013년 4월 12일 11시,금요일,대구광역시 달서구 상인동,중상사고,0,1,1,0,차대사람 - 기타,안전운전불이행,건조,맑음,기타 - 기타,승용,여,51세,상해없음,보행자,남,68세,중상
2013041200100271,2013년 4월 12일 12시,금요일,대구광역시 동구 율하동,경상사고,0,0,2,0,차대차 - 기타,교차로운행방법위반,건조,맑음,교차로 - 교차로안,이륜,남,52세,상해없음,이륜,남,78세,경상
2013041200100300,2013년 4월 12일 13시,금요일,대구광역시 수성구 중동,중상사고,0,1,0,0,차대사람 - 횡단중,안전운전불이행,건조,맑음,단일로 - 기타,승용,남,50세,상해없음,보행자,여,68세,중상
2013041200100326,2013년 4월 12일 14시,금요일,대구광역시 북구 노원동1가,중상사고,0,1,0,0,차대차 - 측면직각충돌,교차로운행방법위반,건조,맑음,교차로 - 교차로안,화물,남,47세,상해없음,자전거,여,52세,중상
2013041200100360,2013년 4월 12일 15시,금요일,대구광역시 수성구 매호동,경상사고,0,0,1,0,차대사람 - 기타,안전운전불이행,건조,맑음,단일로 - 기타,승용,남,65세,상해없음,보행자,여,14세,경상
2013041200100361,2013년 4월 12일 15시,금요일,대구광역시 수성구 만촌동,경상사고,0,0,1,0,차대사람 - 기타,안전운전불이행,건조,맑음,단일로 - 기타,화물,남,52세,상해없음,보행자,여,12세,경상
2013041200100392,2013년 4월 12일 16시,금요일,대구광역시 수성구 황금동,경상사고,0,0,1,0,차대사람 - 기타,안전운전불이행,건조,맑음,단일로 - 기타,승용,남,68세,상해없음,보행자,여,14세,경상
2013041200100480,2013년 4월 12일 18시,금요일,대구광역시 북구 칠성동1가,경상사고,0,0,1,0,차대차 - 기타,안전운전불이행,건조,맑음,단일로 - 횡단보도상,승용,남,33세,상해없음,자전거,남,10세,경상
2013041200100515,2013년 4월 12일 19시,금요일,대구광역시 달서구 대천동,경상사고,0,0,1,0,차대차 - 측면직각충돌,안전운전불이행,건조,맑음,교차로 - 교차로안,이륜,남,35세,경상,승용,남,36세,상해없음
2013041200100553,2013년 4월 12일 20시,금요일,대구광역시 수성구 상동,경상사고,0,0,3,0,차대차 - 측면직각충돌,안전운전불이행,건조,맑음,교차로 - 교차로안,승용,남,58세,상해없음,승용,남,62세,경상
2013041200100554,2013년 4월 12일 20시,금요일,대구광역시 달성군 현풍면,경상사고,0,0,3,0,차대차 - 추돌 - 주정차중,안전운전불이행,건조,맑음,교차로 - 교차로부근,화물,남,50세,상해없음,승용,남,51세,경상
2013041200100555,2013년 4월 12일 20시,금요일,대구광역시 북구 동천동,경상사고,0,0,1,0,차대차 - 측면직각충돌,신호위반,건조,맑음,단일로 - 기타,원동기,남,22세,경상,승용,여,44세,상해없음
2013041200100556,2013년 4월 12일 20시,금요일,대구광역시 달서구 용산동,경상사고,0,0,1,0,차대차 - 측면직각충돌,안전운전불이행,건조,맑음,단일로 - 기타,승용,여,53세,상해없음,승용,남,33세,경상
2013041200100602,2013년 4월 12일 21시,금요일,대구광역시 수성구 황금동,경상사고,0,0,1,0,차대차 - 추돌 - 진행중,안전운전불이행,건조,맑음,단일로 - 기타,이륜,남,44세,상해없음,승용,여,43세,경상
2013041200100635,2013년 4월 12일 22시,금요일,대구광역시 남구 대명동,경상사고,0,0,1,0,차대차 - 측면직각충돌,차로위반,건조,맑음,단일로 - 기타,승용,남,24세,상해없음,승용,남,40세,경상
2013041200100636,2013년 4월 12일 22시,금요일,대구광역시 수성구 시지동,경상사고,0,0,1,0,차대차 - 기타,안전거리미확보,건조,맑음,교차로 - 교차로부근,승용,남,44세,상해없음,승용,남,39세,상해없음
2013041200100637,2013년 4월 12일 22시,금요일,대구광역시 달서구 상인동,경상사고,0,0,1,0,차대차 - 측면직각충돌,차로위반,건조,맑음,단일로 - 기타,승용,남,18세,상해없음,이륜,남,23세,경상
2013041200100666,2013년 4월 12일 23시,금요일,대구광역시 수성구 만촌동,중상사고,0,1,0,0,차대사람 - 횡단중,안전운전불이행,건조,맑음,단일로 - 횡단보도상,승용,남,44세,상해없음,보행자,남,65세,중상
2013041200100667,2013년 4월 12일 23시,금요일,대구광역시 달서구 상인동,경상사고,0,0,2,0,차대차 - 추돌 - 진행중,안전운전불이행,건조,맑음,단일로 - 기타,승용,남,49세,상해없음,승용,남,52세,경상
2013041200100668,2013년 4월 12일 23시,금요일,대구광역시 달성군 다사읍,중상사고,0,1,2,0,차대차 - 기타,안전운전불이행,건조,맑음,단일로 - 기타,승용,남,40세,상해없음,승용,남,67세,경상
2013041200100669,2013년 4월 12일 23시,금요일,대구광역시 달서구 장동,중상사고,0,1,0,0,차대차 - 추돌 - 진행중,교차로운행방법위반,건조,맑음,교차로 - 교차로안,원동기,남,15세,중상,승용,남,45세,상해없음
2013041300100020,2013년 4월 13일 00시,토요일,대구광역시 서구 비산동,중상사고,0,1,0,0,차대사람 - 차도통행중,안전운전불이행,건조,맑음,교차로 - 교차로안,승용,남,50세,상해없음,보행자,남,58세,중상
2013041300100028,2013년 4월 13일 01시,토요일,대구광역시 남구 대명동,경상사고,0,0,1,0,차대차 - 추돌 - 주정차중,안전운전불이행,건조,맑음,교차로 - 교차로부근,승용,남,31세,상해없음,승용,남,74세,경상
2013041300100029,2013년 4월 13일 01시,토요일,대구광역시 달서구 본리동,경상사고,0,0,1,0,차대차 - 추돌 - 진행중,안전거리미확보,건조,맑음,교차로 - 교차로부근,승용,남,29세,상해없음,승용,여,55세,경상
2013041300100030,2013년 4월 13일 01시,토요일,대구광역시 달서구 용산동,중상사고,0,1,0,0,차대차 - 기타,안전운전불이행,건조,맑음,단일로 - 기타,승용,남,36세,중상,승용,여,45세,기타불명
2013041300100047,2013년 4월 13일 02시,토요일,대구광역시 수성구 범어동,경상사고,0,0,1,0,차대차 - 측면직각충돌,안전운전불이행,건조,흐림,단일로 - 기타,승용,남,31세,상해없음,승용,남,49세,경상
2013041300100048,2013년 4월 13일 02시,토요일,대구광역시 서구 상리동,경상사고,0,0,1,0,차량단독 - 공작물충돌,안전운전불이행,건조,맑음,단일로 - 기타,승용,남,25세,경상,,,,
2013041300100061,2013년 4월 13일 03시,토요일,대구광역시 북구 태전동,경상사고,0,0,1,0,차대사람 - 기타,안전운전불이행,건조,맑음,단일로 - 횡단보도부근,승용,남,34세,상해없음,보행자,남,19세,경상
2013041300100116,2013년 4월 13일 07시,토요일,대구광역시 달성군 가창면,중상사고,0,2,0,0,차대차 - 기타,안전운전불이행,건조,맑음,교차로 - 교차로부근,승용,남,48세,상해없음,승용,여,47세,중상
2013041300100141,2013년 4월 13일 08시,토요일,대구광역시 달서구 성당동,중상사고,0,1,0,0,차대차 - 측면직각충돌,안전거리미확보,건조,맑음,단일로 - 기타,자전거,여,76세,중상,승용,여,48세,상해없음
2013041300100192,2013년 4월 13일 10시,토요일,대구광역시 북구 노원동1가,경상사고,0,0,2,0,차대차 - 기타,안전운전불이행,건조,맑음,단일로 - 기타,화물,남,41세,상해없음,이륜,남,78세,경상
2013041300100229,2013년 4월 13일 11시,토요일,대구광역시 달서구 본동,경상사고,0,0,1,0,차대사람 - 기타,안전운전불이행,건조,맑음,교차로 - 교차로안,이륜,남,66세,상해없음,보행자,여,76세,경상
2013041300100256,2013년 4월 13일 12시,토요일,대구광역시 서구 이현동,경상사고,0,0,1,1,차대차 - 기타,안전운전불이행,건조,맑음,단일로 - 기타,승용,남,31세,부상신고,승용,남,56세,경상
2013041300100291,2013년 4월 13일 13시,토요일,대구광역시 달서구 상인동,경상사고,0,0,1,0,차대차 - 기타,기타,건조,맑음,단일로 - 기타,승용,남,37세,상해없음,승합,남,62세,상해없음
2013041300100292,2013년 4월 13일 13시,토요일,대구광역시 북구 대현동,중상사고,0,1,0,0,차대차 - 기타,안전운전불이행,건조,맑음,단일로 - 기타,승용,남,55세,상해없음,이륜,남,53세,중상
2013041300100344,2013년 4월 13일 14시,토요일,대구광역시 북구 매천동,경상사고,0,0,1,0,차대차 - 기타,기타,건조,맑음,단일로 - 기타,승용,남,35세,상해없음,이륜,남,24세,경상
2013041300100382,2013년 4월 13일 15시,토요일,대구광역시 달서구 송현동,중상사고,0,1,0,0,차대사람 - 횡단중,보행자보호의무위반,건조,맑음,단일로 - 횡단보도상,승용,남,41세,상해없음,보행자,여,31세,중상
2013041300100383,2013년 4월 13일 15시,토요일,대구광역시 서구 내당동,경상사고,0,0,1,0,차대차 - 기타,차로위반,건조,맑음,단일로 - 기타,승용,남,37세,상해없음,승용,여,40세,경상
2013041300100384,2013년 4월 13일 15시,토요일,대구광역시 달서구 용산동,부상신고사고,0,0,0,1,차대차 - 측면직각충돌,불법유턴,건조,맑음,교차로 - 교차로안,이륜,남,19세,부상신고,승용,남,51세,상해없음
2013041300100458,2013년 4월 13일 17시,토요일,대구광역시 동구 괴전동,경상사고,0,0,1,0,차대사람 - 기타,안전운전불이행,건조,맑음,단일로 - 기타,화물,남,56세,상해없음,보행자,남,46세,경상
2013041300100491,2013년 4월 13일 18시,토요일,대구광역시 달서구 이곡동,중상사고,0,1,0,0,차대차 - 측면직각충돌,교차로운행방법위반,건조,맑음,교차로 - 교차로안,승용,남,62세,상해없음,이륜,남,46세,중상
2013041300100525,2013년 4월 13일 19시,토요일,대구광역시 북구 노원동1가,중상사고,0,1,1,0,차대차 - 측면직각충돌,불법유턴,건조,흐림,교차로 - 교차로안,자전거,남,62세,중상,이륜,남,35세,경상
2013041300100526,2013년 4월 13일 19시,토요일,대구광역시 서구 내당동,경상사고,0,0,4,0,차대차 - 추돌 - 진행중,안전운전불이행,건조,맑음,단일로 - 기타,화물,남,38세,상해없음,승용,남,36세,상해없음
2013041300100622,2013년 4월 13일 22시,토요일,대구광역시 수성구 범어동,중상사고,0,1,0,0,차대차 - 기타,신호위반,건조,맑음,교차로 - 교차로안,이륜,남,60세,중상,승용,남,48세,상해없음
2013041400100010,2013년 4월 14일 00시,일요일,대구광역시 동구 방촌동,사망사고,1,1,0,0,차대사람 - 횡단중,안전운전불이행,건조,맑음,단일로 - 횡단보도상,승용,남,21세,상해없음,보행자,남,56세,중상
2013041400100011,2013년 4월 14일 00시,일요일,대구광역시 동구 신천동,경상사고,0,0,1,0,차대차 - 추돌 - 진행중,안전거리미확보,건조,맑음,단일로 - 기타,승용,남,54세,상해없음,이륜,남,27세,경상
2013041400100032,2013년 4월 14일 01시,일요일,대구광역시 달서구 용산동,중상사고,0,1,0,0,차대사람 - 횡단중,안전운전불이행,건조,맑음,단일로 - 기타,승용,남,58세,상해없음,보행자,남,15세,중상
2013041400100060,2013년 4월 14일 03시,일요일,대구광역시 달성군 논공읍,경상사고,0,0,1,0,차대차 - 추돌 - 주정차중,안전운전불이행,건조,맑음,단일로 - 기타,승용,남,51세,경상,승용,남,30세,상해없음
2013041400100061,2013년 4월 14일 03시,일요일,대구광역시 중구 삼덕동2가,경상사고,0,0,2,0,차대차 - 추돌 - 주정차중,안전운전불이행,건조,맑음,교차로 - 교차로부근,승용,남,43세,상해없음,승용,남,37세,경상
2013041400100130,2013년 4월 14일 08시,일요일,대구광역시 남구 대명동,부상신고사고,0,0,0,1,차대차 - 측면직각충돌,교차로운행방법위반,건조,맑음,교차로 - 교차로안,원동기,남,57세,부상신고,화물,남,45세,상해없음
2013041400100131,2013년 4월 14일 08시,일요일,대구광역시 달성군 화원읍,경상사고,0,0,1,0,차대차 - 측면직각충돌,신호위반,건조,맑음,교차로 - 교차로안,승용,남,63세,상해없음,승합,남,52세,상해없음
2013041400100143,2013년 4월 14일 09시,일요일,대구광역시 서구 비산동,중상사고,0,1,0,0,차대사람 - 길가장자리구역통행중,안전운전불이행,건조,맑음,단일로 - 기타,승용,남,67세,상해없음,보행자,여,92세,중상
2013041400100144,2013년 4월 14일 09시,일요일,대구광역시 중구 동인동1가,경상사고,0,0,1,0,차대사람 - 기타,안전운전불이행,건조,맑음,기타 - 기타,자전거,남,31세,상해없음,보행자,남,3세,경상
2013041400100145,2013년 4월 14일 09시,일요일,대구광역시 달서구 두류동,경상사고,0,0,2,0,차대차 - 추돌 - 주정차중,안전운전불이행,건조,맑음,단일로 - 기타,승용,남,34세,상해없음,승용,남,60세,경상
2013041400100209,2013년 4월 14일 12시,일요일,대구광역시 달서구 진천동,중상사고,0,1,0,0,차대차 - 측면직각충돌,안전운전불이행,건조,맑음,단일로 - 기타,승용,남,40세,상해없음,원동기,남,53세,중상