사고번호,사고일시,요일,시군구,사고내용,사망자수,중상자수,경상자수,부상신고자수,사고유형,법규위반,노면상태,기상상태,도로형태,가해운전자 차종,가해운전자 성별,가해운전자 연령,가해운전자 상해정도,피해운전자 차종,피해운전자 성별,피해운전자 연령,피해운전자 상해정도
2013041400100210,2013년 4월 14일 12시,일요일,대구광역시 북구 복현동,부상신고사고,0,0,0,1,차량단독 - 기타,안전운전불이행,건조,맑음,단일로 - 기타,이륜,남,17세,부상신고,,,,
2013041400100241,2013년 4월 14일 13시,일요일,대구광역시 동구 효목동,경상사고,0,0,2,0,차대차 - 기타,안전운전불이행,건조,맑음,교차로 - 교차로안,승용,남,37세,상해없음,승용,남,25세,경상
2013041400100242,2013년 4월 14일 13시,일요일,대구광역시 달서구 도원동,경상사고,0,0,1,0,차대차 - 측면직각충돌,신호위반,건조,맑음,단일로 - 횡단보도상,승용,남,50세,상해없음,자전거,남,15세,경상
2013041400100243,2013년 4월 14일 13시,일요일,대구광역시 북구 고성동1가,경상사고,0,0,1,0,차대사람 - 횡단중,보행자보호의무위반,건조,흐림,단일로 - 기타,이륜,남,64세,상해없음,보행자,여,74세,경상
2013041400100327,2013년 4월 14일 16시,일요일,대구광역시 달서구 송현동,경상사고,0,0,1,0,차대차 - 측면직각충돌,안전운전불이행,건조,맑음,단일로 - 기타,승용,남,54세,상해없음,승용,남,53세,경상
2013041400100364,2013년 4월 14일 17시,일요일,대구광역시 동구 신암동,경상사고,0,0,2,1,차대차 - 기타,교차로운행방법위반,건조,맑음,교차로 - 교차로안,승용,여,29세,기타불명,승용,여,40세,경상
2013041400100365,2013년 4월 14일 17시,일요일,대구광역시 서구 평리동,경상사고,0,0,2,0,차대차 - 기타,교차로운행방법위반,건조,맑음,교차로 - 교차로안,승용,남,54세,상해없음,자전거,남,14세,경상
2013041400100366,2013년 4월 14일 17시,일요일,대구광역시 서구 비산동,경상사고,0,0,1,0,차대차 - 기타,안전운전불이행,건조,맑음,단일로 - 기타,화물,남,51세,상해없음,승용,남,43세,경상
2013041400100394,2013년 4월 14일 18시,일요일,대구광역시 달서구 성당동,경상사고,0,0,1,0,차량단독 - 기타,기타,건조,맑음,단일로 - 기타,승합,남,50세,상해없음,,,,
2013041400100395,2013년 4월 14일 18시,일요일,대구광역시 달서구 월성동,경상사고,0,0,2,0,차대차 - 추돌 - 주정차중,안전운전불이행,건조,맑음,단일로 - 기타,승용,남,54세,상해없음,승용,남,50세,경상
2013041400100468,2013년 4월 14일 20시,일요일,대구광역시 수성구 범어동,중상사고,0,1,0,0,차대차 - 측면직각충돌,안전운전불이행,건조,맑음,단일로 - 기타,이륜,여,20세,중상,승용,남,54세,상해없음
2013041400100469,2013년 4월 14일 20시,일요일,대구광역시 달서구 송현동,경상사고,0,0,1,0,차대차 - 추돌 - 주정차중,안전운전불이행,건조,맑음,단일로 - 기타,화물,남,49세,상해없음,승용,남,48세,경상
2013041400100502,2013년 4월 14일 22시,일요일,대구광역시 남구 대명동,중상사고,0,1,0,0,차대사람 - 횡단중,안전운전불이행,건조,맑음,교차로 - 교차로부근,승용,여,62세,상해없음,보행자,여,16세,중상
2013041400100503,2013년 4월 14일 22시,일요일,대구광역시 달서구 대곡동,경상사고,0,0,2,0,차대차 - 기타,안전거리미확보,건조,맑음,교차로 - 교차로부근,승합,남,53세,상해없음,승용,남,58세,상해없음
2013041400100520,2013년 4월 14일 23시,일요일,대구광역시 북구 칠성동2가,경상사고,0,0,1,0,차대차 - 추돌 - 진행중,안전거리미확보,건조,맑음,단일로 - 기타,승용,남,29세,상해없음,화물,남,51세,경상
2013041500100018,2013년 4월 15일 01시,월요일,대구광역시 수성구 황금동,중상사고,0,1,0,0,차대차 - 기타,교차로운행방법위반,건조,맑음,단일로 - 기타,승용,남,48세,상해없음,이륜,남,23세,중상
2013041500100028,2013년 4월 15일 02시,월요일,대구광역시 북구 동천동,경상사고,0,0,5,0,차대차 - 기타,안전운전불이행,건조,맑음,단일로 - 기타,승용,남,33세,상해없음,승용,남,18세,경상
2013041500100073,2013년 4월 15일 07시,월요일,대구광역시 달서구 월암동,중상사고,0,1,0,0,차대차 - 기타,안전운전불이행,건조,맑음,교차로 - 교차로안,승용,기타불명,기타불명,기타불명,자전거,남,46세,중상
2013041500100074,2013년 4월 15일 07시,월요일,대구광역시 북구 칠성동1가,부상신고사고,0,0,0,1,차대차 - 추돌 - 진행중,안전운전불이행,건조,맑음,단일로 - 기타,자전거,여,15세,부상신고,승용,남,49세,상해없음
2013041500100104,2013년 4월 15일 08시,월요일,대구광역시 북구 검단동,중상사고,0,1,0,0,차대차 - 기타,교차로운행방법위반,건조,맑음,교차로 - 교차로안,화물,남,44세,상해없음,이륜,남,30세,중상
2013041500100129,2013년 4월 15일 09시,월요일,대구광역시 남구 대명동,경상사고,0,0,1,0,차대사람 - 길가장자리구역통행중,안전운전불이행,건조,맑음,단일로 - 기타,이륜,남,23세,상해없음,보행자,여,21세,경상
2013041500100159,2013년 4월 15일 10시,월요일,대구광역시 달서구 진천동,중상사고,0,1,0,0,차대차 - 측면직각충돌,직진우회전진행방해,건조,맑음,교차로 - 교차로안,승용,여,39세,상해없음,승용,남,37세,중상
2013041500100160,2013년 4월 15일 10시,월요일,대구광역시 서구 내당동,경상사고,0,0,1,0,차대차 - 측면직각충돌,교차로운행방법위반,건조,맑음,단일로 - 기타,승용,남,61세,상해없음,이륜,남,63세,경상
2013041500100178,2013년 4월 15일 11시,월요일,대구광역시 수성구 범어동,중상사고,0,1,0,1,차대차 - 기타,교차로운행방법위반,건조,맑음,교차로 - 교차로안,승용,남,34세,상해없음,이륜,남,16세,부상신고
2013041500100179,2013년 4월 15일 11시,월요일,대구광역시 수성구 지산동,중상사고,0,1,0,0,차대차 - 측면직각충돌,안전운전불이행,건조,맑음,단일로 - 기타,승용,남,48세,상해없음,원동기,남,45세,중상
2013041500100180,2013년 4월 15일 11시,월요일,대구광역시 달서구 진천동,중상사고,0,1,0,0,차대사람 - 길가장자리구역통행중,보행자보호의무위반,건조,맑음,단일로 - 횡단보도상,이륜,남,50세,상해없음,보행자,남,23세,중상
2013041500100181,2013년 4월 15일 11시,월요일,대구광역시 중구 서문로2가,경상사고,0,0,1,0,차대사람 - 기타,안전운전불이행,기타,맑음,기타 - 기타,자전거,여,52세,경상,보행자,남,76세,상해없음
2013041500100200,2013년 4월 15일 12시,월요일,대구광역시 북구 태전동,중상사고,0,1,0,0,차대사람 - 횡단중,안전운전불이행,건조,맑음,교차로 - 교차로부근,승용,여,40세,상해없음,보행자,여,73세,중상
2013041500100220,2013년 4월 15일 13시,월요일,대구광역시 수성구 범어동,경상사고,0,0,1,0,차대차 - 기타,안전거리미확보,건조,맑음,단일로 - 기타,승용,남,52세,상해없음,이륜,남,43세,경상
2013041500100239,2013년 4월 15일 14시,월요일,대구광역시 동구 신기동,경상사고,0,0,1,0,차대사람 - 기타,안전운전불이행,건조,맑음,단일로 - 기타,승용,기타불명,기타불명,기타불명,보행자,남,35세,경상
2013041500100263,2013년 4월 15일 15시,월요일,대구광역시 남구 봉덕동,경상사고,0,0,1,0,차대사람 - 차도통행중,안전운전불이행,건조,흐림,단일로 - 기타,승용,남,76세,상해없음,보행자,남,55세,경상
2013041500100264,2013년 4월 15일 15시,월요일,대구광역시 동구 신천동,중상사고,0,1,0,0,차대차 - 기타,안전운전불이행,건조,맑음,단일로 - 기타,승용,남,57세,상해없음,승용,남,39세,중상
2013041500100294,2013년 4월 15일 16시,월요일,대구광역시 수성구 범어동,경상사고,0,0,1,0,차대차 - 추돌 - 진행중,안전운전불이행,건조,맑음,교차로 - 교차로부근,승용,여,46세,상해없음,화물,남,63세,상해없음
2013041500100330,2013년 4월 15일 17시,월요일,대구광역시 달서구 본동,경상사고,0,0,1,0,차대사람 - 기타,안전운전불이행,습기,비,단일로 - 기타,승용,남,49세,상해없음,보행자,여,18세,경상
2013041500100354,2013년 4월 15일 18시,월요일,대구광역시 동구 입석동,경상사고,0,0,1,0,차대차 - 기타,안전운전불이행,건조,맑음,교차로 - 교차로안,승용,여,48세,상해없음,자전거,남,56세,경상
2013041500100392,2013년 4월 15일 19시,월요일,대구광역시 서구 상리동,경상사고,0,0,1,0,차대차 - 추돌 - 주정차중,안전운전불이행,건조,맑음,단일로 - 기타,화물,남,40세,상해없음,승용,남,36세,경상
2013041500100393,2013년 4월 15일 19시,월요일,대구광역시 서구 평리동,중상사고,0,1,1,0,차대차 - 추돌 - 진행중,안전운전불이행,건조,맑음,교차로 - 교차로부근,승용,남,56세,상해없음,승용,남,41세,경상
2013041500100394,2013년 4월 15일 19시,월요일,대구광역시 중구 대봉동,중상사고,0,2,0,0,차대차 - 기타,안전운전불이행,건조,맑음,단일로 - 기타,승용,남,26세,상해없음,승용,남,40세,상해없음
2013041500100421,2013년 4월 15일 20시,월요일,대구광역시 수성구 신매동,경상사고,0,0,1,0,차대사람 - 횡단중,보행자보호의무위반,건조,맑음,단일로 - 횡단보도상,승용,여,39세,상해없음,보행자,남,13세,경상
2013041500100458,2013년 4월 15일 21시,월요일,대구광역시 동구 신천동,중상사고,0,1,1,0,차대차 - 정면충돌,중앙선침범,건조,맑음,단일로 - 기타,승용,남,38세,상해없음,승용,남,50세,중상
2013041500100459,2013년 4월 15일 21시,월요일,대구광역시 동구 효목동,중상사고,0,1,4,0,차대차 - 추돌 - 진행중,안전거리미확보,건조,맑음,단일로 - 기타,화물,남,51세,상해없음,승용,남,23세,중상
2013041500100460,2013년 4월 15일 21시,월요일,대구광역시 달서구 두류동,경상사고,0,0,1,0,차대사람 - 횡단중,안전운전불이행,건조,맑음,교차로 - 교차로부근,승용,남,53세,상해없음,보행자,남,15세,경상
2013041500100484,2013년 4월 15일 22시,월요일,대구광역시 달서구 대천동,중상사고,0,1,0,0,차대차 - 측면직각충돌,신호위반,건조,맑음,교차로 - 교차로안,승용,남,27세,상해없음,승용,남,57세,중상
2013041500100485,2013년 4월 15일 22시,월요일,대구광역시 달서구 호림동,경상사고,0,0,2,0,차대차 - 측면직각충돌,교차로운행방법위반,건조,맑음,교차로 - 교차로안,승용,남,58세,상해없음,승용,남,32세,경상
2013041500100486,2013년 4월 15일 22시,월요일,대구광역시 달서구 장기동,경상사고,0,0,1,0,차대차 - 추돌 - 진행중,안전운전불이행,건조,맑음,단일로 - 기타,승용,남,44세,상해없음,승용,남,52세,경상
2013041500100510,2013년 4월 15일 23시,월요일,대구광역시 북구 침산동,경상사고,0,0,3,0,차대차 - 측면직각충돌,신호위반,건조,맑음,교차로 - 교차로안,승용,남,58세,상해없음,승용,남,33세,경상
2013041500100511,2013년 4월 15일 23시,월요일,대구광역시 서구 내당동,중상사고,0,1,1,0,차대차 - 추돌 - 주정차중,안전운전불이행,건조,맑음,단일로 - 기타,승용,여,35세,상해없음,화물,남,33세,중상
2013041500100512,2013년 4월 15일 23시,월요일,대구광역시 달서구 감삼동,중상사고,0,1,0,0,차대차 - 추돌 - 주정차중,안전운전불이행,건조,맑음,단일로 - 기타,승용,남,44세,중상,화물,남,59세,기타불명
2013041600100013,2013년 4월 16일 00시,화요일,대구광역시 북구 산격동,경상사고,0,0,2,0,차대차 - 추돌 - 주정차중,안전운전불이행,건조,맑음,교차로 - 교차로부근,승용,남,46세,상해없음,승용,남,42세,경상
2013041600100024,2013년 4월 16일 01시,화요일,대구광역시 북구 동변동,중상사고,0,1,0,0,차대차 - 기타,안전운전불이행,건조,맑음,기타 - 기타,승합,남,42세,상해없음,이륜,남,53세,중상
2013041600100025,2013년 4월 16일 01시,화요일,대구광역시 달서구 본리동,경상사고,0,0,1,0,차대차 - 측면직각충돌,안전운전불이행,건조,맑음,단일로 - 기타,화물,남,28세,상해없음,승용,남,33세,경상
2013041600100051,2013년 4월 16일 04시,화요일,대구광역시 북구 산격동,중상사고,0,1,0,0,차량단독 - 공작물충돌,안전운전불이행,건조,맑음,단일로 - 기타,승용,남,21세,상해없음,,,,
2013041600100052,2013년 4월 16일 04시,화요일,대구광역시 달서구 죽전동,중상사고,0,1,0,0,차대사람 - 횡단중,보행자보호의무위반,건조,맑음,단일로 - 횡단보도상,승용,남,41세,상해없음,보행자,남,52세,중상
2013041600100077,2013년 4월 16일 06시,화요일,대구광역시 남구 대명동,중상사고,0,1,2,0,차대차 - 측면직각충돌,직진우회전진행방해,건조,맑음,교차로 - 교차로안,승용,남,66세,경상,승용,남,59세,경상
2013041600100078,2013년 4월 16일 06시,화요일,대구광역시 달서구 월암동,중상사고,0,1,0,0,차대차 - 기타,신호위반,건조,맑음,교차로 - 교차로안,승용,남,29세,상해없음,승용,남,40세,중상
2013041600100126,2013년 4월 16일 08시,화요일,대구광역시 수성구 시지동,중상사고,0,2,0,0,차대차 - 추돌 - 주정차중,안전거리미확보,건조,맑음,단일로 - 횡단보도부근,승합,남,40세,상해없음,승용,여,53세,중상
2013041600100127,2013년 4월 16일 08시,화요일,대구광역시 수성구 수성동1가,중상사고,0,1,0,0,차대차 - 추돌 - 주정차중,안전운전불이행,건조,맑음,단일로 - 기타,승용,남,65세,상해없음,승용,남,28세,중상
2013041600100153,2013년 4월 16일 09시,화요일,대구광역시 달서구 월성동,경상사고,0,0,1,0,차대차 - 측면직각충돌,직진우회전진행방해,건조,맑음,교차로 - 교차로안,승용,남,41세,상해없음,승용,여,30세,경상
2013041600100154,2013년 4월 16일 09시,화요일,대구광역시 북구 침산동,경상사고,0,0,2,0,차대차 - 기타,차로위반,건조,맑음,단일로 - 기타,승용,남,48세,상해없음,승용,남,32세,경상
2013041600100155,2013년 4월 16일 09시,화요일,대구광역시 서구 평리동,중상사고,0,1,0,0,차량단독 - 기타,안전운전불이행,건조,맑음,단일로 - 기타,승용,남,45세,상해없음,,,,
2013041600100173,2013년 4월 16일 10시,화요일,대구광역시 수성구 신매동,경상사고,0,0,1,0,차대차 - 추돌 - 주정차중,안전운전불이행,건조,맑음,교차로 - 교차로부근,승용,남,47세,상해없음,승용,여,47세,경상
2013041600100174,2013년 4월 16일 10시,화요일,대구광역시 수성구 황금동,중상사고,0,1,0,0,차량단독 - 기타,안전운전불이행,건조,맑음,단일로 - 기타,승합,남,54세,상해없음,,,,
2013041600100175,2013년 4월 16일 10시,화요일,대구광역시 서구 비산동,중상사고,0,1,0,0,차대차 - 측면직각충돌,신호위반,건조,맑음,교차로 - 교차로안,승용,남,63세,상해없음,승용,남,50세,중상
2013041600100196,2013년 4월 16일 11시,화요일,대구광역시 남구 봉덕동,중상사고,0,1,0,0,차대차 - 측면직각충돌,신호위반,건조,맑음,교차로 - 교차로안,승용,남,27세,상해없음,자전거,남,62세,중상
2013041600100212,2013년 4월 16일 12시,화요일,대구광역시 수성구 범어동,중상사고,0,1,1,0,차대차 - 측면직각충돌,교차로운행방법위반,건조,맑음,교차로 - 교차로안,승용,여,25세,상해없음,승용,여,29세,경상
2013041600100213,2013년 4월 16일 12시,화요일,대구광역시 달서구 유천동,경상사고,0,0,1,0,차대차 - 측면직각충돌,안전거리미확보,건조,맑음,교차로 - 교차로안,승용,남,42세,기타불명,승용,남,52세,경상
2013041600100214,2013년 4월 16일 12시,화요일,대구광역시 서구 비산동,중상사고,0,1,0,0,차대사람 - 기타,안전운전불이행,건조,맑음,단일로 - 기타,승용,여,48세,상해없음,보행자,남,71세,중상
2013041600100244,2013년 4월 16일 13시,화요일,대구광역시 달서구 월성동,경상사고,0,0,6,0,차대차 - 추돌 - 주정차중,안전운전불이행,건조,맑음,단일로 - 기타,승용,남,69세,상해없음,승용,여,34세,경상
2013041600100245,2013년 4월 16일 13시,화요일,대구광역시 달서구 상인동,중상사고,0,1,0,0,차대사람 - 횡단중,신호위반,건조,맑음,단일로 - 기타,승용,남,50세,상해없음,보행자,여,57세,중상
2013041600100275,2013년 4월 16일 14시,화요일,대구광역시 수성구 가천동,경상사고,0,0,1,0,차대차 - 측면직각충돌,안전거리미확보,건조,맑음,단일로 - 기타,승용,여,29세,상해없음,화물,남,35세,경상
2013041600100276,2013년 4월 16일 14시,화요일,대구광역시 북구 동천동,경상사고,0,0,1,0,차대차 - 측면직각충돌,교차로운행방법위반,건조,맑음,단일로 - 기타,승용,여,51세,상해없음,이륜,남,31세,경상
2013041600100302,2013년 4월 16일 15시,화요일,대구광역시 동구 신용동,중상사고,0,1,1,0,차대차 - 측면직각충돌,중앙선침범,건조,맑음,단일로 - 기타,화물,남,53세,상해없음,승용,남,62세,중상
2013041600100303,2013년 4월 16일 15시,화요일,대구광역시 수성구 범어동,경상사고,0,0,1,0,차대사람 - 횡단중,보행자보호의무위반,건조,맑음,교차로 - 교차로부근,승용,여,49세,상해없음,보행자,여,20세,경상
2013041600100304,2013년 4월 16일 15시,화요일,대구광역시 수성구 시지동,경상사고,0,0,1,0,차대차 - 측면직각충돌,안전운전불이행,건조,맑음,교차로 - 교차로부근,승용,여,35세,상해없음,자전거,남,32세,경상
2013041600100305,2013년 4월 16일 15시,화요일,대구광역시 달서구 상인동,중상사고,0,1,0,0,차대차 - 추돌 - 진행중,교차로운행방법위반,건조,맑음,교차로 - 교차로안,건설기계,남,42세,상해없음,승용,여,52세,중상
2013041600100375,2013년 4월 16일 17시,화요일,대구광역시 남구 대명동,경상사고,0,0,1,0,차대차 - 추돌 - 진행중,안전운전불이행,건조,맑음,교차로 - 교차로부근,승용,남,34세,상해없음,승용,남,35세,경상
2013041600100376,2013년 4월 16일 17시,화요일,대구광역시 남구 봉덕동,부상신고사고,0,0,0,1,차대차 - 측면직각충돌,안전운전불이행,건조,맑음,교차로 - 교차로안,승용,여,32세,상해없음,승용,남,43세,부상신고
2013041600100377,2013년 4월 16일 17시,화요일,대구광역시 북구 매천동,중상사고,0,1,0,0,차대사람 - 기타,안전운전불이행,건조,맑음,교차로 - 교차로부근,승용,남,50세,상해없음,보행자,여,1세,중상
2013041600100402,2013년 4월 16일 18시,화요일,대구광역시 동구 지묘동,사망사고,1,0,0,0,차량단독 - 공작물충돌,안전운전불이행,건조,맑음,단일로 - 기타,화물,남,65세,사망,,,,
2013041600100403,2013년 4월 16일 18시,화요일,대구광역시 수성구 범어동,경상사고,0,0,1,0,차대차 - 측면직각충돌,안전거리미확보,건조,맑음,단일로 - 기타,승용,남,25세,상해없음,승용,여,40세,경상
2013041600100404,2013년 4월 16일 18시,화요일,대구광역시 북구 구암동,경상사고,0,0,1,0,차대차 - 기타,직진우회전진행방해,건조,맑음,교차로 - 교차로안,승용,여,49세,상해없음,승용,여,51세,경상
2013041600100405,2013년 4월 16일 18시,화요일,대구광역시 달서구 장기동,중상사고,0,1,0,0,차대차 - 측면직각충돌,교차로운행방법위반,건조,맑음,교차로 - 교차로안,승용,남,59세,상해없음,원동기,남,59세,중상
2013041600100455,2013년 4월 16일 20시,화요일,대구광역시 달서구 신당동,경상사고,0,0,1,0,차대차 - 기타,안전운전불이행,건조,맑음,단일로 - 기타,승용,남,58세,상해없음,자전거,여,51세,경상
2013041600100480,2013년 4월 16일 21시,화요일,대구광역시 수성구 노변동,중상사고,0,1,0,0,차대사람 - 횡단중,보행자보호의무위반,건조,맑음,단일로 - 횡단보도상,승용,남,40세,상해없음,보행자,여,41세,중상
2013041600100514,2013년 4월 16일 22시,화요일,대구광역시 달서구 진천동,중상사고,0,1,0,0,차대사람 - 횡단중,안전운전불이행,건조,맑음,단일로 - 기타,승용,남,46세,상해없음,보행자,남,55세,중상
2013041600100538,2013년 4월 16일 23시,화요일,대구광역시 남구 봉덕동,경상사고,0,0,3,0,차대차 - 추돌 - 진행중,안전운전불이행,건조,맑음,단일로 - 기타,승용,남,48세,상해없음,승용,여,54세,경상
2013041600100539,2013년 4월 16일 23시,화요일,대구광역시 남구 봉덕동,중상사고,0,1,0,0,차대차 - 기타,안전운전불이행,건조,맑음,교차로 - 교차로안,원동기,남,54세,중상,승용,남,30세,상해없음
2013041600100540,2013년 4월 16일 23시,화요일,대구광역시 중구 남산동,중상사고,0,1,0,0,차대차 - 추돌 - 주정차중,안전운전불이행,건조,맑음,단일로 - 기타,이륜,남,31세,중상,승용,남,49세,상해없음
2013041700100016,2013년 4월 17일 00시,수요일,대구광역시 수성구 상동,경상사고,0,0,2,0,차대차 - 추돌 - 진행중,안전운전불이행,건조,흐림,단일로 - 기타,승용,남,38세,상해없음,승용,여,27세,경상
2013041700100034,2013년 4월 17일 01시,수요일,대구광역시 수성구 두산동,경상사고,0,0,1,0,차대차 - 측면직각충돌,안전거리미확보,건조,맑음,단일로 - 기타,승용,남,46세,상해없음,이륜,남,30세,경상
2013041700100035,2013년 4월 17일 01시,수요일,대구광역시 서구 원대동3가,경상사고,0,0,1,0,차대차 - 측면직각충돌,중앙선침범,건조,맑음,교차로 - 교차로안,화물,남,57세,상해없음,이륜,남,45세,경상
2013041700100036,2013년 4월 17일 01시,수요일,대구광역시 달서구 용산동,경상사고,0,0,1,0,차대차 - 추돌 - 진행중,안전운전불이행,건조,맑음,교차로 - 교차로안,승용,남,45세,상해없음,승용,남,26세,경상
2013041700100114,2013년 4월 17일 07시,수요일,대구광역시 달서구 호산동,경상사고,0,0,1,0,차대차 - 추돌 - 진행중,안전운전불이행,건조,맑음,단일로 - 기타,승용,남,47세,상해없음,승용,여,50세,경상
2013041700100154,2013년 4월 17일 08시,수요일,대구광역시 남구 대명동,경상사고,0,0,1,0,차대사람 - 기타,안전운전불이행,건조,맑음,단일로 - 기타,승용,남,23세,상해없음,보행자,남,25세,경상
2013041700100155,2013년 4월 17일 08시,수요일,대구광역시 동구 신암동,경상사고,0,0,5,0,차대차 - 측면직각충돌,안전운전불이행,건조,맑음,단일로 - 기타,승용,남,25세,상해없음,승용,여,47세,경상
2013041700100156,2013년 4월 17일 08시,수요일,대구광역시 동구 각산동,경상사고,0,0,2,0,차대차 - 측면직각충돌,안전거리미확보,건조,흐림,단일로 - 기타,승용,여,35세,경상,승용,남,38세,경상
2013041700100157,2013년 4월 17일 08시,수요일,대구광역시 달서구 송현동,경상사고,0,0,1,0,차대차 - 측면직각충돌,교차로운행방법위반,건조,맑음,교차로 - 교차로안,승용,여,26세,상해없음,화물,남,46세,경상
2013041700100185,2013년 4월 17일 09시,수요일,대구광역시 수성구 상동,사망사고,1,0,0,0,차대차 - 기타,안전운전불이행,건조,맑음,단일로 - 기타,승용,기타불명,기타불명,기타불명,자전거,여,58세,사망
2013041700100186,2013년 4월 17일 09시,수요일,대구광역시 달서구 본동,중상사고,0,1,1,1,차대사람 - 횡단중,안전운전불이행,습기,비,단일로 - 횡단보도상,승용,남,34세,부상신고,보행자,남,18세,경상
2013041700100187,2013년 4월 17일 09시,수요일,대구광역시 북구 노원동3가,경상사고,0,0,1,0,차대차 - 기타,안전운전불이행,건조,흐림,단일로 - 횡단보도상,화물,남,57세,상해없음,자전거,남,66세,경상
2013041700100208,2013년 4월 17일 10시,수요일,대구광역시 동구 신천동,경상사고,0,0,2,0,차대차 - 추돌 - 진행중,안전운전불이행,건조,맑음,단일로 - 기타,승용,남,63세,상해없음,승용,남,24세,경상
2013041700100209,2013년 4월 17일 10시,수요일,대구광역시 북구 침산동,경상사고,0,0,2,0,차대차 - 측면직각충돌,안전운전불이행,건조,맑음,단일로 - 기타,화물,여,43세,경상,승용,남,55세,경상
2013041700100232,2013년 4월 17일 11시,수요일,대구광역시 달서구 용산동,경상사고,0,0,1,0,차대차 - 측면직각충돌,안전거리미확보,건조,맑음,미분류 - 미분류,이륜,남,22세,경상,화물,남,27세,상해없음
2013041700100233,2013년 4월 17일 11시,수요일,대구광역시 달서구 신당동,중상사고,0,1,0,0,차대사람 - 횡단중,안전운전불이행,건조,맑음,단일로 - 기타,승용,남,54세,상해없음,보행자,여,79세,중상
2013041700100255,2013년 4월 17일 12시,수요일,대구광역시 달서구 상인동,경상사고,0,0,1,0,차대차 - 기타,기타,건조,맑음,단일로 - 기타,승용,여,45세,상해없음,승용,여,58세,경상
2013041700100256,2013년 4월 17일 12시,수요일,대구광역시 서구 이현동,경상사고,0,0,1,0,차대차 - 추돌 - 주정차중,안전운전불이행,건조,맑음,단일로 - 기타,화물,남,41세,상해없음,승용,남,29세,경상
2013041700100301,2013년 4월 17일 14시,수요일,대구광역시 중구 삼덕동2가,부상신고사고,0,0,0,1,차대사람 - 차도통행중,안전운전불이행,건조,맑음,교차로 - 교차로안,승용,기타불명,기타불명,기타불명,보행자,남,6세,부상신고
2013041700100392,2013년 4월 17일 17시,수요일,대구광역시 중구 대봉동,중상사고,0,1,0,0,차대차 - 측면직각충돌,중앙선침범,건조,맑음,교차로 - 교차로부근,자전거,남,28세,중상,화물,남,31세,상해없음
2013041700100428,2013년 4월 17일 18시,수요일,대구광역시 달서구 상인동,중상사고,0,1,0,0,차대사람 - 기타,안전운전불이행,건조,맑음,단일로 - 기타,이륜,기타불명,기타불명,기타불명,보행자,남,11세,중상
2013041700100429,2013년 4월 17일 18시,수요일,대구광역시 북구 노원동3가,경상사고,0,0,1,0,차대차 - 기타,안전운전불이행,건조,맑음,단일로 - 기타,화물,남,55세,상해없음,자전거,남,53세,경상
2013041700100430,2013년 4월 17일 18시,수요일,대구광역시 북구 동천동,부상신고사고,0,0,0,1,차대사람 - 기타,안전운전불이행,건조,맑음,단일로 - 기타,이륜,남,20세,부상신고,보행자,남,17세,상해없음
2013041700100431,2013년 4월 17일 18시,수요일,대구광역시 북구 산격동,중상사고,0,1,0,0,차대차 - 추돌 - 주정차중,안전거리미확보,건조,맑음,단일로 - 기타,화물,남,48세,상해없음,승용,여,38세,중상
2013041700100432,2013년 4월 17일 18시,수요일,대구광역시 달서구 장동,부상신고사고,0,0,0,1,차대차 - 정면충돌,안전운전불이행,건조,맑음,교차로 - 교차로안,원동기,남,32세,부상신고,승용,여,34세,상해없음
2013041700100497,2013년 4월 17일 20시,수요일,대구광역시 달서구 상인동,경상사고,0,0,1,0,차대차 - 기타,중앙선침범,건조,맑음,교차로 - 교차로부근,승용,남,34세,상해없음,이륜,남,19세,경상
2013041700100498,2013년 4월 17일 20시,수요일,대구광역시 달성군 논공읍,경상사고,0,0,2,0,차대차 - 정면충돌,신호위반,건조,맑음,교차로 - 교차로안,승용,여,24세,경상,승용,남,25세,경상
2013041700100531,2013년 4월 17일 21시,수요일,대구광역시 동구 신천동,부상신고사고,0,0,0,1,차대차 - 측면직각충돌,안전거리미확보,건조,맑음,교차로 - 교차로부근,이륜,남,21세,부상신고,승용,남,67세,상해없음
2013041700100533,2013년 4월 17일 21시,수요일,대구광역시 북구 산격동,경상사고,0,0,4,0,차대차 - 추돌 - 진행중,안전거리미확보,건조,흐림,단일로 - 기타,승용,남,26세,상해없음,승용,여,53세,경상
2013041700100569,2013년 4월 17일 22시,수요일,대구광역시 달서구 유천동,중상사고,0,1,6,1,차대차 - 추돌 - 주정차중,안전운전불이행,건조,맑음,단일로 - 기타,승용,여,31세,상해없음,승용,남,49세,중상
2013041700100570,2013년 4월 17일 22시,수요일,대구광역시 중구 종로1가,경상사고,0,0,1,0,차대사람 - 차도통행중,안전운전불이행,건조,맑음,단일로 - 기타,승용,여,34세,상해없음,보행자,여,30세,경상
2013041800100020,2013년 4월 18일 00시,목요일,대구광역시 중구 삼덕동1가,경상사고,0,0,2,0,차대차 - 추돌 - 진행중,안전거리미확보,건조,맑음,단일로 - 기타,승용,남,29세,상해없음,이륜,남,16세,경상
2013041800100030,2013년 4월 18일 01시,목요일,대구광역시 동구 신천동,경상사고,0,0,1,0,차대차 - 기타,안전운전불이행,건조,맑음,교차로 - 교차로안,승용,남,29세,상해없음,승용,남,43세,경상