사고번호,사고일시,요일,시군구,사고내용,사망자수,중상자수,경상자수,부상신고자수,사고유형,법규위반,노면상태,기상상태,도로형태,가해운전자 차종,가해운전자 성별,가해운전자 연령,가해운전자 상해정도,피해운전자 차종,피해운전자 성별,피해운전자 연령,피해운전자 상해정도
2013041800100031,2013년 4월 18일 01시,목요일,대구광역시 달서구 본동,중상사고,0,1,0,0,차대차 - 기타,신호위반,건조,맑음,교차로 - 교차로안,원동기,남,15세,중상,승용,남,50세,상해없음
2013041800100051,2013년 4월 18일 03시,목요일,대구광역시 수성구 황금동,경상사고,0,0,2,0,차대차 - 기타,안전거리미확보,건조,맑음,교차로 - 교차로부근,승용,여,32세,상해없음,화물,남,24세,경상
2013041800100068,2013년 4월 18일 05시,목요일,대구광역시 북구 복현동,사망사고,1,0,0,0,차대사람 - 기타,안전운전불이행,건조,맑음,단일로 - 횡단보도부근,승용,남,40세,상해없음,보행자,남,60세,사망
2013041800100097,2013년 4월 18일 07시,목요일,대구광역시 수성구 수성동2가,중상사고,0,1,0,0,차대차 - 기타,신호위반,건조,맑음,단일로 - 횡단보도상,승용,여,44세,상해없음,자전거,남,13세,중상
2013041800100126,2013년 4월 18일 08시,목요일,대구광역시 북구 복현동,경상사고,0,0,1,0,차대차 - 기타,안전운전불이행,건조,맑음,기타 - 기타,화물,남,59세,기타불명,승용,여,31세,경상
2013041800100127,2013년 4월 18일 08시,목요일,대구광역시 북구 침산동,경상사고,0,0,1,0,차대사람 - 기타,안전운전불이행,건조,흐림,교차로 - 교차로안,승용,남,28세,상해없음,보행자,남,64세,경상
2013041800100159,2013년 4월 18일 09시,목요일,대구광역시 동구 신천동,경상사고,0,0,2,0,차대차 - 기타,안전운전불이행,건조,맑음,단일로 - 기타,승용,여,21세,경상,승용,남,45세,경상
2013041800100160,2013년 4월 18일 09시,목요일,대구광역시 서구 내당동,경상사고,0,0,2,0,차대차 - 기타,교차로운행방법위반,건조,맑음,교차로 - 교차로부근,승용,남,48세,상해없음,승용,여,50세,경상
2013041800100161,2013년 4월 18일 09시,목요일,대구광역시 중구 계산동1가,경상사고,0,0,2,0,차대차 - 추돌 - 진행중,안전운전불이행,건조,맑음,교차로 - 교차로부근,승용,여,59세,경상,승용,여,20세,경상
2013041800100191,2013년 4월 18일 10시,목요일,대구광역시 남구 이천동,경상사고,0,0,2,0,차대차 - 측면직각충돌,교차로운행방법위반,건조,맑음,교차로 - 교차로안,승용,여,45세,상해없음,승용,여,43세,경상
2013041800100192,2013년 4월 18일 10시,목요일,대구광역시 달성군 화원읍,중상사고,0,1,0,0,차대사람 - 보도통행중,기타,건조,맑음,기타 - 기타,승용,여,48세,상해없음,보행자,여,79세,중상
2013041800100208,2013년 4월 18일 11시,목요일,대구광역시 중구 대봉동,중상사고,0,1,0,0,차대차 - 측면직각충돌,안전운전불이행,건조,맑음,단일로 - 기타,화물,남,29세,상해없음,자전거,여,60세,중상
2013041800100209,2013년 4월 18일 11시,목요일,대구광역시 중구 동성로2가,경상사고,0,0,1,0,차대사람 - 기타,안전운전불이행,건조,맑음,단일로 - 기타,승용,남,56세,상해없음,보행자,여,28세,경상
2013041800100239,2013년 4월 18일 12시,목요일,대구광역시 남구 대명동,중상사고,0,1,0,0,차대사람 - 차도통행중,안전운전불이행,건조,맑음,단일로 - 기타,승합,남,37세,상해없음,보행자,여,76세,중상
2013041800100240,2013년 4월 18일 12시,목요일,대구광역시 달서구 송현동,중상사고,0,1,0,0,차대사람 - 길가장자리구역통행중,안전운전불이행,건조,맑음,단일로 - 기타,승용,여,67세,상해없음,보행자,여,65세,중상
2013041800100267,2013년 4월 18일 13시,목요일,대구광역시 동구 효목동,경상사고,0,0,1,0,차대사람 - 기타,신호위반,건조,맑음,교차로 - 교차로안,승합,남,45세,상해없음,보행자,여,62세,경상
2013041800100268,2013년 4월 18일 13시,목요일,대구광역시 북구 대현동,부상신고사고,0,0,0,1,차대차 - 추돌 - 진행중,안전운전불이행,건조,맑음,단일로 - 교량,승용,남,62세,기타불명,승용,여,42세,부상신고
2013041800100290,2013년 4월 18일 14시,목요일,대구광역시 남구 대명동,경상사고,0,0,1,0,차대사람 - 차도통행중,안전운전불이행,건조,맑음,단일로 - 기타,이륜,남,53세,상해없음,보행자,여,53세,경상
2013041800100291,2013년 4월 18일 14시,목요일,대구광역시 중구 남산동,중상사고,0,1,0,0,차대차 - 기타,신호위반,건조,맑음,교차로 - 교차로부근,승합,남,53세,상해없음,자전거,여,37세,중상
2013041800100292,2013년 4월 18일 14시,목요일,대구광역시 달서구 본리동,중상사고,0,1,0,0,차대차 - 측면직각충돌,교차로운행방법위반,건조,맑음,교차로 - 교차로안,승합,남,43세,상해없음,자전거,남,9세,중상
2013041800100321,2013년 4월 18일 15시,목요일,대구광역시 수성구 욱수동,중상사고,0,1,0,0,차대차 - 기타,안전운전불이행,건조,맑음,단일로 - 기타,승용,여,52세,상해없음,승합,여,49세,기타불명
2013041800100322,2013년 4월 18일 15시,목요일,대구광역시 수성구 매호동,중상사고,0,1,0,0,차대차 - 측면직각충돌,신호위반,건조,맑음,교차로 - 교차로안,승용,여,40세,상해없음,승용,남,62세,중상
2013041800100323,2013년 4월 18일 15시,목요일,대구광역시 중구 동성로2가,경상사고,0,0,1,0,차대사람 - 기타,보행자보호의무위반,건조,맑음,단일로 - 기타,이륜,남,43세,상해없음,보행자,여,18세,경상
2013041800100354,2013년 4월 18일 16시,목요일,대구광역시 동구 각산동,경상사고,0,0,1,0,차대차 - 측면직각충돌,기타,건조,맑음,단일로 - 기타,승용,여,34세,기타불명,화물,남,63세,경상
2013041800100355,2013년 4월 18일 16시,목요일,대구광역시 동구 지저동,중상사고,0,1,0,0,차대차 - 기타,교차로운행방법위반,건조,맑음,교차로 - 교차로부근,승용,여,33세,상해없음,승용,여,43세,중상
2013041800100356,2013년 4월 18일 16시,목요일,대구광역시 남구 대명동,중상사고,0,1,0,0,차대차 - 추돌 - 주정차중,안전운전불이행,건조,맑음,단일로 - 횡단보도부근,승용,남,65세,기타불명,승합,남,59세,중상
2013041800100357,2013년 4월 18일 16시,목요일,대구광역시 달서구 송현동,경상사고,0,0,1,0,차대차 - 측면직각충돌,교차로운행방법위반,건조,맑음,교차로 - 교차로안,기타불명,기타불명,기타불명,기타불명,승합,남,55세,상해없음
2013041800100358,2013년 4월 18일 16시,목요일,대구광역시 북구 동천동,경상사고,0,0,1,0,차대차 - 기타,교차로운행방법위반,건조,맑음,기타 - 기타,이륜,남,46세,경상,승용,여,39세,상해없음
2013041800100359,2013년 4월 18일 16시,목요일,대구광역시 북구 고성동1가,중상사고,0,1,0,0,차대차 - 측면직각충돌,교차로운행방법위반,건조,맑음,교차로 - 교차로부근,승용,여,48세,상해없음,이륜,남,27세,중상
2013041800100360,2013년 4월 18일 16시,목요일,대구광역시 북구 구암동,경상사고,0,0,1,0,차대차 - 기타,안전운전불이행,건조,맑음,단일로 - 횡단보도상,승용,남,36세,상해없음,자전거,남,9세,경상
2013041800100361,2013년 4월 18일 16시,목요일,대구광역시 달서구 이곡동,중상사고,0,1,0,0,차대사람 - 횡단중,안전운전불이행,건조,맑음,단일로 - 기타,승용,여,50세,상해없음,보행자,여,69세,중상
2013041800100399,2013년 4월 18일 17시,목요일,대구광역시 동구 신천동,중상사고,0,3,1,0,차대차 - 측면직각충돌,신호위반,건조,맑음,교차로 - 교차로안,승용,남,21세,상해없음,승용,남,48세,경상
2013041800100433,2013년 4월 18일 18시,목요일,대구광역시 수성구 지산동,경상사고,0,0,2,0,차대차 - 추돌 - 주정차중,안전운전불이행,건조,맑음,교차로 - 교차로부근,승용,남,44세,상해없음,승용,여,42세,경상
2013041800100434,2013년 4월 18일 18시,목요일,대구광역시 달성군 구지면,중상사고,0,1,0,0,차대차 - 측면직각충돌,안전운전불이행,건조,맑음,교차로 - 교차로안,승합,남,63세,상해없음,승용,남,53세,중상
2013041800100470,2013년 4월 18일 19시,목요일,대구광역시 서구 평리동,중상사고,0,1,0,0,차대사람 - 횡단중,안전운전불이행,건조,맑음,단일로 - 기타,이륜,남,61세,상해없음,보행자,여,68세,중상
2013041800100471,2013년 4월 18일 19시,목요일,대구광역시 서구 비산동,경상사고,0,0,4,0,차대차 - 기타,중앙선침범,건조,맑음,단일로 - 기타,승합,여,45세,상해없음,승용,남,19세,경상
2013041800100501,2013년 4월 18일 20시,목요일,대구광역시 서구 비산동,중상사고,0,1,0,0,차대사람 - 횡단중,안전운전불이행,건조,맑음,교차로 - 교차로안,승용,남,50세,상해없음,보행자,남,48세,중상
2013041800100533,2013년 4월 18일 21시,목요일,대구광역시 북구 태전동,경상사고,0,0,2,0,차대사람 - 기타,안전운전불이행,건조,맑음,교차로 - 교차로안,승용,여,52세,상해없음,보행자,남,16세,경상
2013041800100559,2013년 4월 18일 22시,목요일,대구광역시 수성구 범어동,중상사고,0,1,0,0,차대차 - 측면직각충돌,안전거리미확보,건조,맑음,단일로 - 기타,승용,남,51세,상해없음,승합,남,46세,상해없음
2013041800100560,2013년 4월 18일 22시,목요일,대구광역시 수성구 연호동,경상사고,0,0,1,0,차대차 - 측면직각충돌,안전거리미확보,건조,맑음,단일로 - 기타,승용,남,27세,상해없음,승용,남,50세,경상
2013041800100561,2013년 4월 18일 22시,목요일,대구광역시 북구 태전동,중상사고,0,1,0,0,차대사람 - 횡단중,신호위반,건조,맑음,단일로 - 횡단보도상,승용,남,30세,상해없음,보행자,남,15세,중상
2013041800100562,2013년 4월 18일 22시,목요일,대구광역시 서구 내당동,경상사고,0,0,1,0,차대차 - 측면직각충돌,안전거리미확보,건조,맑음,단일로 - 기타,승용,여,35세,상해없음,승용,남,57세,상해없음
2013041800100563,2013년 4월 18일 22시,목요일,대구광역시 달서구 성당동,중상사고,0,1,2,0,차대차 - 추돌 - 주정차중,안전운전불이행,건조,맑음,단일로 - 기타,승용,남,40세,상해없음,승합,남,52세,경상
2013041800100587,2013년 4월 18일 23시,목요일,대구광역시 동구 용계동,경상사고,0,0,1,0,차대차 - 추돌 - 진행중,안전운전불이행,건조,맑음,단일로 - 기타,승용,남,53세,상해없음,승용,남,63세,상해없음
2013041900100035,2013년 4월 19일 01시,금요일,대구광역시 달서구 상인동,경상사고,0,0,2,0,차대차 - 기타,안전운전불이행,건조,맑음,교차로 - 교차로부근,승용,남,32세,상해없음,승용,남,78세,경상
2013041900100068,2013년 4월 19일 04시,금요일,대구광역시 동구 신암동,경상사고,0,0,1,0,차대차 - 추돌 - 진행중,안전운전불이행,건조,맑음,교차로 - 교차로안,승용,남,24세,상해없음,화물,남,45세,경상
2013041900100083,2013년 4월 19일 05시,금요일,대구광역시 북구 칠성동1가,중상사고,0,1,0,0,차량단독 - 기타,기타,건조,맑음,단일로 - 횡단보도부근,승합,남,53세,상해없음,,,,
2013041900100095,2013년 4월 19일 06시,금요일,대구광역시 달서구 월성동,경상사고,0,0,1,0,차대차 - 기타,안전운전불이행,건조,맑음,단일로 - 기타,화물,남,43세,상해없음,승용,남,29세,경상
2013041900100096,2013년 4월 19일 06시,금요일,대구광역시 달서구 송현동,중상사고,0,1,0,0,차대사람 - 횡단중,보행자보호의무위반,건조,맑음,단일로 - 횡단보도상,승용,남,38세,상해없음,보행자,남,67세,중상
2013041900100120,2013년 4월 19일 07시,금요일,대구광역시 서구 내당동,경상사고,0,0,1,0,차대차 - 추돌 - 주정차중,안전거리미확보,건조,맑음,단일로 - 기타,화물,남,71세,상해없음,승용,남,60세,경상
2013041900100154,2013년 4월 19일 08시,금요일,대구광역시 남구 대명동,경상사고,0,0,1,0,차대차 - 기타,안전운전불이행,건조,맑음,교차로 - 교차로안,승용,남,48세,상해없음,승합,여,42세,경상
2013041900100176,2013년 4월 19일 09시,금요일,대구광역시 수성구 만촌동,부상신고사고,0,0,0,1,차대차 - 추돌 - 주정차중,안전운전불이행,건조,맑음,교차로 - 교차로부근,기타불명,기타불명,기타불명,기타불명,기타불명,기타불명,기타불명,기타불명
2013041900100177,2013년 4월 19일 09시,금요일,대구광역시 북구 구암동,중상사고,0,1,1,0,차대차 - 정면충돌,중앙선침범,건조,맑음,단일로 - 기타,승용,여,50세,경상,승용,남,62세,중상
2013041900100178,2013년 4월 19일 09시,금요일,대구광역시 서구 비산동,중상사고,0,1,0,0,차대사람 - 횡단중,보행자보호의무위반,건조,맑음,단일로 - 횡단보도상,승용,남,52세,상해없음,보행자,여,66세,중상
2013041900100179,2013년 4월 19일 09시,금요일,대구광역시 중구 남산동,경상사고,0,0,2,1,차대차 - 추돌 - 주정차중,안전거리미확보,건조,맑음,단일로 - 기타,승용,남,50세,상해없음,승용,여,31세,경상
2013041900100180,2013년 4월 19일 09시,금요일,대구광역시 중구 삼덕동2가,경상사고,0,0,1,0,차대차 - 측면직각충돌,안전운전불이행,건조,맑음,단일로 - 기타,승용,남,51세,상해없음,자전거,남,24세,경상
2013041900100205,2013년 4월 19일 10시,금요일,대구광역시 서구 평리동,경상사고,0,0,1,0,차대차 - 추돌 - 주정차중,안전거리미확보,건조,맑음,교차로 - 교차로안,승용,남,38세,상해없음,승용,여,36세,상해없음
2013041900100231,2013년 4월 19일 11시,금요일,대구광역시 북구 노원동1가,경상사고,0,0,1,0,차대차 - 측면직각충돌,안전운전불이행,건조,맑음,단일로 - 횡단보도부근,이륜,남,62세,상해없음,자전거,여,60세,경상
2013041900100232,2013년 4월 19일 11시,금요일,대구광역시 중구 남산동,부상신고사고,0,0,0,1,차대차 - 측면직각충돌,안전거리미확보,건조,맑음,단일로 - 기타,이륜,남,23세,부상신고,화물,남,29세,상해없음
2013041900100255,2013년 4월 19일 12시,금요일,대구광역시 수성구 지산동,중상사고,0,1,0,0,차대사람 - 횡단중,보행자보호의무위반,건조,맑음,교차로 - 교차로안,승용,여,40세,상해없음,보행자,여,65세,중상
2013041900100282,2013년 4월 19일 13시,금요일,대구광역시 수성구 범어동,중상사고,0,1,0,0,차대차 - 기타,안전운전불이행,건조,맑음,단일로 - 기타,기타불명,기타불명,기타불명,기타불명,자전거,남,16세,중상
2013041900100322,2013년 4월 19일 14시,금요일,대구광역시 동구 신천동,경상사고,0,0,1,0,차대차 - 측면직각충돌,안전거리미확보,건조,맑음,단일로 - 기타,승용,남,63세,상해없음,승합,남,37세,경상
2013041900100323,2013년 4월 19일 14시,금요일,대구광역시 달서구 월성동,중상사고,0,1,0,0,차대차 - 측면직각충돌,차로위반,건조,맑음,단일로 - 기타,승용,남,46세,상해없음,이륜,남,22세,중상
2013041900100324,2013년 4월 19일 14시,금요일,대구광역시 북구 복현동,중상사고,0,1,0,0,차대차 - 기타,안전운전불이행,건조,맑음,단일로 - 기타,승용,남,53세,상해없음,이륜,남,60세,중상
2013041900100325,2013년 4월 19일 14시,금요일,대구광역시 서구 평리동,중상사고,0,1,0,0,차대차 - 측면직각충돌,교차로운행방법위반,건조,맑음,교차로 - 교차로안,이륜,남,71세,상해없음,승용,여,53세,상해없음
2013041900100360,2013년 4월 19일 15시,금요일,대구광역시 북구 산격동,경상사고,0,0,1,0,차대차 - 측면직각충돌,신호위반,건조,맑음,교차로 - 교차로안,승용,남,40세,상해없음,승용,남,39세,경상
2013041900100392,2013년 4월 19일 16시,금요일,대구광역시 동구 방촌동,부상신고사고,0,0,0,1,차대사람 - 길가장자리구역통행중,안전운전불이행,건조,맑음,단일로 - 기타,승용,여,37세,상해없음,보행자,여,69세,부상신고
2013041900100434,2013년 4월 19일 17시,금요일,대구광역시 남구 대명동,부상신고사고,0,0,0,1,차량단독 - 기타,안전운전불이행,건조,맑음,단일로 - 기타,이륜,남,57세,부상신고,,,,
2013041900100435,2013년 4월 19일 17시,금요일,대구광역시 동구 지저동,경상사고,0,0,1,0,차대차 - 기타,안전운전불이행,건조,맑음,단일로 - 기타,승용,남,32세,상해없음,이륜,남,16세,경상
2013041900100436,2013년 4월 19일 17시,금요일,대구광역시 동구 신기동,중상사고,0,1,0,0,차대차 - 측면직각충돌,교차로운행방법위반,건조,맑음,교차로 - 교차로안,승용,여,31세,상해없음,원동기,남,55세,중상
2013041900100437,2013년 4월 19일 17시,금요일,대구광역시 달서구 대곡동,경상사고,0,0,1,0,차대차 - 기타,안전거리미확보,건조,맑음,단일로 - 기타,화물,남,61세,상해없음,승용,남,34세,경상
2013041900100438,2013년 4월 19일 17시,금요일,대구광역시 달성군 가창면,경상사고,0,0,1,0,차대차 - 측면직각충돌,안전운전불이행,건조,맑음,교차로 - 교차로안,승용,남,25세,상해없음,이륜,남,76세,경상
2013041900100439,2013년 4월 19일 17시,금요일,대구광역시 달서구 용산동,경상사고,0,0,1,0,차대차 - 측면직각충돌,안전운전불이행,건조,맑음,단일로 - 기타,화물,남,54세,상해없음,자전거,남,57세,경상
2013041900100480,2013년 4월 19일 18시,금요일,대구광역시 서구 중리동,중상사고,0,1,4,0,차대차 - 측면직각충돌,교차로운행방법위반,건조,맑음,교차로 - 교차로안,화물,남,50세,경상,승용,남,56세,중상
2013041900100519,2013년 4월 19일 19시,금요일,대구광역시 북구 노원동3가,중상사고,0,1,0,0,차대차 - 측면직각충돌,직진우회전진행방해,건조,맑음,교차로 - 교차로안,화물,남,40세,상해없음,승용,여,49세,중상
2013041900100520,2013년 4월 19일 19시,금요일,대구광역시 서구 평리동,경상사고,0,0,1,0,차대차 - 기타,안전운전불이행,건조,맑음,단일로 - 기타,승용,남,41세,상해없음,이륜,남,17세,상해없음
2013041900100556,2013년 4월 19일 20시,금요일,대구광역시 동구 신서동,경상사고,0,0,2,0,차대차 - 기타,안전운전불이행,건조,맑음,단일로 - 기타,승용,남,43세,상해없음,승용,남,61세,경상
2013041900100557,2013년 4월 19일 20시,금요일,대구광역시 달서구 상인동,경상사고,0,0,1,0,차대차 - 측면직각충돌,교차로운행방법위반,건조,맑음,교차로 - 교차로안,승용,남,43세,상해없음,승용,여,24세,경상
2013041900100593,2013년 4월 19일 21시,금요일,대구광역시 동구 신암동,경상사고,0,0,2,0,차대사람 - 기타,안전운전불이행,건조,맑음,단일로 - 기타,승용,남,18세,상해없음,보행자,남,43세,경상
2013041900100594,2013년 4월 19일 21시,금요일,대구광역시 수성구 범물동,중상사고,0,1,0,0,차대사람 - 횡단중,안전운전불이행,건조,맑음,단일로 - 기타,승용,남,53세,상해없음,보행자,여,51세,중상
2013041900100595,2013년 4월 19일 21시,금요일,대구광역시 수성구 노변동,중상사고,0,1,0,0,차대차 - 측면직각충돌,안전운전불이행,건조,맑음,단일로 - 기타,승용,남,43세,상해없음,이륜,남,47세,중상
2013041900100631,2013년 4월 19일 22시,금요일,대구광역시 동구 신암동,경상사고,0,0,3,0,차대차 - 추돌 - 주정차중,안전운전불이행,건조,맑음,단일로 - 기타,승용,남,57세,상해없음,승용,남,54세,경상
2013041900100632,2013년 4월 19일 22시,금요일,대구광역시 달서구 송현동,중상사고,0,1,0,0,차대차 - 측면직각충돌,직진우회전진행방해,건조,맑음,교차로 - 교차로안,승용,여,23세,상해없음,원동기,남,51세,중상
2013041900100633,2013년 4월 19일 22시,금요일,대구광역시 달성군 다사읍,중상사고,0,2,1,0,차대차 - 기타,안전운전불이행,건조,맑음,교차로 - 교차로안,승용,남,27세,상해없음,승용,여,28세,중상
2013041900100672,2013년 4월 19일 23시,금요일,대구광역시 남구 대명동,경상사고,0,0,2,0,차대차 - 정면충돌,신호위반,건조,맑음,교차로 - 교차로안,승용,남,38세,상해없음,승용,남,39세,경상
2013041900100673,2013년 4월 19일 23시,금요일,대구광역시 동구 효목동,중상사고,0,1,0,0,차대사람 - 기타,안전운전불이행,건조,맑음,단일로 - 기타,승용,남,53세,상해없음,보행자,남,17세,중상
2013041900100674,2013년 4월 19일 23시,금요일,대구광역시 동구 용계동,사망사고,1,0,0,0,차대사람 - 기타,안전운전불이행,건조,맑음,단일로 - 기타,승용,남,44세,상해없음,보행자,여,60세,사망
2013041900100675,2013년 4월 19일 23시,금요일,대구광역시 서구 평리동,경상사고,0,0,3,0,차대차 - 추돌 - 진행중,안전운전불이행,건조,맑음,교차로 - 교차로부근,승용,여,39세,상해없음,승용,남,58세,경상
2013042000100029,2013년 4월 20일 00시,토요일,대구광역시 달서구 송현동,경상사고,0,0,1,0,차대차 - 측면직각충돌,교차로운행방법위반,건조,맑음,교차로 - 교차로안,승용,남,69세,기타불명,원동기,남,18세,경상
2013042000100030,2013년 4월 20일 00시,토요일,대구광역시 북구 산격동,중상사고,0,1,1,0,차대차 - 측면직각충돌,신호위반,건조,맑음,교차로 - 교차로안,이륜,남,16세,상해없음,승용,남,22세,경상
2013042000100031,2013년 4월 20일 00시,토요일,대구광역시 북구 산격동,경상사고,0,0,1,0,차량단독 - 공작물충돌,안전운전불이행,건조,맑음,단일로 - 기타,승용,여,22세,상해없음,,,,
2013042000100032,2013년 4월 20일 00시,토요일,대구광역시 서구 평리동,경상사고,0,0,1,0,차대차 - 기타,안전거리미확보,건조,맑음,단일로 - 기타,승용,남,42세,상해없음,특수,남,35세,경상
2013042000100059,2013년 4월 20일 01시,토요일,대구광역시 달서구 신당동,경상사고,0,0,1,0,차대사람 - 보도통행중,기타,건조,맑음,단일로 - 기타,승용,남,28세,상해없음,보행자,남,61세,경상
2013042000100083,2013년 4월 20일 03시,토요일,대구광역시 달서구 장기동,경상사고,0,0,1,0,차대차 - 추돌 - 진행중,안전운전불이행,건조,맑음,단일로 - 기타,승용,남,29세,상해없음,승용,여,27세,경상
2013042000100097,2013년 4월 20일 04시,토요일,대구광역시 수성구 황금동,경상사고,0,0,1,0,차대차 - 기타,안전운전불이행,건조,맑음,단일로 - 기타,승용,남,35세,상해없음,승용,남,31세,경상
2013042000100189,2013년 4월 20일 08시,토요일,대구광역시 달성군 다사읍,경상사고,0,0,2,0,차대차 - 추돌 - 진행중,안전운전불이행,건조,맑음,교차로 - 교차로부근,승용,남,26세,상해없음,승용,여,25세,경상
2013042000100190,2013년 4월 20일 08시,토요일,대구광역시 북구 침산동,경상사고,0,0,1,0,차대차 - 기타,차로위반,건조,맑음,단일로 - 횡단보도부근,승용,남,40세,상해없음,승용,남,40세,경상
2013042000100220,2013년 4월 20일 09시,토요일,대구광역시 남구 대명동,경상사고,0,0,5,0,차대차 - 기타,불법유턴,습기,비,교차로 - 교차로부근,승용,여,29세,상해없음,승용,남,59세,경상
2013042000100221,2013년 4월 20일 09시,토요일,대구광역시 달서구 송현동,경상사고,0,0,2,0,차대차 - 측면직각충돌,교차로운행방법위반,건조,맑음,교차로 - 교차로안,승용,여,45세,경상,승용,여,53세,경상
2013042000100222,2013년 4월 20일 09시,토요일,대구광역시 중구 사일동,경상사고,0,0,1,0,차대차 - 기타,안전거리미확보,습기,비,단일로 - 기타,승용,남,71세,상해없음,승용,남,52세,경상
2013042000100223,2013년 4월 20일 09시,토요일,대구광역시 중구 달성동,중상사고,0,1,0,0,차대사람 - 기타,안전운전불이행,습기,비,단일로 - 기타,승용,여,61세,상해없음,보행자,여,55세,중상
2013042000100256,2013년 4월 20일 10시,토요일,대구광역시 동구 대림동,부상신고사고,0,0,0,1,차량단독 - 공작물충돌,안전운전불이행,습기,비,단일로 - 기타,승용,여,54세,부상신고,,,,
2013042000100257,2013년 4월 20일 10시,토요일,대구광역시 북구 침산동,중상사고,0,1,0,0,차대차 - 측면직각충돌,안전거리미확보,습기,비,단일로 - 기타,승용,남,61세,상해없음,승용,남,43세,중상
2013042000100258,2013년 4월 20일 10시,토요일,대구광역시 달서구 성당동,경상사고,0,0,1,0,차대사람 - 기타,안전운전불이행,습기,비,단일로 - 기타,승용,남,52세,상해없음,보행자,여,13세,경상
2013042000100293,2013년 4월 20일 11시,토요일,대구광역시 남구 대명동,경상사고,0,0,2,0,차대차 - 추돌 - 진행중,안전운전불이행,습기,비,교차로 - 교차로부근,승용,남,54세,상해없음,승용,남,45세,경상
2013042000100294,2013년 4월 20일 11시,토요일,대구광역시 수성구 만촌동,경상사고,0,0,1,0,차대차 - 추돌 - 주정차중,안전운전불이행,습기,비,미분류 - 미분류,승용,남,62세,상해없음,승용,남,58세,경상
2013042000100295,2013년 4월 20일 11시,토요일,대구광역시 수성구 황금동,경상사고,0,0,1,0,차대사람 - 기타,안전운전불이행,건조,맑음,단일로 - 기타,승용,남,53세,상해없음,보행자,남,58세,경상
2013042000100296,2013년 4월 20일 11시,토요일,대구광역시 수성구 지산동,경상사고,0,0,3,0,차대차 - 추돌 - 주정차중,안전운전불이행,습기,비,단일로 - 기타,승용,남,27세,상해없음,승용,남,50세,경상
2013042000100297,2013년 4월 20일 11시,토요일,대구광역시 수성구 대흥동,중상사고,0,7,0,0,차대차 - 추돌 - 진행중,안전운전불이행,습기,비,교차로 - 교차로부근,화물,남,33세,상해없음,승용,남,22세,중상
2013042000100298,2013년 4월 20일 11시,토요일,대구광역시 달성군 다사읍,중상사고,0,1,2,0,차대차 - 측면직각충돌,안전운전불이행,습기,비,교차로 - 교차로안,승용,남,42세,상해없음,승용,여,44세,중상
2013042000100326,2013년 4월 20일 12시,토요일,대구광역시 수성구 신매동,경상사고,0,0,1,0,차대차 - 추돌 - 진행중,안전운전불이행,건조,맑음,교차로 - 교차로부근,승용,남,33세,상해없음,승용,남,47세,상해없음
2013042000100327,2013년 4월 20일 12시,토요일,대구광역시 달서구 대곡동,중상사고,0,1,0,0,차대사람 - 보도통행중,보행자보호의무위반,건조,맑음,교차로 - 교차로부근,화물,남,29세,상해없음,보행자,여,18세,중상
2013042000100328,2013년 4월 20일 12시,토요일,대구광역시 달서구 상인동,경상사고,0,0,4,0,차대차 - 추돌 - 진행중,안전운전불이행,습기,비,단일로 - 기타,승용,여,45세,상해없음,승용,남,37세,경상
2013042000100329,2013년 4월 20일 12시,토요일,대구광역시 달서구 본동,경상사고,0,0,1,0,차대사람 - 기타,안전운전불이행,습기,비,단일로 - 기타,승용,남,51세,상해없음,보행자,남,37세,경상
2013042000100359,2013년 4월 20일 13시,토요일,대구광역시 동구 방촌동,경상사고,0,0,1,3,차량단독 - 공작물충돌,안전운전불이행,습기,비,교차로 - 교차로부근,승용,남,61세,부상신고,,,,
2013042000100402,2013년 4월 20일 14시,토요일,대구광역시 남구 봉덕동,경상사고,0,0,1,0,차량단독 - 기타,기타,건조,맑음,단일로 - 기타,승합,남,43세,상해없음,,,,
2013042000100403,2013년 4월 20일 14시,토요일,대구광역시 달서구 상인동,중상사고,0,1,0,0,차대차 - 측면직각충돌,신호위반,습기,비,교차로 - 교차로안,승합,남,34세,상해없음,이륜,남,29세,중상
2013042000100404,2013년 4월 20일 14시,토요일,대구광역시 달서구 대곡동,중상사고,0,1,0,0,차대사람 - 기타,중앙선침범,습기,비,단일로 - 기타,자전거,남,42세,상해없음,보행자,여,76세,중상
2013042000100405,2013년 4월 20일 14시,토요일,대구광역시 서구 비산동,경상사고,0,0,1,0,차대차 - 기타,기타,건조,맑음,교차로 - 교차로부근,승합,남,41세,상해없음,승용,기타불명,기타불명,기타불명
2013042000100438,2013년 4월 20일 15시,토요일,대구광역시 동구 덕곡동,중상사고,0,1,0,0,차대차 - 추돌 - 진행중,안전운전불이행,습기,흐림,단일로 - 기타,승용,남,43세,상해없음,이륜,남,52세,상해없음
2013042000100439,2013년 4월 20일 15시,토요일,대구광역시 북구 태전동,중상사고,0,4,2,1,차대차 - 추돌 - 진행중,안전운전불이행,습기,비,교차로 - 교차로부근,건설기계,남,38세,상해없음,승용,남,75세,중상
2013042000100466,2013년 4월 20일 16시,토요일,대구광역시 달서구 본동,경상사고,0,0,4,0,차대차 - 추돌 - 진행중,안전운전불이행,건조,맑음,단일로 - 기타,승용,남,29세,상해없음,승용,남,49세,경상