사고번호,사고일시,요일,시군구,사고내용,사망자수,중상자수,경상자수,부상신고자수,사고유형,법규위반,노면상태,기상상태,도로형태,가해운전자 차종,가해운전자 성별,가해운전자 연령,가해운전자 상해정도,피해운전자 차종,피해운전자 성별,피해운전자 연령,피해운전자 상해정도
2013042600100633,2013년 4월 26일 22시,금요일,대구광역시 서구 평리동,경상사고,0,0,1,0,차대사람 - 길가장자리구역통행중,안전운전불이행,건조,맑음,단일로 - 기타,승용,남,25세,상해없음,보행자,여,41세,경상
2013042600100662,2013년 4월 26일 23시,금요일,대구광역시 달서구 신당동,경상사고,0,0,2,0,차대차 - 추돌 - 주정차중,안전운전불이행,건조,맑음,단일로 - 횡단보도부근,승용,남,27세,상해없음,승용,남,30세,경상
2013042700100017,2013년 4월 27일 00시,토요일,대구광역시 달서구 신당동,중상사고,0,1,1,1,차대차 - 측면직각충돌,안전운전불이행,건조,맑음,교차로 - 교차로부근,승용,여,43세,부상신고,승용,남,45세,중상
2013042700100061,2013년 4월 27일 02시,토요일,대구광역시 북구 산격동,경상사고,0,0,1,0,차대차 - 측면직각충돌,신호위반,건조,맑음,교차로 - 교차로안,원동기,남,18세,상해없음,승용,남,52세,경상
2013042700100079,2013년 4월 27일 03시,토요일,대구광역시 달서구 본동,경상사고,0,0,2,0,차대차 - 측면직각충돌,신호위반,건조,맑음,교차로 - 교차로안,원동기,남,47세,상해없음,승용,남,47세,경상
2013042700100096,2013년 4월 27일 04시,토요일,대구광역시 달성군 화원읍,경상사고,0,0,1,0,차대사람 - 기타,안전운전불이행,건조,맑음,단일로 - 기타,승용,남,74세,상해없음,보행자,남,72세,경상
2013042700100127,2013년 4월 27일 06시,토요일,대구광역시 남구 대명동,중상사고,0,1,0,0,차대차 - 기타,안전운전불이행,건조,맑음,교차로 - 교차로안,승용,여,45세,상해없음,이륜,남,43세,중상
2013042700100128,2013년 4월 27일 06시,토요일,대구광역시 달서구 송현동,경상사고,0,0,2,0,차대차 - 측면직각충돌,직진우회전진행방해,건조,맑음,교차로 - 교차로안,승용,남,20세,상해없음,승용,남,51세,경상
2013042700100168,2013년 4월 27일 08시,토요일,대구광역시 남구 대명동,부상신고사고,0,0,0,1,차대차 - 측면직각충돌,직진우회전진행방해,건조,맑음,교차로 - 교차로안,승용,여,52세,부상신고,승용,남,42세,상해없음
2013042700100188,2013년 4월 27일 09시,토요일,대구광역시 동구 효목동,경상사고,0,0,2,0,차대차 - 측면직각충돌,안전거리미확보,건조,맑음,단일로 - 기타,승합,남,64세,상해없음,승용,남,33세,경상
2013042700100189,2013년 4월 27일 09시,토요일,대구광역시 수성구 범물동,경상사고,0,0,1,0,차대차 - 기타,안전운전불이행,건조,맑음,단일로 - 기타,승합,남,55세,상해없음,승용,남,36세,경상
2013042700100190,2013년 4월 27일 09시,토요일,대구광역시 서구 상리동,경상사고,0,0,1,0,차대차 - 기타,안전운전불이행,건조,맑음,단일로 - 기타,기타불명,기타불명,기타불명,기타불명,승용,여,51세,경상
2013042700100210,2013년 4월 27일 10시,토요일,대구광역시 북구 태전동,경상사고,0,0,2,0,차대차 - 정면충돌,안전운전불이행,건조,맑음,교차로 - 교차로안,원동기,남,75세,경상,승용,여,51세,경상
2013042700100211,2013년 4월 27일 10시,토요일,대구광역시 북구 칠성동2가,경상사고,0,0,1,0,차대차 - 기타,안전운전불이행,건조,맑음,기타 - 기타,승용,남,54세,상해없음,승용,여,29세,경상
2013042700100241,2013년 4월 27일 11시,토요일,대구광역시 서구 중리동,경상사고,0,0,1,0,차대차 - 기타,안전운전불이행,건조,맑음,단일로 - 기타,승용,여,54세,상해없음,이륜,남,18세,경상
2013042700100274,2013년 4월 27일 12시,토요일,대구광역시 북구 노원동2가,경상사고,0,0,1,1,차대차 - 추돌 - 진행중,안전운전불이행,건조,맑음,단일로 - 기타,화물,남,34세,상해없음,승용,남,38세,경상
2013042700100303,2013년 4월 27일 13시,토요일,대구광역시 동구 방촌동,중상사고,0,1,0,0,차대차 - 기타,교차로운행방법위반,건조,맑음,교차로 - 교차로안,승용,남,32세,상해없음,이륜,여,55세,중상
2013042700100304,2013년 4월 27일 13시,토요일,대구광역시 북구 복현동,경상사고,0,0,2,0,차대차 - 추돌 - 진행중,안전거리미확보,건조,맑음,단일로 - 교량,승용,여,31세,상해없음,승용,여,31세,경상
2013042700100338,2013년 4월 27일 14시,토요일,대구광역시 북구 산격동,경상사고,0,0,1,0,차대차 - 기타,중앙선침범,건조,흐림,단일로 - 기타,승용,여,31세,상해없음,원동기,남,41세,경상
2013042700100371,2013년 4월 27일 15시,토요일,대구광역시 남구 대명동,중상사고,0,1,0,0,차대차 - 기타,안전운전불이행,건조,맑음,교차로 - 교차로부근,승용,여,58세,상해없음,이륜,남,18세,중상
2013042700100372,2013년 4월 27일 15시,토요일,대구광역시 북구 매천동,경상사고,0,0,2,0,차대차 - 측면직각충돌,안전거리미확보,건조,맑음,미분류 - 미분류,승용,남,55세,상해없음,승용,남,34세,경상
2013042700100405,2013년 4월 27일 16시,토요일,대구광역시 남구 대명동,경상사고,0,0,2,0,차대차 - 기타,안전운전불이행,건조,맑음,교차로 - 교차로부근,승용,여,39세,상해없음,이륜,남,22세,경상
2013042700100406,2013년 4월 27일 16시,토요일,대구광역시 달서구 본동,경상사고,0,0,1,0,차대차 - 기타,안전운전불이행,건조,맑음,교차로 - 교차로부근,기타불명,기타불명,기타불명,기타불명,승용,남,50세,경상
2013042700100447,2013년 4월 27일 17시,토요일,대구광역시 동구 신암동,경상사고,0,0,1,0,차대차 - 측면직각충돌,안전운전불이행,건조,맑음,교차로 - 교차로부근,승합,남,61세,상해없음,승용,남,36세,경상
2013042700100448,2013년 4월 27일 17시,토요일,대구광역시 동구 검사동,경상사고,0,0,2,0,차대차 - 측면직각충돌,안전거리미확보,건조,맑음,단일로 - 기타,승용,남,71세,경상,승용,여,54세,경상
2013042700100449,2013년 4월 27일 17시,토요일,대구광역시 수성구 신매동,경상사고,0,0,1,0,차대차 - 측면직각충돌,신호위반,건조,맑음,교차로 - 교차로안,승용,남,29세,상해없음,이륜,남,18세,경상
2013042700100450,2013년 4월 27일 17시,토요일,대구광역시 수성구 중동,중상사고,0,1,0,0,차대사람 - 횡단중,안전운전불이행,건조,맑음,단일로 - 횡단보도상,화물,남,43세,상해없음,보행자,남,74세,중상
2013042700100451,2013년 4월 27일 17시,토요일,대구광역시 달서구 월성동,중상사고,0,1,1,0,차대차 - 기타,교차로운행방법위반,건조,맑음,교차로 - 교차로안,승용,여,50세,중상,승합,남,44세,경상
2013042700100452,2013년 4월 27일 17시,토요일,대구광역시 달서구 두류동,경상사고,0,0,1,0,차대차 - 기타,기타,건조,맑음,단일로 - 기타,승용,남,46세,상해없음,자전거,남,24세,경상
2013042700100496,2013년 4월 27일 18시,토요일,대구광역시 수성구 대흥동,중상사고,0,2,0,0,차량단독 - 기타,안전운전불이행,건조,맑음,단일로 - 기타,승용,남,15세,상해없음,,,,
2013042700100497,2013년 4월 27일 18시,토요일,대구광역시 수성구 두산동,경상사고,0,0,1,0,차대차 - 측면직각충돌,안전거리미확보,건조,맑음,단일로 - 기타,승용,남,43세,상해없음,이륜,남,50세,경상
2013042700100498,2013년 4월 27일 18시,토요일,대구광역시 북구 서변동,경상사고,0,0,2,0,차대차 - 측면직각충돌,직진우회전진행방해,건조,맑음,교차로 - 교차로안,승용,남,40세,상해없음,이륜,여,41세,경상
2013042700100534,2013년 4월 27일 19시,토요일,대구광역시 서구 내당동,중상사고,0,1,1,0,차대차 - 기타,안전거리미확보,건조,맑음,단일로 - 기타,승용,남,30세,상해없음,승합,남,45세,상해없음
2013042700100535,2013년 4월 27일 19시,토요일,대구광역시 중구 덕산동,중상사고,0,1,0,0,차대차 - 측면직각충돌,교차로운행방법위반,건조,흐림,단일로 - 기타,승용,여,38세,상해없음,승용,남,40세,중상
2013042700100576,2013년 4월 27일 20시,토요일,대구광역시 북구 관음동,부상신고사고,0,0,0,1,차대차 - 측면직각충돌,불법유턴,건조,맑음,교차로 - 교차로부근,이륜,남,44세,부상신고,승용,남,26세,상해없음
2013042700100577,2013년 4월 27일 20시,토요일,대구광역시 서구 내당동,경상사고,0,0,2,0,차대차 - 측면직각충돌,안전거리미확보,건조,맑음,단일로 - 기타,승용,여,34세,상해없음,승용,남,41세,경상
2013042700100604,2013년 4월 27일 21시,토요일,대구광역시 북구 태전동,경상사고,0,0,3,1,차대차 - 추돌 - 진행중,안전거리미확보,건조,맑음,단일로 - 기타,승용,남,25세,기타불명,승용,여,49세,상해없음
2013042700100632,2013년 4월 27일 22시,토요일,대구광역시 서구 비산동,경상사고,0,0,2,0,차대차 - 기타,직진우회전진행방해,건조,맑음,교차로 - 교차로안,승용,남,61세,상해없음,승용,남,53세,경상
2013042700100633,2013년 4월 27일 22시,토요일,대구광역시 달서구 장동,경상사고,0,0,1,0,차대차 - 측면직각충돌,안전운전불이행,건조,맑음,단일로 - 기타,승용,여,19세,상해없음,승용,남,56세,경상
2013042700100659,2013년 4월 27일 23시,토요일,대구광역시 달서구 상인동,중상사고,0,1,0,0,차대사람 - 길가장자리구역통행중,안전운전불이행,건조,맑음,단일로 - 기타,승용,남,37세,상해없음,보행자,남,41세,중상
2013042800100018,2013년 4월 28일 00시,일요일,대구광역시 수성구 수성동4가,중상사고,0,1,0,0,차대사람 - 기타,기타,건조,맑음,교차로 - 교차로부근,승용,남,20세,상해없음,보행자,남,18세,중상
2013042800100019,2013년 4월 28일 00시,일요일,대구광역시 달서구 송현동,경상사고,0,0,1,0,차대차 - 기타,안전운전불이행,건조,맑음,교차로 - 교차로부근,승용,남,54세,상해없음,이륜,남,24세,경상
2013042800100063,2013년 4월 28일 03시,일요일,대구광역시 달서구 이곡동,사망사고,1,0,0,0,차대사람 - 횡단중,안전운전불이행,건조,맑음,단일로 - 기타,승용,남,35세,기타불명,보행자,남,80세,사망
2013042800100096,2013년 4월 28일 05시,일요일,대구광역시 달서구 죽전동,경상사고,0,0,2,0,차대차 - 추돌 - 주정차중,안전운전불이행,건조,맑음,단일로 - 기타,승용,남,42세,상해없음,승용,남,49세,경상
2013042800100105,2013년 4월 28일 06시,일요일,대구광역시 서구 비산동,경상사고,0,0,1,0,차대사람 - 길가장자리구역통행중,안전운전불이행,건조,맑음,단일로 - 기타,화물,남,66세,상해없음,보행자,남,50세,경상
2013042800100123,2013년 4월 28일 07시,일요일,대구광역시 수성구 가천동,중상사고,0,1,2,0,차대차 - 기타,안전운전불이행,건조,맑음,단일로 - 기타,승용,남,28세,상해없음,농기계,남,61세,중상
2013042800100245,2013년 4월 28일 13시,일요일,대구광역시 동구 효목동,중상사고,0,1,2,0,차대차 - 기타,안전운전불이행,건조,맑음,교차로 - 교차로안,승용,남,56세,상해없음,승용,남,66세,중상
2013042800100246,2013년 4월 28일 13시,일요일,대구광역시 동구 신암동,경상사고,0,0,1,0,차대차 - 추돌 - 진행중,안전거리미확보,건조,맑음,단일로 - 기타,승합,남,38세,상해없음,승용,남,56세,상해없음
2013042800100279,2013년 4월 28일 14시,일요일,대구광역시 서구 이현동,경상사고,0,0,1,0,차대사람 - 길가장자리구역통행중,안전운전불이행,건조,맑음,단일로 - 기타,승용,남,55세,상해없음,보행자,여,3세,경상
2013042800100280,2013년 4월 28일 14시,일요일,대구광역시 달서구 이곡동,경상사고,0,0,2,0,차대차 - 추돌 - 주정차중,안전운전불이행,건조,맑음,단일로 - 기타,화물,남,23세,상해없음,승용,남,24세,경상
2013042800100313,2013년 4월 28일 15시,일요일,대구광역시 중구 남산동,경상사고,0,0,1,0,차대차 - 추돌 - 주정차중,안전거리미확보,기타,기타,교차로 - 교차로안,승용,남,45세,상해없음,승용,남,27세,상해없음
2013042800100346,2013년 4월 28일 16시,일요일,대구광역시 중구 남산동,경상사고,0,0,1,0,차대차 - 추돌 - 주정차중,안전거리미확보,건조,맑음,교차로 - 교차로부근,승용,여,47세,상해없음,승용,남,53세,경상
2013042800100373,2013년 4월 28일 17시,일요일,대구광역시 달성군 현풍면,중상사고,0,3,1,0,차대차 - 추돌 - 진행중,안전거리미확보,건조,맑음,단일로 - 기타,승용,남,49세,상해없음,승용,여,40세,중상
2013042800100376,2013년 4월 28일 17시,일요일,대구광역시 수성구 대흥동,경상사고,0,0,4,0,차대차 - 측면직각충돌,신호위반,건조,맑음,교차로 - 교차로안,승용,남,18세,상해없음,승용,여,34세,경상
2013042800100377,2013년 4월 28일 17시,일요일,대구광역시 달서구 상인동,경상사고,0,0,1,0,차대사람 - 횡단중,보행자보호의무위반,건조,맑음,교차로 - 교차로안,승용,남,59세,상해없음,보행자,여,28세,경상
2013042800100378,2013년 4월 28일 17시,일요일,대구광역시 달서구 상인동,경상사고,0,0,2,0,차대차 - 측면직각충돌,안전운전불이행,건조,맑음,기타 - 기타,화물,남,38세,상해없음,승용,남,52세,경상
2013042800100379,2013년 4월 28일 17시,일요일,대구광역시 달성군 논공읍,경상사고,0,0,2,0,차대차 - 기타,안전거리미확보,건조,맑음,단일로 - 기타,승용,여,50세,상해없음,승용,여,48세,경상
2013042800100380,2013년 4월 28일 17시,일요일,대구광역시 북구 구암동,중상사고,0,1,0,0,차대차 - 기타,안전운전불이행,건조,맑음,교차로 - 교차로부근,이륜,남,24세,상해없음,이륜,남,29세,중상
2013042800100406,2013년 4월 28일 18시,일요일,대구광역시 동구 신서동,경상사고,0,0,1,0,차대차 - 추돌 - 주정차중,안전운전불이행,건조,맑음,단일로 - 횡단보도부근,승용,남,65세,상해없음,승용,남,59세,상해없음
2013042800100407,2013년 4월 28일 18시,일요일,대구광역시 북구 서변동,경상사고,0,0,2,0,차대차 - 추돌 - 주정차중,안전운전불이행,건조,맑음,단일로 - 기타,승용,여,38세,상해없음,승용,남,45세,경상
2013042800100408,2013년 4월 28일 18시,일요일,대구광역시 북구 구암동,경상사고,0,0,1,1,차대차 - 기타,중앙선침범,건조,맑음,교차로 - 교차로안,자전거,남,60세,부상신고,이륜,남,17세,경상
2013042800100432,2013년 4월 28일 19시,일요일,대구광역시 동구 동호동,중상사고,0,1,0,0,차대사람 - 횡단중,안전운전불이행,건조,맑음,단일로 - 횡단보도상,화물,남,62세,상해없음,보행자,여,73세,중상
2013042800100433,2013년 4월 28일 19시,일요일,대구광역시 동구 신암동,중상사고,0,1,0,0,차대차 - 측면직각충돌,교차로운행방법위반,건조,맑음,교차로 - 교차로안,승용,여,40세,상해없음,원동기,남,39세,중상
2013042800100434,2013년 4월 28일 19시,일요일,대구광역시 수성구 신매동,경상사고,0,0,1,0,차대차 - 기타,안전운전불이행,건조,맑음,단일로 - 기타,승용,남,24세,상해없음,승용,남,55세,기타불명
2013042800100435,2013년 4월 28일 19시,일요일,대구광역시 달서구 대곡동,경상사고,0,0,1,0,차대차 - 측면직각충돌,안전거리미확보,건조,맑음,단일로 - 기타,승용,남,66세,상해없음,원동기,남,44세,경상
2013042800100436,2013년 4월 28일 19시,일요일,대구광역시 서구 비산동,중상사고,0,1,0,0,차대차 - 추돌 - 진행중,안전운전불이행,건조,맑음,단일로 - 기타,화물,남,52세,중상,화물,남,54세,상해없음
2013042800100459,2013년 4월 28일 20시,일요일,대구광역시 동구 신천동,경상사고,0,0,2,0,차대차 - 기타,신호위반,건조,맑음,교차로 - 교차로부근,승용,기타불명,기타불명,기타불명,승용,남,52세,경상
2013042800100460,2013년 4월 28일 20시,일요일,대구광역시 달서구 이곡동,경상사고,0,0,3,0,차대차 - 추돌 - 진행중,안전운전불이행,건조,맑음,단일로 - 기타,이륜,남,17세,상해없음,승용,남,19세,경상
2013042800100489,2013년 4월 28일 21시,일요일,대구광역시 달서구 도원동,경상사고,0,0,1,0,차대차 - 추돌 - 주정차중,안전운전불이행,건조,맑음,단일로 - 기타,자전거,남,22세,경상,특수,남,49세,상해없음
2013042800100490,2013년 4월 28일 21시,일요일,대구광역시 달서구 용산동,경상사고,0,0,2,0,차대차 - 측면직각충돌,안전운전불이행,건조,맑음,교차로 - 교차로안,승용,여,48세,경상,승용,남,79세,경상
2013042800100515,2013년 4월 28일 22시,일요일,대구광역시 동구 신천동,중상사고,0,3,1,0,차대차 - 측면직각충돌,안전거리미확보,건조,맑음,단일로 - 기타,승용,남,57세,경상,승용,남,61세,중상
2013042800100516,2013년 4월 28일 22시,일요일,대구광역시 달서구 본리동,경상사고,0,0,1,0,차대차 - 측면직각충돌,안전운전불이행,건조,맑음,교차로 - 교차로안,승용,여,54세,상해없음,승용,남,60세,경상
2013042800100540,2013년 4월 28일 23시,일요일,대구광역시 수성구 중동,중상사고,0,1,0,0,차대차 - 측면직각충돌,안전운전불이행,건조,맑음,교차로 - 교차로안,승용,남,41세,상해없음,이륜,남,41세,중상
2013042800100541,2013년 4월 28일 23시,일요일,대구광역시 수성구 연호동,중상사고,0,1,1,0,차대차 - 기타,신호위반,건조,맑음,교차로 - 교차로안,승용,남,31세,상해없음,승용,남,62세,경상
2013042800100542,2013년 4월 28일 23시,일요일,대구광역시 북구 동천동,경상사고,0,0,1,0,차대차 - 측면직각충돌,불법유턴,건조,맑음,단일로 - 횡단보도상,승용,남,29세,상해없음,원동기,남,18세,경상
2013042800100543,2013년 4월 28일 23시,일요일,대구광역시 북구 노원동1가,중상사고,0,1,0,0,차량단독 - 기타,안전운전불이행,건조,맑음,단일로 - 기타,승합,남,59세,기타불명,,,,
2013042900100008,2013년 4월 29일 00시,월요일,대구광역시 달서구 이곡동,경상사고,0,0,1,0,차대사람 - 횡단중,안전운전불이행,건조,맑음,단일로 - 횡단보도상,승용,여,33세,상해없음,보행자,여,18세,경상
2013042900100067,2013년 4월 29일 06시,월요일,대구광역시 북구 칠성동1가,중상사고,0,1,1,0,차대차 - 정면충돌,신호위반,건조,맑음,교차로 - 교차로안,승용,남,40세,상해없음,승용,남,38세,경상
2013042900100090,2013년 4월 29일 07시,월요일,대구광역시 달서구 월성동,경상사고,0,0,1,0,차대차 - 측면직각충돌,신호위반,건조,흐림,교차로 - 교차로안,승용,여,45세,상해없음,승용,남,55세,상해없음
2013042900100091,2013년 4월 29일 07시,월요일,대구광역시 중구 대신동,경상사고,0,0,1,0,차대차 - 추돌 - 진행중,안전운전불이행,건조,맑음,단일로 - 기타,승용,남,47세,상해없음,이륜,남,73세,경상
2013042900100092,2013년 4월 29일 07시,월요일,대구광역시 달서구 장기동,중상사고,0,1,0,0,차대사람 - 횡단중,안전운전불이행,건조,맑음,단일로 - 기타,승용,남,54세,상해없음,보행자,여,22세,중상
2013042900100127,2013년 4월 29일 08시,월요일,대구광역시 북구 노원동3가,경상사고,0,0,1,0,차대차 - 측면직각충돌,안전거리미확보,건조,흐림,단일로 - 기타,화물,남,30세,상해없음,원동기,여,34세,경상
2013042900100128,2013년 4월 29일 08시,월요일,대구광역시 북구 복현동,경상사고,0,0,1,0,차대차 - 추돌 - 진행중,안전운전불이행,건조,맑음,단일로 - 기타,화물,남,71세,상해없음,승용,남,48세,상해없음
2013042900100129,2013년 4월 29일 08시,월요일,대구광역시 서구 중리동,경상사고,0,0,1,0,차대차 - 측면직각충돌,안전거리미확보,건조,맑음,교차로 - 교차로안,승용,남,56세,상해없음,승용,남,29세,경상
2013042900100130,2013년 4월 29일 08시,월요일,대구광역시 달서구 두류동,중상사고,0,1,1,0,차대차 - 기타,안전거리미확보,건조,맑음,교차로 - 교차로부근,승용,여,52세,상해없음,승용,남,62세,경상
2013042900100165,2013년 4월 29일 09시,월요일,대구광역시 중구 덕산동,중상사고,0,1,0,0,차대사람 - 기타,안전운전불이행,건조,맑음,단일로 - 기타,이륜,남,63세,상해없음,보행자,남,80세,중상
2013042900100177,2013년 4월 29일 10시,월요일,대구광역시 수성구 지산동,중상사고,0,1,0,0,차대사람 - 기타,안전운전불이행,건조,맑음,교차로 - 교차로안,승용,여,44세,상해없음,보행자,남,19세,중상
2013042900100178,2013년 4월 29일 10시,월요일,대구광역시 수성구 수성동1가,중상사고,0,1,0,0,차량단독 - 기타,기타,건조,맑음,단일로 - 기타,승용,남,63세,상해없음,,,,
2013042900100179,2013년 4월 29일 10시,월요일,대구광역시 달서구 상인동,경상사고,0,0,1,0,차대차 - 측면직각충돌,안전운전불이행,습기,비,단일로 - 기타,승용,남,39세,상해없음,승용,여,41세,경상
2013042900100180,2013년 4월 29일 10시,월요일,대구광역시 북구 노원동1가,경상사고,0,0,1,0,차대차 - 측면직각충돌,신호위반,건조,맑음,단일로 - 기타,승용,남,76세,상해없음,화물,남,41세,경상
2013042900100210,2013년 4월 29일 11시,월요일,대구광역시 달성군 가창면,중상사고,0,1,0,0,차대차 - 측면직각충돌,안전운전불이행,습기,비,교차로 - 교차로안,화물,남,49세,중상,화물,남,52세,상해없음
2013042900100234,2013년 4월 29일 12시,월요일,대구광역시 남구 봉덕동,경상사고,0,0,3,0,차대차 - 측면직각충돌,신호위반,건조,맑음,교차로 - 교차로안,승용,남,61세,상해없음,승용,여,39세,경상
2013042900100235,2013년 4월 29일 12시,월요일,대구광역시 북구 산격동,부상신고사고,0,0,0,1,차량단독 - 공작물충돌,안전운전불이행,습기,비,교차로 - 교차로부근,화물,남,27세,부상신고,,,,
2013042900100340,2013년 4월 29일 16시,월요일,대구광역시 남구 이천동,경상사고,0,0,1,0,차대차 - 측면직각충돌,신호위반,습기,비,교차로 - 교차로안,화물,남,51세,상해없음,승용,남,33세,경상
2013042900100371,2013년 4월 29일 17시,월요일,대구광역시 동구 효목동,중상사고,0,1,0,0,차대차 - 측면직각충돌,신호위반,건조,맑음,교차로 - 교차로안,원동기,여,46세,중상,승용,여,40세,상해없음
2013042900100372,2013년 4월 29일 17시,월요일,대구광역시 중구 남산동,경상사고,0,0,1,0,차대차 - 추돌 - 주정차중,안전운전불이행,습기,비,단일로 - 기타,승용,여,42세,상해없음,승용,남,40세,경상
2013042900100399,2013년 4월 29일 18시,월요일,대구광역시 북구 산격동,경상사고,0,0,1,0,차대차 - 측면직각충돌,안전운전불이행,습기,비,단일로 - 기타,승용,남,38세,상해없음,자전거,남,71세,경상
2013042900100420,2013년 4월 29일 19시,월요일,대구광역시 서구 원대동1가,경상사고,0,0,1,0,차대차 - 측면직각충돌,중앙선침범,건조,맑음,단일로 - 기타,화물,남,43세,상해없음,승용,남,42세,경상
2013042900100447,2013년 4월 29일 20시,월요일,대구광역시 북구 금호동,중상사고,0,1,1,0,차대차 - 추돌 - 진행중,안전운전불이행,건조,맑음,단일로 - 기타,화물,남,46세,중상,승합,남,46세,경상
2013042900100451,2013년 4월 29일 20시,월요일,대구광역시 수성구 만촌동,중상사고,0,1,0,0,차대차 - 측면직각충돌,안전운전불이행,습기,흐림,교차로 - 교차로안,승용,남,59세,상해없음,이륜,남,40세,중상
2013042900100452,2013년 4월 29일 20시,월요일,대구광역시 서구 평리동,경상사고,0,0,1,0,차대차 - 기타,직진우회전진행방해,건조,맑음,교차로 - 교차로안,승용,남,60세,상해없음,승용,여,45세,경상
2013042900100489,2013년 4월 29일 21시,월요일,대구광역시 달서구 두류동,경상사고,0,0,1,0,차대차 - 측면직각충돌,교차로운행방법위반,건조,맑음,교차로 - 교차로안,승용,남,27세,상해없음,원동기,남,30세,경상
2013042900100512,2013년 4월 29일 22시,월요일,대구광역시 동구 입석동,경상사고,0,0,1,0,차대차 - 기타,안전거리미확보,건조,맑음,단일로 - 기타,승용,남,50세,상해없음,승용,남,35세,상해없음
2013042900100513,2013년 4월 29일 22시,월요일,대구광역시 북구 팔달동,경상사고,0,0,2,0,차대차 - 측면직각충돌,직진우회전진행방해,건조,맑음,교차로 - 교차로안,승용,남,48세,상해없음,승용,남,51세,경상
2013042900100514,2013년 4월 29일 22시,월요일,대구광역시 북구 구암동,중상사고,0,1,0,0,차대사람 - 횡단중,안전운전불이행,건조,맑음,단일로 - 기타,승용,남,47세,상해없음,보행자,남,44세,중상
2013043000100038,2013년 4월 30일 02시,화요일,대구광역시 남구 대명동,경상사고,0,0,1,0,차대차 - 측면직각충돌,중앙선침범,건조,맑음,단일로 - 기타,승용,남,29세,상해없음,자전거,남,19세,경상
2013043000100039,2013년 4월 30일 02시,화요일,대구광역시 수성구 중동,경상사고,0,0,3,0,차대차 - 추돌 - 진행중,안전운전불이행,건조,맑음,단일로 - 기타,승용,남,41세,상해없음,승용,남,43세,경상
2013043000100063,2013년 4월 30일 05시,화요일,대구광역시 달서구 송현동,경상사고,0,0,1,0,차대차 - 추돌 - 주정차중,안전운전불이행,건조,맑음,교차로 - 교차로안,승용,남,25세,상해없음,승합,남,48세,기타불명
2013043000100076,2013년 4월 30일 06시,화요일,대구광역시 북구 동천동,중상사고,0,1,0,0,차대차 - 측면직각충돌,신호위반,건조,맑음,교차로 - 교차로안,승용,여,64세,상해없음,승용,여,53세,중상
2013043000100097,2013년 4월 30일 07시,화요일,대구광역시 동구 괴전동,부상신고사고,0,0,0,1,차대사람 - 횡단중,보행자보호의무위반,건조,맑음,단일로 - 기타,기타불명,기타불명,기타불명,기타불명,보행자,여,17세,부상신고
2013043000100098,2013년 4월 30일 07시,화요일,대구광역시 서구 비산동,경상사고,0,0,5,0,차대차 - 추돌 - 진행중,안전거리미확보,건조,맑음,단일로 - 기타,승용,여,49세,상해없음,승용,남,46세,경상
2013043000100099,2013년 4월 30일 07시,화요일,대구광역시 달서구 이곡동,중상사고,0,1,0,0,차대차 - 측면직각충돌,안전운전불이행,건조,맑음,단일로 - 기타,승용,남,52세,상해없음,자전거,남,48세,중상
2013043000100128,2013년 4월 30일 08시,화요일,대구광역시 수성구 범어동,중상사고,0,1,0,0,차대차 - 측면직각충돌,기타,건조,맑음,단일로 - 기타,승용,남,59세,상해없음,원동기,남,56세,중상
2013043000100129,2013년 4월 30일 08시,화요일,대구광역시 북구 복현동,경상사고,0,0,1,0,차대차 - 추돌 - 주정차중,안전거리미확보,건조,맑음,단일로 - 기타,승용,남,33세,상해없음,승용,남,43세,경상
2013043000100163,2013년 4월 30일 09시,화요일,대구광역시 달서구 두류동,중상사고,0,2,0,0,차대차 - 측면직각충돌,안전운전불이행,건조,맑음,단일로 - 기타,승용,남,58세,상해없음,승용,남,41세,중상
2013043000100214,2013년 4월 30일 11시,화요일,대구광역시 서구 내당동,경상사고,0,0,1,0,차대차 - 기타,교차로운행방법위반,건조,맑음,교차로 - 교차로부근,화물,남,43세,상해없음,승용,남,61세,경상
2013043000100244,2013년 4월 30일 12시,화요일,대구광역시 달성군 유가면,경상사고,0,0,1,0,차대차 - 추돌 - 주정차중,안전운전불이행,건조,맑음,단일로 - 기타,화물,남,57세,상해없음,승용,남,56세,경상
2013043000100245,2013년 4월 30일 12시,화요일,대구광역시 서구 비산동,경상사고,0,0,1,0,차량단독 - 기타,기타,건조,맑음,단일로 - 기타,승합,남,53세,상해없음,,,,
2013043000100299,2013년 4월 30일 14시,화요일,대구광역시 남구 대명동,경상사고,0,0,1,0,차대사람 - 차도통행중,안전운전불이행,건조,맑음,교차로 - 교차로안,승용,여,53세,상해없음,보행자,남,82세,경상
2013043000100334,2013년 4월 30일 15시,화요일,대구광역시 중구 동인동2가,중상사고,0,1,0,0,차대사람 - 횡단중,안전운전불이행,건조,맑음,교차로 - 교차로부근,화물,남,28세,상해없음,보행자,여,69세,중상
2013043000100373,2013년 4월 30일 16시,화요일,대구광역시 중구 삼덕동2가,중상사고,0,1,0,0,차대차 - 기타,안전운전불이행,건조,맑음,단일로 - 기타,승용,남,53세,상해없음,자전거,남,68세,중상
2013043000100412,2013년 4월 30일 17시,화요일,대구광역시 달성군 화원읍,중상사고,0,1,0,0,차대사람 - 차도통행중,안전운전불이행,건조,맑음,단일로 - 기타,승용,여,63세,상해없음,보행자,여,60세,중상