사고번호,사고일시,요일,시군구,사고내용,사망자수,중상자수,경상자수,부상신고자수,사고유형,법규위반,노면상태,기상상태,도로형태,가해운전자 차종,가해운전자 성별,가해운전자 연령,가해운전자 상해정도,피해운전자 차종,피해운전자 성별,피해운전자 연령,피해운전자 상해정도
2013050700100063,2013년 5월 7일 05시,화요일,대구광역시 달서구 신당동,경상사고,0,0,1,0,차대사람 - 기타,안전운전불이행,건조,맑음,단일로 - 기타,화물,남,50세,기타불명,보행자,남,67세,경상
2013050700100095,2013년 5월 7일 07시,화요일,대구광역시 서구 비산동,경상사고,0,0,1,0,차대차 - 기타,차로위반,건조,맑음,단일로 - 기타,승용,남,58세,상해없음,원동기,남,46세,경상
2013050700100096,2013년 5월 7일 07시,화요일,대구광역시 북구 읍내동,경상사고,0,0,1,0,차량단독 - 기타,안전운전불이행,건조,맑음,교차로 - 교차로안,승합,남,60세,상해없음,,,,
2013050700100136,2013년 5월 7일 08시,화요일,대구광역시 중구 서성로2가,경상사고,0,0,1,0,차대차 - 추돌 - 진행중,안전운전불이행,건조,맑음,교차로 - 교차로부근,승용,여,47세,상해없음,승합,남,45세,상해없음
2013050700100196,2013년 5월 7일 10시,화요일,대구광역시 북구 대현동,경상사고,0,0,1,0,차량단독 - 기타,기타,건조,맑음,단일로 - 기타,승합,남,45세,상해없음,,,,
2013050700100215,2013년 5월 7일 11시,화요일,대구광역시 동구 지묘동,중상사고,0,1,0,0,차대차 - 추돌 - 진행중,안전거리미확보,건조,맑음,교차로 - 교차로부근,이륜,남,74세,중상,화물,남,53세,상해없음
2013050700100238,2013년 5월 7일 12시,화요일,대구광역시 수성구 파동,부상신고사고,0,0,0,1,차대차 - 기타,안전운전불이행,건조,맑음,교차로 - 교차로안,화물,남,60세,상해없음,화물,남,41세,부상신고
2013050700100239,2013년 5월 7일 12시,화요일,대구광역시 북구 칠성동1가,경상사고,0,0,1,0,차대사람 - 차도통행중,안전운전불이행,건조,맑음,단일로 - 기타,승용,남,59세,상해없음,보행자,남,44세,경상
2013050700100240,2013년 5월 7일 12시,화요일,대구광역시 서구 비산동,경상사고,0,0,2,0,차대차 - 추돌 - 주정차중,안전거리미확보,건조,맑음,단일로 - 기타,승용,여,56세,상해없음,승용,여,60세,경상
2013050700100241,2013년 5월 7일 12시,화요일,대구광역시 서구 내당동,경상사고,0,0,1,0,차대차 - 추돌 - 주정차중,안전운전불이행,건조,맑음,단일로 - 기타,승용,남,74세,상해없음,승용,남,40세,경상
2013050700100242,2013년 5월 7일 12시,화요일,대구광역시 북구 읍내동,경상사고,0,0,2,0,차대차 - 측면직각충돌,안전운전불이행,건조,맑음,기타 - 기타,화물,남,45세,상해없음,승용,남,27세,경상
2013050700100296,2013년 5월 7일 14시,화요일,대구광역시 동구 봉무동,경상사고,0,0,1,0,차대차 - 측면직각충돌,안전운전불이행,건조,맑음,단일로 - 기타,승용,남,59세,상해없음,승용,남,66세,경상
2013050700100297,2013년 5월 7일 14시,화요일,대구광역시 중구 남산동,경상사고,0,0,1,0,차대차 - 추돌 - 주정차중,안전운전불이행,건조,맑음,교차로 - 교차로부근,승용,남,39세,상해없음,승용,여,53세,경상
2013050700100298,2013년 5월 7일 14시,화요일,대구광역시 북구 연경동,부상신고사고,0,0,0,1,차대차 - 정면충돌,안전운전불이행,건조,맑음,단일로 - 기타,이륜,남,62세,부상신고,화물,남,44세,상해없음
2013050700100299,2013년 5월 7일 14시,화요일,대구광역시 북구 태전동,경상사고,0,0,1,0,차대사람 - 횡단중,안전운전불이행,건조,맑음,단일로 - 기타,승용,여,52세,기타불명,보행자,여,20세,경상
2013050700100320,2013년 5월 7일 15시,화요일,대구광역시 동구 신천동,중상사고,0,1,0,0,차대사람 - 기타,안전운전불이행,건조,맑음,단일로 - 기타,승용,남,39세,상해없음,보행자,남,43세,중상
2013050700100321,2013년 5월 7일 15시,화요일,대구광역시 동구 효목동,부상신고사고,0,0,0,1,차량단독 - 전도전복,안전운전불이행,건조,맑음,미분류 - 미분류,이륜,남,16세,부상신고,,,,
2013050700100322,2013년 5월 7일 15시,화요일,대구광역시 수성구 만촌동,경상사고,0,0,1,0,차대사람 - 길가장자리구역통행중,안전운전불이행,건조,맑음,단일로 - 기타,승용,여,58세,상해없음,보행자,남,69세,경상
2013050700100323,2013년 5월 7일 15시,화요일,대구광역시 달서구 유천동,경상사고,0,0,1,0,차대차 - 기타,안전운전불이행,건조,맑음,단일로 - 횡단보도상,승용,여,28세,상해없음,자전거,남,16세,경상
2013050700100324,2013년 5월 7일 15시,화요일,대구광역시 북구 복현동,중상사고,0,1,0,0,차대사람 - 횡단중,보행자보호의무위반,건조,맑음,단일로 - 기타,승용,여,36세,상해없음,보행자,남,73세,중상
2013050700100351,2013년 5월 7일 16시,화요일,대구광역시 달성군 현풍면,경상사고,0,0,1,0,차대차 - 측면직각충돌,안전운전불이행,건조,맑음,단일로 - 기타,승용,여,61세,상해없음,승용,여,52세,경상
2013050700100352,2013년 5월 7일 16시,화요일,대구광역시 달서구 성당동,경상사고,0,0,3,1,차대차 - 측면직각충돌,안전거리미확보,건조,맑음,단일로 - 기타,승용,여,38세,부상신고,승용,남,69세,경상
2013050700100385,2013년 5월 7일 17시,화요일,대구광역시 중구 공평동,부상신고사고,0,0,0,1,차대사람 - 기타,안전운전불이행,건조,맑음,단일로 - 기타,승용,남,47세,상해없음,보행자,여,19세,부상신고
2013050700100415,2013년 5월 7일 18시,화요일,대구광역시 서구 이현동,중상사고,0,1,0,0,차대차 - 기타,안전거리미확보,건조,맑음,단일로 - 기타,승용,남,26세,상해없음,이륜,남,39세,중상
2013050700100416,2013년 5월 7일 18시,화요일,대구광역시 북구 동변동,경상사고,0,0,3,0,차대차 - 추돌 - 진행중,안전운전불이행,건조,맑음,단일로 - 기타,승합,남,43세,상해없음,승용,남,52세,경상
2013050700100444,2013년 5월 7일 19시,화요일,대구광역시 남구 대명동,경상사고,0,0,1,0,차대차 - 기타,안전운전불이행,건조,맑음,교차로 - 교차로안,승용,기타불명,기타불명,기타불명,이륜,여,55세,경상
2013050700100445,2013년 5월 7일 19시,화요일,대구광역시 수성구 수성동2가,경상사고,0,0,1,0,차대차 - 측면직각충돌,안전거리미확보,건조,맑음,교차로 - 교차로안,원동기,여,42세,상해없음,승용,여,31세,경상
2013050700100446,2013년 5월 7일 19시,화요일,대구광역시 달성군 다사읍,경상사고,0,0,1,0,차대차 - 측면직각충돌,신호위반,건조,맑음,교차로 - 교차로안,원동기,남,16세,경상,승용,여,51세,상해없음
2013050700100469,2013년 5월 7일 20시,화요일,대구광역시 달서구 송현동,경상사고,0,0,1,0,차대차 - 추돌 - 주정차중,중앙선침범,건조,맑음,교차로 - 교차로부근,화물,남,52세,상해없음,승용,남,37세,경상
2013050700100498,2013년 5월 7일 21시,화요일,대구광역시 남구 이천동,경상사고,0,0,2,0,차대차 - 기타,안전운전불이행,건조,맑음,단일로 - 기타,승용,남,39세,상해없음,승용,남,33세,경상
2013050700100499,2013년 5월 7일 21시,화요일,대구광역시 수성구 두산동,경상사고,0,0,1,0,차대차 - 추돌 - 주정차중,안전거리미확보,건조,맑음,단일로 - 기타,승용,남,63세,상해없음,승용,남,53세,경상
2013050700100500,2013년 5월 7일 21시,화요일,대구광역시 북구 태전동,중상사고,0,1,0,0,차대차 - 측면직각충돌,교차로운행방법위반,건조,맑음,교차로 - 교차로안,승용,남,58세,상해없음,이륜,남,28세,중상
2013050700100531,2013년 5월 7일 22시,화요일,대구광역시 중구 남산동,경상사고,0,0,1,0,차대차 - 기타,안전거리미확보,건조,맑음,단일로 - 기타,승용,남,62세,상해없음,승용,남,50세,상해없음
2013050700100532,2013년 5월 7일 22시,화요일,대구광역시 북구 동변동,경상사고,0,0,1,0,차대차 - 추돌 - 진행중,안전운전불이행,건조,맑음,교차로 - 교차로부근,원동기,남,16세,상해없음,이륜,남,16세,경상
2013050800100056,2013년 5월 8일 03시,수요일,대구광역시 중구 삼덕동1가,경상사고,0,0,1,0,차대사람 - 기타,신호위반,건조,맑음,단일로 - 기타,승용,남,20세,상해없음,보행자,남,26세,경상
2013050800100111,2013년 5월 8일 07시,수요일,대구광역시 수성구 파동,중상사고,0,1,1,0,차대차 - 기타,차로위반,습기,맑음,단일로 - 기타,화물,남,46세,상해없음,승합,남,49세,중상
2013050800100112,2013년 5월 8일 07시,수요일,대구광역시 서구 중리동,경상사고,0,0,1,0,차대차 - 측면직각충돌,안전운전불이행,건조,맑음,단일로 - 기타,화물,남,42세,상해없음,이륜,남,58세,경상
2013050800100146,2013년 5월 8일 08시,수요일,대구광역시 북구 칠성동1가,중상사고,0,1,0,0,차대사람 - 기타,안전운전불이행,건조,맑음,교차로 - 교차로부근,승용,남,43세,상해없음,보행자,여,47세,중상
2013050800100147,2013년 5월 8일 08시,수요일,대구광역시 달서구 호산동,중상사고,0,1,0,1,차대차 - 기타,불법유턴,건조,맑음,단일로 - 횡단보도상,자전거,남,15세,부상신고,이륜,남,34세,중상
2013050800100187,2013년 5월 8일 09시,수요일,대구광역시 동구 신천동,중상사고,0,1,0,0,차대차 - 기타,안전운전불이행,건조,맑음,단일로 - 기타,승용,남,56세,상해없음,승합,남,61세,상해없음
2013050800100188,2013년 5월 8일 09시,수요일,대구광역시 달서구 상인동,중상사고,0,1,0,0,차대사람 - 보도통행중,기타,건조,맑음,기타 - 기타,자전거,여,45세,상해없음,보행자,여,32세,중상
2013050800100189,2013년 5월 8일 09시,수요일,대구광역시 서구 평리동,중상사고,0,1,0,0,차대사람 - 차도통행중,안전운전불이행,건조,맑음,단일로 - 기타,승용,남,41세,상해없음,보행자,여,61세,중상
2013050800100214,2013년 5월 8일 10시,수요일,대구광역시 북구 침산동,중상사고,0,1,0,0,차대차 - 기타,기타,건조,맑음,단일로 - 기타,승용,남,52세,상해없음,이륜,여,56세,중상
2013050800100215,2013년 5월 8일 10시,수요일,대구광역시 서구 내당동,경상사고,0,0,1,0,차대차 - 기타,차로위반,건조,맑음,단일로 - 기타,승용,남,46세,상해없음,승용,여,51세,경상
2013050800100237,2013년 5월 8일 11시,수요일,대구광역시 수성구 범어동,중상사고,0,1,0,0,차대사람 - 횡단중,보행자보호의무위반,건조,맑음,단일로 - 횡단보도상,승합,남,52세,상해없음,보행자,여,39세,중상
2013050800100264,2013년 5월 8일 12시,수요일,대구광역시 북구 노원동1가,경상사고,0,0,1,0,차대사람 - 길가장자리구역통행중,안전운전불이행,건조,맑음,단일로 - 기타,기타불명,기타불명,기타불명,기타불명,보행자,여,43세,경상
2013050800100265,2013년 5월 8일 12시,수요일,대구광역시 서구 평리동,중상사고,0,1,0,0,차대차 - 기타,안전운전불이행,건조,맑음,단일로 - 기타,승용,남,60세,상해없음,원동기,남,55세,중상
2013050800100287,2013년 5월 8일 13시,수요일,대구광역시 남구 대명동,경상사고,0,0,1,0,차대차 - 기타,안전운전불이행,건조,맑음,단일로 - 기타,자전거,남,73세,경상,승용,여,58세,상해없음
2013050800100288,2013년 5월 8일 13시,수요일,대구광역시 수성구 두산동,경상사고,0,0,1,0,차대차 - 추돌 - 주정차중,안전운전불이행,건조,맑음,교차로 - 교차로부근,승용,남,74세,상해없음,화물,남,31세,경상
2013050800100289,2013년 5월 8일 13시,수요일,대구광역시 북구 침산동,경상사고,0,0,1,0,차대사람 - 기타,안전운전불이행,건조,맑음,단일로 - 기타,이륜,남,46세,상해없음,보행자,여,54세,경상
2013050800100290,2013년 5월 8일 13시,수요일,대구광역시 서구 상리동,경상사고,0,0,1,0,차대차 - 기타,안전운전불이행,건조,맑음,교차로 - 교차로안,화물,남,50세,상해없음,승용,남,47세,경상
2013050800100291,2013년 5월 8일 13시,수요일,대구광역시 서구 평리동,경상사고,0,0,1,0,차대차 - 측면직각충돌,직진우회전진행방해,건조,맑음,교차로 - 교차로안,승용,남,36세,상해없음,승용,남,56세,경상
2013050800100292,2013년 5월 8일 13시,수요일,대구광역시 서구 평리동,경상사고,0,0,2,0,차대차 - 측면직각충돌,안전운전불이행,건조,맑음,교차로 - 교차로안,승용,여,24세,경상,승용,여,31세,경상
2013050800100293,2013년 5월 8일 13시,수요일,대구광역시 북구 관음동,경상사고,0,0,1,0,차대사람 - 횡단중,안전운전불이행,건조,맑음,단일로 - 기타,승용,기타불명,기타불명,기타불명,보행자,남,9세,경상
2013050800100327,2013년 5월 8일 14시,수요일,대구광역시 동구 용계동,경상사고,0,0,2,0,차대차 - 기타,신호위반,건조,맑음,교차로 - 교차로안,승용,남,38세,상해없음,화물,남,71세,경상
2013050800100328,2013년 5월 8일 14시,수요일,대구광역시 북구 침산동,경상사고,0,0,1,0,차대차 - 기타,안전운전불이행,건조,맑음,단일로 - 기타,자전거,남,26세,상해없음,자전거,남,62세,경상
2013050800100329,2013년 5월 8일 14시,수요일,대구광역시 달서구 용산동,경상사고,0,0,1,0,차대차 - 추돌 - 진행중,안전거리미확보,건조,맑음,단일로 - 기타,승합,남,50세,상해없음,자전거,남,21세,경상
2013050800100385,2013년 5월 8일 16시,수요일,대구광역시 달서구 월성동,경상사고,0,0,1,0,차대사람 - 기타,안전운전불이행,건조,맑음,교차로 - 교차로부근,승용,남,50세,상해없음,보행자,남,15세,경상
2013050800100386,2013년 5월 8일 16시,수요일,대구광역시 달서구 본동,경상사고,0,0,2,0,차대차 - 정면충돌,중앙선침범,건조,맑음,단일로 - 기타,자전거,남,19세,경상,원동기,남,60세,상해없음
2013050800100387,2013년 5월 8일 16시,수요일,대구광역시 북구 노원동3가,부상신고사고,0,0,0,1,차대차 - 기타,안전운전불이행,건조,맑음,단일로 - 기타,자전거,남,84세,부상신고,화물,남,64세,상해없음
2013050800100426,2013년 5월 8일 17시,수요일,대구광역시 동구 불로동,경상사고,0,0,3,0,차대차 - 추돌 - 주정차중,안전거리미확보,건조,맑음,미분류 - 미분류,승용,남,68세,상해없음,승용,남,47세,경상
2013050800100427,2013년 5월 8일 17시,수요일,대구광역시 수성구 지산동,중상사고,0,1,0,0,차대차 - 측면직각충돌,안전운전불이행,건조,맑음,단일로 - 기타,승용,남,44세,상해없음,자전거,남,13세,중상
2013050800100428,2013년 5월 8일 17시,수요일,대구광역시 달서구 상인동,중상사고,0,2,0,0,차대차 - 측면직각충돌,신호위반,건조,맑음,교차로 - 교차로안,승용,여,42세,상해없음,승용,여,55세,중상
2013050800100429,2013년 5월 8일 17시,수요일,대구광역시 달성군 하빈면,경상사고,0,0,1,0,차대차 - 기타,중앙선침범,건조,맑음,단일로 - 기타,승용,남,53세,상해없음,승용,남,52세,경상
2013050800100473,2013년 5월 8일 18시,수요일,대구광역시 남구 이천동,중상사고,0,1,0,0,차대차 - 측면직각충돌,안전운전불이행,건조,맑음,단일로 - 기타,승용,여,53세,상해없음,이륜,여,26세,중상
2013050800100474,2013년 5월 8일 18시,수요일,대구광역시 수성구 지산동,중상사고,0,1,0,0,차대차 - 기타,안전운전불이행,건조,맑음,교차로 - 교차로안,승용,여,42세,상해없음,이륜,남,80세,중상
2013050800100475,2013년 5월 8일 18시,수요일,대구광역시 서구 비산동,경상사고,0,0,1,0,차대차 - 추돌 - 주정차중,안전운전불이행,건조,맑음,단일로 - 기타,승용,남,55세,상해없음,승용,남,46세,경상
2013050800100476,2013년 5월 8일 18시,수요일,대구광역시 북구 매천동,중상사고,0,1,0,0,차대차 - 측면직각충돌,직진우회전진행방해,건조,맑음,교차로 - 교차로안,승용,여,56세,상해없음,이륜,남,30세,중상
2013050800100509,2013년 5월 8일 19시,수요일,대구광역시 남구 봉덕동,경상사고,0,0,2,0,차대차 - 추돌 - 진행중,안전거리미확보,건조,맑음,단일로 - 기타,승용,남,50세,상해없음,승용,여,31세,경상
2013050800100510,2013년 5월 8일 19시,수요일,대구광역시 달서구 송현동,경상사고,0,0,4,0,차대차 - 기타,안전거리미확보,건조,맑음,단일로 - 기타,승용,남,57세,상해없음,승용,여,44세,경상
2013050800100511,2013년 5월 8일 19시,수요일,대구광역시 북구 침산동,경상사고,0,0,2,0,차대차 - 추돌 - 주정차중,안전운전불이행,건조,맑음,단일로 - 기타,승용,남,31세,상해없음,승용,남,36세,경상
2013050800100512,2013년 5월 8일 19시,수요일,대구광역시 달서구 감삼동,경상사고,0,0,1,0,차대차 - 측면직각충돌,신호위반,건조,맑음,단일로 - 기타,승용,남,33세,상해없음,이륜,남,26세,경상
2013050800100552,2013년 5월 8일 20시,수요일,대구광역시 달성군 옥포면,중상사고,0,1,1,0,차대차 - 정면충돌,중앙선침범,건조,맑음,단일로 - 기타,승용,남,51세,경상,승용,남,43세,중상
2013050800100554,2013년 5월 8일 20시,수요일,대구광역시 동구 신천동,중상사고,0,1,0,0,차대사람 - 기타,안전운전불이행,건조,맑음,단일로 - 횡단보도상,화물,남,65세,상해없음,보행자,남,38세,중상
2013050800100555,2013년 5월 8일 20시,수요일,대구광역시 서구 평리동,경상사고,0,0,1,0,차대사람 - 차도통행중,안전운전불이행,건조,맑음,단일로 - 기타,화물,남,39세,상해없음,보행자,남,43세,경상
2013050800100556,2013년 5월 8일 20시,수요일,대구광역시 달서구 두류동,경상사고,0,0,1,0,차대사람 - 기타,안전운전불이행,건조,맑음,교차로 - 교차로안,승용,여,29세,상해없음,보행자,여,58세,경상
2013050800100557,2013년 5월 8일 20시,수요일,대구광역시 달서구 감삼동,중상사고,0,1,0,0,차대차 - 측면직각충돌,안전운전불이행,건조,맑음,단일로 - 기타,화물,남,37세,상해없음,이륜,남,18세,중상
2013050800100598,2013년 5월 8일 21시,수요일,대구광역시 북구 서변동,경상사고,0,0,1,0,차대사람 - 횡단중,안전운전불이행,건조,맑음,단일로 - 기타,승용,남,41세,상해없음,보행자,남,1세,경상
2013050800100631,2013년 5월 8일 22시,수요일,대구광역시 수성구 황금동,중상사고,0,1,0,0,차대차 - 측면직각충돌,안전운전불이행,건조,맑음,단일로 - 기타,승용,남,46세,상해없음,자전거,여,54세,중상
2013050800100632,2013년 5월 8일 22시,수요일,대구광역시 수성구 파동,중상사고,0,1,0,0,차대차 - 추돌 - 주정차중,안전운전불이행,건조,맑음,기타 - 기타,승용,남,43세,상해없음,승용,여,42세,중상
2013050800100633,2013년 5월 8일 22시,수요일,대구광역시 수성구 매호동,경상사고,0,0,1,0,차대차 - 추돌 - 주정차중,안전운전불이행,건조,맑음,교차로 - 교차로부근,승용,남,61세,상해없음,승용,남,25세,경상
2013050800100635,2013년 5월 8일 22시,수요일,대구광역시 달서구 감삼동,경상사고,0,0,1,0,차대차 - 측면직각충돌,기타,건조,맑음,단일로 - 기타,승용,남,50세,상해없음,승용,남,51세,경상
2013050900100012,2013년 5월 9일 00시,목요일,대구광역시 북구 칠성동1가,부상신고사고,0,0,0,1,차대차 - 기타,안전운전불이행,습기,비,단일로 - 기타,자전거,남,45세,부상신고,화물,남,41세,기타불명
2013050900100085,2013년 5월 9일 07시,목요일,대구광역시 달서구 상인동,경상사고,0,0,1,0,차대차 - 기타,신호위반,건조,맑음,교차로 - 교차로부근,승용,남,70세,상해없음,자전거,남,42세,경상
2013050900100116,2013년 5월 9일 08시,목요일,대구광역시 수성구 상동,경상사고,0,0,1,0,차대사람 - 기타,안전운전불이행,건조,맑음,단일로 - 기타,승용,남,23세,상해없음,보행자,여,40세,경상
2013050900100117,2013년 5월 9일 08시,목요일,대구광역시 달서구 호산동,중상사고,0,2,0,0,차대차 - 측면직각충돌,교차로운행방법위반,건조,맑음,교차로 - 교차로안,승용,남,38세,중상,승용,남,56세,중상
2013050900100181,2013년 5월 9일 10시,목요일,대구광역시 달성군 옥포면,중상사고,0,1,0,0,차대사람 - 기타,안전운전불이행,건조,맑음,단일로 - 기타,화물,남,35세,상해없음,보행자,여,78세,중상
2013050900100232,2013년 5월 9일 12시,목요일,대구광역시 중구 대신동,경상사고,0,0,1,0,차대차 - 기타,안전운전불이행,건조,맑음,단일로 - 기타,승용,남,55세,상해없음,이륜,남,34세,경상
2013050900100260,2013년 5월 9일 13시,목요일,대구광역시 수성구 수성동2가,중상사고,0,1,0,0,차대차 - 기타,안전운전불이행,건조,맑음,단일로 - 횡단보도상,승합,남,66세,상해없음,자전거,여,20세,중상
2013050900100292,2013년 5월 9일 14시,목요일,대구광역시 북구 칠성동2가,중상사고,0,1,0,0,차대차 - 기타,안전운전불이행,건조,맑음,단일로 - 기타,승용,남,42세,상해없음,자전거,여,55세,중상
2013050900100320,2013년 5월 9일 15시,목요일,대구광역시 남구 대명동,중상사고,0,1,0,0,차대차 - 정면충돌,기타,건조,맑음,교차로 - 교차로부근,자전거,남,64세,중상,승용,남,52세,상해없음
2013050900100321,2013년 5월 9일 15시,목요일,대구광역시 서구 평리동,경상사고,0,0,1,0,차대차 - 측면직각충돌,중앙선침범,건조,흐림,단일로 - 기타,승용,여,47세,상해없음,이륜,남,31세,경상
2013050900100348,2013년 5월 9일 16시,목요일,대구광역시 북구 칠성동2가,중상사고,0,1,1,1,차대차 - 추돌 - 주정차중,보행자보호의무위반,건조,맑음,교차로 - 교차로부근,승용,여,63세,부상신고,화물,남,57세,상해없음
2013050900100349,2013년 5월 9일 16시,목요일,대구광역시 서구 평리동,중상사고,0,1,1,0,차대차 - 측면직각충돌,신호위반,건조,맑음,단일로 - 횡단보도상,승용,여,48세,경상,이륜,남,71세,중상
2013050900100350,2013년 5월 9일 16시,목요일,대구광역시 달서구 호산동,경상사고,0,0,1,0,차대차 - 추돌 - 진행중,교차로운행방법위반,건조,흐림,교차로 - 교차로안,화물,남,35세,경상,승용,남,26세,상해없음
2013050900100351,2013년 5월 9일 16시,목요일,대구광역시 북구 읍내동,경상사고,0,0,1,0,차대차 - 추돌 - 주정차중,안전운전불이행,건조,맑음,단일로 - 기타,승용,남,55세,상해없음,승용,여,55세,경상
2013050900100469,2013년 5월 9일 19시,목요일,대구광역시 달서구 성당동,경상사고,0,0,1,0,차대차 - 추돌 - 진행중,차로위반,건조,맑음,단일로 - 기타,승용,여,51세,기타불명,승용,남,29세,경상
2013050900100494,2013년 5월 9일 20시,목요일,대구광역시 수성구 시지동,중상사고,0,1,0,0,차대차 - 추돌 - 진행중,중앙선침범,건조,흐림,단일로 - 기타,승용,여,40세,상해없음,이륜,남,19세,중상
2013050900100495,2013년 5월 9일 20시,목요일,대구광역시 달성군 논공읍,중상사고,0,3,0,0,차대차 - 측면직각충돌,중앙선침범,습기,비,단일로 - 기타,승용,남,22세,상해없음,승용,남,26세,중상
2013050900100540,2013년 5월 9일 21시,목요일,대구광역시 남구 대명동,중상사고,0,1,0,0,차량단독 - 기타,기타,습기,비,단일로 - 기타,승합,남,46세,상해없음,,,,
2013050900100541,2013년 5월 9일 21시,목요일,대구광역시 달서구 상인동,중상사고,0,1,3,0,차대차 - 추돌 - 주정차중,안전운전불이행,습기,비,단일로 - 기타,승용,남,47세,상해없음,승용,여,34세,중상
2013050900100542,2013년 5월 9일 21시,목요일,대구광역시 달서구 신당동,경상사고,0,0,1,0,차대차 - 추돌 - 주정차중,안전운전불이행,습기,비,단일로 - 기타,승용,남,49세,상해없음,승용,여,54세,경상
2013050900100595,2013년 5월 9일 22시,목요일,대구광역시 남구 봉덕동,중상사고,0,1,0,0,차대사람 - 횡단중,신호위반,습기,비,단일로 - 횡단보도상,승용,남,44세,상해없음,보행자,여,13세,중상
2013050900100596,2013년 5월 9일 22시,목요일,대구광역시 동구 신천동,중상사고,0,1,1,0,차대차 - 추돌 - 주정차중,안전거리미확보,습기,비,교차로 - 교차로부근,승용,여,37세,상해없음,승용,여,40세,중상
2013050900100597,2013년 5월 9일 22시,목요일,대구광역시 수성구 범어동,중상사고,0,1,0,0,차대차 - 추돌 - 주정차중,안전운전불이행,습기,비,단일로 - 기타,화물,남,48세,상해없음,승용,남,42세,중상
2013050900100598,2013년 5월 9일 22시,목요일,대구광역시 서구 내당동,중상사고,0,1,1,0,차대차 - 측면직각충돌,교차로운행방법위반,습기,비,교차로 - 교차로안,승용,남,29세,상해없음,이륜,남,36세,경상
2013050900100665,2013년 5월 9일 23시,목요일,대구광역시 동구 신기동,중상사고,0,1,1,0,차대차 - 기타,교차로운행방법위반,습기,비,교차로 - 교차로부근,승용,남,29세,상해없음,승용,남,55세,경상
2013050900100666,2013년 5월 9일 23시,목요일,대구광역시 수성구 범어동,경상사고,0,0,2,0,차대차 - 기타,중앙선침범,습기,비,단일로 - 기타,승용,남,47세,상해없음,승용,남,57세,경상
2013050900100668,2013년 5월 9일 23시,목요일,대구광역시 중구 대봉동,부상신고사고,0,0,0,1,차대차 - 측면직각충돌,안전운전불이행,습기,비,단일로 - 기타,승용,남,27세,상해없음,자전거,남,68세,부상신고
2013051000100036,2013년 5월 10일 00시,금요일,대구광역시 남구 대명동,경상사고,0,0,2,0,차대차 - 추돌 - 주정차중,안전거리미확보,습기,비,교차로 - 교차로부근,화물,남,31세,상해없음,승용,남,21세,경상
2013051000100037,2013년 5월 10일 00시,금요일,대구광역시 서구 원대동1가,중상사고,0,3,1,0,차대차 - 기타,안전운전불이행,습기,비,단일로 - 기타,승합,남,70세,상해없음,승용,남,21세,경상
2013051000100038,2013년 5월 10일 00시,금요일,대구광역시 서구 비산동,중상사고,0,1,0,0,차대사람 - 기타,안전운전불이행,습기,비,교차로 - 교차로안,자전거,남,44세,상해없음,보행자,남,24세,중상
2013051000100074,2013년 5월 10일 01시,금요일,대구광역시 남구 대명동,중상사고,0,1,0,0,차대사람 - 횡단중,안전운전불이행,습기,비,교차로 - 교차로부근,화물,남,55세,상해없음,보행자,남,32세,중상
2013051000100075,2013년 5월 10일 01시,금요일,대구광역시 동구 신천동,중상사고,0,2,1,0,차대차 - 기타,안전거리미확보,습기,비,교차로 - 교차로부근,승용,남,60세,상해없음,승용,여,39세,중상
2013051000100076,2013년 5월 10일 01시,금요일,대구광역시 달서구 두류동,중상사고,0,2,0,0,차대차 - 추돌 - 주정차중,안전운전불이행,습기,비,단일로 - 기타,화물,남,51세,상해없음,승용,여,29세,중상
2013051000100077,2013년 5월 10일 01시,금요일,대구광역시 북구 구암동,중상사고,0,1,0,0,차대사람 - 횡단중,보행자보호의무위반,습기,비,교차로 - 교차로부근,승용,남,31세,상해없음,보행자,남,45세,중상
2013051000100120,2013년 5월 10일 03시,금요일,대구광역시 달서구 감삼동,경상사고,0,0,1,1,차량단독 - 공작물충돌,안전운전불이행,습기,비,단일로 - 기타,승용,남,24세,상해없음,,,,
2013051000100194,2013년 5월 10일 07시,금요일,대구광역시 북구 칠성동1가,경상사고,0,0,1,0,차대차 - 기타,안전운전불이행,적설,비,교차로 - 교차로안,승용,남,60세,상해없음,승용,남,32세,경상
2013051000100240,2013년 5월 10일 08시,금요일,대구광역시 동구 신서동,중상사고,0,1,0,0,차대차 - 추돌 - 주정차중,안전운전불이행,건조,맑음,교차로 - 교차로안,승용,남,90세 이상,상해없음,이륜,남,90세 이상,중상
2013051000100241,2013년 5월 10일 08시,금요일,대구광역시 수성구 지산동,경상사고,0,0,1,0,차대차 - 추돌 - 주정차중,안전거리미확보,건조,맑음,단일로 - 기타,승합,남,51세,상해없음,승용,여,44세,경상
2013051000100242,2013년 5월 10일 08시,금요일,대구광역시 달서구 상인동,중상사고,0,1,0,0,차대사람 - 보도통행중,기타,건조,맑음,기타 - 기타,승용,남,35세,상해없음,보행자,여,56세,중상
2013051000100286,2013년 5월 10일 09시,금요일,대구광역시 동구 신천동,경상사고,0,0,1,0,차대차 - 추돌 - 주정차중,안전거리미확보,습기,비,교차로 - 교차로부근,화물,남,49세,상해없음,승용,여,50세,경상
2013051000100287,2013년 5월 10일 09시,금요일,대구광역시 북구 침산동,경상사고,0,0,2,0,차대차 - 기타,안전거리미확보,습기,비,단일로 - 기타,승용,여,44세,상해없음,승용,여,63세,상해없음