사고번호,사고일시,요일,시군구,사고내용,사망자수,중상자수,경상자수,부상신고자수,사고유형,법규위반,노면상태,기상상태,도로형태,가해운전자 차종,가해운전자 성별,가해운전자 연령,가해운전자 상해정도,피해운전자 차종,피해운전자 성별,피해운전자 연령,피해운전자 상해정도
2013051800100617,2013년 5월 18일 22시,토요일,대구광역시 서구 평리동,경상사고,0,0,3,0,차대차 - 측면직각충돌,교차로운행방법위반,습기,비,교차로 - 교차로안,승용,남,61세,상해없음,승용,남,24세,경상
2013051800100618,2013년 5월 18일 22시,토요일,대구광역시 달서구 장기동,경상사고,0,0,1,0,차대차 - 추돌 - 주정차중,안전운전불이행,건조,맑음,단일로 - 기타,승용,남,29세,기타불명,승용,남,56세,경상
2013051800100664,2013년 5월 18일 23시,토요일,대구광역시 북구 서변동,중상사고,0,1,0,0,차대차 - 추돌 - 주정차중,안전운전불이행,습기,비,단일로 - 기타,승용,남,53세,상해없음,화물,남,44세,상해없음
2013051800100672,2013년 5월 18일 23시,토요일,대구광역시 수성구 범어동,중상사고,0,1,0,0,차대차 - 기타,안전운전불이행,습기,비,교차로 - 교차로부근,승용,남,65세,상해없음,승용,여,55세,중상
2013051900100036,2013년 5월 19일 00시,일요일,대구광역시 남구 대명동,중상사고,0,1,1,0,차대차 - 측면직각충돌,신호위반,습기,비,교차로 - 교차로안,승용,남,71세,경상,승용,여,54세,중상
2013051900100037,2013년 5월 19일 00시,일요일,대구광역시 수성구 신매동,중상사고,0,2,1,0,차대차 - 추돌 - 진행중,안전거리미확보,습기,비,교차로 - 교차로부근,승용,남,69세,상해없음,승용,여,20세,경상
2013051900100038,2013년 5월 19일 00시,일요일,대구광역시 서구 평리동,중상사고,0,1,0,0,차대사람 - 횡단중,안전운전불이행,습기,비,단일로 - 횡단보도상,승용,남,42세,상해없음,보행자,남,54세,중상
2013051900100039,2013년 5월 19일 00시,일요일,대구광역시 달서구 본리동,경상사고,0,0,1,0,차대차 - 측면직각충돌,차로위반,건조,흐림,단일로 - 기타,승용,남,27세,상해없음,승용,남,58세,경상
2013051900100040,2013년 5월 19일 00시,일요일,대구광역시 달서구 성당동,경상사고,0,0,2,0,차대차 - 추돌 - 주정차중,안전운전불이행,건조,맑음,단일로 - 기타,승용,남,56세,상해없음,승용,남,28세,경상
2013051900100075,2013년 5월 19일 01시,일요일,대구광역시 중구 삼덕동3가,중상사고,0,2,2,0,차대차 - 정면충돌,신호위반,습기,비,교차로 - 교차로안,승용,남,65세,경상,승용,남,27세,중상
2013051900100076,2013년 5월 19일 01시,일요일,대구광역시 북구 태전동,경상사고,0,0,1,0,차대차 - 추돌 - 주정차중,안전운전불이행,습기,비,단일로 - 기타,승용,여,46세,기타불명,승용,남,44세,경상
2013051900100105,2013년 5월 19일 02시,일요일,대구광역시 동구 각산동,경상사고,0,0,1,0,차대차 - 추돌 - 주정차중,안전운전불이행,습기,비,교차로 - 교차로부근,승용,여,41세,상해없음,화물,남,43세,경상
2013051900100106,2013년 5월 19일 02시,일요일,대구광역시 북구 산격동,중상사고,0,1,0,0,차대사람 - 기타,안전운전불이행,습기,비,단일로 - 기타,승용,남,61세,상해없음,보행자,여,43세,중상
2013051900100107,2013년 5월 19일 02시,일요일,대구광역시 북구 산격동,중상사고,0,1,2,0,차대차 - 기타,안전거리미확보,습기,비,단일로 - 기타,승용,남,31세,상해없음,승용,여,25세,상해없음
2013051900100131,2013년 5월 19일 03시,일요일,대구광역시 중구 수창동,경상사고,0,0,1,0,차대사람 - 기타,안전운전불이행,습기,비,교차로 - 교차로안,승용,남,25세,기타불명,보행자,남,18세,경상
2013051900100132,2013년 5월 19일 03시,일요일,대구광역시 달서구 용산동,중상사고,0,1,0,0,차대차 - 추돌 - 진행중,안전거리미확보,습기,비,단일로 - 기타,화물,남,32세,상해없음,자전거,남,57세,중상
2013051900100133,2013년 5월 19일 03시,일요일,대구광역시 북구 동천동,경상사고,0,0,1,0,차대차 - 측면직각충돌,안전운전불이행,습기,비,교차로 - 교차로부근,승용,남,27세,상해없음,승용,남,37세,경상
2013051900100150,2013년 5월 19일 04시,일요일,대구광역시 달서구 송현동,중상사고,0,1,0,0,차대사람 - 기타,안전운전불이행,습기,비,교차로 - 교차로안,승용,남,29세,상해없음,보행자,남,55세,중상
2013051900100151,2013년 5월 19일 04시,일요일,대구광역시 북구 산격동,부상신고사고,0,0,0,1,차대차 - 기타,안전운전불이행,습기,비,단일로 - 기타,승용,남,30세,상해없음,승용,남,42세,부상신고
2013051900100152,2013년 5월 19일 04시,일요일,대구광역시 달서구 용산동,경상사고,0,0,2,0,차대차 - 정면충돌,중앙선침범,습기,비,교차로 - 교차로부근,승용,여,37세,상해없음,승용,여,55세,경상
2013051900100173,2013년 5월 19일 05시,일요일,대구광역시 달서구 성당동,경상사고,0,0,2,0,차대차 - 추돌 - 진행중,안전운전불이행,건조,맑음,단일로 - 횡단보도부근,승용,남,39세,상해없음,승용,남,29세,경상
2013051900100192,2013년 5월 19일 06시,일요일,대구광역시 달서구 진천동,경상사고,0,0,4,0,차대차 - 정면충돌,중앙선침범,습기,맑음,단일로 - 기타,승용,남,28세,상해없음,승용,남,21세,경상
2013051900100206,2013년 5월 19일 07시,일요일,대구광역시 남구 봉덕동,경상사고,0,0,1,0,차대차 - 기타,안전거리미확보,습기,비,단일로 - 기타,승용,남,27세,상해없음,승용,남,37세,경상
2013051900100221,2013년 5월 19일 08시,일요일,대구광역시 수성구 두산동,경상사고,0,0,1,0,차대차 - 추돌 - 주정차중,안전운전불이행,건조,맑음,단일로 - 기타,승용,여,46세,상해없음,승용,남,63세,상해없음
2013051900100222,2013년 5월 19일 08시,일요일,대구광역시 달서구 성당동,중상사고,0,2,1,0,차대차 - 추돌 - 주정차중,안전운전불이행,습기,비,단일로 - 기타,승용,남,33세,상해없음,승용,남,57세,중상
2013051900100223,2013년 5월 19일 08시,일요일,대구광역시 달서구 본리동,중상사고,0,1,0,0,차대차 - 기타,기타,건조,맑음,교차로 - 교차로부근,승용,남,59세,상해없음,자전거,남,72세,중상
2013051900100253,2013년 5월 19일 10시,일요일,대구광역시 동구 신암동,경상사고,0,0,1,0,차대차 - 기타,기타,습기,비,단일로 - 기타,승용,여,39세,기타불명,이륜,여,39세,경상
2013051900100254,2013년 5월 19일 10시,일요일,대구광역시 달성군 현풍면,부상신고사고,0,0,0,1,차량단독 - 기타,안전운전불이행,기타,비,단일로 - 기타,승합,남,27세,부상신고,,,,
2013051900100268,2013년 5월 19일 11시,일요일,대구광역시 중구 계산동2가,중상사고,0,1,0,0,차대차 - 기타,안전운전불이행,건조,기타,단일로 - 기타,승용,남,63세,상해없음,승용,여,36세,중상
2013051900100269,2013년 5월 19일 11시,일요일,대구광역시 중구 교동,중상사고,0,1,1,0,차대차 - 추돌 - 진행중,안전운전불이행,건조,맑음,단일로 - 기타,승용,남,35세,상해없음,승용,여,59세,중상
2013051900100295,2013년 5월 19일 12시,일요일,대구광역시 서구 비산동,중상사고,0,1,0,0,차대차 - 측면직각충돌,신호위반,건조,맑음,교차로 - 교차로안,이륜,남,72세,중상,승용,남,60세,상해없음
2013051900100296,2013년 5월 19일 12시,일요일,대구광역시 달서구 두류동,경상사고,0,0,1,0,차대차 - 측면직각충돌,교차로운행방법위반,건조,맑음,교차로 - 교차로안,승용,남,23세,상해없음,승용,남,50세,경상
2013051900100314,2013년 5월 19일 13시,일요일,대구광역시 중구 북성로1가,중상사고,0,1,0,0,차대사람 - 횡단중,보행자보호의무위반,건조,맑음,단일로 - 기타,승합,남,48세,상해없음,보행자,남,46세,중상
2013051900100337,2013년 5월 19일 14시,일요일,대구광역시 서구 원대동1가,중상사고,0,1,0,0,차량단독 - 기타,기타,건조,맑음,단일로 - 기타,승합,남,56세,상해없음,,,,
2013051900100375,2013년 5월 19일 15시,일요일,대구광역시 남구 대명동,경상사고,0,0,1,0,차대사람 - 기타,안전운전불이행,건조,맑음,단일로 - 기타,기타불명,기타불명,기타불명,기타불명,보행자,남,56세,경상
2013051900100376,2013년 5월 19일 15시,일요일,대구광역시 북구 산격동,경상사고,0,0,2,1,차대차 - 기타,안전운전불이행,건조,맑음,단일로 - 기타,승용,남,38세,상해없음,승용,여,24세,경상
2013051900100377,2013년 5월 19일 15시,일요일,대구광역시 북구 산격동,경상사고,0,0,1,0,차대사람 - 횡단중,신호위반,건조,맑음,교차로 - 교차로부근,승용,남,59세,상해없음,보행자,여,8세,경상
2013051900100407,2013년 5월 19일 16시,일요일,대구광역시 북구 침산동,경상사고,0,0,1,0,차대차 - 기타,직진우회전진행방해,건조,맑음,교차로 - 교차로부근,승용,여,36세,상해없음,자전거,남,60세,경상
2013051900100469,2013년 5월 19일 18시,일요일,대구광역시 남구 대명동,경상사고,0,0,1,0,차대차 - 추돌 - 진행중,안전운전불이행,건조,맑음,교차로 - 교차로부근,승용,남,56세,상해없음,승용,남,33세,경상
2013051900100470,2013년 5월 19일 18시,일요일,대구광역시 동구 중대동,경상사고,0,0,2,0,차대차 - 추돌 - 주정차중,안전운전불이행,건조,맑음,단일로 - 기타,화물,남,37세,상해없음,승용,남,66세,상해없음
2013051900100471,2013년 5월 19일 18시,일요일,대구광역시 수성구 지산동,경상사고,0,0,1,0,차대차 - 기타,교차로운행방법위반,건조,맑음,교차로 - 교차로안,승용,여,45세,상해없음,승합,남,54세,경상
2013051900100472,2013년 5월 19일 18시,일요일,대구광역시 달서구 두류동,중상사고,0,1,0,0,차대차 - 추돌 - 진행중,안전거리미확보,습기,흐림,단일로 - 기타,화물,여,45세,상해없음,이륜,남,16세,중상
2013051900100524,2013년 5월 19일 20시,일요일,대구광역시 남구 대명동,중상사고,0,1,5,0,차대차 - 기타,교차로운행방법위반,건조,맑음,교차로 - 교차로안,승용,남,37세,상해없음,승용,남,28세,상해없음
2013051900100525,2013년 5월 19일 20시,일요일,대구광역시 동구 신암동,경상사고,0,0,2,0,차대차 - 추돌 - 진행중,안전운전불이행,건조,맑음,교차로 - 교차로부근,승용,남,30세,상해없음,승용,남,39세,상해없음
2013051900100526,2013년 5월 19일 20시,일요일,대구광역시 수성구 파동,중상사고,0,1,0,0,차대사람 - 횡단중,안전운전불이행,건조,맑음,단일로 - 기타,승용,남,41세,상해없음,보행자,여,72세,중상
2013051900100527,2013년 5월 19일 20시,일요일,대구광역시 서구 중리동,중상사고,0,1,0,0,차대차 - 기타,기타,건조,맑음,단일로 - 기타,승용,남,47세,상해없음,자전거,남,40세,중상
2013051900100528,2013년 5월 19일 20시,일요일,대구광역시 중구 대봉동,경상사고,0,0,1,0,차대차 - 측면직각충돌,안전운전불이행,건조,맑음,교차로 - 교차로부근,승용,남,50세,상해없음,자전거,남,52세,경상
2013051900100562,2013년 5월 19일 21시,일요일,대구광역시 동구 사복동,중상사고,0,4,6,2,차대차 - 추돌 - 주정차중,안전운전불이행,건조,맑음,단일로 - 기타,승용,남,71세,경상,승용,여,54세,중상
2013051900100563,2013년 5월 19일 21시,일요일,대구광역시 북구 산격동,중상사고,0,2,1,0,차대차 - 측면직각충돌,신호위반,건조,맑음,교차로 - 교차로안,이륜,남,46세,상해없음,승용,여,39세,중상
2013051900100564,2013년 5월 19일 21시,일요일,대구광역시 북구 산격동,경상사고,0,0,1,0,차대사람 - 기타,안전운전불이행,건조,맑음,교차로 - 교차로안,승용,남,51세,상해없음,보행자,남,35세,경상
2013051900100578,2013년 5월 19일 22시,일요일,대구광역시 수성구 만촌동,경상사고,0,0,2,0,차대사람 - 기타,안전운전불이행,건조,맑음,단일로 - 기타,승용,남,36세,상해없음,보행자,남,57세,경상
2013051900100579,2013년 5월 19일 22시,일요일,대구광역시 서구 내당동,경상사고,0,0,1,0,차대차 - 측면직각충돌,신호위반,건조,맑음,교차로 - 교차로안,이륜,기타불명,기타불명,기타불명,승용,남,43세,경상
2013051900100601,2013년 5월 19일 23시,일요일,대구광역시 서구 내당동,중상사고,0,1,1,0,차대차 - 측면직각충돌,신호위반,건조,맑음,교차로 - 교차로안,승용,남,38세,상해없음,원동기,남,16세,중상
2013052000100008,2013년 5월 20일 00시,월요일,대구광역시 남구 대명동,경상사고,0,0,1,0,차대사람 - 횡단중,보행자보호의무위반,건조,맑음,단일로 - 횡단보도상,승용,남,22세,상해없음,보행자,남,25세,경상
2013052000100009,2013년 5월 20일 00시,월요일,대구광역시 중구 달성동,중상사고,0,1,1,0,차대차 - 측면직각충돌,교차로운행방법위반,건조,맑음,교차로 - 교차로안,승용,남,58세,상해없음,승용,남,51세,경상
2013052000100049,2013년 5월 20일 05시,월요일,대구광역시 서구 평리동,중상사고,0,1,0,0,차대사람 - 횡단중,신호위반,건조,맑음,단일로 - 횡단보도상,승용,남,67세,상해없음,보행자,여,66세,중상
2013052000100060,2013년 5월 20일 06시,월요일,대구광역시 동구 신천동,경상사고,0,0,1,0,차대차 - 기타,안전운전불이행,건조,맑음,교차로 - 교차로부근,승용,여,51세,상해없음,승용,여,54세,상해없음
2013052000100081,2013년 5월 20일 07시,월요일,대구광역시 북구 칠성동1가,경상사고,0,0,1,0,차대차 - 기타,안전거리미확보,건조,맑음,단일로 - 기타,승용,여,46세,상해없음,화물,남,53세,상해없음
2013052000100110,2013년 5월 20일 08시,월요일,대구광역시 수성구 범어동,중상사고,0,1,0,0,차대차 - 추돌 - 진행중,안전거리미확보,건조,맑음,단일로 - 기타,승용,남,55세,상해없음,이륜,여,49세,중상
2013052000100135,2013년 5월 20일 09시,월요일,대구광역시 북구 산격동,중상사고,0,1,0,0,차대차 - 기타,안전운전불이행,건조,맑음,단일로 - 기타,승용,여,39세,상해없음,자전거,남,70세,중상
2013052000100136,2013년 5월 20일 09시,월요일,대구광역시 서구 중리동,경상사고,0,0,1,0,차대차 - 기타,중앙선침범,건조,맑음,단일로 - 기타,화물,남,30세,상해없음,승용,남,34세,경상
2013052000100187,2013년 5월 20일 11시,월요일,대구광역시 동구 효목동,경상사고,0,0,1,0,차대차 - 추돌 - 주정차중,안전거리미확보,건조,맑음,단일로 - 기타,승용,남,48세,상해없음,이륜,남,55세,경상
2013052000100188,2013년 5월 20일 11시,월요일,대구광역시 북구 칠성동1가,경상사고,0,0,1,0,차대차 - 기타,직진우회전진행방해,건조,맑음,교차로 - 교차로부근,원동기,남,65세,경상,승용,여,47세,상해없음
2013052000100189,2013년 5월 20일 11시,월요일,대구광역시 서구 비산동,중상사고,0,1,0,0,차량단독 - 전도전복,안전운전불이행,건조,맑음,단일로 - 기타,이륜,남,63세,중상,,,,
2013052000100190,2013년 5월 20일 11시,월요일,대구광역시 중구 동성로1가,경상사고,0,0,1,0,차대차 - 측면직각충돌,안전운전불이행,건조,맑음,단일로 - 기타,이륜,남,48세,경상,승용,남,50세,상해없음
2013052000100191,2013년 5월 20일 11시,월요일,대구광역시 달서구 호산동,경상사고,0,0,1,0,차대차 - 추돌 - 주정차중,안전운전불이행,건조,맑음,교차로 - 교차로부근,화물,남,52세,상해없음,승용,남,26세,경상
2013052000100217,2013년 5월 20일 12시,월요일,대구광역시 중구 동성로1가,경상사고,0,0,1,0,차대차 - 기타,안전운전불이행,건조,맑음,단일로 - 기타,승용,여,36세,상해없음,승용,여,50세,경상
2013052000100241,2013년 5월 20일 13시,월요일,대구광역시 수성구 범어동,경상사고,0,0,1,0,차대차 - 측면직각충돌,안전거리미확보,건조,맑음,단일로 - 기타,승합,여,52세,상해없음,승용,남,47세,경상
2013052000100242,2013년 5월 20일 13시,월요일,대구광역시 달서구 두류동,경상사고,0,0,2,0,차대차 - 기타,안전운전불이행,건조,맑음,단일로 - 기타,승용,여,49세,상해없음,승용,여,29세,경상
2013052000100268,2013년 5월 20일 14시,월요일,대구광역시 남구 대명동,경상사고,0,0,2,0,차대사람 - 기타,기타,건조,맑음,단일로 - 기타,승용,남,42세,상해없음,보행자,여,66세,경상
2013052000100313,2013년 5월 20일 15시,월요일,대구광역시 남구 봉덕동,부상신고사고,0,0,0,1,차대사람 - 기타,안전운전불이행,건조,맑음,단일로 - 기타,기타불명,기타불명,기타불명,기타불명,보행자,남,17세,부상신고
2013052000100314,2013년 5월 20일 15시,월요일,대구광역시 동구 신천동,경상사고,0,0,1,0,차대차 - 기타,차로위반,건조,맑음,단일로 - 기타,승용,남,74세,상해없음,화물,남,43세,경상
2013052000100315,2013년 5월 20일 15시,월요일,대구광역시 수성구 중동,경상사고,0,0,1,0,차대차 - 기타,안전운전불이행,건조,맑음,단일로 - 기타,승용,여,40세,상해없음,승용,남,39세,경상
2013052000100316,2013년 5월 20일 15시,월요일,대구광역시 달서구 용산동,경상사고,0,0,1,0,차대사람 - 기타,안전운전불이행,건조,맑음,단일로 - 기타,승용,남,50세,상해없음,보행자,남,10세,경상
2013052000100352,2013년 5월 20일 16시,월요일,대구광역시 동구 신암동,중상사고,0,2,0,0,차대차 - 측면직각충돌,신호위반,건조,맑음,교차로 - 교차로안,승용,여,46세,상해없음,승용,남,74세,중상
2013052000100353,2013년 5월 20일 16시,월요일,대구광역시 북구 침산동,경상사고,0,0,1,0,차대차 - 기타,안전운전불이행,건조,맑음,단일로 - 기타,승용,남,43세,상해없음,자전거,남,69세,상해없음
2013052000100392,2013년 5월 20일 17시,월요일,대구광역시 달서구 송현동,부상신고사고,0,0,0,1,차대차 - 기타,안전운전불이행,건조,맑음,단일로 - 기타,이륜,남,16세,상해없음,승합,남,52세,상해없음
2013052000100393,2013년 5월 20일 17시,월요일,대구광역시 서구 내당동,경상사고,0,0,1,0,차대차 - 기타,안전운전불이행,건조,맑음,단일로 - 기타,승용,남,46세,상해없음,자전거,남,69세,경상
2013052000100394,2013년 5월 20일 17시,월요일,대구광역시 서구 평리동,경상사고,0,0,1,0,차대사람 - 횡단중,안전운전불이행,건조,맑음,단일로 - 기타,승용,남,54세,상해없음,보행자,여,17세,경상
2013052000100433,2013년 5월 20일 18시,월요일,대구광역시 북구 산격동,중상사고,0,3,4,0,차대차 - 추돌 - 진행중,안전운전불이행,건조,맑음,단일로 - 기타,승용,남,25세,상해없음,승용,남,38세,중상
2013052000100460,2013년 5월 20일 19시,월요일,대구광역시 달서구 대곡동,경상사고,0,0,1,0,차대사람 - 기타,안전운전불이행,건조,맑음,단일로 - 기타,승용,남,31세,상해없음,보행자,남,48세,경상
2013052000100461,2013년 5월 20일 19시,월요일,대구광역시 달성군 구지면,경상사고,0,0,1,0,차대차 - 측면직각충돌,안전운전불이행,건조,맑음,교차로 - 교차로안,승용,남,54세,상해없음,승용,남,30세,경상
2013052000100462,2013년 5월 20일 19시,월요일,대구광역시 북구 대현동,경상사고,0,0,1,0,차대차 - 측면직각충돌,안전운전불이행,건조,맑음,단일로 - 기타,승용,남,54세,상해없음,이륜,남,60세,경상
2013052000100463,2013년 5월 20일 19시,월요일,대구광역시 북구 노원동2가,중상사고,0,1,0,0,차대차 - 측면직각충돌,교차로운행방법위반,건조,맑음,교차로 - 교차로안,화물,남,49세,상해없음,원동기,남,65세,중상
2013052000100486,2013년 5월 20일 20시,월요일,대구광역시 남구 대명동,경상사고,0,0,1,0,차대차 - 추돌 - 주정차중,안전운전불이행,건조,맑음,단일로 - 기타,승용,여,36세,상해없음,자전거,남,26세,경상
2013052000100487,2013년 5월 20일 20시,월요일,대구광역시 북구 고성동1가,경상사고,0,0,1,0,차대차 - 추돌 - 진행중,안전운전불이행,건조,맑음,교차로 - 교차로안,승용,여,36세,상해없음,이륜,남,18세,경상
2013052000100488,2013년 5월 20일 20시,월요일,대구광역시 달서구 신당동,경상사고,0,0,2,0,차대차 - 측면직각충돌,교차로운행방법위반,건조,맑음,교차로 - 교차로안,승용,남,49세,경상,승용,남,43세,경상
2013052000100489,2013년 5월 20일 20시,월요일,대구광역시 달서구 호림동,중상사고,0,2,0,0,차대차 - 측면직각충돌,교차로운행방법위반,건조,맑음,교차로 - 교차로안,이륜,남,18세,중상,승용,남,58세,상해없음
2013052000100490,2013년 5월 20일 20시,월요일,대구광역시 북구 읍내동,중상사고,0,2,0,0,차대차 - 추돌 - 진행중,안전운전불이행,건조,맑음,단일로 - 기타,승용,여,49세,상해없음,원동기,남,59세,중상
2013052000100522,2013년 5월 20일 21시,월요일,대구광역시 수성구 지산동,경상사고,0,0,1,0,차대차 - 기타,안전운전불이행,건조,맑음,단일로 - 횡단보도상,자전거,남,63세,경상,화물,남,47세,기타불명
2013052000100523,2013년 5월 20일 21시,월요일,대구광역시 중구 동인동2가,경상사고,0,0,1,1,차대차 - 기타,안전운전불이행,건조,맑음,단일로 - 기타,승용,남,47세,부상신고,승합,남,50세,상해없음
2013052000100524,2013년 5월 20일 21시,월요일,대구광역시 북구 서변동,중상사고,0,1,1,0,차대차 - 추돌 - 진행중,안전거리미확보,건조,맑음,단일로 - 기타,승용,남,52세,상해없음,승용,남,32세,경상
2013052000100559,2013년 5월 20일 22시,월요일,대구광역시 달서구 상인동,경상사고,0,0,3,0,차대차 - 측면직각충돌,중앙선침범,건조,맑음,단일로 - 기타,승용,여,40세,상해없음,승용,여,52세,경상
2013052000100560,2013년 5월 20일 22시,월요일,대구광역시 달서구 상인동,중상사고,0,1,0,0,차대사람 - 횡단중,보행자보호의무위반,건조,맑음,단일로 - 횡단보도상,승용,여,50세,상해없음,보행자,여,46세,중상
2013052000100586,2013년 5월 20일 23시,월요일,대구광역시 달서구 월성동,중상사고,0,1,0,0,차대사람 - 기타,안전운전불이행,건조,맑음,단일로 - 횡단보도상,승합,남,48세,상해없음,보행자,남,39세,중상
2013052000100587,2013년 5월 20일 23시,월요일,대구광역시 서구 평리동,중상사고,0,1,0,0,차대차 - 측면직각충돌,신호위반,건조,맑음,교차로 - 교차로부근,승용,남,43세,상해없음,자전거,남,27세,중상
2013052000100588,2013년 5월 20일 23시,월요일,대구광역시 북구 태전동,경상사고,0,0,1,0,차대차 - 추돌 - 진행중,안전운전불이행,건조,맑음,단일로 - 기타,승용,남,38세,상해없음,승용,여,32세,경상
2013052100100010,2013년 5월 21일 00시,화요일,대구광역시 달서구 죽전동,경상사고,0,0,3,0,차대차 - 측면직각충돌,안전운전불이행,건조,맑음,교차로 - 교차로부근,승용,남,26세,상해없음,승용,남,56세,경상
2013052100100011,2013년 5월 21일 00시,화요일,대구광역시 북구 태전동,부상신고사고,0,0,0,1,차대사람 - 횡단중,보행자보호의무위반,건조,맑음,교차로 - 교차로부근,승용,남,64세,상해없음,보행자,남,24세,부상신고
2013052100100024,2013년 5월 21일 01시,화요일,대구광역시 중구 남산동,경상사고,0,0,3,0,차대차 - 기타,안전운전불이행,건조,맑음,단일로 - 기타,승용,남,19세,상해없음,승용,남,62세,경상
2013052100100025,2013년 5월 21일 01시,화요일,대구광역시 달서구 장기동,중상사고,0,1,0,0,차대차 - 추돌 - 주정차중,안전운전불이행,건조,맑음,기타 - 기타,승용,남,21세,상해없음,승합,남,50세,상해없음
2013052100100040,2013년 5월 21일 02시,화요일,대구광역시 남구 대명동,경상사고,0,0,1,0,차대차 - 측면직각충돌,신호위반,건조,맑음,교차로 - 교차로안,승용,남,37세,상해없음,승용,남,36세,경상
2013052100100052,2013년 5월 21일 04시,화요일,대구광역시 남구 봉덕동,경상사고,0,0,1,0,차량단독 - 공작물충돌,안전운전불이행,건조,맑음,교차로 - 교차로부근,승용,남,28세,경상,,,,
2013052100100095,2013년 5월 21일 07시,화요일,대구광역시 동구 효목동,경상사고,0,0,1,0,차대차 - 기타,안전거리미확보,건조,맑음,단일로 - 기타,특수,남,38세,상해없음,승용,남,50세,경상
2013052100100096,2013년 5월 21일 07시,화요일,대구광역시 서구 내당동,경상사고,0,0,1,0,차대차 - 추돌 - 진행중,안전거리미확보,건조,맑음,단일로 - 기타,승용,남,63세,상해없음,승용,여,37세,경상
2013052100100097,2013년 5월 21일 07시,화요일,대구광역시 서구 내당동,경상사고,0,0,2,0,차대차 - 기타,안전운전불이행,건조,맑음,교차로 - 교차로안,승용,남,51세,상해없음,승용,여,44세,경상
2013052100100165,2013년 5월 21일 09시,화요일,대구광역시 남구 대명동,경상사고,0,0,1,0,차대차 - 기타,안전운전불이행,건조,맑음,교차로 - 교차로부근,화물,남,27세,상해없음,이륜,남,30세,경상
2013052100100166,2013년 5월 21일 09시,화요일,대구광역시 달서구 두류동,중상사고,0,1,0,0,차대차 - 추돌 - 주정차중,안전운전불이행,건조,맑음,교차로 - 교차로부근,승용,남,51세,상해없음,승용,여,50세,중상
2013052100100197,2013년 5월 21일 10시,화요일,대구광역시 수성구 두산동,중상사고,0,1,0,0,차대차 - 기타,안전운전불이행,건조,맑음,단일로 - 기타,기타불명,기타불명,기타불명,기타불명,자전거,남,44세,중상
2013052100100198,2013년 5월 21일 10시,화요일,대구광역시 북구 산격동,경상사고,0,0,1,0,차대차 - 기타,안전운전불이행,건조,맑음,교차로 - 교차로안,승용,남,44세,상해없음,승용,여,40세,경상
2013052100100199,2013년 5월 21일 10시,화요일,대구광역시 중구 삼덕동1가,중상사고,0,1,0,0,차대사람 - 보도통행중,보행자보호의무위반,건조,맑음,교차로 - 교차로안,승용,남,72세,상해없음,보행자,여,25세,중상
2013052100100223,2013년 5월 21일 11시,화요일,대구광역시 북구 노원동3가,경상사고,0,0,1,0,차대차 - 추돌 - 주정차중,안전운전불이행,건조,맑음,교차로 - 교차로안,화물,남,58세,상해없음,승용,여,29세,경상
2013052100100224,2013년 5월 21일 11시,화요일,대구광역시 서구 이현동,부상신고사고,0,0,0,1,차대차 - 추돌 - 진행중,안전거리미확보,건조,맑음,단일로 - 기타,화물,남,31세,상해없음,승용,남,65세,상해없음
2013052100100251,2013년 5월 21일 12시,화요일,대구광역시 중구 동인동2가,중상사고,0,1,0,0,차대차 - 측면직각충돌,안전운전불이행,건조,맑음,단일로 - 기타,화물,남,55세,상해없음,원동기,남,36세,중상
2013052100100277,2013년 5월 21일 13시,화요일,대구광역시 수성구 두산동,경상사고,0,0,2,0,차대차 - 기타,신호위반,건조,맑음,교차로 - 교차로안,승용,여,40세,상해없음,승용,여,47세,경상
2013052100100278,2013년 5월 21일 13시,화요일,대구광역시 달서구 이곡동,중상사고,0,1,0,0,차량단독 - 기타,안전운전불이행,건조,맑음,단일로 - 기타,승합,남,42세,상해없음,,,,
2013052100100306,2013년 5월 21일 14시,화요일,대구광역시 남구 대명동,경상사고,0,0,1,1,차대차 - 추돌 - 진행중,안전거리미확보,건조,맑음,단일로 - 기타,이륜,남,73세,부상신고,승용,남,34세,경상
2013052100100343,2013년 5월 21일 15시,화요일,대구광역시 동구 율하동,중상사고,0,1,0,0,차대사람 - 횡단중,안전운전불이행,건조,맑음,단일로 - 기타,승용,여,30세,상해없음,보행자,남,8세,중상
2013052100100344,2013년 5월 21일 15시,화요일,대구광역시 달성군 화원읍,중상사고,0,1,1,0,차대차 - 기타,안전운전불이행,건조,맑음,단일로 - 기타,승용,남,58세,상해없음,승용,여,44세,경상
2013052100100345,2013년 5월 21일 15시,화요일,대구광역시 달성군 현풍면,중상사고,0,1,0,0,차대사람 - 기타,안전운전불이행,건조,맑음,단일로 - 기타,승용,남,36세,상해없음,보행자,여,52세,중상
2013052100100375,2013년 5월 21일 16시,화요일,대구광역시 남구 봉덕동,중상사고,0,1,0,0,차대차 - 추돌 - 진행중,안전운전불이행,건조,맑음,단일로 - 기타,승용,기타불명,기타불명,기타불명,승용,남,37세,중상
2013052100100376,2013년 5월 21일 16시,화요일,대구광역시 동구 봉무동,중상사고,0,1,0,0,차대사람 - 기타,보행자보호의무위반,건조,맑음,단일로 - 횡단보도상,승용,남,68세,상해없음,보행자,여,11세,중상