사고번호,사고일시,요일,시군구,사고내용,사망자수,중상자수,경상자수,부상신고자수,사고유형,법규위반,노면상태,기상상태,도로형태,가해운전자 차종,가해운전자 성별,가해운전자 연령,가해운전자 상해정도,피해운전자 차종,피해운전자 성별,피해운전자 연령,피해운전자 상해정도
2013052100100377,2013년 5월 21일 16시,화요일,대구광역시 달서구 월성동,경상사고,0,0,1,0,차대차 - 기타,불법유턴,건조,맑음,단일로 - 기타,승용,여,38세,상해없음,자전거,남,50세,경상
2013052100100378,2013년 5월 21일 16시,화요일,대구광역시 중구 태평로2가,경상사고,0,0,1,0,차대차 - 추돌 - 주정차중,안전거리미확보,건조,기타,단일로 - 기타,승용,남,57세,상해없음,승용,남,47세,경상
2013052100100379,2013년 5월 21일 16시,화요일,대구광역시 중구 남일동,경상사고,0,0,2,0,차대차 - 추돌 - 진행중,안전거리미확보,건조,맑음,단일로 - 기타,승용,남,57세,상해없음,이륜,남,22세,경상
2013052100100422,2013년 5월 21일 17시,화요일,대구광역시 동구 신암동,경상사고,0,0,1,0,차대차 - 기타,교차로운행방법위반,건조,맑음,단일로 - 기타,승용,여,53세,상해없음,자전거,남,89세,경상
2013052100100423,2013년 5월 21일 17시,화요일,대구광역시 동구 방촌동,경상사고,0,0,1,0,차대차 - 측면직각충돌,안전운전불이행,건조,맑음,단일로 - 기타,승용,남,39세,상해없음,자전거,남,52세,경상
2013052100100424,2013년 5월 21일 17시,화요일,대구광역시 동구 서호동,중상사고,0,1,1,0,차대차 - 기타,안전운전불이행,건조,맑음,단일로 - 기타,승용,여,34세,상해없음,원동기,남,79세,중상
2013052100100425,2013년 5월 21일 17시,화요일,대구광역시 달서구 도원동,중상사고,0,1,0,0,차대차 - 추돌 - 주정차중,안전운전불이행,건조,맑음,단일로 - 기타,승용,남,48세,상해없음,승용,여,60세,중상
2013052100100426,2013년 5월 21일 17시,화요일,대구광역시 달서구 월성동,중상사고,0,1,0,0,차대사람 - 기타,안전운전불이행,건조,맑음,교차로 - 교차로부근,승용,여,49세,상해없음,보행자,여,81세,중상
2013052100100427,2013년 5월 21일 17시,화요일,대구광역시 북구 침산동,경상사고,0,0,2,0,차대차 - 추돌 - 진행중,안전거리미확보,건조,맑음,단일로 - 기타,승용,여,33세,상해없음,승용,남,42세,경상
2013052100100428,2013년 5월 21일 17시,화요일,대구광역시 달서구 용산동,경상사고,0,0,1,0,차대사람 - 기타,안전운전불이행,건조,맑음,단일로 - 기타,승용,여,41세,상해없음,보행자,남,10세,경상
2013052100100477,2013년 5월 21일 18시,화요일,대구광역시 달서구 본리동,경상사고,0,0,1,0,차대차 - 측면직각충돌,중앙선침범,건조,맑음,단일로 - 기타,자전거,남,14세,경상,승용,남,41세,상해없음
2013052100100478,2013년 5월 21일 18시,화요일,대구광역시 달서구 본리동,중상사고,0,1,1,0,차대차 - 추돌 - 주정차중,안전운전불이행,건조,맑음,단일로 - 기타,승용,여,23세,상해없음,승용,여,53세,중상
2013052100100479,2013년 5월 21일 18시,화요일,대구광역시 달서구 본리동,경상사고,0,0,1,0,차대차 - 기타,안전운전불이행,건조,맑음,기타 - 기타,자전거,남,44세,경상,기타불명,기타불명,기타불명,기타불명
2013052100100510,2013년 5월 21일 19시,화요일,대구광역시 남구 봉덕동,경상사고,0,0,1,0,차대차 - 기타,안전운전불이행,건조,맑음,단일로 - 기타,승용,남,64세,상해없음,승용,남,37세,경상
2013052100100511,2013년 5월 21일 19시,화요일,대구광역시 달성군 화원읍,경상사고,0,0,1,1,차대차 - 기타,신호위반,건조,맑음,교차로 - 교차로안,이륜,남,15세,상해없음,승용,남,25세,경상
2013052100100512,2013년 5월 21일 19시,화요일,대구광역시 서구 내당동,경상사고,0,0,1,0,차대차 - 측면직각충돌,안전거리미확보,건조,맑음,단일로 - 기타,승용,남,35세,상해없음,자전거,남,25세,경상
2013052100100513,2013년 5월 21일 19시,화요일,대구광역시 북구 구암동,경상사고,0,0,1,0,차대차 - 측면직각충돌,안전운전불이행,건조,맑음,교차로 - 교차로안,화물,남,56세,기타불명,승용,남,30세,경상
2013052100100541,2013년 5월 21일 20시,화요일,대구광역시 남구 대명동,경상사고,0,0,2,0,차대차 - 측면직각충돌,차로위반,건조,맑음,단일로 - 기타,승용,남,27세,상해없음,승용,여,55세,경상
2013052100100584,2013년 5월 21일 21시,화요일,대구광역시 달서구 송현동,경상사고,0,0,1,0,차대사람 - 기타,안전운전불이행,건조,맑음,단일로 - 기타,승용,남,25세,상해없음,보행자,여,37세,경상
2013052100100585,2013년 5월 21일 21시,화요일,대구광역시 달서구 파호동,중상사고,0,1,0,0,차대차 - 측면직각충돌,신호위반,건조,맑음,단일로 - 횡단보도상,승용,여,47세,상해없음,이륜,남,58세,중상
2013052100100586,2013년 5월 21일 21시,화요일,대구광역시 달서구 본리동,경상사고,0,0,2,0,차대차 - 측면직각충돌,안전운전불이행,건조,맑음,단일로 - 기타,승용,남,24세,상해없음,승용,남,27세,경상
2013052100100587,2013년 5월 21일 21시,화요일,대구광역시 북구 태전동,경상사고,0,0,1,0,차대사람 - 차도통행중,안전운전불이행,건조,맑음,기타 - 기타,승용,남,43세,상해없음,보행자,여,27세,경상
2013052200100016,2013년 5월 22일 00시,수요일,대구광역시 남구 봉덕동,경상사고,0,0,3,0,차대차 - 측면직각충돌,교차로운행방법위반,건조,맑음,교차로 - 교차로안,승용,여,46세,경상,승용,남,48세,경상
2013052200100033,2013년 5월 22일 01시,수요일,대구광역시 달서구 갈산동,중상사고,0,2,1,0,차대차 - 측면직각충돌,교차로운행방법위반,건조,맑음,교차로 - 교차로안,승용,남,53세,경상,승용,남,51세,중상
2013052200100044,2013년 5월 22일 02시,수요일,대구광역시 수성구 범어동,경상사고,0,0,3,0,차대차 - 측면직각충돌,신호위반,건조,맑음,교차로 - 교차로안,승용,남,51세,상해없음,승용,남,54세,경상
2013052200100045,2013년 5월 22일 02시,수요일,대구광역시 서구 내당동,경상사고,0,0,1,0,차대차 - 추돌 - 주정차중,안전운전불이행,건조,맑음,단일로 - 기타,승용,남,34세,상해없음,승용,남,43세,상해없음
2013052200100055,2013년 5월 22일 03시,수요일,대구광역시 달서구 감삼동,경상사고,0,0,1,0,차대차 - 측면직각충돌,안전운전불이행,건조,맑음,단일로 - 기타,승용,남,53세,상해없음,승용,남,31세,경상
2013052200100062,2013년 5월 22일 04시,수요일,대구광역시 남구 대명동,중상사고,0,1,1,0,차대차 - 기타,안전운전불이행,건조,맑음,교차로 - 교차로부근,승용,남,27세,상해없음,승용,남,50세,중상
2013052200100063,2013년 5월 22일 04시,수요일,대구광역시 북구 태전동,중상사고,0,1,0,0,차대사람 - 길가장자리구역통행중,안전운전불이행,건조,맑음,단일로 - 기타,승합,남,24세,상해없음,보행자,남,66세,중상
2013052200100110,2013년 5월 22일 07시,수요일,대구광역시 동구 지저동,부상신고사고,0,0,0,1,차대사람 - 기타,안전운전불이행,건조,맑음,단일로 - 횡단보도상,기타불명,기타불명,기타불명,기타불명,보행자,여,13세,부상신고
2013052200100111,2013년 5월 22일 07시,수요일,대구광역시 달성군 현풍면,중상사고,0,1,1,0,차대차 - 측면직각충돌,안전운전불이행,건조,맑음,교차로 - 교차로안,승용,남,66세,중상,승용,남,39세,경상
2013052200100112,2013년 5월 22일 07시,수요일,대구광역시 서구 이현동,경상사고,0,0,1,0,차대차 - 기타,안전운전불이행,건조,맑음,단일로 - 기타,자전거,여,47세,경상,승용,여,50세,상해없음
2013052200100143,2013년 5월 22일 08시,수요일,대구광역시 달서구 호산동,경상사고,0,0,1,0,차대차 - 기타,신호위반,건조,맑음,교차로 - 교차로안,승용,남,55세,상해없음,자전거,남,53세,경상
2013052200100176,2013년 5월 22일 09시,수요일,대구광역시 남구 봉덕동,부상신고사고,0,0,0,1,차대사람 - 기타,안전운전불이행,건조,맑음,단일로 - 기타,승용,남,34세,상해없음,보행자,남,19세,부상신고
2013052200100178,2013년 5월 22일 09시,수요일,대구광역시 북구 고성동1가,부상신고사고,0,0,0,1,차대차 - 측면직각충돌,중앙선침범,건조,맑음,단일로 - 기타,이륜,남,44세,부상신고,승용,여,31세,상해없음
2013052200100179,2013년 5월 22일 09시,수요일,대구광역시 북구 노원동2가,부상신고사고,0,0,0,1,차대차 - 측면직각충돌,불법유턴,건조,맑음,단일로 - 횡단보도상,자전거,남,77세,부상신고,승용,남,74세,상해없음
2013052200100180,2013년 5월 22일 09시,수요일,대구광역시 중구 서문로1가,중상사고,0,1,0,0,차대차 - 측면직각충돌,안전운전불이행,기타,맑음,기타 - 기타,승용,남,71세,상해없음,자전거,여,47세,중상
2013052200100209,2013년 5월 22일 10시,수요일,대구광역시 달서구 두류동,경상사고,0,0,1,0,차대차 - 추돌 - 진행중,안전거리미확보,건조,맑음,단일로 - 기타,승용,남,50세,상해없음,승용,남,63세,경상
2013052200100210,2013년 5월 22일 10시,수요일,대구광역시 달서구 장기동,경상사고,0,0,1,0,차대차 - 측면직각충돌,교차로운행방법위반,건조,맑음,교차로 - 교차로안,승용,남,36세,상해없음,화물,남,43세,경상
2013052200100232,2013년 5월 22일 11시,수요일,대구광역시 남구 봉덕동,부상신고사고,0,0,0,1,차대차 - 측면직각충돌,중앙선침범,건조,맑음,단일로 - 기타,자전거,남,78세,부상신고,승용,여,39세,상해없음
2013052200100233,2013년 5월 22일 11시,수요일,대구광역시 서구 내당동,중상사고,0,1,0,0,차대차 - 추돌 - 주정차중,기타,건조,맑음,단일로 - 기타,승용,여,47세,상해없음,자전거,남,71세,중상
2013052200100266,2013년 5월 22일 12시,수요일,대구광역시 남구 대명동,중상사고,0,2,0,0,차대차 - 측면직각충돌,교차로운행방법위반,건조,맑음,교차로 - 교차로안,승용,남,51세,상해없음,원동기,남,85세,중상
2013052200100357,2013년 5월 22일 15시,수요일,대구광역시 수성구 만촌동,경상사고,0,0,1,0,차대차 - 측면직각충돌,신호위반,건조,맑음,교차로 - 교차로안,승용,여,22세,상해없음,이륜,남,52세,경상
2013052200100358,2013년 5월 22일 15시,수요일,대구광역시 수성구 신매동,경상사고,0,0,1,0,차대사람 - 횡단중,보행자보호의무위반,건조,맑음,교차로 - 교차로부근,화물,남,52세,상해없음,보행자,여,9세,경상
2013052200100359,2013년 5월 22일 15시,수요일,대구광역시 중구 계산동2가,중상사고,0,1,0,0,차대사람 - 보도통행중,보행자보호의무위반,건조,맑음,단일로 - 횡단보도상,승용,남,39세,상해없음,보행자,여,48세,중상
2013052200100360,2013년 5월 22일 15시,수요일,대구광역시 달서구 죽전동,경상사고,0,0,3,0,차대차 - 추돌 - 주정차중,안전운전불이행,건조,맑음,단일로 - 기타,이륜,남,69세,상해없음,승용,여,33세,경상
2013052200100361,2013년 5월 22일 15시,수요일,대구광역시 달서구 갈산동,중상사고,0,1,0,0,차대사람 - 기타,안전운전불이행,건조,맑음,단일로 - 기타,승용,남,32세,상해없음,보행자,남,49세,중상
2013052200100394,2013년 5월 22일 16시,수요일,대구광역시 달성군 하빈면,중상사고,0,1,0,0,차량단독 - 공작물충돌,안전운전불이행,건조,맑음,단일로 - 기타,승용,남,68세,중상,,,,
2013052200100430,2013년 5월 22일 17시,수요일,대구광역시 남구 대명동,중상사고,0,1,0,0,차대차 - 기타,안전운전불이행,건조,맑음,단일로 - 기타,화물,남,39세,상해없음,자전거,남,55세,중상
2013052200100431,2013년 5월 22일 17시,수요일,대구광역시 동구 신천동,경상사고,0,0,1,0,차대차 - 추돌 - 진행중,안전운전불이행,건조,맑음,단일로 - 기타,승용,남,38세,상해없음,이륜,남,46세,경상
2013052200100465,2013년 5월 22일 18시,수요일,대구광역시 달성군 구지면,경상사고,0,0,2,0,차대차 - 기타,안전운전불이행,건조,맑음,단일로 - 기타,화물,남,57세,상해없음,승용,남,49세,경상
2013052200100495,2013년 5월 22일 19시,수요일,대구광역시 남구 대명동,경상사고,0,0,1,0,차대차 - 추돌 - 진행중,안전운전불이행,건조,맑음,교차로 - 교차로부근,승용,여,29세,상해없음,승용,여,39세,상해없음
2013052200100496,2013년 5월 22일 19시,수요일,대구광역시 수성구 신매동,경상사고,0,0,1,0,차대차 - 기타,교차로운행방법위반,건조,맑음,교차로 - 교차로부근,승용,남,51세,상해없음,자전거,남,16세,경상
2013052200100497,2013년 5월 22일 19시,수요일,대구광역시 수성구 만촌동,중상사고,0,1,0,0,차량단독 - 기타,안전거리미확보,건조,맑음,단일로 - 기타,승합,남,29세,상해없음,,,,
2013052200100533,2013년 5월 22일 20시,수요일,대구광역시 남구 대명동,경상사고,0,0,1,0,차량단독 - 기타,안전운전불이행,건조,맑음,단일로 - 기타,승용,남,65세,상해없음,,,,
2013052200100534,2013년 5월 22일 20시,수요일,대구광역시 북구 복현동,경상사고,0,0,1,0,차대차 - 기타,안전운전불이행,건조,맑음,교차로 - 교차로안,승용,남,63세,상해없음,화물,남,36세,경상
2013052200100535,2013년 5월 22일 20시,수요일,대구광역시 북구 침산동,경상사고,0,0,1,0,차대사람 - 보도통행중,기타,건조,맑음,단일로 - 기타,승용,남,63세,기타불명,보행자,남,24세,경상
2013052200100536,2013년 5월 22일 20시,수요일,대구광역시 북구 고성동1가,경상사고,0,0,1,0,차대차 - 측면직각충돌,안전운전불이행,건조,맑음,교차로 - 교차로안,기타불명,기타불명,기타불명,기타불명,이륜,남,62세,경상
2013052200100537,2013년 5월 22일 20시,수요일,대구광역시 서구 비산동,중상사고,0,1,0,0,차대사람 - 횡단중,안전운전불이행,건조,맑음,단일로 - 기타,승용,남,30세,상해없음,보행자,여,69세,중상
2013052200100575,2013년 5월 22일 21시,수요일,대구광역시 남구 이천동,경상사고,0,0,1,0,차대사람 - 기타,안전운전불이행,건조,맑음,단일로 - 기타,승용,남,45세,상해없음,보행자,남,57세,경상
2013052200100576,2013년 5월 22일 21시,수요일,대구광역시 동구 불로동,중상사고,0,1,0,0,차대사람 - 기타,안전운전불이행,건조,맑음,단일로 - 기타,자전거,남,24세,상해없음,보행자,여,81세,중상
2013052200100577,2013년 5월 22일 21시,수요일,대구광역시 달성군 다사읍,경상사고,0,0,2,0,차대차 - 추돌 - 진행중,안전운전불이행,건조,맑음,단일로 - 기타,승용,남,45세,상해없음,화물,남,60세,경상
2013052200100605,2013년 5월 22일 22시,수요일,대구광역시 수성구 범어동,중상사고,0,1,0,0,차대차 - 측면직각충돌,신호위반,건조,맑음,교차로 - 교차로부근,승용,남,46세,기타불명,자전거,남,51세,중상
2013052200100606,2013년 5월 22일 22시,수요일,대구광역시 북구 태전동,경상사고,0,0,2,0,차대차 - 측면직각충돌,중앙선침범,건조,맑음,단일로 - 기타,이륜,남,15세,상해없음,승용,남,34세,경상
2013052200100639,2013년 5월 22일 23시,수요일,대구광역시 동구 신암동,경상사고,0,0,1,0,차대차 - 추돌 - 주정차중,안전운전불이행,건조,맑음,단일로 - 기타,승용,남,33세,상해없음,승용,남,52세,경상
2013052300100033,2013년 5월 23일 01시,목요일,대구광역시 동구 신암동,중상사고,0,1,1,0,차대차 - 측면직각충돌,신호위반,건조,맑음,교차로 - 교차로안,승용,남,43세,상해없음,승용,남,35세,경상
2013052300100043,2013년 5월 23일 02시,목요일,대구광역시 남구 대명동,중상사고,0,1,0,0,차대사람 - 횡단중,안전운전불이행,건조,맑음,단일로 - 기타,승용,남,41세,상해없음,보행자,여,35세,중상
2013052300100080,2013년 5월 23일 06시,목요일,대구광역시 달성군 옥포면,부상신고사고,0,0,0,1,차대차 - 기타,안전운전불이행,건조,맑음,교차로 - 교차로안,승용,남,27세,부상신고,화물,남,58세,상해없음
2013052300100104,2013년 5월 23일 07시,목요일,대구광역시 동구 각산동,경상사고,0,0,1,0,차대사람 - 횡단중,안전운전불이행,건조,맑음,단일로 - 기타,승용,여,55세,상해없음,보행자,여,8세,경상
2013052300100105,2013년 5월 23일 07시,목요일,대구광역시 달성군 유가면,중상사고,0,1,1,0,차대차 - 기타,안전운전불이행,건조,맑음,교차로 - 교차로안,화물,남,64세,기타불명,건설기계,남,44세,경상
2013052300100106,2013년 5월 23일 07시,목요일,대구광역시 서구 비산동,부상신고사고,0,0,0,1,차대차 - 기타,차로위반,건조,맑음,단일로 - 기타,원동기,남,78세,부상신고,승용,여,52세,상해없음
2013052300100107,2013년 5월 23일 07시,목요일,대구광역시 서구 비산동,경상사고,0,0,1,0,차대차 - 추돌 - 진행중,안전운전불이행,건조,맑음,단일로 - 기타,승용,남,29세,상해없음,승용,남,32세,상해없음
2013052300100140,2013년 5월 23일 08시,목요일,대구광역시 수성구 범물동,중상사고,0,1,0,0,차대사람 - 횡단중,보행자보호의무위반,건조,맑음,단일로 - 횡단보도상,승용,여,50세,상해없음,보행자,남,63세,중상
2013052300100141,2013년 5월 23일 08시,목요일,대구광역시 수성구 만촌동,경상사고,0,0,1,0,차대사람 - 기타,안전운전불이행,건조,맑음,단일로 - 기타,이륜,남,27세,상해없음,보행자,남,52세,경상
2013052300100142,2013년 5월 23일 08시,목요일,대구광역시 달서구 송현동,경상사고,0,0,1,0,차대차 - 측면직각충돌,안전거리미확보,건조,맑음,단일로 - 기타,승용,남,19세,상해없음,승용,여,61세,경상
2013052300100143,2013년 5월 23일 08시,목요일,대구광역시 달성군 옥포면,경상사고,0,0,3,0,차대차 - 측면직각충돌,안전운전불이행,건조,맑음,교차로 - 교차로안,승용,남,41세,경상,승용,여,43세,경상
2013052300100144,2013년 5월 23일 08시,목요일,대구광역시 달서구 장기동,경상사고,0,0,1,0,차대차 - 기타,안전거리미확보,건조,맑음,단일로 - 기타,화물,기타불명,기타불명,기타불명,승용,여,23세,경상
2013052300100175,2013년 5월 23일 09시,목요일,대구광역시 동구 불로동,부상신고사고,0,0,0,1,차대차 - 추돌 - 진행중,안전운전불이행,건조,맑음,단일로 - 기타,승용,여,47세,상해없음,승용,남,35세,부상신고
2013052300100193,2013년 5월 23일 10시,목요일,대구광역시 달서구 상인동,경상사고,0,0,1,0,차대사람 - 횡단중,안전운전불이행,건조,맑음,단일로 - 횡단보도상,승용,여,47세,상해없음,보행자,여,50세,경상
2013052300100194,2013년 5월 23일 10시,목요일,대구광역시 중구 동인동1가,경상사고,0,0,1,0,차대차 - 측면직각충돌,교차로운행방법위반,건조,맑음,교차로 - 교차로안,승용,남,59세,상해없음,승용,여,42세,경상
2013052300100223,2013년 5월 23일 11시,목요일,대구광역시 달성군 화원읍,중상사고,0,1,0,0,차대사람 - 기타,안전운전불이행,건조,맑음,단일로 - 기타,승용,여,51세,상해없음,보행자,여,72세,중상
2013052300100250,2013년 5월 23일 12시,목요일,대구광역시 북구 관음동,중상사고,0,1,0,0,차대차 - 측면직각충돌,안전운전불이행,건조,맑음,교차로 - 교차로부근,이륜,남,26세,중상,승용,남,58세,상해없음
2013052300100276,2013년 5월 23일 13시,목요일,대구광역시 동구 신서동,중상사고,0,1,0,0,차량단독 - 기타,안전운전불이행,건조,맑음,단일로 - 기타,승합,남,53세,상해없음,,,,
2013052300100277,2013년 5월 23일 13시,목요일,대구광역시 서구 중리동,경상사고,0,0,1,0,차대차 - 기타,안전거리미확보,건조,맑음,단일로 - 기타,원동기,남,39세,경상,승합,남,43세,상해없음
2013052300100306,2013년 5월 23일 14시,목요일,대구광역시 북구 서변동,중상사고,0,1,0,0,차대차 - 측면직각충돌,중앙선침범,건조,맑음,단일로 - 기타,승합,남,25세,상해없음,승용,남,41세,중상
2013052300100340,2013년 5월 23일 15시,목요일,대구광역시 북구 구암동,중상사고,0,1,0,0,차대차 - 측면직각충돌,안전운전불이행,건조,맑음,단일로 - 기타,승용,여,47세,상해없음,이륜,남,17세,중상
2013052300100372,2013년 5월 23일 16시,목요일,대구광역시 남구 대명동,경상사고,0,0,5,0,차대차 - 측면직각충돌,안전거리미확보,건조,맑음,단일로 - 기타,승용,남,64세,경상,승용,남,65세,경상
2013052300100373,2013년 5월 23일 16시,목요일,대구광역시 남구 대명동,중상사고,0,1,0,0,차대차 - 추돌 - 진행중,안전운전불이행,건조,맑음,교차로 - 교차로부근,승합,남,51세,상해없음,이륜,남,65세,중상
2013052300100422,2013년 5월 23일 17시,목요일,대구광역시 서구 내당동,중상사고,0,1,0,0,차대차 - 측면직각충돌,신호위반,건조,맑음,단일로 - 횡단보도상,승용,여,38세,상해없음,이륜,남,54세,중상
2013052300100488,2013년 5월 23일 19시,목요일,대구광역시 달서구 용산동,경상사고,0,0,1,0,차대사람 - 횡단중,신호위반,건조,맑음,교차로 - 교차로안,승용,여,45세,기타불명,보행자,여,42세,경상
2013052300100489,2013년 5월 23일 19시,목요일,대구광역시 달서구 두류동,경상사고,0,0,1,0,차대사람 - 기타,안전운전불이행,건조,맑음,단일로 - 기타,화물,남,53세,상해없음,보행자,여,13세,경상
2013052300100514,2013년 5월 23일 20시,목요일,대구광역시 동구 율하동,경상사고,0,0,1,0,차대사람 - 기타,안전운전불이행,건조,맑음,단일로 - 기타,자전거,남,17세,상해없음,보행자,남,2세,경상
2013052300100515,2013년 5월 23일 20시,목요일,대구광역시 달서구 이곡동,중상사고,0,2,0,0,차대차 - 측면직각충돌,안전거리미확보,건조,맑음,단일로 - 기타,원동기,남,60세,중상,승용,남,56세,상해없음
2013052300100516,2013년 5월 23일 20시,목요일,대구광역시 북구 구암동,경상사고,0,0,1,0,차대차 - 측면직각충돌,안전운전불이행,건조,맑음,교차로 - 교차로부근,승용,남,41세,상해없음,승용,남,41세,경상
2013052300100546,2013년 5월 23일 21시,목요일,대구광역시 달성군 화원읍,경상사고,0,0,1,0,차대차 - 기타,안전운전불이행,건조,맑음,단일로 - 기타,승용,남,69세,상해없음,승용,남,28세,경상
2013052300100572,2013년 5월 23일 22시,목요일,대구광역시 달서구 월성동,경상사고,0,0,1,0,차대사람 - 횡단중,보행자보호의무위반,건조,맑음,단일로 - 횡단보도상,승합,남,46세,기타불명,보행자,여,15세,경상
2013052300100573,2013년 5월 23일 22시,목요일,대구광역시 북구 고성동1가,경상사고,0,0,1,1,차대차 - 측면직각충돌,신호위반,건조,맑음,교차로 - 교차로안,원동기,남,16세,부상신고,승용,남,54세,경상
2013052300100574,2013년 5월 23일 22시,목요일,대구광역시 달서구 이곡동,경상사고,0,0,2,0,차대차 - 측면직각충돌,안전운전불이행,건조,맑음,단일로 - 기타,승용,남,47세,상해없음,승용,남,30세,경상
2013052300100575,2013년 5월 23일 22시,목요일,대구광역시 북구 구암동,중상사고,0,1,0,0,차대사람 - 횡단중,안전운전불이행,건조,맑음,교차로 - 교차로부근,승용,여,50세,상해없음,보행자,남,13세,중상
2013052300100611,2013년 5월 23일 23시,목요일,대구광역시 수성구 범어동,경상사고,0,0,1,0,차대차 - 기타,안전운전불이행,건조,맑음,단일로 - 기타,승용,여,34세,상해없음,자전거,남,23세,경상
2013052300100612,2013년 5월 23일 23시,목요일,대구광역시 달성군 다사읍,사망사고,1,0,0,0,차대사람 - 횡단중,안전운전불이행,건조,맑음,교차로 - 교차로안,승용,남,61세,상해없음,보행자,남,55세,사망
2013052400100010,2013년 5월 24일 00시,금요일,대구광역시 서구 비산동,경상사고,0,0,1,0,차대사람 - 기타,안전운전불이행,건조,맑음,단일로 - 기타,승용,남,65세,상해없음,보행자,남,57세,경상
2013052400100034,2013년 5월 24일 01시,금요일,대구광역시 동구 신천동,경상사고,0,0,1,0,차대사람 - 횡단중,안전운전불이행,건조,맑음,단일로 - 횡단보도상,승용,남,54세,상해없음,보행자,남,32세,경상
2013052400100121,2013년 5월 24일 07시,금요일,대구광역시 동구 율하동,경상사고,0,0,1,0,차대차 - 측면직각충돌,안전운전불이행,건조,맑음,단일로 - 횡단보도상,자전거,남,12세,경상,승용,남,39세,상해없음
2013052400100163,2013년 5월 24일 08시,금요일,대구광역시 북구 고성동1가,경상사고,0,0,1,0,차대차 - 기타,신호위반,건조,맑음,교차로 - 교차로안,화물,남,53세,상해없음,이륜,남,42세,경상
2013052400100164,2013년 5월 24일 08시,금요일,대구광역시 달서구 이곡동,경상사고,0,0,1,0,차대차 - 측면직각충돌,안전운전불이행,건조,맑음,단일로 - 기타,승용,남,49세,상해없음,자전거,남,27세,경상
2013052400100165,2013년 5월 24일 08시,금요일,대구광역시 달서구 성당동,경상사고,0,0,1,1,차대차 - 측면직각충돌,교차로운행방법위반,건조,맑음,교차로 - 교차로안,원동기,남,34세,부상신고,승용,여,49세,경상
2013052400100219,2013년 5월 24일 10시,금요일,대구광역시 남구 대명동,중상사고,0,1,1,0,차대차 - 기타,기타,건조,맑음,교차로 - 교차로부근,승용,남,47세,상해없음,이륜,남,25세,중상
2013052400100220,2013년 5월 24일 10시,금요일,대구광역시 북구 산격동,경상사고,0,0,1,0,차대차 - 측면직각충돌,안전운전불이행,건조,맑음,교차로 - 교차로부근,승합,남,28세,상해없음,원동기,남,49세,경상
2013052400100221,2013년 5월 24일 10시,금요일,대구광역시 중구 서성로1가,경상사고,0,0,1,0,차량단독 - 기타,안전운전불이행,건조,맑음,단일로 - 기타,승합,남,53세,상해없음,,,,
2013052400100242,2013년 5월 24일 11시,금요일,대구광역시 동구 신암동,경상사고,0,0,1,0,차대사람 - 횡단중,보행자보호의무위반,건조,맑음,교차로 - 교차로안,화물,남,47세,상해없음,보행자,여,45세,경상
2013052400100284,2013년 5월 24일 13시,금요일,대구광역시 수성구 지산동,중상사고,0,1,3,0,차대차 - 측면직각충돌,교차로운행방법위반,건조,맑음,교차로 - 교차로안,승용,여,47세,중상,승용,남,76세,상해없음
2013052400100285,2013년 5월 24일 13시,금요일,대구광역시 중구 남산동,중상사고,0,1,0,0,차대차 - 기타,안전운전불이행,건조,맑음,교차로 - 교차로부근,승용,여,61세,상해없음,이륜,여,67세,중상
2013052400100311,2013년 5월 24일 14시,금요일,대구광역시 수성구 황금동,경상사고,0,0,1,0,차대차 - 기타,안전거리미확보,건조,맑음,단일로 - 기타,승용,남,58세,상해없음,승용,남,60세,경상
2013052400100334,2013년 5월 24일 15시,금요일,대구광역시 북구 노원동3가,경상사고,0,0,1,0,차대차 - 기타,교차로운행방법위반,건조,맑음,교차로 - 교차로안,승용,남,27세,상해없음,원동기,남,42세,경상
2013052400100380,2013년 5월 24일 16시,금요일,대구광역시 남구 이천동,경상사고,0,0,1,0,차대차 - 추돌 - 진행중,안전거리미확보,건조,맑음,교차로 - 교차로안,승합,남,38세,상해없음,승용,남,53세,경상
2013052400100381,2013년 5월 24일 16시,금요일,대구광역시 동구 신천동,경상사고,0,0,1,0,차대차 - 기타,안전운전불이행,건조,맑음,교차로 - 교차로부근,승용,남,55세,상해없음,승합,남,40세,경상
2013052400100382,2013년 5월 24일 16시,금요일,대구광역시 수성구 연호동,경상사고,0,0,1,0,차대차 - 기타,안전거리미확보,건조,맑음,단일로 - 기타,승용,남,22세,기타불명,승용,남,24세,상해없음
2013052400100383,2013년 5월 24일 16시,금요일,대구광역시 북구 복현동,경상사고,0,0,1,0,차대차 - 측면직각충돌,안전운전불이행,건조,맑음,단일로 - 기타,승용,남,63세,상해없음,원동기,남,17세,경상
2013052400100431,2013년 5월 24일 17시,금요일,대구광역시 달서구 용산동,경상사고,0,0,1,0,차대차 - 추돌 - 진행중,안전운전불이행,건조,맑음,단일로 - 기타,화물,남,46세,상해없음,승합,남,38세,경상
2013052400100479,2013년 5월 24일 18시,금요일,대구광역시 달서구 상인동,경상사고,0,0,1,0,차대차 - 기타,안전운전불이행,건조,맑음,교차로 - 교차로안,화물,남,60세,상해없음,자전거,여,26세,경상
2013052400100480,2013년 5월 24일 18시,금요일,대구광역시 북구 대현동,경상사고,0,0,2,0,차대차 - 측면직각충돌,안전운전불이행,건조,맑음,교차로 - 교차로안,승용,여,56세,상해없음,승용,남,45세,경상
2013052400100481,2013년 5월 24일 18시,금요일,대구광역시 달서구 감삼동,경상사고,0,0,1,0,차대사람 - 기타,안전운전불이행,건조,맑음,교차로 - 교차로안,화물,남,29세,상해없음,보행자,여,56세,경상