사고번호,사고일시,요일,시군구,사고내용,사망자수,중상자수,경상자수,부상신고자수,사고유형,법규위반,노면상태,기상상태,도로형태,가해운전자 차종,가해운전자 성별,가해운전자 연령,가해운전자 상해정도,피해운전자 차종,피해운전자 성별,피해운전자 연령,피해운전자 상해정도
2013052400100514,2013년 5월 24일 19시,금요일,대구광역시 동구 용계동,경상사고,0,0,1,0,차량단독 - 기타,안전운전불이행,건조,맑음,단일로 - 기타,승합,남,47세,상해없음,,,,
2013052400100515,2013년 5월 24일 19시,금요일,대구광역시 수성구 신매동,경상사고,0,0,1,0,차대사람 - 횡단중,보행자보호의무위반,건조,맑음,교차로 - 교차로부근,승합,남,69세,상해없음,보행자,여,14세,경상
2013052400100516,2013년 5월 24일 19시,금요일,대구광역시 달서구 송현동,경상사고,0,0,1,0,차량단독 - 기타,기타,건조,맑음,교차로 - 교차로안,승합,남,51세,상해없음,,,,
2013052400100550,2013년 5월 24일 20시,금요일,대구광역시 달서구 두류동,경상사고,0,0,1,0,차대사람 - 기타,안전운전불이행,건조,맑음,교차로 - 교차로부근,승용,남,65세,상해없음,보행자,남,57세,경상
2013052400100551,2013년 5월 24일 20시,금요일,대구광역시 달서구 파호동,경상사고,0,0,1,0,차대차 - 추돌 - 진행중,안전운전불이행,건조,맑음,교차로 - 교차로부근,화물,남,40세,상해없음,이륜,남,21세,경상
2013052400100586,2013년 5월 24일 21시,금요일,대구광역시 수성구 범어동,중상사고,0,1,0,0,차대차 - 기타,안전운전불이행,건조,맑음,기타 - 기타,승용,여,50세,상해없음,자전거,남,15세,중상
2013052400100587,2013년 5월 24일 21시,금요일,대구광역시 서구 내당동,경상사고,0,0,1,0,차대차 - 측면직각충돌,안전거리미확보,건조,맑음,단일로 - 기타,승합,남,58세,상해없음,승용,남,67세,상해없음
2013052400100588,2013년 5월 24일 21시,금요일,대구광역시 서구 내당동,경상사고,0,0,1,0,차대차 - 추돌 - 진행중,안전거리미확보,건조,맑음,단일로 - 횡단보도부근,승용,남,50세,상해없음,승용,남,35세,경상
2013052400100617,2013년 5월 24일 22시,금요일,대구광역시 달서구 진천동,경상사고,0,0,1,0,차대차 - 측면직각충돌,신호위반,건조,맑음,교차로 - 교차로안,승용,여,61세,상해없음,자전거,남,54세,경상
2013052400100618,2013년 5월 24일 22시,금요일,대구광역시 달서구 감삼동,경상사고,0,0,1,0,차대차 - 측면직각충돌,안전거리미확보,건조,맑음,단일로 - 기타,승용,남,64세,상해없음,이륜,남,18세,경상
2013052400100650,2013년 5월 24일 23시,금요일,대구광역시 북구 산격동,중상사고,0,1,0,0,차량단독 - 공작물충돌,안전운전불이행,건조,맑음,교차로 - 교차로부근,승용,남,55세,중상,,,,
2013052400100651,2013년 5월 24일 23시,금요일,대구광역시 중구 덕산동,중상사고,0,1,0,0,차대차 - 추돌 - 진행중,안전운전불이행,건조,맑음,단일로 - 횡단보도부근,승용,여,25세,상해없음,승용,여,31세,중상
2013052500100047,2013년 5월 25일 01시,토요일,대구광역시 동구 효목동,중상사고,0,1,0,0,차량단독 - 공작물충돌,안전운전불이행,건조,맑음,단일로 - 기타,승용,남,46세,상해없음,,,,
2013052500100048,2013년 5월 25일 01시,토요일,대구광역시 동구 신서동,중상사고,0,2,4,0,차대차 - 측면직각충돌,신호위반,건조,맑음,교차로 - 교차로안,이륜,남,23세,중상,승용,남,47세,경상
2013052500100071,2013년 5월 25일 02시,토요일,대구광역시 수성구 황금동,경상사고,0,0,1,0,차대차 - 추돌 - 진행중,안전거리미확보,건조,맑음,단일로 - 기타,승용,남,28세,상해없음,승용,남,59세,경상
2013052500100072,2013년 5월 25일 02시,토요일,대구광역시 달서구 도원동,중상사고,0,2,0,0,차대차 - 측면직각충돌,신호위반,건조,맑음,교차로 - 교차로안,원동기,남,18세,중상,승용,남,48세,상해없음
2013052500100073,2013년 5월 25일 02시,토요일,대구광역시 북구 칠성동2가,중상사고,0,1,0,0,차대차 - 기타,안전운전불이행,건조,맑음,단일로 - 기타,자전거,남,29세,중상,승용,남,58세,상해없음
2013052500100074,2013년 5월 25일 02시,토요일,대구광역시 북구 동천동,경상사고,0,0,1,0,차대차 - 측면직각충돌,기타,건조,맑음,교차로 - 교차로부근,원동기,남,22세,경상,승용,남,46세,상해없음
2013052500100092,2013년 5월 25일 03시,토요일,대구광역시 서구 내당동,경상사고,0,0,1,0,차대차 - 측면직각충돌,안전운전불이행,건조,맑음,단일로 - 기타,승용,남,26세,상해없음,자전거,남,24세,경상
2013052500100106,2013년 5월 25일 04시,토요일,대구광역시 북구 노원동1가,경상사고,0,0,1,0,차대차 - 기타,교차로운행방법위반,건조,맑음,단일로 - 기타,승용,남,45세,상해없음,화물,남,51세,경상
2013052500100107,2013년 5월 25일 04시,토요일,대구광역시 서구 평리동,중상사고,0,3,1,0,차대차 - 측면직각충돌,신호위반,건조,맑음,교차로 - 교차로안,승용,남,54세,경상,이륜,남,21세,중상
2013052500100118,2013년 5월 25일 05시,토요일,대구광역시 달서구 장기동,중상사고,0,1,0,0,차대차 - 추돌 - 진행중,안전운전불이행,건조,맑음,단일로 - 기타,승용,남,29세,상해없음,승용,남,53세,중상
2013052500100123,2013년 5월 25일 05시,토요일,대구광역시 서구 내당동,중상사고,0,1,0,0,차대사람 - 횡단중,안전운전불이행,건조,맑음,교차로 - 교차로부근,승용,남,27세,상해없음,보행자,여,73세,중상
2013052500100168,2013년 5월 25일 07시,토요일,대구광역시 북구 복현동,중상사고,0,1,0,0,차대차 - 기타,신호위반,건조,맑음,교차로 - 교차로안,자전거,남,17세,중상,화물,남,56세,상해없음
2013052500100224,2013년 5월 25일 09시,토요일,대구광역시 수성구 대흥동,중상사고,0,1,0,0,차대차 - 기타,교차로운행방법위반,건조,맑음,교차로 - 교차로안,화물,남,59세,기타불명,승용,여,47세,중상
2013052500100225,2013년 5월 25일 09시,토요일,대구광역시 달성군 화원읍,경상사고,0,0,1,0,차대사람 - 기타,기타,건조,맑음,단일로 - 기타,승용,남,42세,기타불명,보행자,남,41세,경상
2013052500100260,2013년 5월 25일 10시,토요일,대구광역시 남구 이천동,경상사고,0,0,1,0,차대차 - 기타,안전운전불이행,건조,맑음,교차로 - 교차로부근,승용,남,56세,상해없음,이륜,남,19세,경상
2013052500100261,2013년 5월 25일 10시,토요일,대구광역시 북구 노원동1가,경상사고,0,0,1,0,차대차 - 측면직각충돌,안전운전불이행,건조,맑음,단일로 - 기타,승용,여,42세,상해없음,원동기,남,45세,경상
2013052500100262,2013년 5월 25일 10시,토요일,대구광역시 북구 팔달동,중상사고,0,1,0,0,차대사람 - 횡단중,보행자보호의무위반,건조,맑음,교차로 - 교차로부근,화물,남,49세,상해없음,보행자,여,49세,중상
2013052500100332,2013년 5월 25일 12시,토요일,대구광역시 수성구 범어동,경상사고,0,0,1,0,차대차 - 기타,안전운전불이행,건조,맑음,단일로 - 기타,승용,남,45세,상해없음,자전거,남,63세,경상
2013052500100333,2013년 5월 25일 12시,토요일,대구광역시 중구 남산동,경상사고,0,0,3,0,차대차 - 기타,안전운전불이행,건조,맑음,단일로 - 기타,승용,남,26세,상해없음,승용,남,49세,경상
2013052500100359,2013년 5월 25일 13시,토요일,대구광역시 동구 신천동,경상사고,0,0,2,0,차대차 - 측면직각충돌,안전거리미확보,건조,맑음,교차로 - 교차로부근,화물,남,59세,경상,승합,남,41세,경상
2013052500100361,2013년 5월 25일 13시,토요일,대구광역시 북구 침산동,경상사고,0,0,6,0,차대차 - 추돌 - 주정차중,안전운전불이행,건조,맑음,단일로 - 기타,승용,남,52세,상해없음,승용,남,50세,경상
2013052500100362,2013년 5월 25일 13시,토요일,대구광역시 북구 대현동,중상사고,0,1,0,0,차대차 - 추돌 - 주정차중,안전운전불이행,건조,맑음,단일로 - 기타,승용,남,48세,상해없음,이륜,기타불명,기타불명,기타불명
2013052500100404,2013년 5월 25일 14시,토요일,대구광역시 동구 도동,부상신고사고,0,0,0,2,차대차 - 추돌 - 주정차중,안전운전불이행,건조,맑음,단일로 - 기타,승용,남,62세,상해없음,승용,남,50세,부상신고
2013052500100405,2013년 5월 25일 14시,토요일,대구광역시 수성구 지산동,중상사고,0,1,0,0,차대사람 - 기타,안전운전불이행,건조,맑음,단일로 - 횡단보도부근,승용,남,65세,상해없음,보행자,남,12세,중상
2013052500100406,2013년 5월 25일 14시,토요일,대구광역시 중구 계산동2가,경상사고,0,0,1,0,차대차 - 측면직각충돌,안전운전불이행,건조,맑음,단일로 - 기타,승용,남,65세,상해없음,이륜,남,28세,경상
2013052500100438,2013년 5월 25일 15시,토요일,대구광역시 달서구 송현동,경상사고,0,0,1,0,차대사람 - 횡단중,보행자보호의무위반,건조,맑음,단일로 - 횡단보도상,승용,여,32세,상해없음,보행자,남,6세,경상
2013052500100439,2013년 5월 25일 15시,토요일,대구광역시 달성군 다사읍,중상사고,0,1,0,0,차대차 - 기타,안전운전불이행,건조,맑음,교차로 - 교차로부근,승용,남,63세,상해없음,이륜,남,36세,중상
2013052500100475,2013년 5월 25일 16시,토요일,대구광역시 수성구 두산동,경상사고,0,0,3,0,차대차 - 추돌 - 진행중,안전거리미확보,건조,맑음,단일로 - 기타,승용,남,61세,경상,승용,여,26세,경상
2013052500100476,2013년 5월 25일 16시,토요일,대구광역시 달서구 송현동,경상사고,0,0,1,0,차대사람 - 기타,안전운전불이행,건조,맑음,단일로 - 기타,화물,남,59세,상해없음,보행자,여,56세,경상
2013052500100477,2013년 5월 25일 16시,토요일,대구광역시 북구 태전동,경상사고,0,0,1,0,차대차 - 추돌 - 주정차중,안전운전불이행,건조,맑음,교차로 - 교차로부근,승용,남,42세,상해없음,승용,여,42세,경상
2013052500100513,2013년 5월 25일 17시,토요일,대구광역시 수성구 상동,경상사고,0,0,2,0,차대차 - 기타,안전운전불이행,건조,맑음,교차로 - 교차로부근,화물,남,47세,상해없음,승용,남,47세,경상
2013052500100514,2013년 5월 25일 17시,토요일,대구광역시 달서구 송현동,경상사고,0,0,2,0,차대차 - 기타,안전거리미확보,건조,맑음,단일로 - 기타,승용,남,70세,상해없음,승용,남,58세,경상
2013052500100515,2013년 5월 25일 17시,토요일,대구광역시 중구 동문동,경상사고,0,0,1,0,차대차 - 기타,안전운전불이행,건조,기타,교차로 - 교차로부근,승용,남,48세,상해없음,자전거,남,22세,경상
2013052500100516,2013년 5월 25일 17시,토요일,대구광역시 달서구 갈산동,경상사고,0,0,3,0,차대차 - 측면직각충돌,신호위반,건조,맑음,교차로 - 교차로안,화물,남,66세,상해없음,승용,여,39세,경상
2013052500100557,2013년 5월 25일 18시,토요일,대구광역시 수성구 범어동,경상사고,0,0,2,0,차대차 - 추돌 - 진행중,안전거리미확보,건조,맑음,단일로 - 기타,화물,남,47세,상해없음,승용,남,48세,경상
2013052500100558,2013년 5월 25일 18시,토요일,대구광역시 수성구 상동,경상사고,0,0,1,0,차대사람 - 횡단중,안전운전불이행,건조,맑음,단일로 - 기타,승용,남,32세,상해없음,보행자,여,12세,경상
2013052500100559,2013년 5월 25일 18시,토요일,대구광역시 서구 이현동,경상사고,0,0,1,0,차대차 - 측면직각충돌,안전운전불이행,건조,맑음,교차로 - 교차로부근,기타불명,기타불명,기타불명,기타불명,승합,남,56세,상해없음
2013052500100592,2013년 5월 25일 19시,토요일,대구광역시 북구 침산동,중상사고,0,1,0,0,차대사람 - 기타,안전운전불이행,건조,맑음,기타 - 기타,자전거,남,55세,상해없음,보행자,여,74세,중상
2013052500100593,2013년 5월 25일 19시,토요일,대구광역시 서구 내당동,경상사고,0,0,1,0,차대차 - 추돌 - 주정차중,기타,건조,맑음,단일로 - 기타,승용,남,63세,상해없음,이륜,남,57세,경상
2013052500100594,2013년 5월 25일 19시,토요일,대구광역시 북구 관음동,부상신고사고,0,0,0,1,차대차 - 추돌 - 진행중,안전거리미확보,건조,맑음,단일로 - 기타,원동기,남,22세,부상신고,승용,남,36세,상해없음
2013052500100622,2013년 5월 25일 20시,토요일,대구광역시 수성구 두산동,경상사고,0,0,1,0,차대차 - 기타,안전운전불이행,건조,맑음,교차로 - 교차로안,승용,남,54세,기타불명,승용,여,31세,경상
2013052500100623,2013년 5월 25일 20시,토요일,대구광역시 북구 대현동,경상사고,0,0,1,0,차대사람 - 기타,안전운전불이행,건조,맑음,단일로 - 기타,승용,남,37세,상해없음,보행자,남,28세,경상
2013052500100624,2013년 5월 25일 20시,토요일,대구광역시 서구 내당동,경상사고,0,0,2,0,차대차 - 추돌 - 주정차중,안전운전불이행,건조,맑음,단일로 - 기타,승용,남,38세,상해없음,승용,남,32세,경상
2013052500100625,2013년 5월 25일 20시,토요일,대구광역시 중구 덕산동,중상사고,0,1,1,0,차대차 - 기타,안전운전불이행,건조,맑음,교차로 - 교차로부근,승용,여,29세,중상,승용,여,45세,상해없음
2013052500100626,2013년 5월 25일 20시,토요일,대구광역시 달서구 두류동,경상사고,0,0,4,0,차대차 - 추돌 - 주정차중,안전운전불이행,건조,맑음,교차로 - 교차로부근,승합,남,54세,상해없음,승용,남,44세,경상
2013052500100654,2013년 5월 25일 21시,토요일,대구광역시 서구 비산동,경상사고,0,0,1,0,차대사람 - 길가장자리구역통행중,안전운전불이행,건조,맑음,단일로 - 기타,승용,남,64세,상해없음,보행자,여,11세,경상
2013052500100712,2013년 5월 25일 23시,토요일,대구광역시 수성구 만촌동,경상사고,0,0,1,0,차대차 - 기타,안전운전불이행,건조,맑음,단일로 - 기타,승용,남,27세,기타불명,승용,남,46세,경상
2013052500100713,2013년 5월 25일 23시,토요일,대구광역시 달성군 다사읍,경상사고,0,0,1,0,차대차 - 기타,신호위반,건조,맑음,교차로 - 교차로안,승용,남,43세,상해없음,승용,남,41세,경상
2013052500100714,2013년 5월 25일 23시,토요일,대구광역시 북구 서변동,경상사고,0,0,1,0,차대차 - 추돌 - 진행중,안전운전불이행,건조,맑음,교차로 - 교차로안,승용,남,39세,상해없음,승용,남,21세,경상
2013052600100037,2013년 5월 26일 01시,일요일,대구광역시 수성구 상동,중상사고,0,2,1,0,차대차 - 측면직각충돌,안전거리미확보,건조,맑음,교차로 - 교차로부근,승용,남,54세,상해없음,승용,남,29세,중상
2013052600100057,2013년 5월 26일 02시,일요일,대구광역시 달서구 용산동,중상사고,0,1,0,0,차대사람 - 횡단중,보행자보호의무위반,건조,맑음,단일로 - 횡단보도상,승용,남,40세,상해없음,보행자,여,19세,중상
2013052600100082,2013년 5월 26일 04시,일요일,대구광역시 서구 비산동,사망사고,1,0,0,0,차대사람 - 횡단중,안전운전불이행,건조,맑음,단일로 - 기타,승용,남,71세,상해없음,보행자,남,55세,사망
2013052600100143,2013년 5월 26일 08시,일요일,대구광역시 수성구 파동,경상사고,0,0,1,0,차대차 - 추돌 - 진행중,안전거리미확보,건조,맑음,단일로 - 기타,승용,남,31세,상해없음,승용,남,55세,경상
2013052600100144,2013년 5월 26일 08시,일요일,대구광역시 북구 산격동,경상사고,0,0,3,0,차대차 - 측면직각충돌,안전운전불이행,건조,맑음,교차로 - 교차로안,승용,남,53세,상해없음,승용,남,55세,상해없음
2013052600100187,2013년 5월 26일 10시,일요일,대구광역시 수성구 황금동,중상사고,0,1,0,0,차대차 - 측면직각충돌,안전운전불이행,건조,맑음,단일로 - 횡단보도상,승용,남,43세,상해없음,자전거,여,74세,중상
2013052600100239,2013년 5월 26일 12시,일요일,대구광역시 동구 효목동,중상사고,0,1,0,0,차대차 - 측면직각충돌,중앙선침범,건조,맑음,단일로 - 기타,승용,남,59세,상해없음,승용,남,67세,중상
2013052600100240,2013년 5월 26일 12시,일요일,대구광역시 달서구 유천동,중상사고,0,1,1,0,차대차 - 측면직각충돌,안전운전불이행,건조,맑음,기타 - 기타,승용,남,46세,상해없음,승용,남,30세,중상
2013052600100275,2013년 5월 26일 13시,일요일,대구광역시 북구 노원동1가,경상사고,0,0,1,0,차대사람 - 기타,안전운전불이행,건조,맑음,기타 - 기타,승용,남,45세,상해없음,보행자,남,27세,경상
2013052600100276,2013년 5월 26일 13시,일요일,대구광역시 서구 내당동,중상사고,0,1,0,0,차대차 - 측면직각충돌,기타,건조,맑음,교차로 - 교차로안,이륜,남,80세,중상,승용,남,69세,상해없음
2013052600100302,2013년 5월 26일 14시,일요일,대구광역시 수성구 지산동,경상사고,0,0,1,0,차대사람 - 보도통행중,안전운전불이행,건조,맑음,단일로 - 기타,승용,남,61세,상해없음,보행자,남,47세,경상
2013052600100303,2013년 5월 26일 14시,일요일,대구광역시 중구 남산동,경상사고,0,0,1,0,차대차 - 기타,안전거리미확보,건조,맑음,교차로 - 교차로부근,승용,남,59세,상해없음,승용,남,42세,상해없음
2013052600100330,2013년 5월 26일 15시,일요일,대구광역시 수성구 두산동,경상사고,0,0,1,0,차대차 - 측면직각충돌,안전운전불이행,건조,맑음,단일로 - 기타,승용,남,78세,상해없음,자전거,남,74세,경상
2013052600100331,2013년 5월 26일 15시,일요일,대구광역시 중구 삼덕동2가,중상사고,0,1,0,0,차대사람 - 보도통행중,기타,건조,맑음,단일로 - 기타,자전거,남,64세,상해없음,보행자,여,76세,중상
2013052600100361,2013년 5월 26일 16시,일요일,대구광역시 수성구 황금동,중상사고,0,1,0,0,차대차 - 기타,안전운전불이행,건조,맑음,교차로 - 교차로부근,승용,남,26세,상해없음,자전거,여,11세,중상
2013052600100362,2013년 5월 26일 16시,일요일,대구광역시 수성구 신매동,경상사고,0,0,1,0,차대차 - 측면직각충돌,안전운전불이행,건조,맑음,교차로 - 교차로안,승용,남,54세,상해없음,원동기,남,23세,경상
2013052600100388,2013년 5월 26일 17시,일요일,대구광역시 수성구 범어동,중상사고,0,1,0,0,차대차 - 측면직각충돌,안전운전불이행,건조,맑음,교차로 - 교차로부근,승용,여,44세,상해없음,자전거,남,27세,중상
2013052600100389,2013년 5월 26일 17시,일요일,대구광역시 중구 동인동1가,경상사고,0,0,3,0,차대차 - 추돌 - 진행중,안전운전불이행,건조,맑음,단일로 - 기타,승용,남,57세,상해없음,승용,여,33세,경상
2013052600100420,2013년 5월 26일 18시,일요일,대구광역시 북구 노원동3가,경상사고,0,0,2,0,차대차 - 측면직각충돌,교차로운행방법위반,건조,맑음,교차로 - 교차로부근,승용,여,52세,상해없음,승용,남,45세,상해없음
2013052600100421,2013년 5월 26일 18시,일요일,대구광역시 달서구 두류동,경상사고,0,0,1,0,차대차 - 추돌 - 진행중,안전거리미확보,건조,맑음,단일로 - 기타,이륜,남,16세,경상,승용,남,39세,상해없음
2013052600100451,2013년 5월 26일 19시,일요일,대구광역시 달서구 본리동,부상신고사고,0,0,0,1,차대차 - 기타,기타,건조,맑음,교차로 - 교차로부근,승용,남,35세,상해없음,원동기,남,24세,부상신고
2013052600100452,2013년 5월 26일 19시,일요일,대구광역시 달서구 죽전동,중상사고,0,1,1,0,차대차 - 추돌 - 진행중,신호위반,건조,맑음,단일로 - 기타,승용,남,28세,상해없음,승용,남,64세,중상
2013052600100492,2013년 5월 26일 20시,일요일,대구광역시 달서구 송현동,경상사고,0,0,1,0,차대사람 - 기타,안전운전불이행,건조,맑음,단일로 - 기타,승용,남,31세,상해없음,보행자,여,7세,경상
2013052600100493,2013년 5월 26일 20시,일요일,대구광역시 북구 복현동,경상사고,0,0,1,0,차대차 - 기타,중앙선침범,건조,맑음,단일로 - 기타,승용,남,38세,상해없음,승용,남,20세,경상
2013052600100494,2013년 5월 26일 20시,일요일,대구광역시 달서구 신당동,경상사고,0,0,1,0,차대차 - 측면직각충돌,신호위반,건조,맑음,교차로 - 교차로안,승용,남,51세,상해없음,승용,남,31세,경상
2013052600100518,2013년 5월 26일 21시,일요일,대구광역시 남구 봉덕동,경상사고,0,0,1,0,차대차 - 기타,안전운전불이행,건조,맑음,단일로 - 기타,승용,남,47세,상해없음,승용,여,37세,경상
2013052600100558,2013년 5월 26일 23시,일요일,대구광역시 동구 효목동,경상사고,0,0,1,0,차대사람 - 기타,안전운전불이행,건조,맑음,기타 - 기타,승용,남,59세,상해없음,보행자,남,53세,경상
2013052600100559,2013년 5월 26일 23시,일요일,대구광역시 북구 칠성동1가,경상사고,0,0,1,0,차대차 - 추돌 - 주정차중,중앙선침범,건조,맑음,단일로 - 기타,승용,남,61세,상해없음,승용,남,49세,경상
2013052700100014,2013년 5월 27일 00시,월요일,대구광역시 서구 평리동,경상사고,0,0,1,0,차대차 - 측면직각충돌,교차로운행방법위반,건조,맑음,교차로 - 교차로안,이륜,남,17세,경상,승용,남,35세,상해없음
2013052700100025,2013년 5월 27일 01시,월요일,대구광역시 중구 수창동,중상사고,0,1,0,0,차대차 - 기타,안전운전불이행,건조,흐림,교차로 - 교차로안,승용,기타불명,기타불명,기타불명,승용,여,26세,중상
2013052700100026,2013년 5월 27일 01시,월요일,대구광역시 달서구 이곡동,경상사고,0,0,1,0,차대차 - 추돌 - 진행중,안전운전불이행,건조,맑음,단일로 - 기타,승용,남,22세,상해없음,승용,남,60세,경상
2013052700100034,2013년 5월 27일 02시,월요일,대구광역시 남구 봉덕동,중상사고,0,5,4,0,차대차 - 추돌 - 주정차중,안전운전불이행,습기,비,교차로 - 교차로부근,승용,남,31세,상해없음,승용,남,22세,경상
2013052700100045,2013년 5월 27일 04시,월요일,대구광역시 동구 신암동,경상사고,0,0,1,0,차대차 - 기타,교차로운행방법위반,건조,맑음,단일로 - 횡단보도상,승용,남,71세,상해없음,자전거,남,76세,경상
2013052700100078,2013년 5월 27일 06시,월요일,대구광역시 북구 노원동1가,중상사고,0,1,0,0,차대차 - 측면직각충돌,신호위반,건조,맑음,교차로 - 교차로안,화물,남,42세,상해없음,승용,남,47세,중상
2013052700100079,2013년 5월 27일 06시,월요일,대구광역시 서구 내당동,중상사고,0,1,0,0,차대차 - 측면직각충돌,차로위반,건조,맑음,교차로 - 교차로부근,승용,남,56세,상해없음,이륜,여,59세,중상
2013052700100108,2013년 5월 27일 07시,월요일,대구광역시 달서구 이곡동,부상신고사고,0,0,0,1,차대사람 - 횡단중,안전운전불이행,건조,맑음,단일로 - 횡단보도부근,기타불명,기타불명,기타불명,기타불명,보행자,여,78세,부상신고
2013052700100137,2013년 5월 27일 08시,월요일,대구광역시 동구 신암동,중상사고,0,1,0,0,차대차 - 기타,안전운전불이행,건조,맑음,단일로 - 기타,승용,남,56세,상해없음,승합,남,49세,중상
2013052700100138,2013년 5월 27일 08시,월요일,대구광역시 달서구 파호동,경상사고,0,0,1,0,차대사람 - 횡단중,보행자보호의무위반,건조,맑음,단일로 - 기타,승용,여,40세,상해없음,보행자,남,39세,경상
2013052700100180,2013년 5월 27일 09시,월요일,대구광역시 북구 대현동,경상사고,0,0,3,0,차대차 - 추돌 - 진행중,안전운전불이행,건조,맑음,단일로 - 기타,승용,남,28세,상해없음,승용,여,36세,경상
2013052700100181,2013년 5월 27일 09시,월요일,대구광역시 중구 대신동,경상사고,0,0,1,0,차대차 - 기타,안전거리미확보,건조,맑음,단일로 - 기타,승용,여,43세,상해없음,승합,남,54세,상해없음
2013052700100264,2013년 5월 27일 12시,월요일,대구광역시 달서구 상인동,중상사고,0,1,0,0,차대사람 - 차도통행중,안전운전불이행,습기,비,단일로 - 기타,이륜,남,29세,상해없음,보행자,여,74세,중상
2013052700100294,2013년 5월 27일 13시,월요일,대구광역시 서구 비산동,부상신고사고,0,0,0,1,차대차 - 추돌 - 진행중,안전거리미확보,건조,맑음,단일로 - 기타,이륜,남,72세,부상신고,승용,남,31세,상해없음
2013052700100295,2013년 5월 27일 13시,월요일,대구광역시 중구 삼덕동3가,경상사고,0,0,1,0,차대차 - 기타,신호위반,건조,맑음,단일로 - 기타,승용,남,55세,상해없음,자전거,남,70세,경상
2013052700100331,2013년 5월 27일 14시,월요일,대구광역시 동구 신천동,부상신고사고,0,0,0,1,차량단독 - 기타,안전운전불이행,습기,비,단일로 - 교량,자전거,남,62세,부상신고,,,,
2013052700100365,2013년 5월 27일 15시,월요일,대구광역시 동구 방촌동,경상사고,0,0,1,0,차대차 - 기타,안전거리미확보,습기,비,단일로 - 기타,승용,남,56세,기타불명,승용,남,43세,경상
2013052700100401,2013년 5월 27일 16시,월요일,대구광역시 동구 신암동,경상사고,0,0,2,0,차대차 - 측면직각충돌,안전거리미확보,습기,비,단일로 - 기타,승용,남,27세,기타불명,승용,남,34세,경상
2013052700100402,2013년 5월 27일 16시,월요일,대구광역시 북구 복현동,경상사고,0,0,1,0,차대차 - 추돌 - 주정차중,안전운전불이행,습기,비,단일로 - 기타,승용,남,74세,상해없음,승합,여,42세,경상
2013052700100444,2013년 5월 27일 17시,월요일,대구광역시 남구 대명동,중상사고,0,1,0,0,차대차 - 측면직각충돌,안전운전불이행,습기,비,단일로 - 기타,승용,남,42세,상해없음,승용,남,44세,중상
2013052700100445,2013년 5월 27일 17시,월요일,대구광역시 달서구 상인동,경상사고,0,0,1,0,차대차 - 측면직각충돌,안전운전불이행,습기,비,단일로 - 기타,승용,남,60세,상해없음,승용,남,34세,경상
2013052700100446,2013년 5월 27일 17시,월요일,대구광역시 북구 산격동,중상사고,0,1,0,0,차량단독 - 기타,안전운전불이행,습기,비,단일로 - 기타,원동기,남,64세,중상,,,,
2013052700100488,2013년 5월 27일 18시,월요일,대구광역시 남구 대명동,경상사고,0,0,1,0,차대사람 - 차도통행중,안전운전불이행,습기,비,교차로 - 교차로안,승용,남,55세,상해없음,보행자,여,39세,경상
2013052700100489,2013년 5월 27일 18시,월요일,대구광역시 동구 불로동,경상사고,0,0,1,0,차대차 - 측면직각충돌,안전거리미확보,건조,맑음,단일로 - 기타,화물,여,46세,상해없음,승용,여,42세,경상
2013052700100490,2013년 5월 27일 18시,월요일,대구광역시 동구 괴전동,중상사고,0,1,0,0,차대차 - 기타,안전거리미확보,습기,비,단일로 - 기타,승용,남,77세,상해없음,승용,남,48세,중상
2013052700100491,2013년 5월 27일 18시,월요일,대구광역시 달서구 진천동,부상신고사고,0,0,0,1,차대차 - 추돌 - 주정차중,안전운전불이행,습기,비,단일로 - 기타,승용,남,55세,부상신고,화물,남,60세,기타불명
2013052700100492,2013년 5월 27일 18시,월요일,대구광역시 달서구 상인동,경상사고,0,0,2,0,차대차 - 측면직각충돌,안전거리미확보,습기,비,단일로 - 기타,승용,여,33세,경상,승용,여,54세,경상
2013052700100493,2013년 5월 27일 18시,월요일,대구광역시 달성군 옥포면,중상사고,0,1,0,0,차대차 - 측면직각충돌,안전운전불이행,기타,비,단일로 - 기타,건설기계,남,51세,상해없음,승용,남,31세,중상
2013052700100494,2013년 5월 27일 18시,월요일,대구광역시 북구 태전동,경상사고,0,0,1,0,차대사람 - 횡단중,안전운전불이행,습기,비,단일로 - 횡단보도부근,승합,남,58세,상해없음,보행자,여,51세,경상
2013052700100495,2013년 5월 27일 18시,월요일,대구광역시 북구 구암동,중상사고,0,1,0,0,차대차 - 측면직각충돌,안전운전불이행,습기,비,교차로 - 교차로안,승용,남,59세,상해없음,승용,여,42세,중상
2013052700100550,2013년 5월 27일 19시,월요일,대구광역시 동구 신암동,경상사고,0,0,3,0,차대차 - 추돌 - 진행중,안전운전불이행,습기,비,단일로 - 기타,승용,여,51세,상해없음,화물,남,33세,경상
2013052700100551,2013년 5월 27일 19시,월요일,대구광역시 동구 각산동,경상사고,0,0,1,0,차대차 - 기타,안전운전불이행,건조,맑음,단일로 - 기타,승합,남,58세,상해없음,승용,남,28세,경상
2013052700100552,2013년 5월 27일 19시,월요일,대구광역시 수성구 수성동1가,중상사고,0,2,3,0,차대차 - 추돌 - 진행중,중앙선침범,습기,비,단일로 - 기타,승용,남,43세,중상,승용,여,36세,중상