사고번호,사고일시,요일,시군구,사고내용,사망자수,중상자수,경상자수,부상신고자수,사고유형,법규위반,노면상태,기상상태,도로형태,가해운전자 차종,가해운전자 성별,가해운전자 연령,가해운전자 상해정도,피해운전자 차종,피해운전자 성별,피해운전자 연령,피해운전자 상해정도
2013060200100021,2013년 6월 2일 00시,일요일,대구광역시 달서구 두류동,경상사고,0,0,1,0,차대사람 - 기타,안전운전불이행,건조,맑음,단일로 - 기타,승용,남,63세,상해없음,보행자,남,47세,경상
2013060200100045,2013년 6월 2일 01시,일요일,대구광역시 동구 신천동,경상사고,0,0,1,0,차대차 - 측면직각충돌,안전운전불이행,건조,맑음,교차로 - 교차로부근,승용,기타불명,기타불명,기타불명,승용,남,48세,경상
2013060200100046,2013년 6월 2일 01시,일요일,대구광역시 달성군 다사읍,경상사고,0,0,3,0,차대차 - 추돌 - 주정차중,안전운전불이행,건조,맑음,단일로 - 기타,승용,여,44세,상해없음,승용,여,30세,경상
2013060200100063,2013년 6월 2일 02시,일요일,대구광역시 남구 대명동,경상사고,0,0,1,0,차대차 - 측면직각충돌,교차로운행방법위반,건조,맑음,교차로 - 교차로안,승용,여,52세,경상,승용,남,28세,상해없음
2013060200100076,2013년 6월 2일 03시,일요일,대구광역시 서구 비산동,중상사고,0,1,0,0,차대차 - 추돌 - 주정차중,안전운전불이행,건조,맑음,단일로 - 기타,화물,남,43세,중상,화물,남,45세,기타불명
2013060200100089,2013년 6월 2일 04시,일요일,대구광역시 달서구 진천동,경상사고,0,0,1,0,차대차 - 추돌 - 주정차중,안전운전불이행,건조,맑음,교차로 - 교차로부근,승용,남,29세,상해없음,승용,남,52세,경상
2013060200100090,2013년 6월 2일 04시,일요일,대구광역시 달서구 상인동,중상사고,0,1,0,0,차량단독 - 공작물충돌,안전운전불이행,건조,맑음,단일로 - 기타,원동기,남,15세,중상,,,,
2013060200100091,2013년 6월 2일 04시,일요일,대구광역시 달서구 본리동,사망사고,1,0,0,0,차대사람 - 횡단중,신호위반,건조,맑음,단일로 - 기타,승용,남,29세,상해없음,보행자,남,27세,사망
2013060200100112,2013년 6월 2일 06시,일요일,대구광역시 달서구 이곡동,경상사고,0,0,1,0,차대차 - 측면직각충돌,안전거리미확보,건조,맑음,단일로 - 기타,승용,남,34세,상해없음,승용,남,50세,경상
2013060200100131,2013년 6월 2일 07시,일요일,대구광역시 달서구 진천동,경상사고,0,0,4,1,차대차 - 추돌 - 주정차중,안전운전불이행,건조,맑음,단일로 - 기타,승용,남,29세,부상신고,승합,남,50세,경상
2013060200100132,2013년 6월 2일 07시,일요일,대구광역시 중구 태평로2가,경상사고,0,0,1,0,차대차 - 기타,안전운전불이행,건조,맑음,단일로 - 기타,화물,남,69세,상해없음,자전거,여,43세,경상
2013060200100153,2013년 6월 2일 08시,일요일,대구광역시 북구 침산동,경상사고,0,0,1,0,차대차 - 기타,안전운전불이행,건조,맑음,단일로 - 기타,승용,여,47세,상해없음,자전거,남,47세,경상
2013060200100166,2013년 6월 2일 09시,일요일,대구광역시 달서구 신당동,경상사고,0,0,1,0,차대사람 - 기타,안전운전불이행,건조,맑음,기타 - 기타,승합,남,46세,상해없음,보행자,남,64세,경상
2013060200100180,2013년 6월 2일 10시,일요일,대구광역시 남구 대명동,경상사고,0,0,1,0,차량단독 - 기타,기타,건조,맑음,교차로 - 교차로안,승용,남,53세,상해없음,,,,
2013060200100181,2013년 6월 2일 10시,일요일,대구광역시 달서구 이곡동,경상사고,0,0,2,0,차대차 - 추돌 - 진행중,안전운전불이행,건조,맑음,교차로 - 교차로안,승용,남,26세,상해없음,승용,남,28세,경상
2013060200100199,2013년 6월 2일 11시,일요일,대구광역시 달서구 본동,경상사고,0,0,1,0,차대차 - 측면직각충돌,직진우회전진행방해,건조,맑음,교차로 - 교차로안,승용,남,28세,상해없음,이륜,남,33세,경상
2013060200100200,2013년 6월 2일 11시,일요일,대구광역시 북구 대현동,경상사고,0,0,1,0,차대차 - 기타,안전운전불이행,건조,맑음,단일로 - 기타,자전거,남,21세,상해없음,자전거,여,70세,경상
2013060200100201,2013년 6월 2일 11시,일요일,대구광역시 북구 관음동,경상사고,0,0,2,0,차대차 - 추돌 - 주정차중,안전운전불이행,건조,맑음,단일로 - 기타,승용,남,55세,상해없음,승용,남,43세,경상
2013060200100227,2013년 6월 2일 12시,일요일,대구광역시 수성구 지산동,중상사고,0,1,0,0,차대사람 - 기타,안전운전불이행,건조,맑음,교차로 - 교차로안,화물,남,55세,상해없음,보행자,남,4세,중상
2013060200100249,2013년 6월 2일 13시,일요일,대구광역시 수성구 범어동,중상사고,0,1,0,0,차대사람 - 기타,안전운전불이행,건조,맑음,단일로 - 기타,승용,여,48세,상해없음,보행자,여,73세,중상
2013060200100281,2013년 6월 2일 14시,일요일,대구광역시 수성구 만촌동,경상사고,0,0,1,0,차대차 - 측면직각충돌,안전거리미확보,건조,맑음,단일로 - 기타,승용,남,37세,상해없음,승용,남,74세,경상
2013060200100282,2013년 6월 2일 14시,일요일,대구광역시 서구 평리동,중상사고,0,1,0,0,차대차 - 기타,신호위반,건조,맑음,단일로 - 기타,승용,남,32세,상해없음,이륜,남,18세,중상
2013060200100283,2013년 6월 2일 14시,일요일,대구광역시 달서구 감삼동,경상사고,0,0,1,0,차대사람 - 횡단중,보행자보호의무위반,건조,맑음,교차로 - 교차로부근,이륜,남,44세,상해없음,보행자,여,13세,경상
2013060200100284,2013년 6월 2일 14시,일요일,대구광역시 북구 서변동,경상사고,0,0,1,0,차대차 - 측면직각충돌,교차로운행방법위반,건조,맑음,단일로 - 기타,승용,남,53세,상해없음,이륜,남,17세,경상
2013060200100305,2013년 6월 2일 15시,일요일,대구광역시 수성구 만촌동,중상사고,0,2,3,1,차대차 - 기타,안전운전불이행,건조,맑음,단일로 - 기타,승용,남,18세,상해없음,승용,남,32세,중상
2013060200100306,2013년 6월 2일 15시,일요일,대구광역시 수성구 지산동,중상사고,0,1,3,0,차대차 - 기타,안전운전불이행,건조,맑음,단일로 - 기타,승용,남,44세,상해없음,승용,남,40세,중상
2013060200100336,2013년 6월 2일 16시,일요일,대구광역시 동구 신암동,중상사고,0,1,0,0,차대차 - 추돌 - 주정차중,안전거리미확보,건조,맑음,단일로 - 기타,승용,남,50세,상해없음,승용,남,68세,상해없음
2013060200100337,2013년 6월 2일 16시,일요일,대구광역시 수성구 만촌동,중상사고,0,1,0,0,차대사람 - 횡단중,보행자보호의무위반,건조,맑음,단일로 - 기타,승용,여,35세,상해없음,보행자,여,60세,중상
2013060200100338,2013년 6월 2일 16시,일요일,대구광역시 달서구 진천동,중상사고,0,1,0,0,차대차 - 측면직각충돌,안전거리미확보,건조,맑음,단일로 - 기타,승용,여,49세,상해없음,이륜,남,16세,중상
2013060200100339,2013년 6월 2일 16시,일요일,대구광역시 중구 동성로3가,중상사고,0,1,1,0,차대차 - 측면직각충돌,안전운전불이행,건조,맑음,단일로 - 횡단보도상,이륜,남,18세,중상,이륜,남,22세,경상
2013060200100370,2013년 6월 2일 17시,일요일,대구광역시 동구 신암동,중상사고,0,1,0,0,차대차 - 측면직각충돌,안전운전불이행,건조,맑음,교차로 - 교차로안,승용,남,59세,상해없음,이륜,남,46세,중상
2013060200100371,2013년 6월 2일 17시,일요일,대구광역시 북구 산격동,경상사고,0,0,1,0,차대사람 - 차도통행중,안전운전불이행,건조,맑음,교차로 - 교차로안,승용,남,34세,상해없음,보행자,남,17세,경상
2013060200100434,2013년 6월 2일 19시,일요일,대구광역시 달성군 다사읍,중상사고,0,1,0,0,차대차 - 측면직각충돌,신호위반,건조,맑음,교차로 - 교차로안,이륜,남,16세,중상,승용,여,54세,상해없음
2013060200100465,2013년 6월 2일 20시,일요일,대구광역시 달서구 본동,경상사고,0,0,1,1,차대차 - 기타,안전운전불이행,건조,맑음,교차로 - 교차로부근,승용,남,53세,상해없음,승용,남,31세,경상
2013060200100466,2013년 6월 2일 20시,일요일,대구광역시 달서구 감삼동,중상사고,0,1,0,0,차량단독 - 공작물충돌,안전운전불이행,건조,맑음,단일로 - 기타,승용,남,53세,중상,,,,
2013060200100493,2013년 6월 2일 21시,일요일,대구광역시 수성구 파동,사망사고,1,0,0,0,차대사람 - 횡단중,안전운전불이행,건조,맑음,단일로 - 횡단보도부근,승용,여,50세,상해없음,보행자,남,79세,사망
2013060200100494,2013년 6월 2일 21시,일요일,대구광역시 달서구 갈산동,경상사고,0,0,2,0,차대차 - 추돌 - 주정차중,안전운전불이행,건조,맑음,교차로 - 교차로부근,승용,남,65세,상해없음,승용,남,52세,경상
2013060200100509,2013년 6월 2일 22시,일요일,대구광역시 달서구 본동,경상사고,0,0,2,0,차대사람 - 길가장자리구역통행중,안전운전불이행,건조,맑음,단일로 - 기타,원동기,남,46세,상해없음,보행자,여,18세,경상
2013060200100531,2013년 6월 2일 23시,일요일,대구광역시 중구 삼덕동1가,경상사고,0,0,1,0,차대사람 - 기타,안전운전불이행,건조,맑음,단일로 - 기타,승용,남,32세,상해없음,보행자,여,36세,경상
2013060200100532,2013년 6월 2일 23시,일요일,대구광역시 중구 대봉동,중상사고,0,1,0,0,차대사람 - 기타,안전운전불이행,건조,기타,교차로 - 교차로부근,승용,남,28세,상해없음,보행자,남,53세,중상
2013060300100046,2013년 6월 3일 05시,월요일,대구광역시 달성군 논공읍,중상사고,0,1,0,0,차대차 - 정면충돌,중앙선침범,건조,맑음,단일로 - 기타,승합,남,56세,상해없음,승용,남,76세,중상
2013060300100047,2013년 6월 3일 05시,월요일,대구광역시 북구 산격동,중상사고,0,1,0,0,차대사람 - 횡단중,안전운전불이행,건조,맑음,단일로 - 기타,승용,남,25세,상해없음,보행자,남,64세,중상
2013060300100048,2013년 6월 3일 05시,월요일,대구광역시 달서구 호림동,중상사고,0,2,0,0,차대차 - 측면직각충돌,신호위반,건조,맑음,교차로 - 교차로안,승용,남,28세,상해없음,승용,여,45세,중상
2013060300100081,2013년 6월 3일 07시,월요일,대구광역시 남구 이천동,경상사고,0,0,1,0,차대사람 - 횡단중,보행자보호의무위반,건조,맑음,교차로 - 교차로안,승용,남,36세,상해없음,보행자,남,15세,경상
2013060300100082,2013년 6월 3일 07시,월요일,대구광역시 수성구 가천동,경상사고,0,0,1,0,차대차 - 추돌 - 주정차중,안전운전불이행,건조,맑음,교차로 - 교차로안,승용,남,42세,상해없음,승용,남,29세,경상
2013060300100083,2013년 6월 3일 07시,월요일,대구광역시 달서구 유천동,경상사고,0,0,1,0,차대차 - 기타,안전운전불이행,건조,맑음,단일로 - 기타,승용,남,41세,상해없음,이륜,남,29세,경상
2013060300100124,2013년 6월 3일 08시,월요일,대구광역시 북구 침산동,경상사고,0,0,1,0,차대차 - 기타,안전운전불이행,건조,맑음,교차로 - 교차로안,승용,여,44세,상해없음,자전거,여,40세,경상
2013060300100125,2013년 6월 3일 08시,월요일,대구광역시 북구 산격동,중상사고,0,1,1,0,차대차 - 기타,안전운전불이행,건조,맑음,교차로 - 교차로부근,승용,여,41세,중상,승용,여,38세,경상
2013060300100158,2013년 6월 3일 09시,월요일,대구광역시 북구 노곡동,경상사고,0,0,1,0,차대차 - 추돌 - 진행중,안전거리미확보,건조,맑음,단일로 - 기타,기타불명,기타불명,기타불명,기타불명,승용,남,68세,상해없음
2013060300100162,2013년 6월 3일 09시,월요일,대구광역시 남구 대명동,경상사고,0,0,1,0,차대차 - 측면직각충돌,안전거리미확보,건조,맑음,교차로 - 교차로부근,원동기,여,18세,상해없음,승용,남,50세,상해없음
2013060300100163,2013년 6월 3일 09시,월요일,대구광역시 동구 신암동,경상사고,0,0,1,0,차대차 - 추돌 - 진행중,안전운전불이행,건조,맑음,단일로 - 기타,승용,남,66세,상해없음,승용,남,55세,경상
2013060300100191,2013년 6월 3일 10시,월요일,대구광역시 수성구 중동,경상사고,0,0,1,0,차대차 - 추돌 - 진행중,안전거리미확보,건조,맑음,단일로 - 기타,승용,남,37세,상해없음,승용,남,30세,경상
2013060300100192,2013년 6월 3일 10시,월요일,대구광역시 북구 관음동,경상사고,0,0,1,0,차대차 - 측면직각충돌,교차로운행방법위반,건조,맑음,교차로 - 교차로안,승용,남,30세,상해없음,자전거,여,68세,경상
2013060300100193,2013년 6월 3일 10시,월요일,대구광역시 북구 읍내동,중상사고,0,2,4,0,차대차 - 측면직각충돌,안전거리미확보,건조,맑음,단일로 - 기타,화물,남,52세,상해없음,승용,남,47세,중상
2013060300100216,2013년 6월 3일 11시,월요일,대구광역시 달서구 송현동,경상사고,0,0,1,0,차대차 - 기타,중앙선침범,건조,맑음,단일로 - 기타,이륜,여,43세,경상,승용,여,46세,상해없음
2013060300100238,2013년 6월 3일 12시,월요일,대구광역시 달서구 용산동,경상사고,0,0,2,0,차대차 - 추돌 - 주정차중,안전거리미확보,건조,맑음,단일로 - 기타,승용,남,53세,상해없음,승용,남,23세,경상
2013060300100239,2013년 6월 3일 12시,월요일,대구광역시 달서구 성당동,중상사고,0,1,0,0,차대사람 - 기타,안전운전불이행,건조,맑음,교차로 - 교차로안,승합,여,23세,상해없음,보행자,남,72세,중상
2013060300100299,2013년 6월 3일 14시,월요일,대구광역시 서구 비산동,경상사고,0,0,1,0,차대차 - 측면직각충돌,차로위반,건조,맑음,교차로 - 교차로안,이륜,남,20세,상해없음,이륜,남,70세,경상
2013060300100326,2013년 6월 3일 15시,월요일,대구광역시 수성구 황금동,경상사고,0,0,2,0,차대차 - 기타,안전운전불이행,건조,맑음,교차로 - 교차로부근,승용,남,26세,상해없음,승용,남,42세,경상
2013060300100327,2013년 6월 3일 15시,월요일,대구광역시 달서구 신당동,경상사고,0,0,1,0,차대차 - 기타,신호위반,건조,맑음,교차로 - 교차로안,이륜,남,24세,상해없음,승용,남,30세,경상
2013060300100367,2013년 6월 3일 16시,월요일,대구광역시 수성구 만촌동,중상사고,0,1,0,0,차대차 - 측면직각충돌,안전운전불이행,건조,맑음,교차로 - 교차로안,승용,여,44세,상해없음,자전거,남,13세,중상
2013060300100395,2013년 6월 3일 17시,월요일,대구광역시 동구 검사동,중상사고,0,1,0,0,차대사람 - 횡단중,안전운전불이행,건조,맑음,교차로 - 교차로부근,승용,여,30세,상해없음,보행자,남,83세,중상
2013060300100396,2013년 6월 3일 17시,월요일,대구광역시 수성구 수성동2가,경상사고,0,0,3,0,차대차 - 측면직각충돌,안전거리미확보,건조,맑음,교차로 - 교차로부근,승용,남,31세,상해없음,승용,남,35세,상해없음
2013060300100427,2013년 6월 3일 18시,월요일,대구광역시 동구 입석동,중상사고,0,1,0,0,차대사람 - 기타,안전운전불이행,건조,맑음,단일로 - 기타,승용,여,19세,상해없음,보행자,여,42세,중상
2013060300100428,2013년 6월 3일 18시,월요일,대구광역시 북구 관음동,중상사고,0,1,1,0,차대사람 - 기타,중앙선침범,건조,맑음,단일로 - 기타,승용,여,47세,상해없음,보행자,남,49세,경상
2013060300100429,2013년 6월 3일 18시,월요일,대구광역시 북구 태전동,경상사고,0,0,1,0,차대차 - 추돌 - 진행중,안전거리미확보,건조,맑음,단일로 - 기타,승용,여,47세,기타불명,화물,남,39세,경상
2013060300100462,2013년 6월 3일 19시,월요일,대구광역시 남구 봉덕동,중상사고,0,1,1,0,차대차 - 기타,안전거리미확보,건조,맑음,단일로 - 기타,승용,남,53세,상해없음,승용,남,50세,경상
2013060300100463,2013년 6월 3일 19시,월요일,대구광역시 북구 고성동3가,중상사고,0,1,0,0,차대차 - 측면직각충돌,안전거리미확보,건조,맑음,단일로 - 기타,화물,남,52세,상해없음,이륜,남,17세,중상
2013060300100464,2013년 6월 3일 19시,월요일,대구광역시 달서구 두류동,경상사고,0,0,1,0,차대차 - 추돌 - 주정차중,안전운전불이행,건조,맑음,교차로 - 교차로부근,승용,여,51세,상해없음,승용,남,21세,경상
2013060300100465,2013년 6월 3일 19시,월요일,대구광역시 달서구 호산동,경상사고,0,0,2,1,차대차 - 측면직각충돌,안전운전불이행,건조,맑음,교차로 - 교차로부근,승용,여,27세,부상신고,승용,남,25세,경상
2013060300100503,2013년 6월 3일 20시,월요일,대구광역시 남구 대명동,경상사고,0,0,1,0,차대차 - 기타,신호위반,건조,맑음,교차로 - 교차로안,화물,남,56세,상해없음,승용,남,30세,경상
2013060300100504,2013년 6월 3일 20시,월요일,대구광역시 동구 율하동,중상사고,0,1,0,0,차대사람 - 횡단중,보행자보호의무위반,건조,맑음,단일로 - 횡단보도상,승용,남,52세,상해없음,보행자,여,21세,중상
2013060300100505,2013년 6월 3일 20시,월요일,대구광역시 동구 신기동,사망사고,1,0,0,0,차대사람 - 횡단중,안전운전불이행,건조,맑음,단일로 - 횡단보도상,화물,남,57세,상해없음,보행자,여,37세,사망
2013060300100506,2013년 6월 3일 20시,월요일,대구광역시 달서구 대천동,중상사고,0,1,0,0,차대차 - 기타,안전거리미확보,건조,맑음,단일로 - 기타,이륜,남,35세,중상,승용,남,60세,상해없음
2013060300100574,2013년 6월 3일 22시,월요일,대구광역시 수성구 만촌동,중상사고,0,1,1,0,차대차 - 추돌 - 진행중,안전운전불이행,건조,맑음,교차로 - 교차로부근,승용,남,35세,상해없음,승용,남,56세,중상
2013060300100575,2013년 6월 3일 22시,월요일,대구광역시 서구 비산동,경상사고,0,0,1,0,차대사람 - 길가장자리구역통행중,안전운전불이행,건조,맑음,단일로 - 기타,승용,남,74세,상해없음,보행자,남,36세,경상
2013060300100576,2013년 6월 3일 22시,월요일,대구광역시 북구 동천동,중상사고,0,1,3,0,차대차 - 측면직각충돌,교차로운행방법위반,건조,맑음,교차로 - 교차로안,승용,남,39세,경상,승용,남,52세,상해없음
2013060300100577,2013년 6월 3일 22시,월요일,대구광역시 북구 태전동,경상사고,0,0,1,0,차대사람 - 횡단중,안전운전불이행,건조,맑음,교차로 - 교차로부근,승용,남,47세,상해없음,보행자,여,22세,경상
2013060400100018,2013년 6월 4일 00시,화요일,대구광역시 달성군 다사읍,경상사고,0,0,1,0,차대차 - 측면직각충돌,중앙선침범,건조,맑음,교차로 - 교차로부근,승용,남,32세,상해없음,승용,남,43세,경상
2013060400100019,2013년 6월 4일 00시,화요일,대구광역시 달서구 감삼동,경상사고,0,0,2,0,차대차 - 추돌 - 진행중,안전운전불이행,건조,맑음,단일로 - 기타,승용,남,20세,상해없음,승용,남,54세,경상
2013060400100058,2013년 6월 4일 04시,화요일,대구광역시 수성구 중동,중상사고,0,1,0,0,차대차 - 기타,안전운전불이행,건조,맑음,단일로 - 기타,승용,여,31세,상해없음,승용,남,52세,중상
2013060400100059,2013년 6월 4일 04시,화요일,대구광역시 달서구 용산동,경상사고,0,0,3,0,차대차 - 측면직각충돌,교차로운행방법위반,건조,맑음,교차로 - 교차로안,승용,남,20세,상해없음,화물,남,51세,경상
2013060400100070,2013년 6월 4일 05시,화요일,대구광역시 중구 수창동,경상사고,0,0,1,0,차대차 - 추돌 - 주정차중,안전운전불이행,건조,맑음,단일로 - 기타,승용,남,27세,상해없음,승합,남,51세,경상
2013060400100082,2013년 6월 4일 06시,화요일,대구광역시 동구 방촌동,중상사고,0,1,0,0,차대차 - 기타,안전운전불이행,건조,맑음,교차로 - 교차로부근,승용,남,54세,상해없음,이륜,남,66세,중상
2013060400100110,2013년 6월 4일 07시,화요일,대구광역시 남구 대명동,경상사고,0,0,1,0,차대차 - 기타,교차로운행방법위반,건조,맑음,교차로 - 교차로안,화물,남,55세,상해없음,자전거,남,16세,경상
2013060400100111,2013년 6월 4일 07시,화요일,대구광역시 북구 복현동,경상사고,0,0,1,0,차대사람 - 기타,안전운전불이행,건조,맑음,단일로 - 기타,기타불명,기타불명,기타불명,기타불명,보행자,남,15세,경상
2013060400100150,2013년 6월 4일 08시,화요일,대구광역시 달서구 이곡동,경상사고,0,0,1,0,차대차 - 측면직각충돌,안전운전불이행,건조,맑음,단일로 - 기타,승용,남,54세,상해없음,자전거,남,75세,경상
2013060400100173,2013년 6월 4일 09시,화요일,대구광역시 수성구 중동,중상사고,0,1,0,0,차대차 - 측면직각충돌,안전운전불이행,건조,맑음,교차로 - 교차로부근,승용,여,42세,상해없음,자전거,남,86세,중상
2013060400100174,2013년 6월 4일 09시,화요일,대구광역시 달서구 본동,사망사고,1,0,0,0,차대사람 - 기타,보행자보호의무위반,건조,맑음,단일로 - 횡단보도상,승용,남,34세,상해없음,보행자,남,86세,사망
2013060400100217,2013년 6월 4일 11시,화요일,대구광역시 동구 신암동,경상사고,0,0,1,0,차대차 - 추돌 - 진행중,안전거리미확보,건조,맑음,단일로 - 횡단보도상,화물,남,58세,상해없음,화물,남,47세,경상
2013060400100218,2013년 6월 4일 11시,화요일,대구광역시 수성구 두산동,경상사고,0,0,1,0,차대차 - 측면직각충돌,안전운전불이행,건조,맑음,단일로 - 기타,승용,남,45세,상해없음,자전거,남,61세,경상
2013060400100249,2013년 6월 4일 12시,화요일,대구광역시 동구 신천동,경상사고,0,0,1,0,차대사람 - 기타,안전운전불이행,건조,맑음,교차로 - 교차로안,승용,여,44세,상해없음,보행자,여,75세,경상
2013060400100276,2013년 6월 4일 13시,화요일,대구광역시 남구 봉덕동,경상사고,0,0,3,0,차대차 - 기타,안전거리미확보,건조,맑음,단일로 - 기타,승용,여,73세,경상,승용,남,54세,경상
2013060400100297,2013년 6월 4일 14시,화요일,대구광역시 달서구 송현동,경상사고,0,0,2,0,차대차 - 기타,기타,건조,맑음,단일로 - 기타,화물,남,34세,상해없음,승용,여,35세,경상
2013060400100298,2013년 6월 4일 14시,화요일,대구광역시 달서구 월성동,중상사고,0,1,0,0,차대사람 - 기타,안전운전불이행,건조,맑음,단일로 - 기타,승용,여,44세,상해없음,보행자,남,11세,중상
2013060400100299,2013년 6월 4일 14시,화요일,대구광역시 달서구 호림동,경상사고,0,0,1,0,차대차 - 측면직각충돌,안전거리미확보,건조,맑음,단일로 - 기타,승용,여,34세,상해없음,이륜,남,32세,경상
2013060400100321,2013년 6월 4일 15시,화요일,대구광역시 동구 신암동,부상신고사고,0,0,0,1,차대차 - 기타,안전운전불이행,건조,맑음,단일로 - 기타,승합,남,56세,상해없음,자전거,남,50세,부상신고
2013060400100353,2013년 6월 4일 16시,화요일,대구광역시 남구 대명동,경상사고,0,0,2,0,차대차 - 측면직각충돌,교차로운행방법위반,건조,맑음,교차로 - 교차로안,화물,남,36세,상해없음,자전거,남,13세,경상
2013060400100354,2013년 6월 4일 16시,화요일,대구광역시 수성구 중동,부상신고사고,0,0,0,1,차대차 - 기타,안전운전불이행,건조,맑음,단일로 - 기타,승용,남,42세,상해없음,자전거,남,73세,부상신고
2013060400100355,2013년 6월 4일 16시,화요일,대구광역시 서구 평리동,경상사고,0,0,1,0,차대사람 - 기타,안전운전불이행,건조,맑음,단일로 - 기타,승용,여,21세,상해없음,보행자,남,71세,경상
2013060400100434,2013년 6월 4일 18시,화요일,대구광역시 달서구 진천동,경상사고,0,0,1,0,차대차 - 측면직각충돌,안전거리미확보,건조,맑음,교차로 - 교차로부근,승용,남,41세,상해없음,승용,여,40세,경상
2013060400100435,2013년 6월 4일 18시,화요일,대구광역시 달서구 월성동,중상사고,0,1,0,0,차대사람 - 기타,안전운전불이행,건조,맑음,단일로 - 기타,승용,남,57세,상해없음,보행자,여,63세,중상
2013060400100436,2013년 6월 4일 18시,화요일,대구광역시 서구 평리동,중상사고,0,1,0,0,차대차 - 측면직각충돌,안전운전불이행,건조,맑음,단일로 - 기타,승용,남,50세,상해없음,자전거,남,50세,중상
2013060400100437,2013년 6월 4일 18시,화요일,대구광역시 북구 태전동,부상신고사고,0,0,0,1,차대사람 - 횡단중,안전운전불이행,건조,맑음,단일로 - 기타,승용,여,47세,상해없음,보행자,남,45세,부상신고
2013060400100438,2013년 6월 4일 18시,화요일,대구광역시 북구 읍내동,경상사고,0,0,2,0,차대차 - 정면충돌,차로위반,건조,맑음,단일로 - 횡단보도부근,승용,남,57세,상해없음,승용,남,34세,경상
2013060400100461,2013년 6월 4일 19시,화요일,대구광역시 동구 금강동,중상사고,0,1,0,0,차대차 - 측면직각충돌,직진우회전진행방해,건조,맑음,교차로 - 교차로안,화물,남,66세,상해없음,원동기,남,65세,중상
2013060400100462,2013년 6월 4일 19시,화요일,대구광역시 북구 칠성동1가,부상신고사고,0,0,0,1,차대차 - 기타,중앙선침범,건조,맑음,교차로 - 교차로안,자전거,여,56세,부상신고,승용,여,32세,상해없음
2013060400100508,2013년 6월 4일 20시,화요일,대구광역시 달서구 진천동,중상사고,0,1,0,0,차대사람 - 기타,보행자보호의무위반,건조,맑음,교차로 - 교차로안,승용,여,36세,상해없음,보행자,여,29세,중상
2013060400100509,2013년 6월 4일 20시,화요일,대구광역시 달서구 두류동,경상사고,0,0,1,0,차대차 - 기타,안전운전불이행,건조,맑음,교차로 - 교차로안,승용,남,58세,상해없음,이륜,남,19세,경상
2013060400100531,2013년 6월 4일 21시,화요일,대구광역시 동구 신천동,중상사고,0,1,0,0,차대차 - 기타,신호위반,건조,맑음,교차로 - 교차로안,화물,남,54세,상해없음,승용,남,49세,중상
2013060400100532,2013년 6월 4일 21시,화요일,대구광역시 수성구 두산동,중상사고,0,1,3,0,차대차 - 추돌 - 주정차중,안전운전불이행,건조,맑음,단일로 - 기타,승용,남,42세,상해없음,원동기,남,31세,중상
2013060400100533,2013년 6월 4일 21시,화요일,대구광역시 서구 내당동,경상사고,0,0,1,0,차대차 - 정면충돌,신호위반,건조,맑음,교차로 - 교차로안,자전거,남,21세,경상,승용,남,53세,상해없음
2013060400100534,2013년 6월 4일 21시,화요일,대구광역시 달서구 본리동,경상사고,0,0,1,0,차대사람 - 기타,안전운전불이행,건조,맑음,단일로 - 기타,승용,남,52세,상해없음,보행자,남,48세,경상
2013060400100535,2013년 6월 4일 21시,화요일,대구광역시 북구 읍내동,경상사고,0,0,1,0,차대차 - 추돌 - 진행중,안전운전불이행,건조,맑음,단일로 - 기타,승용,남,52세,상해없음,이륜,남,17세,경상
2013060400100554,2013년 6월 4일 22시,화요일,대구광역시 달서구 상인동,경상사고,0,0,1,0,차대차 - 측면직각충돌,안전운전불이행,건조,맑음,기타 - 기타,승용,여,61세,상해없음,승용,여,29세,경상
2013060400100555,2013년 6월 4일 22시,화요일,대구광역시 북구 침산동,경상사고,0,0,5,0,차대차 - 추돌 - 주정차중,안전운전불이행,건조,맑음,단일로 - 기타,승용,남,19세,상해없음,승용,남,33세,경상
2013060400100581,2013년 6월 4일 23시,화요일,대구광역시 북구 태전동,중상사고,0,1,0,0,차대차 - 측면직각충돌,신호위반,건조,맑음,교차로 - 교차로안,승용,여,42세,상해없음,승용,남,65세,상해없음
2013060500100054,2013년 6월 5일 02시,수요일,대구광역시 달서구 신당동,경상사고,0,0,1,0,차대사람 - 기타,안전운전불이행,건조,맑음,단일로 - 기타,승용,여,55세,상해없음,보행자,남,18세,경상
2013060500100060,2013년 6월 5일 03시,수요일,대구광역시 달성군 논공읍,사망사고,1,0,0,0,차량단독 - 공작물충돌,안전운전불이행,건조,맑음,교차로 - 교차로안,화물,남,52세,사망,,,,
2013060500100127,2013년 6월 5일 07시,수요일,대구광역시 북구 산격동,경상사고,0,0,1,0,차대차 - 기타,안전운전불이행,건조,맑음,단일로 - 기타,기타불명,기타불명,기타불명,기타불명,자전거,남,14세,경상
2013060500100128,2013년 6월 5일 07시,수요일,대구광역시 달서구 감삼동,경상사고,0,0,2,0,차대차 - 추돌 - 진행중,안전운전불이행,건조,맑음,단일로 - 기타,승용,남,50세,경상,승용,남,45세,상해없음
2013060500100162,2013년 6월 5일 08시,수요일,대구광역시 동구 지저동,중상사고,0,1,0,0,차대차 - 추돌 - 진행중,안전운전불이행,건조,맑음,단일로 - 기타,기타불명,기타불명,기타불명,기타불명,자전거,여,54세,중상
2013060500100163,2013년 6월 5일 08시,수요일,대구광역시 서구 비산동,중상사고,0,1,0,0,차대사람 - 횡단중,보행자보호의무위반,건조,맑음,단일로 - 횡단보도상,승용,남,36세,상해없음,보행자,여,50세,중상