사고번호,사고일시,요일,시군구,사고내용,사망자수,중상자수,경상자수,부상신고자수,사고유형,법규위반,노면상태,기상상태,도로형태,가해운전자 차종,가해운전자 성별,가해운전자 연령,가해운전자 상해정도,피해운전자 차종,피해운전자 성별,피해운전자 연령,피해운전자 상해정도
2013060800100293,2013년 6월 8일 12시,토요일,대구광역시 동구 신천동,경상사고,0,0,2,1,차대차 - 기타,교차로운행방법위반,건조,맑음,교차로 - 교차로안,승용,남,71세,상해없음,승용,남,31세,경상
2013060800100328,2013년 6월 8일 13시,토요일,대구광역시 남구 대명동,중상사고,0,1,0,0,차대차 - 측면직각충돌,교차로운행방법위반,건조,맑음,교차로 - 교차로안,승용,남,32세,상해없음,자전거,여,52세,중상
2013060800100329,2013년 6월 8일 13시,토요일,대구광역시 수성구 만촌동,중상사고,0,1,3,0,차대차 - 추돌 - 진행중,안전운전불이행,건조,맑음,단일로 - 기타,화물,남,24세,상해없음,승용,여,39세,중상
2013060800100330,2013년 6월 8일 13시,토요일,대구광역시 수성구 중동,중상사고,0,1,0,0,차대차 - 기타,안전운전불이행,건조,맑음,단일로 - 횡단보도상,승용,남,53세,상해없음,자전거,남,73세,중상
2013060800100362,2013년 6월 8일 14시,토요일,대구광역시 달서구 도원동,경상사고,0,0,1,0,차대차 - 기타,안전운전불이행,건조,맑음,단일로 - 기타,승용,남,33세,상해없음,승용,남,43세,경상
2013060800100363,2013년 6월 8일 14시,토요일,대구광역시 달서구 용산동,경상사고,0,0,2,0,차대차 - 추돌 - 진행중,안전운전불이행,건조,맑음,기타 - 기타,이륜,남,22세,경상,승용,여,34세,상해없음
2013060800100386,2013년 6월 8일 15시,토요일,대구광역시 달성군 현풍면,중상사고,0,1,1,0,차대차 - 측면직각충돌,안전거리미확보,건조,맑음,단일로 - 기타,승용,여,41세,상해없음,화물,남,52세,경상
2013060800100390,2013년 6월 8일 15시,토요일,대구광역시 동구 검사동,중상사고,0,1,0,0,차대사람 - 기타,교차로운행방법위반,습기,비,교차로 - 교차로안,승용,남,61세,상해없음,보행자,남,76세,중상
2013060800100416,2013년 6월 8일 16시,토요일,대구광역시 달서구 월성동,경상사고,0,0,1,0,차대사람 - 횡단중,보행자보호의무위반,건조,맑음,단일로 - 횡단보도상,승용,남,35세,상해없음,보행자,여,7세,경상
2013060800100417,2013년 6월 8일 16시,토요일,대구광역시 북구 칠성동2가,경상사고,0,0,1,0,차대사람 - 기타,기타,건조,맑음,단일로 - 기타,기타불명,여,85세,상해없음,보행자,남,59세,경상
2013060800100418,2013년 6월 8일 16시,토요일,대구광역시 북구 구암동,경상사고,0,0,1,0,차대차 - 측면직각충돌,직진우회전진행방해,건조,맑음,교차로 - 교차로안,승용,남,39세,상해없음,이륜,여,38세,경상
2013060800100444,2013년 6월 8일 17시,토요일,대구광역시 중구 사일동,경상사고,0,0,1,0,차대차 - 기타,안전거리미확보,건조,맑음,단일로 - 기타,승용,남,57세,상해없음,승용,남,61세,경상
2013060800100471,2013년 6월 8일 18시,토요일,대구광역시 달서구 성당동,중상사고,0,1,1,0,차대차 - 추돌 - 주정차중,안전운전불이행,건조,맑음,단일로 - 기타,이륜,남,16세,경상,화물,남,49세,기타불명
2013060800100494,2013년 6월 8일 19시,토요일,대구광역시 달서구 진천동,경상사고,0,0,4,0,차대차 - 정면충돌,직진우회전진행방해,건조,맑음,교차로 - 교차로안,승용,남,50세,상해없음,승용,남,20세,상해없음
2013060800100525,2013년 6월 8일 20시,토요일,대구광역시 북구 고성동1가,경상사고,0,0,1,0,차대사람 - 기타,안전운전불이행,건조,맑음,교차로 - 교차로부근,승용,여,28세,상해없음,보행자,여,27세,경상
2013060800100526,2013년 6월 8일 20시,토요일,대구광역시 북구 침산동,경상사고,0,0,2,0,차대사람 - 횡단중,안전운전불이행,건조,맑음,교차로 - 교차로부근,승용,남,55세,상해없음,보행자,여,14세,경상
2013060800100527,2013년 6월 8일 20시,토요일,대구광역시 중구 남산동,경상사고,0,0,2,0,차대차 - 측면직각충돌,안전운전불이행,건조,맑음,단일로 - 기타,자전거,여,66세,경상,이륜,남,25세,경상
2013060800100552,2013년 6월 8일 21시,토요일,대구광역시 중구 동인동4가,경상사고,0,0,2,0,차대차 - 측면직각충돌,안전운전불이행,건조,맑음,단일로 - 기타,승용,여,48세,상해없음,승용,남,31세,경상
2013060800100553,2013년 6월 8일 21시,토요일,대구광역시 중구 삼덕동2가,경상사고,0,0,1,0,차대사람 - 기타,안전운전불이행,건조,맑음,단일로 - 기타,자전거,남,27세,상해없음,보행자,여,26세,경상
2013060800100554,2013년 6월 8일 21시,토요일,대구광역시 달서구 두류동,경상사고,0,0,2,0,차대차 - 추돌 - 진행중,안전거리미확보,건조,맑음,단일로 - 기타,승용,남,43세,상해없음,승용,남,27세,경상
2013060800100601,2013년 6월 8일 23시,토요일,대구광역시 북구 복현동,경상사고,0,0,3,0,차대차 - 추돌 - 주정차중,안전운전불이행,건조,맑음,단일로 - 기타,승용,남,46세,상해없음,승용,남,31세,경상
2013060900100017,2013년 6월 9일 00시,일요일,대구광역시 북구 노원동1가,중상사고,0,1,2,0,차대차 - 측면직각충돌,신호위반,건조,맑음,교차로 - 교차로안,이륜,남,49세,중상,승용,남,46세,경상
2013060900100018,2013년 6월 9일 00시,일요일,대구광역시 중구 삼덕동1가,경상사고,0,0,1,0,차대사람 - 기타,안전운전불이행,건조,맑음,교차로 - 교차로부근,승용,기타불명,기타불명,기타불명,보행자,남,25세,경상
2013060900100019,2013년 6월 9일 00시,일요일,대구광역시 달서구 본리동,중상사고,0,1,1,0,차대차 - 기타,신호위반,건조,맑음,교차로 - 교차로안,승용,남,62세,상해없음,승용,남,56세,경상
2013060900100036,2013년 6월 9일 01시,일요일,대구광역시 남구 대명동,경상사고,0,0,4,0,차대차 - 기타,안전운전불이행,건조,맑음,단일로 - 기타,승용,남,28세,상해없음,승용,남,40세,경상
2013060900100037,2013년 6월 9일 01시,일요일,대구광역시 수성구 상동,경상사고,0,0,2,0,차대차 - 추돌 - 주정차중,안전운전불이행,건조,맑음,교차로 - 교차로부근,승용,남,32세,상해없음,승용,남,33세,경상
2013060900100109,2013년 6월 9일 07시,일요일,대구광역시 수성구 신매동,중상사고,0,1,1,0,차대차 - 정면충돌,중앙선침범,건조,맑음,교차로 - 교차로부근,승용,남,29세,중상,승용,남,33세,경상
2013060900100110,2013년 6월 9일 07시,일요일,대구광역시 달성군 구지면,중상사고,0,1,0,0,차대차 - 정면충돌,중앙선침범,건조,맑음,단일로 - 기타,승용,남,44세,상해없음,화물,남,47세,중상
2013060900100111,2013년 6월 9일 07시,일요일,대구광역시 중구 동산동,경상사고,0,0,3,0,차대차 - 추돌 - 주정차중,안전운전불이행,건조,맑음,단일로 - 기타,승용,남,41세,상해없음,승용,남,68세,경상
2013060900100143,2013년 6월 9일 09시,일요일,대구광역시 달서구 도원동,경상사고,0,0,2,0,차대차 - 측면직각충돌,직진우회전진행방해,건조,맑음,교차로 - 교차로안,승용,여,50세,경상,승용,남,60세,경상
2013060900100144,2013년 6월 9일 09시,일요일,대구광역시 달성군 옥포면,중상사고,0,1,0,0,차대차 - 기타,안전운전불이행,건조,맑음,단일로 - 기타,승용,여,46세,상해없음,자전거,여,51세,중상
2013060900100145,2013년 6월 9일 09시,일요일,대구광역시 달서구 본리동,경상사고,0,0,1,0,차대차 - 정면충돌,안전운전불이행,건조,맑음,단일로 - 기타,승용,남,23세,상해없음,이륜,남,41세,경상
2013060900100146,2013년 6월 9일 09시,일요일,대구광역시 달서구 용산동,경상사고,0,0,1,0,차대차 - 추돌 - 주정차중,안전거리미확보,건조,맑음,단일로 - 기타,승용,남,28세,상해없음,승용,남,32세,경상
2013060900100174,2013년 6월 9일 10시,일요일,대구광역시 수성구 만촌동,중상사고,0,1,0,0,차량단독 - 기타,안전운전불이행,건조,맑음,단일로 - 기타,승합,남,57세,상해없음,,,,
2013060900100197,2013년 6월 9일 11시,일요일,대구광역시 달서구 대천동,경상사고,0,0,1,0,차대차 - 측면직각충돌,교차로운행방법위반,건조,맑음,교차로 - 교차로안,승용,남,41세,상해없음,자전거,남,55세,경상
2013060900100212,2013년 6월 9일 12시,일요일,대구광역시 동구 신천동,경상사고,0,0,2,0,차대차 - 기타,안전운전불이행,건조,맑음,단일로 - 기타,승용,남,53세,상해없음,승용,남,70세,경상
2013060900100213,2013년 6월 9일 12시,일요일,대구광역시 달성군 논공읍,경상사고,0,0,3,0,차대차 - 기타,안전운전불이행,건조,맑음,교차로 - 교차로안,승용,남,53세,상해없음,승용,남,29세,경상
2013060900100265,2013년 6월 9일 14시,일요일,대구광역시 동구 불로동,경상사고,0,0,3,0,차대차 - 기타,신호위반,건조,맑음,교차로 - 교차로안,화물,남,25세,상해없음,승용,남,26세,경상
2013060900100286,2013년 6월 9일 15시,일요일,대구광역시 서구 원대동1가,중상사고,0,1,0,0,차대차 - 기타,안전운전불이행,건조,맑음,단일로 - 기타,화물,남,44세,상해없음,원동기,남,70세,중상
2013060900100312,2013년 6월 9일 16시,일요일,대구광역시 서구 평리동,중상사고,0,1,0,0,차대차 - 기타,안전거리미확보,건조,맑음,단일로 - 횡단보도부근,승용,남,43세,상해없음,이륜,남,16세,중상
2013060900100343,2013년 6월 9일 17시,일요일,대구광역시 동구 동호동,경상사고,0,0,1,0,차대차 - 기타,안전거리미확보,건조,맑음,단일로 - 기타,승용,남,33세,상해없음,승용,남,28세,경상
2013060900100344,2013년 6월 9일 17시,일요일,대구광역시 북구 복현동,경상사고,0,0,1,0,차대차 - 추돌 - 진행중,안전거리미확보,건조,맑음,단일로 - 기타,승용,남,47세,상해없음,승용,여,43세,경상
2013060900100345,2013년 6월 9일 17시,일요일,대구광역시 서구 비산동,경상사고,0,0,1,0,차대차 - 측면직각충돌,교차로운행방법위반,건조,맑음,교차로 - 교차로안,이륜,남,45세,상해없음,승용,여,49세,상해없음
2013060900100375,2013년 6월 9일 18시,일요일,대구광역시 달서구 상인동,중상사고,0,1,1,0,차대차 - 측면직각충돌,차로위반,건조,맑음,단일로 - 기타,승용,남,60세,상해없음,원동기,남,48세,중상
2013060900100402,2013년 6월 9일 19시,일요일,대구광역시 서구 비산동,경상사고,0,0,1,0,차대차 - 측면직각충돌,교차로운행방법위반,건조,맑음,교차로 - 교차로안,승용,남,43세,상해없음,이륜,남,42세,경상
2013060900100430,2013년 6월 9일 20시,일요일,대구광역시 달성군 유가면,중상사고,0,1,0,0,차대차 - 추돌 - 진행중,안전거리미확보,건조,맑음,단일로 - 기타,승용,여,22세,상해없음,농기계,남,52세,중상
2013060900100431,2013년 6월 9일 20시,일요일,대구광역시 북구 산격동,중상사고,0,1,0,0,차량단독 - 공작물충돌,안전운전불이행,건조,맑음,교차로 - 교차로부근,승용,남,54세,중상,,,,
2013060900100452,2013년 6월 9일 21시,일요일,대구광역시 달서구 도원동,중상사고,0,1,0,0,차대사람 - 기타,안전운전불이행,건조,맑음,단일로 - 기타,승용,남,42세,상해없음,보행자,남,49세,중상
2013060900100453,2013년 6월 9일 21시,일요일,대구광역시 달서구 도원동,경상사고,0,0,2,0,차대차 - 측면직각충돌,안전운전불이행,건조,맑음,기타 - 기타,승용,남,19세,상해없음,승용,남,25세,경상
2013060900100454,2013년 6월 9일 21시,일요일,대구광역시 중구 남성로,경상사고,0,0,2,0,차대차 - 추돌 - 주정차중,안전운전불이행,건조,맑음,단일로 - 기타,승용,남,38세,상해없음,승용,여,30세,경상
2013060900100455,2013년 6월 9일 21시,일요일,대구광역시 달서구 성당동,경상사고,0,0,1,0,차대사람 - 기타,안전운전불이행,건조,맑음,단일로 - 기타,승용,남,52세,상해없음,보행자,남,19세,경상
2013060900100508,2013년 6월 9일 23시,일요일,대구광역시 달서구 두류동,중상사고,0,1,0,0,차대차 - 측면직각충돌,안전거리미확보,건조,맑음,교차로 - 교차로안,원동기,남,81세,중상,승용,남,55세,상해없음
2013061000100013,2013년 6월 10일 00시,월요일,대구광역시 서구 비산동,경상사고,0,0,1,0,차대차 - 기타,안전운전불이행,건조,맑음,교차로 - 교차로부근,이륜,남,45세,경상,승용,남,45세,상해없음
2013061000100029,2013년 6월 10일 01시,월요일,대구광역시 북구 팔달동,경상사고,0,0,1,1,차대차 - 추돌 - 진행중,안전운전불이행,건조,맑음,단일로 - 기타,승용,여,30세,상해없음,승용,남,19세,경상
2013061000100043,2013년 6월 10일 03시,월요일,대구광역시 북구 읍내동,경상사고,0,0,2,0,차대차 - 기타,안전운전불이행,건조,맑음,교차로 - 교차로안,화물,남,44세,상해없음,승용,남,40세,경상
2013061000100109,2013년 6월 10일 07시,월요일,대구광역시 달서구 상인동,중상사고,0,1,0,0,차대차 - 측면직각충돌,안전운전불이행,건조,맑음,교차로 - 교차로안,승용,여,47세,상해없음,자전거,남,39세,중상
2013061000100110,2013년 6월 10일 07시,월요일,대구광역시 달서구 월성동,경상사고,0,0,2,0,차대차 - 추돌 - 주정차중,안전운전불이행,건조,맑음,단일로 - 기타,승용,남,58세,상해없음,승용,여,32세,경상
2013061000100111,2013년 6월 10일 07시,월요일,대구광역시 달서구 송현동,중상사고,0,1,0,0,차대차 - 기타,불법유턴,건조,맑음,교차로 - 교차로안,이륜,남,24세,중상,화물,남,24세,상해없음
2013061000100112,2013년 6월 10일 07시,월요일,대구광역시 중구 태평로3가,사망사고,1,0,0,0,차대사람 - 기타,보행자보호의무위반,건조,맑음,단일로 - 횡단보도상,건설기계,남,50세,상해없음,보행자,여,17세,사망
2013061000100113,2013년 6월 10일 07시,월요일,대구광역시 중구 달성동,중상사고,0,1,0,0,차대차 - 측면직각충돌,안전운전불이행,건조,맑음,단일로 - 기타,화물,남,57세,상해없음,이륜,남,73세,중상
2013061000100114,2013년 6월 10일 07시,월요일,대구광역시 달서구 두류동,경상사고,0,0,1,0,차대사람 - 길가장자리구역통행중,안전운전불이행,건조,맑음,단일로 - 기타,기타불명,기타불명,기타불명,기타불명,보행자,여,17세,경상
2013061000100172,2013년 6월 10일 08시,월요일,대구광역시 동구 지저동,중상사고,0,1,0,0,차대차 - 기타,안전운전불이행,건조,맑음,단일로 - 기타,승용,여,40세,상해없음,자전거,남,65세,중상
2013061000100207,2013년 6월 10일 09시,월요일,대구광역시 남구 봉덕동,경상사고,0,0,1,0,차대차 - 기타,교차로운행방법위반,건조,맑음,교차로 - 교차로안,승용,여,62세,상해없음,승용,남,53세,상해없음
2013061000100208,2013년 6월 10일 09시,월요일,대구광역시 수성구 파동,경상사고,0,0,2,0,차대차 - 추돌 - 진행중,안전거리미확보,건조,맑음,단일로 - 기타,승용,여,31세,상해없음,승용,남,43세,경상
2013061000100209,2013년 6월 10일 09시,월요일,대구광역시 서구 평리동,경상사고,0,0,1,0,차대차 - 측면직각충돌,기타,건조,맑음,단일로 - 기타,승용,남,64세,상해없음,자전거,남,43세,경상
2013061000100210,2013년 6월 10일 09시,월요일,대구광역시 북구 태전동,중상사고,0,1,1,0,차대차 - 기타,안전운전불이행,건조,맑음,단일로 - 기타,승용,남,31세,상해없음,승합,남,62세,상해없음
2013061000100233,2013년 6월 10일 10시,월요일,대구광역시 달성군 화원읍,경상사고,0,0,1,0,차대사람 - 기타,신호위반,건조,맑음,교차로 - 교차로안,승용,여,40세,상해없음,보행자,여,42세,경상
2013061000100234,2013년 6월 10일 10시,월요일,대구광역시 서구 중리동,경상사고,0,0,1,0,차대차 - 측면직각충돌,교차로운행방법위반,건조,맑음,교차로 - 교차로안,이륜,남,65세,경상,승용,남,64세,상해없음
2013061000100287,2013년 6월 10일 12시,월요일,대구광역시 수성구 범어동,경상사고,0,0,1,0,차대차 - 기타,안전운전불이행,건조,맑음,단일로 - 기타,승용,남,52세,상해없음,이륜,남,56세,경상
2013061000100288,2013년 6월 10일 12시,월요일,대구광역시 수성구 범어동,중상사고,0,1,0,0,차량단독 - 기타,안전운전불이행,건조,맑음,단일로 - 기타,승합,남,52세,상해없음,,,,
2013061000100289,2013년 6월 10일 12시,월요일,대구광역시 달서구 송현동,중상사고,0,1,0,0,차대차 - 측면직각충돌,신호위반,건조,맑음,교차로 - 교차로안,이륜,남,39세,중상,승용,남,65세,상해없음
2013061000100315,2013년 6월 10일 13시,월요일,대구광역시 동구 신천동,중상사고,0,7,23,2,차대차 - 기타,안전운전불이행,건조,맑음,단일로 - 기타,승합,남,43세,상해없음,승합,남,53세,경상
2013061000100316,2013년 6월 10일 13시,월요일,대구광역시 달서구 성당동,경상사고,0,0,1,0,차대차 - 기타,직진우회전진행방해,건조,맑음,교차로 - 교차로안,승용,남,24세,상해없음,원동기,남,44세,경상
2013061000100344,2013년 6월 10일 14시,월요일,대구광역시 동구 서호동,중상사고,0,1,0,0,차대차 - 추돌 - 진행중,안전운전불이행,건조,맑음,교차로 - 교차로부근,승용,남,43세,상해없음,승용,여,50세,중상
2013061000100345,2013년 6월 10일 14시,월요일,대구광역시 북구 복현동,경상사고,0,0,1,0,차대사람 - 보도통행중,기타,건조,맑음,단일로 - 기타,이륜,기타불명,기타불명,기타불명,보행자,여,9세,경상
2013061000100385,2013년 6월 10일 15시,월요일,대구광역시 수성구 중동,중상사고,0,1,0,0,차대차 - 측면직각충돌,안전운전불이행,건조,맑음,단일로 - 기타,승용,남,20세,상해없음,이륜,남,57세,중상
2013061000100421,2013년 6월 10일 16시,월요일,대구광역시 남구 대명동,경상사고,0,0,1,0,차대사람 - 기타,보행자보호의무위반,건조,맑음,단일로 - 횡단보도상,기타불명,기타불명,기타불명,기타불명,보행자,여,59세,경상
2013061000100422,2013년 6월 10일 16시,월요일,대구광역시 달서구 두류동,중상사고,0,1,0,0,차대차 - 정면충돌,안전운전불이행,건조,맑음,교차로 - 교차로부근,승용,남,24세,상해없음,이륜,남,26세,중상
2013061000100452,2013년 6월 10일 17시,월요일,대구광역시 동구 신암동,경상사고,0,0,2,0,차대차 - 측면직각충돌,안전거리미확보,건조,맑음,단일로 - 기타,승용,남,58세,상해없음,승용,남,54세,경상
2013061000100453,2013년 6월 10일 17시,월요일,대구광역시 수성구 매호동,중상사고,0,1,0,0,차대차 - 기타,안전운전불이행,건조,맑음,단일로 - 기타,승용,남,51세,상해없음,자전거,남,7세,중상
2013061000100454,2013년 6월 10일 17시,월요일,대구광역시 서구 원대동1가,중상사고,0,1,0,0,차대사람 - 기타,기타,건조,맑음,단일로 - 기타,승합,남,49세,상해없음,보행자,여,72세,중상
2013061000100496,2013년 6월 10일 18시,월요일,대구광역시 달서구 용산동,경상사고,0,0,1,0,차대차 - 기타,안전운전불이행,건조,맑음,교차로 - 교차로부근,자전거,남,23세,경상,승용,여,35세,상해없음
2013061000100523,2013년 6월 10일 19시,월요일,대구광역시 동구 검사동,중상사고,0,1,0,0,차대차 - 기타,안전운전불이행,건조,맑음,단일로 - 횡단보도상,승용,여,45세,상해없음,자전거,남,24세,중상
2013061000100524,2013년 6월 10일 19시,월요일,대구광역시 달서구 두류동,경상사고,0,0,1,0,차대차 - 추돌 - 주정차중,안전운전불이행,건조,맑음,단일로 - 기타,승용,남,66세,상해없음,승용,남,55세,경상
2013061000100561,2013년 6월 10일 20시,월요일,대구광역시 서구 비산동,경상사고,0,0,1,0,차대사람 - 횡단중,보행자보호의무위반,건조,맑음,단일로 - 횡단보도상,원동기,남,52세,상해없음,보행자,여,64세,경상
2013061000100582,2013년 6월 10일 21시,월요일,대구광역시 달서구 상인동,중상사고,0,1,0,0,차대차 - 측면직각충돌,안전운전불이행,건조,맑음,단일로 - 기타,자전거,남,39세,중상,화물,남,25세,기타불명
2013061000100583,2013년 6월 10일 21시,월요일,대구광역시 북구 서변동,경상사고,0,0,1,0,차대차 - 기타,안전운전불이행,건조,맑음,단일로 - 기타,화물,남,58세,상해없음,승용,남,35세,경상
2013061000100612,2013년 6월 10일 22시,월요일,대구광역시 달서구 송현동,중상사고,0,1,0,0,차대사람 - 기타,안전운전불이행,건조,맑음,교차로 - 교차로부근,승용,남,48세,상해없음,보행자,남,52세,중상
2013061000100641,2013년 6월 10일 23시,월요일,대구광역시 달서구 유천동,경상사고,0,0,1,0,차대사람 - 기타,안전운전불이행,건조,맑음,단일로 - 기타,승용,남,43세,상해없음,보행자,남,58세,경상
2013061100100034,2013년 6월 11일 02시,화요일,대구광역시 수성구 황금동,중상사고,0,1,1,0,차대차 - 기타,신호위반,건조,맑음,교차로 - 교차로안,이륜,남,18세,상해없음,이륜,남,32세,중상
2013061100100093,2013년 6월 11일 07시,화요일,대구광역시 남구 대명동,경상사고,0,0,1,0,차량단독 - 공작물충돌,안전운전불이행,건조,맑음,단일로 - 기타,화물,남,28세,경상,,,,
2013061100100094,2013년 6월 11일 07시,화요일,대구광역시 동구 입석동,중상사고,0,1,0,0,차대차 - 기타,안전운전불이행,건조,맑음,기타 - 기타,승용,남,52세,상해없음,자전거,남,32세,중상
2013061100100095,2013년 6월 11일 07시,화요일,대구광역시 동구 지묘동,중상사고,0,1,0,0,차대차 - 기타,안전운전불이행,건조,맑음,교차로 - 교차로부근,승용,여,50세,상해없음,승용,여,53세,중상
2013061100100096,2013년 6월 11일 07시,화요일,대구광역시 달서구 이곡동,경상사고,0,0,1,0,차대차 - 기타,안전운전불이행,건조,맑음,단일로 - 기타,승용,남,23세,상해없음,승용,남,49세,경상
2013061100100121,2013년 6월 11일 08시,화요일,대구광역시 동구 신기동,경상사고,0,0,1,0,차대사람 - 횡단중,보행자보호의무위반,건조,맑음,교차로 - 교차로안,기타불명,기타불명,기타불명,기타불명,보행자,남,13세,경상
2013061100100122,2013년 6월 11일 08시,화요일,대구광역시 달성군 화원읍,중상사고,0,1,0,0,차대사람 - 횡단중,보행자보호의무위반,건조,맑음,교차로 - 교차로안,건설기계,남,43세,상해없음,보행자,남,8세,중상
2013061100100150,2013년 6월 11일 09시,화요일,대구광역시 달서구 월성동,중상사고,0,2,4,0,차대차 - 추돌 - 주정차중,안전운전불이행,건조,맑음,단일로 - 기타,승용,남,70세,중상,승용,남,34세,중상
2013061100100179,2013년 6월 11일 10시,화요일,대구광역시 동구 율하동,경상사고,0,0,1,0,차대차 - 추돌 - 진행중,안전거리미확보,건조,흐림,단일로 - 기타,승용,남,54세,상해없음,승용,남,37세,경상
2013061100100180,2013년 6월 11일 10시,화요일,대구광역시 동구 효목동,중상사고,0,1,0,0,차대차 - 기타,안전운전불이행,건조,맑음,단일로 - 기타,승용,여,40세,상해없음,화물,남,42세,중상
2013061100100181,2013년 6월 11일 10시,화요일,대구광역시 서구 내당동,중상사고,0,1,0,0,차대차 - 측면직각충돌,신호위반,건조,맑음,교차로 - 교차로안,화물,남,43세,상해없음,승용,남,46세,중상
2013061100100199,2013년 6월 11일 11시,화요일,대구광역시 북구 읍내동,경상사고,0,0,1,0,차대차 - 측면직각충돌,안전운전불이행,건조,맑음,기타 - 기타,승용,남,57세,상해없음,이륜,남,26세,경상
2013061100100230,2013년 6월 11일 12시,화요일,대구광역시 달성군 다사읍,경상사고,0,0,1,0,차량단독 - 전도전복,안전운전불이행,건조,흐림,교차로 - 교차로부근,자전거,남,40세,경상,,,,
2013061100100253,2013년 6월 11일 13시,화요일,대구광역시 수성구 상동,경상사고,0,0,2,0,차대차 - 추돌 - 주정차중,안전운전불이행,건조,맑음,단일로 - 기타,승용,남,73세,상해없음,승용,여,56세,경상
2013061100100254,2013년 6월 11일 13시,화요일,대구광역시 서구 평리동,중상사고,0,1,0,0,차대차 - 정면충돌,중앙선침범,건조,맑음,교차로 - 교차로부근,자전거,남,63세,중상,승용,남,59세,상해없음
2013061100100255,2013년 6월 11일 13시,화요일,대구광역시 북구 태전동,경상사고,0,0,1,0,차대차 - 추돌 - 진행중,안전운전불이행,습기,비,기타 - 기타,이륜,남,51세,상해없음,승용,여,43세,상해없음
2013061100100279,2013년 6월 11일 14시,화요일,대구광역시 남구 이천동,경상사고,0,0,1,0,차대차 - 기타,안전운전불이행,건조,맑음,단일로 - 횡단보도상,승합,남,44세,상해없음,자전거,남,80세,경상
2013061100100310,2013년 6월 11일 15시,화요일,대구광역시 수성구 황금동,경상사고,0,0,1,0,차대차 - 측면직각충돌,안전운전불이행,습기,비,단일로 - 기타,화물,남,54세,상해없음,승용,여,54세,경상
2013061100100311,2013년 6월 11일 15시,화요일,대구광역시 중구 대신동,경상사고,0,0,4,0,차대차 - 기타,안전거리미확보,습기,비,단일로 - 기타,승용,여,37세,경상,화물,남,43세,경상
2013061100100353,2013년 6월 11일 16시,화요일,대구광역시 서구 평리동,경상사고,0,0,1,0,차대차 - 측면직각충돌,안전운전불이행,건조,맑음,기타 - 기타,화물,남,46세,상해없음,자전거,남,35세,경상
2013061100100354,2013년 6월 11일 16시,화요일,대구광역시 달서구 두류동,경상사고,0,0,1,0,차대차 - 추돌 - 진행중,안전운전불이행,습기,비,교차로 - 교차로안,승용,남,42세,경상,승용,여,76세,상해없음
2013061100100395,2013년 6월 11일 17시,화요일,대구광역시 달서구 송현동,중상사고,0,1,0,0,차대차 - 측면직각충돌,안전운전불이행,건조,맑음,교차로 - 교차로안,승용,남,59세,상해없음,원동기,남,42세,중상
2013061100100396,2013년 6월 11일 17시,화요일,대구광역시 달서구 진천동,경상사고,0,0,1,0,차대차 - 추돌 - 진행중,안전거리미확보,습기,비,단일로 - 기타,이륜,남,71세,경상,승용,남,55세,상해없음
2013061100100397,2013년 6월 11일 17시,화요일,대구광역시 북구 태전동,경상사고,0,0,2,0,차대차 - 측면직각충돌,안전거리미확보,습기,비,단일로 - 기타,승용,여,65세,상해없음,승용,여,51세,경상
2013061100100438,2013년 6월 11일 18시,화요일,대구광역시 달서구 상인동,중상사고,0,1,1,0,차대차 - 측면직각충돌,직진우회전진행방해,습기,비,교차로 - 교차로안,승용,여,53세,경상,승용,여,58세,중상
2013061100100439,2013년 6월 11일 18시,화요일,대구광역시 서구 중리동,경상사고,0,0,3,0,차대차 - 측면직각충돌,안전운전불이행,건조,맑음,교차로 - 교차로안,승용,남,33세,상해없음,승용,남,61세,경상
2013061100100475,2013년 6월 11일 19시,화요일,대구광역시 남구 대명동,경상사고,0,0,1,0,차대차 - 추돌 - 주정차중,안전운전불이행,습기,비,단일로 - 기타,승용,남,49세,상해없음,승용,남,50세,경상
2013061100100476,2013년 6월 11일 19시,화요일,대구광역시 서구 비산동,경상사고,0,0,1,0,차대사람 - 기타,안전운전불이행,습기,비,단일로 - 기타,승용,여,49세,상해없음,보행자,남,58세,경상
2013061100100535,2013년 6월 11일 20시,화요일,대구광역시 남구 대명동,중상사고,0,1,0,0,차대차 - 기타,차로위반,습기,비,단일로 - 기타,승용,남,46세,상해없음,승용,남,59세,중상
2013061100100536,2013년 6월 11일 20시,화요일,대구광역시 북구 구암동,중상사고,0,1,0,0,차대사람 - 횡단중,안전운전불이행,습기,비,단일로 - 기타,화물,남,30세,상해없음,보행자,여,48세,중상
2013061100100537,2013년 6월 11일 20시,화요일,대구광역시 북구 태전동,경상사고,0,0,1,0,차대차 - 추돌 - 진행중,안전거리미확보,습기,비,교차로 - 교차로부근,승용,남,49세,상해없음,승용,여,46세,경상
2013061100100575,2013년 6월 11일 21시,화요일,대구광역시 남구 이천동,중상사고,0,1,0,0,차대사람 - 기타,기타,습기,비,단일로 - 기타,이륜,남,34세,상해없음,보행자,남,50세,중상
2013061100100576,2013년 6월 11일 21시,화요일,대구광역시 수성구 황금동,중상사고,0,1,0,0,차대차 - 추돌 - 진행중,안전운전불이행,습기,비,단일로 - 기타,승용,여,42세,상해없음,승용,남,46세,중상
2013061100100577,2013년 6월 11일 21시,화요일,대구광역시 수성구 범물동,중상사고,0,1,0,0,차대사람 - 기타,안전운전불이행,건조,맑음,교차로 - 교차로부근,승용,남,48세,상해없음,보행자,여,83세,중상