사고번호,사고일시,요일,시군구,사고내용,사망자수,중상자수,경상자수,부상신고자수,사고유형,법규위반,노면상태,기상상태,도로형태,가해운전자 차종,가해운전자 성별,가해운전자 연령,가해운전자 상해정도,피해운전자 차종,피해운전자 성별,피해운전자 연령,피해운전자 상해정도
2013061500100246,2013년 6월 15일 10시,토요일,대구광역시 북구 서변동,경상사고,0,0,1,0,차대사람 - 기타,기타,건조,맑음,단일로 - 기타,자전거,남,17세,상해없음,보행자,여,51세,경상
2013061500100247,2013년 6월 15일 10시,토요일,대구광역시 북구 관음동,경상사고,0,0,1,0,차량단독 - 기타,안전운전불이행,건조,맑음,단일로 - 기타,승합,남,60세,상해없음,,,,
2013061500100303,2013년 6월 15일 12시,토요일,대구광역시 동구 지저동,경상사고,0,0,1,0,차대차 - 측면직각충돌,안전운전불이행,건조,맑음,교차로 - 교차로부근,자전거,남,28세,경상,승용,여,54세,상해없음
2013061500100304,2013년 6월 15일 12시,토요일,대구광역시 달성군 다사읍,경상사고,0,0,1,0,차대차 - 추돌 - 진행중,안전운전불이행,건조,맑음,단일로 - 기타,승용,남,62세,상해없음,이륜,남,34세,경상
2013061500100305,2013년 6월 15일 12시,토요일,대구광역시 북구 복현동,경상사고,0,0,1,1,차대차 - 측면직각충돌,교차로운행방법위반,건조,맑음,교차로 - 교차로안,승용,여,42세,부상신고,승용,남,53세,경상
2013061500100306,2013년 6월 15일 12시,토요일,대구광역시 북구 동천동,중상사고,0,1,0,0,차대차 - 측면직각충돌,교차로운행방법위반,건조,맑음,교차로 - 교차로안,승용,남,35세,상해없음,이륜,남,39세,중상
2013061500100346,2013년 6월 15일 13시,토요일,대구광역시 남구 봉덕동,경상사고,0,0,1,0,차대차 - 기타,안전운전불이행,건조,맑음,단일로 - 기타,승용,여,50세,상해없음,승용,여,35세,경상
2013061500100347,2013년 6월 15일 13시,토요일,대구광역시 동구 각산동,경상사고,0,0,1,0,차대차 - 추돌 - 진행중,안전운전불이행,건조,맑음,교차로 - 교차로안,승용,여,45세,상해없음,원동기,남,28세,경상
2013061500100348,2013년 6월 15일 13시,토요일,대구광역시 수성구 사월동,중상사고,0,1,0,0,차대차 - 추돌 - 진행중,안전거리미확보,건조,맑음,단일로 - 기타,승용,남,43세,상해없음,원동기,남,34세,중상
2013061500100349,2013년 6월 15일 13시,토요일,대구광역시 달서구 이곡동,경상사고,0,0,1,0,차대차 - 기타,안전운전불이행,건조,맑음,단일로 - 기타,화물,남,43세,상해없음,자전거,남,57세,경상
2013061500100386,2013년 6월 15일 14시,토요일,대구광역시 동구 봉무동,중상사고,0,2,1,0,차대차 - 기타,안전운전불이행,건조,맑음,단일로 - 기타,승용,남,31세,상해없음,승용,남,43세,상해없음
2013061500100387,2013년 6월 15일 14시,토요일,대구광역시 북구 침산동,중상사고,0,1,0,0,차대차 - 기타,안전운전불이행,건조,맑음,교차로 - 교차로부근,승용,기타불명,기타불명,기타불명,자전거,남,14세,중상
2013061500100388,2013년 6월 15일 14시,토요일,대구광역시 서구 비산동,경상사고,0,0,1,0,차대사람 - 보도통행중,기타,건조,맑음,기타 - 기타,승용,여,50세,상해없음,보행자,남,72세,경상
2013061500100425,2013년 6월 15일 15시,토요일,대구광역시 북구 침산동,중상사고,0,1,0,0,차대사람 - 기타,안전운전불이행,건조,맑음,단일로 - 기타,승용,남,49세,상해없음,보행자,남,36세,중상
2013061500100426,2013년 6월 15일 15시,토요일,대구광역시 중구 봉산동,중상사고,0,1,0,0,차대차 - 기타,신호위반,건조,맑음,단일로 - 기타,승용,남,22세,상해없음,이륜,남,39세,중상
2013061500100456,2013년 6월 15일 16시,토요일,대구광역시 중구 대신동,중상사고,0,1,7,0,차대차 - 추돌 - 진행중,안전운전불이행,건조,맑음,교차로 - 교차로안,승합,남,39세,상해없음,승합,남,39세,경상
2013061500100457,2013년 6월 15일 16시,토요일,대구광역시 북구 구암동,경상사고,0,0,2,0,차대차 - 측면직각충돌,안전운전불이행,건조,맑음,기타 - 기타,화물,남,26세,상해없음,자전거,여,10세,경상
2013061500100499,2013년 6월 15일 17시,토요일,대구광역시 남구 대명동,경상사고,0,0,4,0,차대차 - 측면직각충돌,교차로운행방법위반,건조,맑음,교차로 - 교차로안,승용,여,30세,경상,승용,남,53세,경상
2013061500100500,2013년 6월 15일 17시,토요일,대구광역시 남구 이천동,경상사고,0,0,1,0,차대사람 - 횡단중,신호위반,건조,맑음,단일로 - 횡단보도상,승용,기타불명,기타불명,기타불명,보행자,여,24세,경상
2013061500100501,2013년 6월 15일 17시,토요일,대구광역시 달서구 용산동,경상사고,0,0,2,0,차대차 - 기타,차로위반,건조,맑음,단일로 - 기타,승용,남,60세,상해없음,승용,남,57세,상해없음
2013061500100502,2013년 6월 15일 17시,토요일,대구광역시 북구 팔달동,중상사고,0,1,0,0,차대차 - 측면직각충돌,안전거리미확보,건조,맑음,단일로 - 기타,승용,남,42세,상해없음,원동기,남,54세,중상
2013061500100539,2013년 6월 15일 18시,토요일,대구광역시 동구 율하동,경상사고,0,0,2,0,차대차 - 기타,신호위반,건조,맑음,교차로 - 교차로안,화물,남,56세,상해없음,승합,남,42세,경상
2013061500100540,2013년 6월 15일 18시,토요일,대구광역시 수성구 범어동,중상사고,0,1,0,0,차대차 - 기타,안전거리미확보,건조,맑음,단일로 - 기타,승용,남,29세,상해없음,승합,남,56세,상해없음
2013061500100541,2013년 6월 15일 18시,토요일,대구광역시 북구 칠성동2가,경상사고,0,0,3,0,차대차 - 추돌 - 주정차중,안전운전불이행,건조,맑음,단일로 - 기타,승용,남,52세,상해없음,승용,남,29세,경상
2013061500100542,2013년 6월 15일 18시,토요일,대구광역시 서구 평리동,중상사고,0,1,0,0,차대차 - 기타,안전운전불이행,건조,맑음,단일로 - 기타,기타불명,기타불명,기타불명,기타불명,자전거,남,15세,중상
2013061500100564,2013년 6월 15일 19시,토요일,대구광역시 수성구 만촌동,경상사고,0,0,1,0,차대사람 - 기타,안전운전불이행,건조,맑음,단일로 - 기타,승합,남,55세,상해없음,보행자,여,39세,경상
2013061500100565,2013년 6월 15일 19시,토요일,대구광역시 달성군 다사읍,경상사고,0,0,2,0,차대차 - 추돌 - 주정차중,안전운전불이행,건조,맑음,교차로 - 교차로부근,승용,여,52세,상해없음,승용,여,39세,경상
2013061500100566,2013년 6월 15일 19시,토요일,대구광역시 달성군 화원읍,경상사고,0,0,1,0,차대차 - 측면직각충돌,안전거리미확보,건조,맑음,단일로 - 기타,화물,남,41세,상해없음,승용,여,47세,경상
2013061500100567,2013년 6월 15일 19시,토요일,대구광역시 북구 침산동,경상사고,0,0,2,0,차대차 - 추돌 - 진행중,안전거리미확보,건조,맑음,단일로 - 기타,승용,여,52세,상해없음,화물,남,57세,경상
2013061500100599,2013년 6월 15일 20시,토요일,대구광역시 달서구 두류동,경상사고,0,0,4,0,차대차 - 추돌 - 주정차중,안전거리미확보,건조,흐림,교차로 - 교차로부근,승용,남,45세,상해없음,승용,남,32세,경상
2013061500100633,2013년 6월 15일 21시,토요일,대구광역시 수성구 만촌동,중상사고,0,1,0,0,차대차 - 기타,안전운전불이행,건조,맑음,교차로 - 교차로부근,승용,남,43세,상해없음,자전거,남,59세,중상
2013061500100634,2013년 6월 15일 21시,토요일,대구광역시 달서구 송현동,중상사고,0,2,3,0,차대차 - 추돌 - 주정차중,안전운전불이행,건조,맑음,단일로 - 기타,화물,남,54세,중상,승용,남,65세,경상
2013061500100635,2013년 6월 15일 21시,토요일,대구광역시 달성군 가창면,경상사고,0,0,2,0,차대차 - 추돌 - 주정차중,안전운전불이행,건조,맑음,교차로 - 교차로부근,승용,남,65세,상해없음,승용,여,48세,경상
2013061500100636,2013년 6월 15일 21시,토요일,대구광역시 북구 칠성동1가,경상사고,0,0,2,0,차대차 - 측면직각충돌,신호위반,건조,맑음,교차로 - 교차로안,승용,남,28세,상해없음,화물,남,48세,경상
2013061500100663,2013년 6월 15일 22시,토요일,대구광역시 북구 산격동,중상사고,0,1,0,0,차대차 - 측면직각충돌,신호위반,건조,맑음,교차로 - 교차로안,승용,남,50세,상해없음,승용,남,46세,중상
2013061500100699,2013년 6월 15일 23시,토요일,대구광역시 달성군 화원읍,경상사고,0,0,1,0,차대차 - 기타,안전운전불이행,건조,맑음,단일로 - 교량,자전거,남,39세,상해없음,자전거,여,51세,경상
2013061500100700,2013년 6월 15일 23시,토요일,대구광역시 달성군 가창면,중상사고,0,1,0,0,차대차 - 기타,안전운전불이행,건조,맑음,교차로 - 교차로부근,승용,남,41세,상해없음,이륜,남,55세,중상
2013061600100013,2013년 6월 16일 00시,일요일,대구광역시 남구 이천동,중상사고,0,2,0,0,차대차 - 기타,교차로운행방법위반,건조,맑음,교차로 - 교차로안,승용,남,64세,상해없음,승용,남,49세,중상
2013061600100014,2013년 6월 16일 00시,일요일,대구광역시 남구 대명동,중상사고,0,1,0,0,차대사람 - 횡단중,안전운전불이행,건조,맑음,단일로 - 기타,승용,남,48세,상해없음,보행자,여,17세,중상
2013061600100015,2013년 6월 16일 00시,일요일,대구광역시 남구 대명동,경상사고,0,0,1,0,차대차 - 기타,안전운전불이행,건조,맑음,교차로 - 교차로안,승용,기타불명,기타불명,기타불명,이륜,남,30세,경상
2013061600100016,2013년 6월 16일 00시,일요일,대구광역시 북구 침산동,경상사고,0,0,1,0,차대차 - 추돌 - 진행중,안전거리미확보,건조,맑음,단일로 - 기타,승용,남,20세,상해없음,승용,남,41세,경상
2013061600100017,2013년 6월 16일 00시,일요일,대구광역시 달서구 신당동,중상사고,0,1,0,0,차대차 - 측면직각충돌,신호위반,건조,흐림,교차로 - 교차로안,이륜,남,16세,중상,승용,여,26세,상해없음
2013061600100036,2013년 6월 16일 01시,일요일,대구광역시 동구 신천동,경상사고,0,0,3,0,차대차 - 측면직각충돌,교차로운행방법위반,건조,맑음,교차로 - 교차로안,승용,남,58세,상해없음,승용,남,22세,경상
2013061600100037,2013년 6월 16일 01시,일요일,대구광역시 달서구 송현동,중상사고,0,1,0,0,차대사람 - 기타,안전운전불이행,건조,맑음,단일로 - 기타,승용,남,60세,상해없음,보행자,남,42세,중상
2013061600100038,2013년 6월 16일 01시,일요일,대구광역시 북구 관음동,경상사고,0,0,1,0,차대차 - 측면직각충돌,신호위반,건조,맑음,교차로 - 교차로안,화물,남,49세,상해없음,승용,여,53세,경상
2013061600100066,2013년 6월 16일 02시,일요일,대구광역시 수성구 범물동,경상사고,0,0,2,0,차대차 - 기타,안전운전불이행,건조,맑음,교차로 - 교차로안,승용,남,43세,상해없음,승용,남,23세,경상
2013061600100067,2013년 6월 16일 02시,일요일,대구광역시 북구 칠성동1가,중상사고,0,1,0,0,차량단독 - 기타,안전운전불이행,건조,맑음,단일로 - 기타,승용,남,36세,중상,,,,
2013061600100074,2013년 6월 16일 03시,일요일,대구광역시 수성구 연호동,경상사고,0,0,1,0,차대차 - 기타,안전거리미확보,건조,맑음,단일로 - 기타,승용,여,35세,상해없음,승용,남,68세,상해없음
2013061600100075,2013년 6월 16일 03시,일요일,대구광역시 달성군 다사읍,중상사고,0,2,0,0,차대차 - 기타,중앙선침범,건조,맑음,교차로 - 교차로부근,승용,남,18세,상해없음,승용,남,31세,중상
2013061600100076,2013년 6월 16일 03시,일요일,대구광역시 북구 구암동,경상사고,0,0,3,0,차대차 - 추돌 - 주정차중,안전운전불이행,건조,맑음,기타 - 기타,승합,남,38세,상해없음,승용,남,47세,경상
2013061600100108,2013년 6월 16일 05시,일요일,대구광역시 수성구 만촌동,중상사고,0,1,1,0,차대차 - 추돌 - 주정차중,안전거리미확보,건조,맑음,교차로 - 교차로부근,승용,남,43세,상해없음,승용,남,40세,중상
2013061600100126,2013년 6월 16일 06시,일요일,대구광역시 동구 신암동,경상사고,0,0,1,0,차대차 - 기타,안전운전불이행,건조,맑음,교차로 - 교차로부근,승용,남,52세,상해없음,승용,남,58세,경상
2013061600100127,2013년 6월 16일 06시,일요일,대구광역시 동구 율하동,중상사고,0,1,0,0,차량단독 - 공작물충돌,안전운전불이행,건조,맑음,단일로 - 기타,승용,남,30세,중상,,,,
2013061600100128,2013년 6월 16일 06시,일요일,대구광역시 동구 신암동,경상사고,0,0,1,0,차대차 - 측면직각충돌,신호위반,건조,맑음,교차로 - 교차로안,이륜,남,16세,상해없음,승용,남,68세,상해없음
2013061600100149,2013년 6월 16일 08시,일요일,대구광역시 중구 달성동,경상사고,0,0,1,0,차대사람 - 차도통행중,안전운전불이행,건조,맑음,단일로 - 기타,승용,여,56세,상해없음,보행자,남,55세,경상
2013061600100173,2013년 6월 16일 09시,일요일,대구광역시 수성구 범어동,경상사고,0,0,1,0,차대차 - 기타,안전운전불이행,건조,맑음,단일로 - 기타,승용,남,71세,상해없음,승용,여,48세,경상
2013061600100174,2013년 6월 16일 09시,일요일,대구광역시 중구 남산동,경상사고,0,0,1,0,차대차 - 기타,안전운전불이행,건조,맑음,단일로 - 횡단보도상,승용,남,36세,상해없음,자전거,남,60세,경상
2013061600100194,2013년 6월 16일 10시,일요일,대구광역시 달서구 본리동,경상사고,0,0,1,0,차대차 - 측면직각충돌,안전운전불이행,건조,맑음,교차로 - 교차로부근,승용,남,60세,상해없음,승용,남,66세,경상
2013061600100214,2013년 6월 16일 11시,일요일,대구광역시 북구 노원동3가,경상사고,0,0,3,0,차대차 - 기타,안전거리미확보,건조,맑음,단일로 - 기타,승용,여,41세,상해없음,승용,남,40세,경상
2013061600100247,2013년 6월 16일 12시,일요일,대구광역시 달서구 신당동,경상사고,0,0,1,0,차대사람 - 횡단중,보행자보호의무위반,건조,맑음,교차로 - 교차로부근,승용,남,22세,상해없음,보행자,남,75세,경상
2013061600100275,2013년 6월 16일 13시,일요일,대구광역시 북구 칠성동1가,경상사고,0,0,1,0,차대차 - 측면직각충돌,신호위반,건조,맑음,단일로 - 횡단보도상,승용,여,28세,상해없음,이륜,남,36세,경상
2013061600100295,2013년 6월 16일 14시,일요일,대구광역시 중구 남산동,경상사고,0,0,1,0,차대차 - 측면직각충돌,신호위반,건조,맑음,교차로 - 교차로안,승용,여,41세,상해없음,이륜,남,26세,경상
2013061600100325,2013년 6월 16일 15시,일요일,대구광역시 수성구 시지동,경상사고,0,0,1,0,차대차 - 기타,안전거리미확보,건조,맑음,교차로 - 교차로안,승용,남,60세,상해없음,승용,여,55세,경상
2013061600100326,2013년 6월 16일 15시,일요일,대구광역시 달서구 상인동,중상사고,0,1,1,1,차대차 - 추돌 - 주정차중,안전운전불이행,건조,맑음,단일로 - 기타,승용,여,55세,부상신고,승용,남,26세,경상
2013061600100363,2013년 6월 16일 16시,일요일,대구광역시 달서구 본동,중상사고,0,1,0,0,차대차 - 기타,신호위반,건조,맑음,교차로 - 교차로안,승용,남,62세,상해없음,이륜,남,17세,중상
2013061600100364,2013년 6월 16일 16시,일요일,대구광역시 달성군 다사읍,중상사고,0,1,0,0,차대차 - 측면직각충돌,안전운전불이행,건조,맑음,교차로 - 교차로안,승용,남,33세,상해없음,승용,여,52세,중상
2013061600100388,2013년 6월 16일 17시,일요일,대구광역시 달성군 다사읍,경상사고,0,0,6,0,차대차 - 추돌 - 진행중,안전운전불이행,건조,맑음,교차로 - 교차로부근,승용,여,49세,상해없음,화물,남,49세,경상
2013061600100427,2013년 6월 16일 18시,일요일,대구광역시 남구 대명동,경상사고,0,0,1,0,차대사람 - 차도통행중,안전운전불이행,건조,맑음,단일로 - 기타,승용,남,34세,상해없음,보행자,남,5세,경상
2013061600100428,2013년 6월 16일 18시,일요일,대구광역시 서구 비산동,부상신고사고,0,0,0,1,차대차 - 측면직각충돌,안전운전불이행,건조,맑음,단일로 - 기타,자전거,여,64세,부상신고,승용,남,60세,상해없음
2013061600100484,2013년 6월 16일 20시,일요일,대구광역시 동구 신암동,경상사고,0,0,2,0,차대차 - 기타,안전운전불이행,건조,맑음,단일로 - 기타,승용,남,55세,상해없음,승용,남,67세,경상
2013061600100485,2013년 6월 16일 20시,일요일,대구광역시 중구 동일동,경상사고,0,0,1,0,차대차 - 기타,안전운전불이행,건조,맑음,단일로 - 기타,승용,남,38세,상해없음,이륜,남,24세,경상
2013061600100520,2013년 6월 16일 21시,일요일,대구광역시 달성군 옥포면,사망사고,1,1,0,0,차대차 - 측면직각충돌,중앙선침범,건조,맑음,단일로 - 기타,승용,남,50세,사망,화물,남,59세,중상
2013061600100548,2013년 6월 16일 22시,일요일,대구광역시 동구 효목동,중상사고,0,1,0,0,차대사람 - 보도통행중,기타,건조,맑음,단일로 - 횡단보도상,승용,남,53세,상해없음,보행자,여,59세,중상
2013061700100010,2013년 6월 17일 00시,월요일,대구광역시 북구 구암동,경상사고,0,0,1,0,차대차 - 측면직각충돌,안전운전불이행,건조,맑음,기타 - 기타,승용,여,46세,상해없음,승용,남,36세,상해없음
2013061700100018,2013년 6월 17일 01시,월요일,대구광역시 달서구 감삼동,경상사고,0,0,1,0,차대차 - 기타,안전거리미확보,건조,맑음,단일로 - 기타,승용,남,52세,기타불명,승용,남,54세,경상
2013061700100031,2013년 6월 17일 03시,월요일,대구광역시 달성군 현풍면,중상사고,0,1,0,0,차대사람 - 기타,안전운전불이행,건조,맑음,단일로 - 기타,화물,남,29세,상해없음,보행자,남,81세,중상
2013061700100073,2013년 6월 17일 07시,월요일,대구광역시 북구 매천동,중상사고,0,3,0,0,차대차 - 정면충돌,중앙선침범,건조,맑음,단일로 - 기타,승용,남,29세,중상,승용,남,70세,중상
2013061700100122,2013년 6월 17일 08시,월요일,대구광역시 북구 침산동,경상사고,0,0,1,0,차대차 - 기타,안전운전불이행,건조,맑음,교차로 - 교차로부근,화물,남,49세,상해없음,승용,남,39세,경상
2013061700100123,2013년 6월 17일 08시,월요일,대구광역시 서구 평리동,중상사고,0,1,0,0,차대차 - 기타,안전운전불이행,건조,맑음,교차로 - 교차로안,화물,기타불명,기타불명,기타불명,이륜,남,60세,중상
2013061700100124,2013년 6월 17일 08시,월요일,대구광역시 달서구 호산동,사망사고,1,0,0,0,차대차 - 기타,안전운전불이행,건조,맑음,단일로 - 횡단보도부근,승용,남,63세,상해없음,자전거,남,80세,사망
2013061700100125,2013년 6월 17일 08시,월요일,대구광역시 북구 태전동,중상사고,0,1,3,2,차대차 - 추돌 - 주정차중,안전거리미확보,건조,맑음,단일로 - 기타,승용,남,58세,상해없음,승용,남,55세,중상
2013061700100151,2013년 6월 17일 09시,월요일,대구광역시 북구 산격동,경상사고,0,0,1,1,차대차 - 추돌 - 주정차중,안전운전불이행,건조,맑음,단일로 - 교량,화물,남,24세,상해없음,승용,남,49세,경상
2013061700100152,2013년 6월 17일 09시,월요일,대구광역시 서구 내당동,경상사고,0,0,1,0,차대차 - 측면직각충돌,안전거리미확보,건조,맑음,단일로 - 기타,승용,여,49세,상해없음,승용,남,38세,상해없음
2013061700100153,2013년 6월 17일 09시,월요일,대구광역시 중구 삼덕동1가,중상사고,0,1,0,0,차대차 - 측면직각충돌,안전운전불이행,건조,맑음,기타 - 기타,승용,남,57세,상해없음,원동기,남,70세,중상
2013061700100177,2013년 6월 17일 10시,월요일,대구광역시 남구 봉덕동,중상사고,0,1,0,0,차대사람 - 기타,안전운전불이행,건조,맑음,단일로 - 기타,승용,여,44세,상해없음,보행자,남,68세,중상
2013061700100178,2013년 6월 17일 10시,월요일,대구광역시 서구 내당동,중상사고,0,1,0,0,차대차 - 기타,신호위반,건조,맑음,교차로 - 교차로안,승용,남,76세,상해없음,원동기,남,65세,중상
2013061700100179,2013년 6월 17일 10시,월요일,대구광역시 중구 동산동,경상사고,0,0,1,0,차대차 - 기타,안전운전불이행,건조,맑음,단일로 - 기타,승용,남,68세,경상,승용,여,71세,기타불명
2013061700100211,2013년 6월 17일 11시,월요일,대구광역시 달성군 현풍면,중상사고,0,1,2,0,차대차 - 측면직각충돌,직진우회전진행방해,건조,맑음,교차로 - 교차로안,승용,여,38세,경상,화물,남,55세,중상
2013061700100212,2013년 6월 17일 11시,월요일,대구광역시 중구 남산동,경상사고,0,0,1,0,차대차 - 추돌 - 주정차중,안전거리미확보,건조,맑음,단일로 - 기타,승용,남,39세,상해없음,화물,남,32세,경상
2013061700100213,2013년 6월 17일 11시,월요일,대구광역시 달서구 장동,중상사고,0,1,2,0,차대차 - 추돌 - 주정차중,안전운전불이행,건조,맑음,단일로 - 횡단보도부근,화물,남,61세,상해없음,승용,여,32세,중상
2013061700100307,2013년 6월 17일 15시,월요일,대구광역시 서구 내당동,경상사고,0,0,2,0,차대사람 - 횡단중,안전운전불이행,건조,맑음,단일로 - 횡단보도상,승용,남,61세,상해없음,보행자,여,19세,경상
2013061700100308,2013년 6월 17일 15시,월요일,대구광역시 서구 이현동,부상신고사고,0,0,0,1,차량단독 - 전도전복,안전운전불이행,건조,맑음,교차로 - 교차로안,이륜,남,52세,부상신고,,,,
2013061700100309,2013년 6월 17일 15시,월요일,대구광역시 달서구 용산동,중상사고,0,1,0,0,차량단독 - 기타,안전운전불이행,건조,맑음,단일로 - 기타,원동기,남,39세,중상,,,,
2013061700100345,2013년 6월 17일 16시,월요일,대구광역시 수성구 범어동,경상사고,0,0,1,0,차대사람 - 기타,보행자보호의무위반,건조,맑음,단일로 - 기타,승용,남,76세,상해없음,보행자,여,12세,경상
2013061700100346,2013년 6월 17일 16시,월요일,대구광역시 수성구 수성동1가,경상사고,0,0,1,0,차대차 - 추돌 - 주정차중,안전운전불이행,건조,맑음,기타 - 기타,승용,여,46세,상해없음,승용,남,33세,경상
2013061700100347,2013년 6월 17일 16시,월요일,대구광역시 북구 동변동,경상사고,0,0,1,0,차대차 - 측면직각충돌,안전운전불이행,건조,맑음,단일로 - 기타,승용,남,47세,상해없음,이륜,남,25세,경상
2013061700100386,2013년 6월 17일 17시,월요일,대구광역시 수성구 연호동,중상사고,0,1,0,0,차대차 - 측면직각충돌,신호위반,건조,맑음,교차로 - 교차로안,화물,남,57세,상해없음,승용,남,30세,중상
2013061700100431,2013년 6월 17일 18시,월요일,대구광역시 북구 구암동,중상사고,0,1,0,0,차대사람 - 차도통행중,안전운전불이행,건조,맑음,단일로 - 기타,승용,여,34세,상해없음,보행자,여,16세,중상
2013061700100432,2013년 6월 17일 18시,월요일,대구광역시 북구 구암동,경상사고,0,0,1,0,차대차 - 측면직각충돌,안전운전불이행,건조,맑음,기타 - 기타,자전거,남,6세,경상,승용,남,53세,상해없음
2013061700100463,2013년 6월 17일 19시,월요일,대구광역시 달서구 도원동,경상사고,0,0,1,0,차대사람 - 횡단중,안전운전불이행,건조,맑음,단일로 - 횡단보도상,원동기,남,22세,상해없음,보행자,남,15세,경상
2013061700100464,2013년 6월 17일 19시,월요일,대구광역시 서구 원대동1가,중상사고,0,1,0,0,차대차 - 기타,안전운전불이행,건조,맑음,단일로 - 기타,승용,남,74세,상해없음,이륜,남,65세,중상
2013061700100465,2013년 6월 17일 19시,월요일,대구광역시 달서구 두류동,중상사고,0,1,0,0,차대차 - 측면직각충돌,안전운전불이행,건조,맑음,단일로 - 횡단보도상,승용,남,42세,상해없음,자전거,여,59세,중상
2013061700100466,2013년 6월 17일 19시,월요일,대구광역시 달서구 본리동,경상사고,0,0,1,0,차대차 - 측면직각충돌,직진우회전진행방해,건조,맑음,교차로 - 교차로안,승용,남,41세,상해없음,이륜,남,58세,경상
2013061700100501,2013년 6월 17일 20시,월요일,대구광역시 수성구 상동,중상사고,0,2,0,1,차대차 - 측면직각충돌,안전거리미확보,건조,맑음,단일로 - 기타,승용,남,45세,부상신고,승용,남,40세,중상
2013061700100502,2013년 6월 17일 20시,월요일,대구광역시 수성구 황금동,중상사고,0,1,0,0,차대차 - 기타,안전운전불이행,건조,맑음,단일로 - 횡단보도상,승용,여,63세,상해없음,자전거,남,65세,중상
2013061700100544,2013년 6월 17일 21시,월요일,대구광역시 달서구 본동,중상사고,0,1,0,0,차대사람 - 횡단중,안전운전불이행,건조,맑음,단일로 - 기타,승용,여,52세,상해없음,보행자,남,42세,중상
2013061700100545,2013년 6월 17일 21시,월요일,대구광역시 달서구 본리동,중상사고,0,1,0,0,차대차 - 측면직각충돌,안전거리미확보,건조,맑음,단일로 - 기타,승용,남,27세,상해없음,이륜,남,54세,중상
2013061700100577,2013년 6월 17일 22시,월요일,대구광역시 수성구 사월동,경상사고,0,0,1,0,차대차 - 측면직각충돌,안전거리미확보,건조,맑음,교차로 - 교차로부근,원동기,남,16세,경상,승용,남,55세,상해없음
2013061700100607,2013년 6월 17일 23시,월요일,대구광역시 남구 대명동,중상사고,0,1,0,0,차대차 - 측면직각충돌,신호위반,건조,흐림,교차로 - 교차로안,승용,남,60세,상해없음,이륜,남,36세,중상
2013061800100012,2013년 6월 18일 00시,화요일,대구광역시 수성구 범어동,중상사고,0,1,0,0,차대차 - 추돌 - 진행중,안전운전불이행,습기,비,교차로 - 교차로부근,승용,남,49세,상해없음,자전거,남,22세,중상
2013061800100035,2013년 6월 18일 01시,화요일,대구광역시 수성구 황금동,경상사고,0,0,2,0,차대차 - 추돌 - 주정차중,안전운전불이행,습기,비,단일로 - 기타,승용,남,42세,상해없음,승용,남,28세,경상
2013061800100036,2013년 6월 18일 01시,화요일,대구광역시 수성구 범물동,중상사고,0,1,0,0,차량단독 - 공작물충돌,안전운전불이행,습기,비,단일로 - 기타,승용,남,34세,중상,,,,
2013061800100053,2013년 6월 18일 02시,화요일,대구광역시 남구 대명동,경상사고,0,0,2,0,차대차 - 추돌 - 주정차중,안전운전불이행,건조,흐림,교차로 - 교차로부근,화물,남,27세,상해없음,승용,남,31세,경상
2013061800100070,2013년 6월 18일 03시,화요일,대구광역시 달서구 성당동,경상사고,0,0,2,0,차대차 - 추돌 - 진행중,안전운전불이행,건조,맑음,교차로 - 교차로부근,승용,남,49세,상해없음,승용,남,22세,경상
2013061800100084,2013년 6월 18일 04시,화요일,대구광역시 동구 부동,사망사고,1,0,0,0,차대사람 - 기타,안전운전불이행,건조,맑음,단일로 - 기타,화물,남,41세,상해없음,보행자,남,43세,사망
2013061800100127,2013년 6월 18일 07시,화요일,대구광역시 동구 지저동,경상사고,0,0,1,0,차대차 - 기타,안전운전불이행,습기,비,단일로 - 기타,승용,남,29세,상해없음,이륜,남,59세,경상
2013061800100128,2013년 6월 18일 07시,화요일,대구광역시 북구 노원동2가,경상사고,0,0,1,0,차대차 - 측면직각충돌,교차로운행방법위반,습기,비,교차로 - 교차로안,화물,남,36세,상해없음,승용,남,42세,경상
2013061800100155,2013년 6월 18일 08시,화요일,대구광역시 달서구 유천동,중상사고,0,1,0,0,차대차 - 측면직각충돌,안전거리미확보,건조,맑음,단일로 - 기타,승용,남,61세,상해없음,승용,남,29세,중상
2013061800100156,2013년 6월 18일 08시,화요일,대구광역시 서구 평리동,중상사고,0,1,2,0,차대차 - 측면직각충돌,안전운전불이행,습기,맑음,교차로 - 교차로안,승용,남,63세,상해없음,이륜,남,45세,중상
2013061800100157,2013년 6월 18일 08시,화요일,대구광역시 서구 평리동,중상사고,0,1,0,0,차대사람 - 기타,안전운전불이행,습기,맑음,단일로 - 횡단보도상,자전거,남,58세,중상,보행자,남,53세,상해없음
2013061800100158,2013년 6월 18일 08시,화요일,대구광역시 서구 평리동,경상사고,0,0,1,0,차대차 - 기타,중앙선침범,습기,비,교차로 - 교차로부근,승용,남,50세,상해없음,원동기,남,44세,경상
2013061800100159,2013년 6월 18일 08시,화요일,대구광역시 북구 구암동,경상사고,0,0,2,0,차대차 - 측면직각충돌,교차로운행방법위반,습기,비,교차로 - 교차로안,승용,남,49세,상해없음,승용,남,37세,경상