사고번호,사고일시,요일,시군구,사고내용,사망자수,중상자수,경상자수,부상신고자수,사고유형,법규위반,노면상태,기상상태,도로형태,가해운전자 차종,가해운전자 성별,가해운전자 연령,가해운전자 상해정도,피해운전자 차종,피해운전자 성별,피해운전자 연령,피해운전자 상해정도
2013061800100187,2013년 6월 18일 09시,화요일,대구광역시 수성구 범어동,경상사고,0,0,1,0,차대차 - 측면직각충돌,안전거리미확보,습기,비,단일로 - 기타,승용,남,59세,경상,화물,남,38세,상해없음
2013061800100189,2013년 6월 18일 09시,화요일,대구광역시 북구 침산동,중상사고,0,1,2,0,차대차 - 측면직각충돌,신호위반,건조,맑음,교차로 - 교차로안,승용,남,43세,상해없음,승용,남,64세,경상
2013061800100219,2013년 6월 18일 10시,화요일,대구광역시 남구 대명동,중상사고,0,1,0,0,차대차 - 기타,안전운전불이행,건조,맑음,단일로 - 기타,승용,여,44세,상해없음,승용,남,64세,중상
2013061800100220,2013년 6월 18일 10시,화요일,대구광역시 동구 효목동,경상사고,0,0,2,0,차대차 - 측면직각충돌,안전운전불이행,습기,비,단일로 - 기타,승용,남,57세,상해없음,승용,남,43세,경상
2013061800100221,2013년 6월 18일 10시,화요일,대구광역시 서구 평리동,중상사고,0,1,0,0,차대차 - 측면직각충돌,교차로운행방법위반,습기,흐림,교차로 - 교차로안,화물,남,56세,상해없음,이륜,남,57세,중상
2013061800100222,2013년 6월 18일 10시,화요일,대구광역시 서구 상리동,경상사고,0,0,1,0,차대차 - 추돌 - 주정차중,안전운전불이행,건조,맑음,단일로 - 기타,화물,남,58세,상해없음,승용,여,33세,경상
2013061800100252,2013년 6월 18일 11시,화요일,대구광역시 남구 봉덕동,중상사고,0,1,0,0,차대사람 - 기타,기타,건조,맑음,단일로 - 기타,승용,남,44세,상해없음,보행자,여,78세,중상
2013061800100253,2013년 6월 18일 11시,화요일,대구광역시 수성구 두산동,경상사고,0,0,1,0,차대차 - 측면직각충돌,안전거리미확보,건조,맑음,교차로 - 교차로부근,화물,남,42세,상해없음,승용,여,47세,경상
2013061800100280,2013년 6월 18일 12시,화요일,대구광역시 중구 동성로3가,경상사고,0,0,1,0,차대차 - 추돌 - 주정차중,안전운전불이행,건조,기타,단일로 - 기타,기타불명,기타불명,기타불명,기타불명,자전거,여,53세,경상
2013061800100355,2013년 6월 18일 15시,화요일,대구광역시 동구 신암동,부상신고사고,0,0,0,1,차대차 - 기타,신호위반,건조,흐림,단일로 - 횡단보도상,승용,여,38세,상해없음,원동기,남,31세,부상신고
2013061800100356,2013년 6월 18일 15시,화요일,대구광역시 북구 산격동,중상사고,0,1,2,0,차대차 - 측면직각충돌,신호위반,습기,비,교차로 - 교차로안,승용,남,45세,경상,승용,남,66세,중상
2013061800100357,2013년 6월 18일 15시,화요일,대구광역시 중구 대신동,경상사고,0,0,1,0,차대사람 - 보도통행중,안전운전불이행,건조,맑음,교차로 - 교차로부근,승용,남,66세,상해없음,보행자,여,57세,경상
2013061800100358,2013년 6월 18일 15시,화요일,대구광역시 중구 대봉동,중상사고,0,1,1,0,차대차 - 추돌 - 진행중,안전운전불이행,습기,비,단일로 - 기타,이륜,남,48세,경상,이륜,남,27세,중상
2013061800100395,2013년 6월 18일 16시,화요일,대구광역시 달성군 현풍면,중상사고,0,1,1,0,차대차 - 측면직각충돌,안전운전불이행,습기,비,교차로 - 교차로안,승용,남,48세,중상,승용,남,60세,경상
2013061800100396,2013년 6월 18일 16시,화요일,대구광역시 북구 산격동,경상사고,0,0,1,1,차대차 - 기타,교차로운행방법위반,습기,비,교차로 - 교차로안,승용,여,40세,부상신고,승용,여,58세,경상
2013061800100469,2013년 6월 18일 18시,화요일,대구광역시 수성구 범어동,중상사고,0,1,0,0,차대차 - 기타,안전운전불이행,습기,비,교차로 - 교차로부근,화물,남,51세,상해없음,승용,여,56세,중상
2013061800100470,2013년 6월 18일 18시,화요일,대구광역시 달서구 진천동,중상사고,0,1,1,0,차대차 - 추돌 - 진행중,안전운전불이행,건조,맑음,단일로 - 기타,화물,남,42세,상해없음,승용,남,42세,경상
2013061800100511,2013년 6월 18일 19시,화요일,대구광역시 수성구 황금동,경상사고,0,0,1,0,차대차 - 기타,안전거리미확보,건조,맑음,단일로 - 기타,승용,기타불명,기타불명,기타불명,승용,남,60세,경상
2013061800100512,2013년 6월 18일 19시,화요일,대구광역시 달서구 진천동,경상사고,0,0,1,0,차대차 - 기타,안전운전불이행,건조,맑음,단일로 - 기타,승용,남,38세,상해없음,승용,남,51세,경상
2013061800100615,2013년 6월 18일 21시,화요일,대구광역시 북구 산격동,중상사고,0,2,2,0,차대차 - 추돌 - 진행중,안전거리미확보,건조,맑음,단일로 - 기타,화물,남,47세,상해없음,승용,여,38세,중상
2013061800100616,2013년 6월 18일 21시,화요일,대구광역시 서구 비산동,경상사고,0,0,4,0,차대차 - 추돌 - 주정차중,안전운전불이행,건조,맑음,단일로 - 기타,화물,남,27세,경상,승용,남,56세,경상
2013061800100617,2013년 6월 18일 21시,화요일,대구광역시 북구 구암동,경상사고,0,0,1,0,차대차 - 기타,안전운전불이행,습기,비,단일로 - 기타,승용,여,47세,상해없음,이륜,남,18세,경상
2013061800100665,2013년 6월 18일 22시,화요일,대구광역시 동구 신암동,경상사고,0,0,1,0,차대차 - 기타,안전운전불이행,건조,맑음,교차로 - 교차로부근,승용,남,29세,상해없음,승용,남,39세,경상
2013061800100666,2013년 6월 18일 22시,화요일,대구광역시 수성구 사월동,중상사고,0,1,0,0,차대사람 - 횡단중,안전운전불이행,습기,비,교차로 - 교차로안,승용,여,20세,상해없음,보행자,남,58세,중상
2013061800100667,2013년 6월 18일 22시,화요일,대구광역시 북구 읍내동,중상사고,0,1,0,0,차대차 - 정면충돌,중앙선침범,습기,비,교차로 - 교차로안,승용,남,42세,상해없음,승용,남,50세,중상
2013061800100699,2013년 6월 18일 23시,화요일,대구광역시 수성구 범어동,중상사고,0,1,0,0,차대사람 - 기타,신호위반,습기,비,교차로 - 교차로부근,이륜,남,17세,상해없음,보행자,남,65세,중상
2013061800100700,2013년 6월 18일 23시,화요일,대구광역시 수성구 범어동,경상사고,0,0,2,1,차대차 - 기타,안전운전불이행,습기,비,교차로 - 교차로부근,승용,남,54세,상해없음,승용,남,29세,경상
2013061800100701,2013년 6월 18일 23시,화요일,대구광역시 서구 비산동,경상사고,0,0,1,0,차대차 - 기타,신호위반,습기,비,교차로 - 교차로안,승용,남,57세,상해없음,이륜,남,16세,경상
2013061800100702,2013년 6월 18일 23시,화요일,대구광역시 달서구 파호동,중상사고,0,1,0,0,차량단독 - 기타,안전운전불이행,습기,비,단일로 - 기타,승용,남,36세,상해없음,,,,
2013061800100703,2013년 6월 18일 23시,화요일,대구광역시 달서구 본리동,경상사고,0,0,3,0,차대차 - 추돌 - 주정차중,안전운전불이행,건조,맑음,단일로 - 기타,승용,남,22세,경상,승용,남,40세,기타불명
2013061800100704,2013년 6월 18일 23시,화요일,대구광역시 달서구 용산동,경상사고,0,0,1,0,차대차 - 추돌 - 주정차중,안전운전불이행,건조,맑음,교차로 - 교차로부근,승용,남,51세,상해없음,승용,남,27세,경상
2013061900100025,2013년 6월 19일 00시,수요일,대구광역시 달서구 월성동,중상사고,0,1,1,0,차대차 - 추돌 - 진행중,중앙선침범,습기,흐림,단일로 - 기타,승용,남,33세,경상,화물,남,42세,중상
2013061900100026,2013년 6월 19일 00시,수요일,대구광역시 달성군 화원읍,중상사고,0,1,3,0,차대차 - 기타,신호위반,습기,비,교차로 - 교차로안,승용,남,44세,상해없음,승용,여,49세,중상
2013061900100027,2013년 6월 19일 00시,수요일,대구광역시 중구 동인동1가,경상사고,0,0,1,1,차대차 - 기타,안전거리미확보,건조,맑음,단일로 - 기타,승용,남,23세,상해없음,승용,남,47세,부상신고
2013061900100058,2013년 6월 19일 02시,수요일,대구광역시 수성구 범어동,중상사고,0,1,0,0,차대차 - 추돌 - 주정차중,안전운전불이행,습기,비,교차로 - 교차로부근,승용,남,28세,상해없음,승용,남,46세,중상
2013061900100066,2013년 6월 19일 03시,수요일,대구광역시 수성구 수성동4가,중상사고,0,1,0,0,차대사람 - 횡단중,보행자보호의무위반,습기,비,교차로 - 교차로안,이륜,남,22세,상해없음,보행자,남,31세,중상
2013061900100103,2013년 6월 19일 06시,수요일,대구광역시 북구 침산동,중상사고,0,1,0,0,차대차 - 기타,안전운전불이행,적설,비,교차로 - 교차로안,승용,남,35세,상해없음,자전거,남,75세,중상
2013061900100126,2013년 6월 19일 07시,수요일,대구광역시 수성구 만촌동,부상신고사고,0,0,0,3,차대차 - 기타,안전운전불이행,습기,흐림,단일로 - 기타,승합,여,45세,상해없음,승용,남,34세,기타불명
2013061900100127,2013년 6월 19일 07시,수요일,대구광역시 달서구 송현동,경상사고,0,0,1,0,차대사람 - 횡단중,안전운전불이행,건조,맑음,교차로 - 교차로안,승용,여,38세,상해없음,보행자,여,18세,경상
2013061900100128,2013년 6월 19일 07시,수요일,대구광역시 달서구 상인동,경상사고,0,0,1,0,차대차 - 기타,기타,건조,맑음,단일로 - 기타,승용,남,27세,상해없음,자전거,남,16세,경상
2013061900100129,2013년 6월 19일 07시,수요일,대구광역시 북구 구암동,중상사고,0,1,2,0,차대차 - 측면직각충돌,교차로운행방법위반,건조,맑음,교차로 - 교차로안,승용,여,24세,경상,승용,남,31세,경상
2013061900100169,2013년 6월 19일 08시,수요일,대구광역시 남구 대명동,경상사고,0,0,1,0,차대차 - 측면직각충돌,안전운전불이행,건조,흐림,단일로 - 기타,이륜,남,52세,경상,승용,남,42세,상해없음
2013061900100170,2013년 6월 19일 08시,수요일,대구광역시 남구 봉덕동,경상사고,0,0,3,0,차대차 - 측면직각충돌,신호위반,습기,비,교차로 - 교차로부근,승용,남,57세,경상,승용,남,33세,경상
2013061900100171,2013년 6월 19일 08시,수요일,대구광역시 동구 지저동,경상사고,0,0,1,0,차대차 - 추돌 - 진행중,안전운전불이행,건조,맑음,단일로 - 기타,승용,여,41세,상해없음,승용,여,40세,경상
2013061900100172,2013년 6월 19일 08시,수요일,대구광역시 달서구 유천동,중상사고,0,1,0,0,차대차 - 기타,안전운전불이행,건조,흐림,교차로 - 교차로부근,승용,여,48세,상해없음,원동기,남,62세,중상
2013061900100173,2013년 6월 19일 08시,수요일,대구광역시 달서구 감삼동,경상사고,0,0,1,0,차대사람 - 기타,안전운전불이행,건조,맑음,교차로 - 교차로안,승용,여,36세,상해없음,보행자,남,9세,경상
2013061900100174,2013년 6월 19일 08시,수요일,대구광역시 달서구 본리동,경상사고,0,0,1,0,차량단독 - 전도전복,안전운전불이행,건조,맑음,교차로 - 교차로부근,자전거,여,42세,경상,,,,
2013061900100196,2013년 6월 19일 09시,수요일,대구광역시 중구 봉산동,중상사고,0,1,1,0,차대차 - 추돌 - 진행중,안전거리미확보,건조,맑음,단일로 - 기타,승용,여,38세,상해없음,승용,여,37세,중상
2013061900100243,2013년 6월 19일 11시,수요일,대구광역시 달서구 송현동,경상사고,0,0,1,0,차대차 - 측면직각충돌,안전운전불이행,건조,맑음,교차로 - 교차로안,승용,남,38세,상해없음,승용,여,58세,경상
2013061900100270,2013년 6월 19일 12시,수요일,대구광역시 서구 내당동,경상사고,0,0,1,0,차대차 - 기타,안전운전불이행,건조,맑음,단일로 - 기타,자전거,남,62세,경상,승용,여,32세,상해없음
2013061900100296,2013년 6월 19일 13시,수요일,대구광역시 수성구 황금동,경상사고,0,0,1,0,차대사람 - 기타,안전운전불이행,건조,맑음,단일로 - 기타,승용,여,54세,상해없음,보행자,남,11세,경상
2013061900100297,2013년 6월 19일 13시,수요일,대구광역시 수성구 범어동,경상사고,0,0,1,0,차대사람 - 기타,보행자보호의무위반,건조,맑음,단일로 - 횡단보도상,승용,남,48세,상해없음,보행자,남,8세,경상
2013061900100328,2013년 6월 19일 14시,수요일,대구광역시 동구 방촌동,경상사고,0,0,1,0,차대사람 - 기타,안전운전불이행,건조,맑음,교차로 - 교차로안,승용,남,54세,상해없음,보행자,여,66세,경상
2013061900100329,2013년 6월 19일 14시,수요일,대구광역시 수성구 수성동2가,중상사고,0,1,0,0,차대차 - 측면직각충돌,신호위반,건조,맑음,교차로 - 교차로안,승합,남,45세,상해없음,승용,남,49세,중상
2013061900100330,2013년 6월 19일 14시,수요일,대구광역시 북구 침산동,부상신고사고,0,0,0,1,차대차 - 기타,중앙선침범,건조,맑음,교차로 - 교차로부근,자전거,여,56세,부상신고,승용,남,48세,상해없음
2013061900100331,2013년 6월 19일 14시,수요일,대구광역시 북구 구암동,경상사고,0,0,1,0,차대사람 - 횡단중,보행자보호의무위반,건조,맑음,단일로 - 횡단보도상,승용,기타불명,기타불명,기타불명,보행자,여,7세,경상
2013061900100362,2013년 6월 19일 15시,수요일,대구광역시 달성군 유가면,경상사고,0,0,2,0,차대차 - 측면직각충돌,안전운전불이행,건조,맑음,교차로 - 교차로안,승용,남,56세,경상,건설기계,남,47세,경상
2013061900100363,2013년 6월 19일 15시,수요일,대구광역시 서구 중리동,중상사고,0,1,0,0,차대사람 - 횡단중,보행자보호의무위반,건조,맑음,단일로 - 횡단보도상,승합,남,44세,상해없음,보행자,여,51세,중상
2013061900100434,2013년 6월 19일 17시,수요일,대구광역시 수성구 황금동,경상사고,0,0,1,0,차대차 - 기타,안전운전불이행,건조,맑음,교차로 - 교차로부근,원동기,남,32세,경상,승용,남,34세,상해없음
2013061900100435,2013년 6월 19일 17시,수요일,대구광역시 달성군 논공읍,중상사고,0,1,0,0,차대차 - 측면직각충돌,안전운전불이행,건조,맑음,단일로 - 기타,승용,남,25세,상해없음,승용,남,49세,중상
2013061900100436,2013년 6월 19일 17시,수요일,대구광역시 달서구 감삼동,경상사고,0,0,1,0,차대차 - 측면직각충돌,교차로운행방법위반,건조,맑음,교차로 - 교차로안,이륜,남,53세,경상,승용,여,20세,상해없음
2013061900100471,2013년 6월 19일 18시,수요일,대구광역시 동구 신천동,경상사고,0,0,1,0,차대차 - 기타,차로위반,건조,맑음,교차로 - 교차로부근,승용,남,62세,상해없음,승용,남,36세,경상
2013061900100472,2013년 6월 19일 18시,수요일,대구광역시 달서구 송현동,경상사고,0,0,1,0,차대사람 - 기타,안전운전불이행,건조,맑음,단일로 - 기타,승용,여,34세,상해없음,보행자,여,30세,경상
2013061900100473,2013년 6월 19일 18시,수요일,대구광역시 달서구 신당동,경상사고,0,0,1,0,차대차 - 측면직각충돌,직진우회전진행방해,건조,맑음,교차로 - 교차로안,승용,남,52세,상해없음,승용,여,62세,경상
2013061900100532,2013년 6월 19일 20시,수요일,대구광역시 서구 중리동,중상사고,0,1,0,0,차대사람 - 기타,안전운전불이행,건조,맑음,기타 - 기타,승용,남,44세,상해없음,보행자,남,66세,중상
2013061900100533,2013년 6월 19일 20시,수요일,대구광역시 달서구 신당동,경상사고,0,0,2,0,차대차 - 추돌 - 진행중,안전운전불이행,건조,맑음,단일로 - 기타,승용,남,42세,상해없음,승합,남,44세,경상
2013061900100564,2013년 6월 19일 21시,수요일,대구광역시 달서구 신당동,경상사고,0,0,2,0,차대차 - 추돌 - 진행중,신호위반,건조,맑음,교차로 - 교차로부근,승용,여,44세,상해없음,승용,남,24세,경상
2013061900100589,2013년 6월 19일 22시,수요일,대구광역시 남구 봉덕동,경상사고,0,0,1,0,차대사람 - 기타,안전운전불이행,건조,맑음,단일로 - 기타,승용,남,40세,상해없음,보행자,여,51세,경상
2013061900100612,2013년 6월 19일 23시,수요일,대구광역시 동구 신천동,경상사고,0,0,1,0,차대사람 - 횡단중,안전운전불이행,건조,맑음,단일로 - 횡단보도상,승용,남,65세,상해없음,보행자,남,59세,경상
2013061900100613,2013년 6월 19일 23시,수요일,대구광역시 달성군 다사읍,경상사고,0,0,1,0,차대사람 - 기타,안전운전불이행,건조,맑음,기타 - 기타,승용,여,47세,상해없음,보행자,남,34세,경상
2013062000100032,2013년 6월 20일 01시,목요일,대구광역시 달성군 다사읍,경상사고,0,0,1,0,차대차 - 기타,신호위반,건조,맑음,교차로 - 교차로안,승용,남,28세,기타불명,승용,남,53세,경상
2013062000100044,2013년 6월 20일 02시,목요일,대구광역시 달성군 하빈면,중상사고,0,1,0,0,차대차 - 추돌 - 진행중,안전운전불이행,건조,맑음,단일로 - 기타,화물,남,43세,상해없음,화물,남,46세,중상
2013062000100075,2013년 6월 20일 06시,목요일,대구광역시 북구 매천동,중상사고,0,2,1,0,차대차 - 추돌 - 진행중,안전거리미확보,건조,맑음,교차로 - 교차로부근,화물,남,39세,상해없음,화물,남,51세,중상
2013062000100100,2013년 6월 20일 07시,목요일,대구광역시 북구 침산동,중상사고,0,2,4,0,차대차 - 추돌 - 주정차중,안전운전불이행,건조,맑음,단일로 - 교량,승용,여,54세,상해없음,화물,남,48세,경상
2013062000100101,2013년 6월 20일 07시,목요일,대구광역시 서구 내당동,중상사고,0,2,1,0,차대차 - 측면직각충돌,안전거리미확보,건조,맑음,단일로 - 기타,승용,남,36세,상해없음,승용,여,56세,중상
2013062000100141,2013년 6월 20일 08시,목요일,대구광역시 동구 신천동,중상사고,0,2,0,0,차대차 - 기타,안전운전불이행,건조,맑음,교차로 - 교차로부근,화물,남,47세,상해없음,승용,여,34세,중상
2013062000100142,2013년 6월 20일 08시,목요일,대구광역시 동구 동호동,중상사고,0,1,0,0,차대차 - 기타,안전운전불이행,건조,맑음,단일로 - 기타,승용,여,54세,상해없음,승용,여,45세,중상
2013062000100143,2013년 6월 20일 08시,목요일,대구광역시 달서구 진천동,경상사고,0,0,1,0,차대사람 - 기타,안전운전불이행,건조,맑음,단일로 - 기타,승용,남,48세,상해없음,보행자,여,69세,경상
2013062000100144,2013년 6월 20일 08시,목요일,대구광역시 북구 산격동,경상사고,0,0,1,0,차대차 - 측면직각충돌,안전운전불이행,건조,맑음,교차로 - 교차로안,승용,남,44세,상해없음,이륜,남,71세,경상
2013062000100145,2013년 6월 20일 08시,목요일,대구광역시 중구 남산동,부상신고사고,0,0,0,1,차대차 - 측면직각충돌,안전운전불이행,건조,맑음,단일로 - 기타,승용,남,30세,상해없음,승용,남,45세,부상신고
2013062000100146,2013년 6월 20일 08시,목요일,대구광역시 달서구 신당동,경상사고,0,0,1,0,차대사람 - 기타,안전운전불이행,건조,맑음,단일로 - 기타,승용,남,54세,상해없음,보행자,여,9세,경상
2013062000100147,2013년 6월 20일 08시,목요일,대구광역시 달서구 본리동,중상사고,0,1,0,0,차대사람 - 보도통행중,기타,건조,맑음,단일로 - 기타,자전거,남,17세,기타불명,보행자,여,64세,중상
2013062000100148,2013년 6월 20일 08시,목요일,대구광역시 달서구 용산동,중상사고,0,2,0,0,차대차 - 측면직각충돌,직진우회전진행방해,건조,맑음,교차로 - 교차로안,승용,남,36세,상해없음,승용,남,27세,중상
2013062000100215,2013년 6월 20일 10시,목요일,대구광역시 북구 복현동,경상사고,0,0,4,0,차대차 - 기타,교차로운행방법위반,건조,맑음,교차로 - 교차로안,승용,남,68세,경상,승용,여,50세,경상
2013062000100216,2013년 6월 20일 10시,목요일,대구광역시 중구 삼덕동2가,중상사고,0,1,0,0,차대사람 - 횡단중,안전운전불이행,건조,맑음,단일로 - 기타,승용,남,60세,상해없음,보행자,여,21세,중상
2013062000100236,2013년 6월 20일 11시,목요일,대구광역시 남구 대명동,경상사고,0,0,1,0,차대사람 - 기타,안전운전불이행,건조,맑음,단일로 - 기타,승용,남,56세,상해없음,보행자,남,50세,경상
2013062000100257,2013년 6월 20일 12시,목요일,대구광역시 북구 산격동,경상사고,0,0,1,0,차대차 - 기타,안전운전불이행,건조,맑음,교차로 - 교차로안,승용,여,57세,상해없음,화물,남,41세,경상
2013062000100269,2013년 6월 20일 13시,목요일,대구광역시 수성구 성동,중상사고,0,1,2,0,차대차 - 측면직각충돌,신호위반,건조,맑음,교차로 - 교차로안,화물,남,71세,경상,승용,여,58세,경상
2013062000100270,2013년 6월 20일 13시,목요일,대구광역시 서구 내당동,경상사고,0,0,2,0,차대차 - 기타,교차로운행방법위반,건조,맑음,교차로 - 교차로안,승용,남,71세,상해없음,승용,여,34세,경상
2013062000100300,2013년 6월 20일 14시,목요일,대구광역시 남구 대명동,경상사고,0,0,1,0,차대차 - 측면직각충돌,교차로운행방법위반,건조,맑음,교차로 - 교차로안,승용,남,74세,상해없음,승용,남,44세,경상
2013062000100301,2013년 6월 20일 14시,목요일,대구광역시 달서구 도원동,경상사고,0,0,1,0,차대사람 - 기타,기타,건조,맑음,교차로 - 교차로안,승용,남,24세,상해없음,보행자,남,8세,경상
2013062000100340,2013년 6월 20일 15시,목요일,대구광역시 수성구 만촌동,중상사고,0,1,0,0,차대차 - 추돌 - 주정차중,안전운전불이행,건조,맑음,기타 - 기타,승용,남,66세,상해없음,승합,남,39세,상해없음
2013062000100341,2013년 6월 20일 15시,목요일,대구광역시 북구 침산동,경상사고,0,0,1,0,차대차 - 기타,안전거리미확보,건조,맑음,단일로 - 기타,승용,여,58세,상해없음,승용,여,48세,경상
2013062000100342,2013년 6월 20일 15시,목요일,대구광역시 중구 대봉동,경상사고,0,0,1,0,차대차 - 기타,중앙선침범,건조,맑음,단일로 - 기타,승용,남,60세,상해없음,승용,여,39세,경상
2013062000100369,2013년 6월 20일 16시,목요일,대구광역시 동구 불로동,경상사고,0,0,2,0,차대차 - 추돌 - 진행중,안전거리미확보,건조,맑음,단일로 - 기타,승용,남,20세,상해없음,승용,남,31세,경상
2013062000100370,2013년 6월 20일 16시,목요일,대구광역시 수성구 신매동,경상사고,0,0,1,0,차대차 - 측면직각충돌,안전운전불이행,건조,맑음,교차로 - 교차로부근,승용,여,33세,상해없음,자전거,남,79세,경상
2013062000100372,2013년 6월 20일 16시,목요일,대구광역시 달성군 가창면,경상사고,0,0,1,0,차대차 - 측면직각충돌,안전운전불이행,건조,맑음,단일로 - 기타,승용,남,52세,상해없음,승용,여,51세,경상
2013062000100373,2013년 6월 20일 16시,목요일,대구광역시 북구 산격동,경상사고,0,0,1,1,차대차 - 측면직각충돌,안전운전불이행,건조,맑음,단일로 - 기타,화물,남,30세,부상신고,화물,남,37세,경상
2013062000100410,2013년 6월 20일 17시,목요일,대구광역시 남구 대명동,중상사고,0,1,0,0,차대차 - 측면직각충돌,안전거리미확보,건조,맑음,단일로 - 기타,승용,남,58세,상해없음,이륜,남,59세,중상
2013062000100411,2013년 6월 20일 17시,목요일,대구광역시 수성구 범어동,경상사고,0,0,1,0,차대차 - 기타,안전운전불이행,건조,맑음,단일로 - 기타,승용,여,44세,상해없음,자전거,남,31세,경상
2013062000100412,2013년 6월 20일 17시,목요일,대구광역시 달성군 구지면,경상사고,0,0,1,0,차대차 - 측면직각충돌,안전운전불이행,건조,맑음,단일로 - 기타,승용,남,75세,상해없음,승용,여,51세,경상
2013062000100454,2013년 6월 20일 18시,목요일,대구광역시 동구 율암동,경상사고,0,0,1,0,차대차 - 측면직각충돌,안전운전불이행,건조,맑음,교차로 - 교차로안,이륜,남,20세,경상,승용,남,23세,상해없음
2013062000100455,2013년 6월 20일 18시,목요일,대구광역시 서구 평리동,경상사고,0,0,2,0,차대차 - 측면직각충돌,안전거리미확보,건조,맑음,단일로 - 기타,이륜,남,17세,경상,이륜,남,18세,경상
2013062000100490,2013년 6월 20일 19시,목요일,대구광역시 달서구 감삼동,중상사고,0,1,0,0,차대차 - 측면직각충돌,신호위반,건조,맑음,단일로 - 기타,승용,남,28세,상해없음,원동기,여,48세,중상
2013062000100519,2013년 6월 20일 20시,목요일,대구광역시 동구 신암동,경상사고,0,0,1,0,차대차 - 측면직각충돌,안전거리미확보,건조,맑음,단일로 - 기타,화물,남,55세,상해없음,자전거,남,16세,경상
2013062000100520,2013년 6월 20일 20시,목요일,대구광역시 수성구 시지동,중상사고,0,1,0,0,차대차 - 기타,안전운전불이행,건조,맑음,단일로 - 기타,승용,여,40세,상해없음,자전거,남,13세,중상
2013062000100521,2013년 6월 20일 20시,목요일,대구광역시 달성군 가창면,경상사고,0,0,2,0,차대차 - 측면직각충돌,안전운전불이행,건조,맑음,교차로 - 교차로부근,이륜,남,52세,경상,승용,남,49세,상해없음
2013062000100522,2013년 6월 20일 20시,목요일,대구광역시 달성군 다사읍,경상사고,0,0,1,0,차대사람 - 보도통행중,기타,건조,맑음,단일로 - 기타,이륜,남,52세,상해없음,보행자,남,22세,경상
2013062000100554,2013년 6월 20일 21시,목요일,대구광역시 수성구 지산동,중상사고,0,1,0,0,차대차 - 측면직각충돌,안전운전불이행,건조,맑음,단일로 - 기타,승용,남,58세,상해없음,승용,남,28세,중상
2013062000100555,2013년 6월 20일 21시,목요일,대구광역시 북구 산격동,경상사고,0,0,1,0,차대사람 - 기타,안전운전불이행,건조,맑음,단일로 - 기타,기타불명,기타불명,기타불명,기타불명,보행자,여,77세,경상
2013062000100556,2013년 6월 20일 21시,목요일,대구광역시 중구 남산동,경상사고,0,0,1,0,차량단독 - 기타,안전운전불이행,건조,기타,기타 - 기타,승합,남,46세,상해없음,,,,
2013062000100557,2013년 6월 20일 21시,목요일,대구광역시 달서구 성당동,부상신고사고,0,0,0,1,차대차 - 추돌 - 주정차중,안전운전불이행,건조,맑음,단일로 - 기타,원동기,여,62세,부상신고,승용,남,56세,상해없음
2013062000100580,2013년 6월 20일 22시,목요일,대구광역시 달서구 대천동,중상사고,0,1,0,0,차대차 - 측면직각충돌,신호위반,건조,맑음,교차로 - 교차로안,승용,여,37세,상해없음,승용,남,24세,중상
2013062000100581,2013년 6월 20일 22시,목요일,대구광역시 북구 고성동1가,경상사고,0,0,2,1,차대차 - 기타,교차로운행방법위반,건조,맑음,교차로 - 교차로안,승용,여,49세,부상신고,승용,여,54세,경상
2013062000100582,2013년 6월 20일 22시,목요일,대구광역시 북구 대현동,경상사고,0,0,4,0,차대차 - 기타,신호위반,건조,맑음,교차로 - 교차로안,승용,여,46세,상해없음,승용,남,51세,경상
2013062100100051,2013년 6월 21일 03시,금요일,대구광역시 수성구 가천동,사망사고,1,0,0,0,차대차 - 추돌 - 주정차중,안전운전불이행,건조,맑음,단일로 - 기타,화물,남,44세,사망,화물,남,54세,상해없음
2013062100100061,2013년 6월 21일 04시,금요일,대구광역시 동구 신천동,경상사고,0,0,2,0,차대차 - 기타,안전운전불이행,건조,맑음,교차로 - 교차로부근,승용,여,46세,상해없음,화물,남,72세,상해없음
2013062100100062,2013년 6월 21일 04시,금요일,대구광역시 수성구 만촌동,경상사고,0,0,1,0,차대사람 - 기타,기타,건조,맑음,단일로 - 기타,원동기,남,16세,상해없음,보행자,남,19세,경상
2013062100100076,2013년 6월 21일 05시,금요일,대구광역시 북구 산격동,경상사고,0,0,1,0,차대차 - 기타,차로위반,건조,맑음,교차로 - 교차로안,승용,여,42세,상해없음,화물,남,62세,경상
2013062100100088,2013년 6월 21일 06시,금요일,대구광역시 달서구 두류동,경상사고,0,0,1,0,차대차 - 측면직각충돌,안전운전불이행,건조,맑음,단일로 - 기타,원동기,여,43세,경상,승용,남,70세,상해없음
2013062100100146,2013년 6월 21일 08시,금요일,대구광역시 달성군 화원읍,경상사고,0,0,2,0,차대차 - 측면직각충돌,안전운전불이행,건조,맑음,교차로 - 교차로안,건설기계,남,43세,상해없음,승용,남,77세,경상
2013062100100175,2013년 6월 21일 09시,금요일,대구광역시 달서구 두류동,경상사고,0,0,2,0,차대차 - 측면직각충돌,안전운전불이행,건조,맑음,단일로 - 기타,이륜,남,38세,경상,승용,남,59세,경상
2013062100100231,2013년 6월 21일 11시,금요일,대구광역시 수성구 파동,중상사고,0,1,0,0,차대차 - 기타,안전운전불이행,건조,맑음,단일로 - 기타,화물,남,42세,상해없음,이륜,남,44세,중상