사고번호,사고일시,요일,시군구,사고내용,사망자수,중상자수,경상자수,부상신고자수,사고유형,법규위반,노면상태,기상상태,도로형태,가해운전자 차종,가해운전자 성별,가해운전자 연령,가해운전자 상해정도,피해운전자 차종,피해운전자 성별,피해운전자 연령,피해운전자 상해정도
2013062400100290,2013년 6월 24일 14시,월요일,대구광역시 북구 읍내동,부상신고사고,0,0,0,1,차대차 - 측면직각충돌,교차로운행방법위반,건조,맑음,교차로 - 교차로안,승용,여,43세,부상신고,화물,남,59세,상해없음
2013062400100317,2013년 6월 24일 15시,월요일,대구광역시 수성구 노변동,중상사고,0,1,0,0,차대차 - 기타,안전운전불이행,건조,맑음,단일로 - 기타,승용,여,60세,상해없음,이륜,남,51세,중상
2013062400100318,2013년 6월 24일 15시,월요일,대구광역시 달서구 진천동,경상사고,0,0,1,0,차대사람 - 횡단중,신호위반,건조,맑음,단일로 - 횡단보도상,자전거,남,21세,상해없음,보행자,여,51세,경상
2013062400100357,2013년 6월 24일 16시,월요일,대구광역시 달서구 송현동,경상사고,0,0,1,0,차대차 - 측면직각충돌,직진우회전진행방해,건조,맑음,교차로 - 교차로안,승용,여,36세,상해없음,승용,여,61세,경상
2013062400100358,2013년 6월 24일 16시,월요일,대구광역시 달서구 장기동,중상사고,0,1,0,0,차대사람 - 차도통행중,안전운전불이행,건조,맑음,단일로 - 기타,화물,남,43세,상해없음,보행자,여,76세,중상
2013062400100384,2013년 6월 24일 17시,월요일,대구광역시 달서구 송현동,경상사고,0,0,1,0,차대사람 - 기타,안전운전불이행,건조,맑음,교차로 - 교차로부근,승용,기타불명,기타불명,기타불명,보행자,여,11세,경상
2013062400100429,2013년 6월 24일 18시,월요일,대구광역시 달서구 상인동,경상사고,0,0,1,0,차대차 - 기타,교차로운행방법위반,건조,맑음,교차로 - 교차로안,승용,남,55세,상해없음,이륜,남,39세,경상
2013062400100430,2013년 6월 24일 18시,월요일,대구광역시 서구 평리동,중상사고,0,1,0,0,차대사람 - 기타,안전운전불이행,건조,맑음,교차로 - 교차로부근,승용,남,65세,상해없음,보행자,여,52세,중상
2013062400100431,2013년 6월 24일 18시,월요일,대구광역시 서구 내당동,경상사고,0,0,1,0,차대사람 - 기타,기타,건조,맑음,단일로 - 기타,자전거,남,41세,상해없음,보행자,남,55세,경상
2013062400100432,2013년 6월 24일 18시,월요일,대구광역시 달서구 죽전동,경상사고,0,0,1,0,차대차 - 측면직각충돌,신호위반,건조,맑음,단일로 - 기타,승용,여,53세,상해없음,자전거,남,71세,경상
2013062400100433,2013년 6월 24일 18시,월요일,대구광역시 북구 구암동,경상사고,0,0,1,0,차대사람 - 차도통행중,안전운전불이행,건조,맑음,단일로 - 기타,승용,남,58세,상해없음,보행자,여,17세,경상
2013062400100468,2013년 6월 24일 19시,월요일,대구광역시 동구 검사동,경상사고,0,0,1,0,차대사람 - 기타,안전운전불이행,건조,맑음,단일로 - 기타,승용,남,64세,상해없음,보행자,여,21세,경상
2013062400100469,2013년 6월 24일 19시,월요일,대구광역시 달서구 월암동,경상사고,0,0,1,0,차대차 - 추돌 - 주정차중,안전운전불이행,건조,맑음,교차로 - 교차로부근,화물,남,38세,상해없음,승용,남,23세,경상
2013062400100470,2013년 6월 24일 19시,월요일,대구광역시 달서구 호산동,경상사고,0,0,2,0,차대차 - 기타,교차로운행방법위반,건조,맑음,교차로 - 교차로안,이륜,남,16세,경상,승용,여,34세,경상
2013062400100500,2013년 6월 24일 20시,월요일,대구광역시 동구 신암동,중상사고,0,1,0,0,차대사람 - 횡단중,보행자보호의무위반,건조,맑음,단일로 - 기타,화물,남,47세,상해없음,보행자,남,63세,중상
2013062400100501,2013년 6월 24일 20시,월요일,대구광역시 달서구 진천동,경상사고,0,0,1,0,차대차 - 기타,안전운전불이행,건조,맑음,단일로 - 기타,승용,여,35세,상해없음,자전거,남,39세,경상
2013062400100502,2013년 6월 24일 20시,월요일,대구광역시 달성군 다사읍,사망사고,1,1,0,0,차대사람 - 횡단중,보행자보호의무위반,건조,맑음,교차로 - 교차로안,원동기,남,23세,중상,보행자,남,58세,사망
2013062400100503,2013년 6월 24일 20시,월요일,대구광역시 달성군 다사읍,경상사고,0,0,2,0,차대차 - 추돌 - 주정차중,불법유턴,건조,맑음,교차로 - 교차로안,승용,남,41세,경상,승용,남,46세,경상
2013062400100504,2013년 6월 24일 20시,월요일,대구광역시 서구 중리동,중상사고,0,1,0,0,차대사람 - 기타,신호위반,건조,맑음,단일로 - 기타,승용,남,64세,상해없음,보행자,여,47세,중상
2013062400100536,2013년 6월 24일 21시,월요일,대구광역시 남구 대명동,경상사고,0,0,1,0,차대사람 - 기타,안전운전불이행,건조,맑음,교차로 - 교차로부근,승용,남,37세,상해없음,보행자,여,25세,경상
2013062400100604,2013년 6월 24일 23시,월요일,대구광역시 동구 신천동,경상사고,0,0,1,0,차대차 - 기타,교차로운행방법위반,건조,맑음,교차로 - 교차로안,화물,남,62세,상해없음,승용,남,55세,경상
2013062400100605,2013년 6월 24일 23시,월요일,대구광역시 달서구 상인동,경상사고,0,0,2,0,차대차 - 추돌 - 주정차중,안전운전불이행,건조,맑음,단일로 - 기타,화물,남,56세,상해없음,승용,남,21세,경상
2013062500100020,2013년 6월 25일 00시,화요일,대구광역시 북구 칠성동1가,중상사고,0,2,2,0,차대차 - 기타,안전거리미확보,습기,비,교차로 - 교차로부근,승용,남,50세,경상,승용,남,27세,중상
2013062500100021,2013년 6월 25일 00시,화요일,대구광역시 북구 대현동,중상사고,0,1,0,0,차대차 - 추돌 - 진행중,안전운전불이행,습기,비,단일로 - 기타,승용,남,57세,상해없음,승용,남,33세,중상
2013062500100040,2013년 6월 25일 01시,화요일,대구광역시 동구 방촌동,경상사고,0,0,1,0,차대차 - 측면직각충돌,중앙선침범,건조,맑음,단일로 - 기타,승용,남,67세,상해없음,화물,남,36세,경상
2013062500100049,2013년 6월 25일 02시,화요일,대구광역시 달서구 대천동,경상사고,0,0,3,0,차대차 - 추돌 - 진행중,안전운전불이행,건조,맑음,단일로 - 기타,승용,남,31세,경상,승용,남,39세,경상
2013062500100097,2013년 6월 25일 06시,화요일,대구광역시 서구 평리동,경상사고,0,0,2,0,차대차 - 측면직각충돌,신호위반,건조,맑음,교차로 - 교차로안,이륜,남,41세,상해없음,승용,남,27세,경상
2013062500100115,2013년 6월 25일 07시,화요일,대구광역시 수성구 범어동,경상사고,0,0,1,0,차대차 - 측면직각충돌,중앙선침범,건조,맑음,단일로 - 기타,승합,남,64세,상해없음,자전거,남,17세,경상
2013062500100116,2013년 6월 25일 07시,화요일,대구광역시 달서구 월성동,경상사고,0,0,1,0,차대차 - 기타,안전운전불이행,건조,맑음,단일로 - 기타,승용,기타불명,기타불명,기타불명,자전거,남,15세,경상
2013062500100117,2013년 6월 25일 07시,화요일,대구광역시 북구 조야동,중상사고,0,2,0,0,차량단독 - 기타,안전운전불이행,건조,맑음,단일로 - 기타,승합,남,51세,상해없음,,,,
2013062500100153,2013년 6월 25일 08시,화요일,대구광역시 달서구 신당동,경상사고,0,0,1,0,차대차 - 추돌 - 주정차중,안전거리미확보,건조,맑음,교차로 - 교차로부근,승용,여,43세,상해없음,승용,남,27세,경상
2013062500100183,2013년 6월 25일 09시,화요일,대구광역시 달성군 다사읍,경상사고,0,0,2,0,차대차 - 측면직각충돌,직진우회전진행방해,건조,맑음,교차로 - 교차로안,건설기계,남,37세,경상,건설기계,남,51세,경상
2013062500100184,2013년 6월 25일 09시,화요일,대구광역시 북구 침산동,경상사고,0,0,1,0,차대차 - 기타,안전거리미확보,건조,맑음,교차로 - 교차로부근,승용,여,69세,상해없음,승용,남,55세,경상
2013062500100210,2013년 6월 25일 10시,화요일,대구광역시 달서구 성당동,경상사고,0,0,1,0,차대차 - 기타,안전운전불이행,건조,맑음,기타 - 기타,승용,남,54세,기타불명,자전거,여,55세,경상
2013062500100211,2013년 6월 25일 10시,화요일,대구광역시 북구 팔달동,경상사고,0,0,1,0,차대차 - 기타,안전운전불이행,건조,맑음,단일로 - 기타,화물,남,42세,상해없음,이륜,남,45세,경상
2013062500100240,2013년 6월 25일 11시,화요일,대구광역시 남구 대명동,경상사고,0,0,1,0,차대차 - 측면직각충돌,차로위반,건조,맑음,단일로 - 기타,화물,남,71세,상해없음,승용,남,55세,경상
2013062500100241,2013년 6월 25일 11시,화요일,대구광역시 중구 남산동,중상사고,0,1,0,0,차대차 - 측면직각충돌,안전운전불이행,건조,맑음,단일로 - 기타,승용,여,54세,상해없음,이륜,남,36세,중상
2013062500100242,2013년 6월 25일 11시,화요일,대구광역시 중구 남산동,경상사고,0,0,1,0,차대차 - 측면직각충돌,교차로운행방법위반,기타,비,교차로 - 교차로안,승용,남,62세,상해없음,승용,남,50세,경상
2013062500100280,2013년 6월 25일 12시,화요일,대구광역시 수성구 상동,경상사고,0,0,1,0,차대차 - 기타,안전운전불이행,건조,맑음,단일로 - 기타,승합,여,59세,상해없음,화물,남,47세,상해없음
2013062500100281,2013년 6월 25일 12시,화요일,대구광역시 수성구 범어동,경상사고,0,0,1,0,차대차 - 기타,안전운전불이행,건조,맑음,단일로 - 기타,승용,여,55세,상해없음,승합,남,51세,상해없음
2013062500100282,2013년 6월 25일 12시,화요일,대구광역시 달성군 논공읍,경상사고,0,0,2,0,차대차 - 기타,교차로운행방법위반,건조,맑음,교차로 - 교차로안,승용,남,27세,상해없음,승합,남,50세,상해없음
2013062500100308,2013년 6월 25일 13시,화요일,대구광역시 수성구 신매동,중상사고,0,1,0,0,차대차 - 측면직각충돌,안전거리미확보,건조,맑음,단일로 - 기타,승용,남,52세,상해없음,이륜,남,21세,중상
2013062500100309,2013년 6월 25일 13시,화요일,대구광역시 북구 산격동,중상사고,0,1,0,0,차대사람 - 기타,안전운전불이행,건조,맑음,단일로 - 기타,승용,여,67세,상해없음,보행자,여,70세,중상
2013062500100310,2013년 6월 25일 13시,화요일,대구광역시 북구 구암동,중상사고,0,1,0,0,차대차 - 측면직각충돌,안전거리미확보,건조,흐림,단일로 - 기타,승용,남,60세,상해없음,이륜,남,55세,중상
2013062500100401,2013년 6월 25일 16시,화요일,대구광역시 달성군 논공읍,경상사고,0,0,1,0,차대차 - 측면직각충돌,안전거리미확보,건조,흐림,단일로 - 기타,건설기계,남,47세,상해없음,건설기계,남,49세,경상
2013062500100402,2013년 6월 25일 16시,화요일,대구광역시 북구 노원동3가,경상사고,0,0,1,0,차대차 - 측면직각충돌,안전운전불이행,건조,맑음,단일로 - 기타,승용,남,58세,상해없음,승용,남,25세,경상
2013062500100403,2013년 6월 25일 16시,화요일,대구광역시 북구 노원동1가,중상사고,0,1,1,0,차대차 - 기타,불법유턴,습기,비,단일로 - 기타,승용,남,48세,상해없음,이륜,남,19세,중상
2013062500100443,2013년 6월 25일 17시,화요일,대구광역시 달성군 다사읍,경상사고,0,0,1,0,차대차 - 기타,안전운전불이행,건조,맑음,교차로 - 교차로부근,승용,남,58세,경상,승용,남,58세,상해없음
2013062500100444,2013년 6월 25일 17시,화요일,대구광역시 북구 고성동1가,경상사고,0,0,2,0,차대차 - 측면직각충돌,안전운전불이행,건조,맑음,교차로 - 교차로안,승용,남,47세,상해없음,승용,여,48세,경상
2013062500100445,2013년 6월 25일 17시,화요일,대구광역시 서구 내당동,중상사고,0,2,1,0,차대차 - 기타,신호위반,건조,맑음,단일로 - 횡단보도상,이륜,남,19세,중상,이륜,남,21세,경상
2013062500100446,2013년 6월 25일 17시,화요일,대구광역시 달서구 용산동,중상사고,0,1,0,0,차대차 - 측면직각충돌,중앙선침범,건조,맑음,단일로 - 기타,승용,여,41세,상해없음,승용,남,25세,중상
2013062500100492,2013년 6월 25일 18시,화요일,대구광역시 수성구 노변동,중상사고,0,1,0,0,차대차 - 기타,안전운전불이행,건조,맑음,교차로 - 교차로안,자전거,남,55세,중상,승용,남,24세,상해없음
2013062500100493,2013년 6월 25일 18시,화요일,대구광역시 서구 비산동,중상사고,0,1,0,0,차대사람 - 횡단중,안전운전불이행,건조,맑음,단일로 - 기타,승용,남,53세,상해없음,보행자,여,67세,중상
2013062500100494,2013년 6월 25일 18시,화요일,대구광역시 북구 구암동,경상사고,0,0,1,0,차대차 - 기타,안전운전불이행,습기,비,교차로 - 교차로안,승용,여,43세,상해없음,이륜,남,32세,경상
2013062500100525,2013년 6월 25일 19시,화요일,대구광역시 동구 신암동,중상사고,0,1,0,0,차대차 - 기타,안전거리미확보,습기,비,단일로 - 기타,승용,기타불명,기타불명,기타불명,이륜,남,55세,중상
2013062500100526,2013년 6월 25일 19시,화요일,대구광역시 동구 신암동,경상사고,0,0,5,0,차대차 - 기타,안전거리미확보,습기,비,단일로 - 기타,승용,남,47세,상해없음,승용,남,58세,경상
2013062500100527,2013년 6월 25일 19시,화요일,대구광역시 수성구 범어동,경상사고,0,0,1,0,차대차 - 추돌 - 진행중,안전거리미확보,습기,비,단일로 - 기타,승용,남,42세,상해없음,승용,남,53세,경상
2013062500100528,2013년 6월 25일 19시,화요일,대구광역시 달서구 상인동,경상사고,0,0,2,0,차대차 - 추돌 - 주정차중,안전운전불이행,습기,비,단일로 - 기타,승용,남,66세,상해없음,승용,남,31세,경상
2013062500100529,2013년 6월 25일 19시,화요일,대구광역시 서구 평리동,부상신고사고,0,0,0,1,차대차 - 측면직각충돌,안전운전불이행,습기,비,교차로 - 교차로안,이륜,남,18세,부상신고,승용,남,61세,상해없음
2013062500100574,2013년 6월 25일 20시,화요일,대구광역시 동구 동호동,경상사고,0,0,1,0,차대차 - 기타,교차로운행방법위반,습기,비,교차로 - 교차로안,승용,남,44세,상해없음,원동기,남,46세,경상
2013062500100575,2013년 6월 25일 20시,화요일,대구광역시 수성구 만촌동,중상사고,0,1,1,0,차대차 - 측면직각충돌,교차로운행방법위반,습기,비,교차로 - 교차로안,이륜,남,54세,중상,승용,여,44세,상해없음
2013062500100576,2013년 6월 25일 20시,화요일,대구광역시 수성구 수성동4가,중상사고,0,1,0,0,차대사람 - 기타,보행자보호의무위반,습기,비,단일로 - 기타,승용,여,33세,상해없음,보행자,여,62세,중상
2013062500100577,2013년 6월 25일 20시,화요일,대구광역시 달서구 송현동,경상사고,0,0,1,0,차대사람 - 횡단중,안전운전불이행,습기,비,단일로 - 기타,승용,남,25세,상해없음,보행자,남,45세,경상
2013062500100578,2013년 6월 25일 20시,화요일,대구광역시 서구 내당동,중상사고,0,1,0,0,차대사람 - 기타,안전운전불이행,습기,비,교차로 - 교차로안,화물,남,42세,상해없음,보행자,남,59세,중상
2013062500100579,2013년 6월 25일 20시,화요일,대구광역시 중구 삼덕동1가,경상사고,0,0,1,1,차대차 - 측면직각충돌,안전운전불이행,습기,비,교차로 - 교차로부근,승용,남,25세,부상신고,승용,남,39세,경상
2013062500100621,2013년 6월 25일 21시,화요일,대구광역시 동구 용계동,중상사고,0,1,0,0,차대사람 - 기타,안전운전불이행,습기,비,단일로 - 기타,승용,여,42세,상해없음,보행자,여,47세,중상
2013062500100622,2013년 6월 25일 21시,화요일,대구광역시 달서구 대천동,중상사고,0,1,0,0,차대차 - 측면직각충돌,신호위반,습기,비,교차로 - 교차로안,승용,남,43세,상해없음,승용,남,46세,중상
2013062500100623,2013년 6월 25일 21시,화요일,대구광역시 달서구 상인동,경상사고,0,0,1,0,차대차 - 측면직각충돌,안전거리미확보,습기,비,단일로 - 기타,승용,남,79세,상해없음,승용,남,47세,경상
2013062500100624,2013년 6월 25일 21시,화요일,대구광역시 북구 칠성동1가,경상사고,0,0,2,0,차대차 - 추돌 - 주정차중,안전운전불이행,습기,비,단일로 - 횡단보도부근,승용,남,18세,상해없음,승용,남,30세,경상
2013062500100652,2013년 6월 25일 22시,화요일,대구광역시 달서구 월암동,경상사고,0,0,1,0,차대차 - 기타,안전운전불이행,습기,비,교차로 - 교차로부근,승용,남,44세,상해없음,이륜,남,39세,경상
2013062500100686,2013년 6월 25일 23시,화요일,대구광역시 남구 대명동,경상사고,0,0,1,0,차대차 - 측면직각충돌,교차로운행방법위반,습기,비,교차로 - 교차로안,승용,여,51세,상해없음,이륜,남,23세,경상
2013062500100687,2013년 6월 25일 23시,화요일,대구광역시 동구 입석동,중상사고,0,1,0,0,차대사람 - 기타,안전운전불이행,습기,비,교차로 - 교차로안,승용,남,23세,상해없음,보행자,남,43세,중상
2013062500100688,2013년 6월 25일 23시,화요일,대구광역시 달서구 도원동,경상사고,0,0,1,0,차대차 - 측면직각충돌,안전운전불이행,건조,맑음,교차로 - 교차로안,승용,남,44세,상해없음,자전거,남,17세,경상
2013062500100689,2013년 6월 25일 23시,화요일,대구광역시 서구 내당동,경상사고,0,0,1,0,차대차 - 기타,안전운전불이행,습기,비,단일로 - 기타,승용,남,53세,상해없음,승용,남,48세,상해없음
2013062500100690,2013년 6월 25일 23시,화요일,대구광역시 서구 상리동,경상사고,0,0,3,0,차대차 - 추돌 - 진행중,안전거리미확보,습기,비,단일로 - 기타,승용,남,44세,상해없음,승용,남,72세,상해없음
2013062500100691,2013년 6월 25일 23시,화요일,대구광역시 중구 삼덕동2가,경상사고,0,0,1,0,차대차 - 측면직각충돌,신호위반,습기,비,교차로 - 교차로안,승용,남,55세,상해없음,이륜,남,20세,경상
2013062500100692,2013년 6월 25일 23시,화요일,대구광역시 달서구 죽전동,경상사고,0,0,1,0,차대차 - 추돌 - 진행중,안전거리미확보,습기,비,단일로 - 기타,승용,남,39세,상해없음,승용,남,63세,경상
2013062500100693,2013년 6월 25일 23시,화요일,대구광역시 달서구 신당동,경상사고,0,0,1,0,차대차 - 추돌 - 주정차중,안전운전불이행,습기,비,단일로 - 기타,이륜,남,18세,경상,승용,남,61세,상해없음
2013062500100694,2013년 6월 25일 23시,화요일,대구광역시 북구 관음동,경상사고,0,0,2,0,차대사람 - 차도통행중,직진우회전진행방해,습기,비,교차로 - 교차로안,승용,남,29세,상해없음,보행자,남,27세,경상
2013062600100057,2013년 6월 26일 01시,수요일,대구광역시 달서구 본리동,경상사고,0,0,1,0,차대사람 - 기타,안전운전불이행,습기,비,기타 - 기타,승용,남,34세,상해없음,보행자,여,18세,경상
2013062600100080,2013년 6월 26일 02시,수요일,대구광역시 서구 내당동,경상사고,0,0,1,0,차대차 - 추돌 - 주정차중,안전운전불이행,습기,비,교차로 - 교차로부근,승용,남,18세,상해없음,승용,남,44세,경상
2013062600100081,2013년 6월 26일 02시,수요일,대구광역시 달서구 용산동,중상사고,0,1,0,0,차대차 - 측면직각충돌,교차로운행방법위반,습기,비,교차로 - 교차로안,승용,남,25세,상해없음,이륜,남,18세,중상
2013062600100144,2013년 6월 26일 07시,수요일,대구광역시 북구 대현동,중상사고,0,1,0,0,차대차 - 기타,차로위반,건조,흐림,단일로 - 기타,자전거,남,76세,중상,승용,남,35세,상해없음
2013062600100145,2013년 6월 26일 07시,수요일,대구광역시 북구 복현동,경상사고,0,0,1,0,차대차 - 측면직각충돌,신호위반,건조,맑음,교차로 - 교차로안,승용,여,56세,상해없음,승용,남,52세,경상
2013062600100188,2013년 6월 26일 08시,수요일,대구광역시 동구 신암동,중상사고,0,1,0,0,차대사람 - 기타,안전운전불이행,건조,맑음,교차로 - 교차로안,승용,남,32세,상해없음,보행자,여,64세,중상
2013062600100189,2013년 6월 26일 08시,수요일,대구광역시 달서구 월성동,경상사고,0,0,2,0,차대차 - 정면충돌,신호위반,건조,맑음,교차로 - 교차로안,이륜,남,21세,경상,승용,여,45세,경상
2013062600100190,2013년 6월 26일 08시,수요일,대구광역시 북구 검단동,중상사고,0,2,0,0,차대차 - 측면직각충돌,안전운전불이행,건조,맑음,단일로 - 기타,승용,남,48세,상해없음,승용,여,31세,상해없음
2013062600100191,2013년 6월 26일 08시,수요일,대구광역시 중구 대신동,경상사고,0,0,3,0,차대차 - 추돌 - 주정차중,안전거리미확보,건조,맑음,단일로 - 기타,승합,여,44세,상해없음,승용,남,51세,경상
2013062600100192,2013년 6월 26일 08시,수요일,대구광역시 중구 봉산동,중상사고,0,1,0,0,차대차 - 측면직각충돌,신호위반,건조,맑음,단일로 - 기타,승용,여,43세,상해없음,원동기,남,72세,중상
2013062600100193,2013년 6월 26일 08시,수요일,대구광역시 북구 매천동,경상사고,0,0,1,0,차대차 - 기타,안전운전불이행,건조,맑음,단일로 - 기타,화물,남,37세,상해없음,이륜,남,42세,경상
2013062600100223,2013년 6월 26일 09시,수요일,대구광역시 달서구 용산동,경상사고,0,0,1,0,차대차 - 추돌 - 진행중,안전운전불이행,건조,맑음,단일로 - 기타,승용,남,53세,상해없음,승용,남,28세,경상
2013062600100274,2013년 6월 26일 11시,수요일,대구광역시 중구 봉산동,부상신고사고,0,0,0,1,차대차 - 추돌 - 주정차중,안전운전불이행,건조,맑음,교차로 - 교차로안,승용,남,49세,부상신고,승용,여,42세,상해없음
2013062600100293,2013년 6월 26일 12시,수요일,대구광역시 북구 노원동3가,중상사고,0,1,0,0,차대사람 - 횡단중,안전운전불이행,건조,맑음,단일로 - 횡단보도상,화물,남,60세,상해없음,보행자,여,51세,중상
2013062600100313,2013년 6월 26일 13시,수요일,대구광역시 북구 산격동,경상사고,0,0,2,0,차대차 - 기타,신호위반,건조,맑음,교차로 - 교차로안,승합,남,54세,상해없음,승용,여,37세,경상
2013062600100382,2013년 6월 26일 15시,수요일,대구광역시 동구 봉무동,경상사고,0,0,1,0,차대차 - 기타,안전운전불이행,건조,맑음,단일로 - 기타,승용,여,52세,상해없음,승합,남,26세,경상
2013062600100383,2013년 6월 26일 15시,수요일,대구광역시 달서구 호림동,경상사고,0,0,1,0,차대사람 - 기타,중앙선침범,건조,맑음,단일로 - 기타,승합,기타불명,기타불명,기타불명,보행자,남,35세,경상
2013062600100384,2013년 6월 26일 15시,수요일,대구광역시 달서구 장기동,경상사고,0,0,1,0,차대차 - 측면직각충돌,안전운전불이행,건조,맑음,단일로 - 횡단보도상,이륜,남,29세,경상,화물,남,39세,상해없음
2013062600100414,2013년 6월 26일 16시,수요일,대구광역시 달서구 본리동,경상사고,0,0,1,0,차대차 - 추돌 - 진행중,중앙선침범,건조,맑음,기타 - 기타,자전거,남,14세,경상,승용,여,47세,상해없음
2013062600100415,2013년 6월 26일 16시,수요일,대구광역시 달서구 신당동,중상사고,0,1,2,0,차대차 - 측면직각충돌,안전운전불이행,건조,맑음,기타 - 기타,승용,여,59세,경상,승용,여,40세,중상
2013062600100458,2013년 6월 26일 17시,수요일,대구광역시 수성구 파동,부상신고사고,0,0,0,1,차대차 - 측면직각충돌,안전운전불이행,건조,맑음,기타 - 기타,승용,여,38세,상해없음,승용,여,35세,부상신고
2013062600100459,2013년 6월 26일 17시,수요일,대구광역시 달서구 월성동,경상사고,0,0,3,0,차대차 - 기타,안전운전불이행,건조,맑음,기타 - 기타,승용,남,30세,상해없음,승용,남,30세,경상
2013062600100460,2013년 6월 26일 17시,수요일,대구광역시 달성군 논공읍,중상사고,0,1,0,0,차대차 - 측면직각충돌,신호위반,건조,맑음,교차로 - 교차로안,화물,남,48세,상해없음,승용,남,56세,중상
2013062600100461,2013년 6월 26일 17시,수요일,대구광역시 북구 산격동,경상사고,0,0,4,0,차대차 - 추돌 - 진행중,안전거리미확보,건조,맑음,단일로 - 기타,승용,남,61세,경상,승용,남,49세,경상
2013062600100462,2013년 6월 26일 17시,수요일,대구광역시 북구 읍내동,경상사고,0,0,1,0,차대사람 - 길가장자리구역통행중,안전운전불이행,건조,맑음,단일로 - 기타,승합,남,71세,상해없음,보행자,남,15세,경상
2013062600100502,2013년 6월 26일 18시,수요일,대구광역시 수성구 범어동,경상사고,0,0,1,0,차대차 - 기타,안전운전불이행,건조,맑음,단일로 - 횡단보도상,승용,남,68세,상해없음,자전거,남,61세,경상
2013062600100503,2013년 6월 26일 18시,수요일,대구광역시 달서구 월암동,경상사고,0,0,2,0,차대차 - 측면직각충돌,직진우회전진행방해,건조,맑음,교차로 - 교차로안,승용,여,57세,경상,승용,여,38세,경상
2013062600100504,2013년 6월 26일 18시,수요일,대구광역시 달성군 다사읍,경상사고,0,0,1,0,차대차 - 기타,안전운전불이행,건조,맑음,교차로 - 교차로안,승용,여,33세,상해없음,승용,남,25세,경상
2013062600100505,2013년 6월 26일 18시,수요일,대구광역시 서구 이현동,중상사고,0,1,0,0,차대차 - 기타,안전운전불이행,건조,맑음,단일로 - 기타,이륜,남,59세,중상,승용,여,36세,상해없음
2013062600100564,2013년 6월 26일 20시,수요일,대구광역시 달서구 두류동,경상사고,0,0,1,0,차대차 - 추돌 - 주정차중,안전운전불이행,건조,맑음,단일로 - 기타,승용,여,49세,기타불명,승용,남,43세,기타불명
2013062600100608,2013년 6월 26일 21시,수요일,대구광역시 중구 대봉동,경상사고,0,0,1,0,차대사람 - 횡단중,보행자보호의무위반,건조,맑음,교차로 - 교차로부근,승용,남,38세,상해없음,보행자,남,54세,경상
2013062600100609,2013년 6월 26일 21시,수요일,대구광역시 중구 동인동2가,부상신고사고,0,0,0,1,차대차 - 기타,안전운전불이행,건조,맑음,단일로 - 기타,승용,남,33세,상해없음,이륜,남,19세,부상신고
2013062600100610,2013년 6월 26일 21시,수요일,대구광역시 달서구 성당동,부상신고사고,0,0,0,1,차대차 - 추돌 - 주정차중,안전운전불이행,건조,맑음,단일로 - 기타,승용,남,45세,부상신고,승용,남,58세,기타불명
2013062600100637,2013년 6월 26일 22시,수요일,대구광역시 중구 남산동,경상사고,0,0,2,0,차대차 - 추돌 - 진행중,안전거리미확보,건조,맑음,단일로 - 기타,승용,남,27세,상해없음,승용,남,56세,상해없음
2013062600100638,2013년 6월 26일 22시,수요일,대구광역시 북구 태전동,부상신고사고,0,0,0,1,차대사람 - 차도통행중,안전운전불이행,건조,흐림,단일로 - 기타,승합,남,54세,상해없음,보행자,남,71세,부상신고
2013062600100662,2013년 6월 26일 23시,수요일,대구광역시 수성구 두산동,경상사고,0,0,1,0,차대차 - 측면직각충돌,교차로운행방법위반,건조,맑음,교차로 - 교차로안,화물,남,53세,상해없음,승용,여,54세,경상
2013062600100663,2013년 6월 26일 23시,수요일,대구광역시 달서구 성당동,중상사고,0,2,1,0,차대차 - 추돌 - 진행중,교차로운행방법위반,건조,맑음,교차로 - 교차로안,승용,여,40세,상해없음,이륜,남,17세,중상
2013062700100013,2013년 6월 27일 00시,목요일,대구광역시 달서구 본동,경상사고,0,0,2,0,차대차 - 추돌 - 진행중,안전운전불이행,건조,맑음,단일로 - 기타,승용,남,39세,상해없음,승용,남,36세,경상
2013062700100014,2013년 6월 27일 00시,목요일,대구광역시 서구 내당동,경상사고,0,0,1,0,차대차 - 기타,신호위반,건조,맑음,교차로 - 교차로안,이륜,남,18세,상해없음,승용,남,61세,경상
2013062700100015,2013년 6월 27일 00시,목요일,대구광역시 중구 동성로2가,중상사고,0,1,0,0,차대사람 - 기타,안전운전불이행,건조,맑음,단일로 - 기타,승용,남,24세,상해없음,보행자,여,62세,중상
2013062700100026,2013년 6월 27일 01시,목요일,대구광역시 수성구 두산동,경상사고,0,0,1,0,차대사람 - 기타,안전운전불이행,습기,비,단일로 - 기타,승용,남,48세,상해없음,보행자,남,25세,경상
2013062700100027,2013년 6월 27일 01시,목요일,대구광역시 중구 수창동,경상사고,0,0,4,0,차대차 - 기타,안전운전불이행,건조,맑음,교차로 - 교차로안,화물,남,48세,상해없음,승용,남,18세,경상
2013062700100061,2013년 6월 27일 05시,목요일,대구광역시 북구 학정동,중상사고,0,1,0,0,차대차 - 추돌 - 주정차중,안전운전불이행,건조,맑음,단일로 - 기타,화물,남,23세,상해없음,승용,남,39세,중상