사고번호,사고일시,요일,시군구,사고내용,사망자수,중상자수,경상자수,부상신고자수,사고유형,법규위반,노면상태,기상상태,도로형태,가해운전자 차종,가해운전자 성별,가해운전자 연령,가해운전자 상해정도,피해운전자 차종,피해운전자 성별,피해운전자 연령,피해운전자 상해정도
2013062900100625,2013년 6월 29일 21시,토요일,대구광역시 북구 읍내동,경상사고,0,0,1,0,차대차 - 추돌 - 주정차중,안전운전불이행,건조,맑음,단일로 - 기타,승용,남,41세,상해없음,승용,남,53세,경상
2013062900100655,2013년 6월 29일 22시,토요일,대구광역시 서구 평리동,경상사고,0,0,1,0,차대차 - 기타,안전거리미확보,건조,맑음,단일로 - 기타,승용,남,69세,상해없음,승용,남,44세,경상
2013062900100656,2013년 6월 29일 22시,토요일,대구광역시 달서구 죽전동,경상사고,0,0,1,0,차대사람 - 기타,안전운전불이행,건조,흐림,단일로 - 기타,승용,남,60세,상해없음,보행자,남,29세,경상
2013063000100017,2013년 6월 30일 00시,일요일,대구광역시 동구 효목동,경상사고,0,0,1,0,차대차 - 기타,안전운전불이행,건조,맑음,단일로 - 기타,승용,여,45세,상해없음,승용,여,34세,경상
2013063000100037,2013년 6월 30일 01시,일요일,대구광역시 수성구 수성동1가,중상사고,0,4,1,0,차대차 - 정면충돌,신호위반,건조,맑음,교차로 - 교차로안,승용,남,51세,중상,승용,남,27세,중상
2013063000100038,2013년 6월 30일 01시,일요일,대구광역시 달서구 본동,경상사고,0,0,2,0,차대차 - 정면충돌,중앙선침범,건조,맑음,단일로 - 기타,승용,여,58세,상해없음,승용,남,33세,경상
2013063000100039,2013년 6월 30일 01시,일요일,대구광역시 달서구 송현동,경상사고,0,0,1,0,차대사람 - 기타,안전운전불이행,건조,맑음,단일로 - 기타,승용,남,29세,상해없음,보행자,여,29세,경상
2013063000100059,2013년 6월 30일 02시,일요일,대구광역시 달서구 본동,경상사고,0,0,1,0,차대차 - 추돌 - 주정차중,안전운전불이행,건조,맑음,교차로 - 교차로부근,승용,남,26세,상해없음,승용,남,68세,상해없음
2013063000100060,2013년 6월 30일 02시,일요일,대구광역시 달서구 신당동,중상사고,0,1,0,0,차대사람 - 횡단중,안전운전불이행,건조,맑음,교차로 - 교차로안,승용,남,48세,상해없음,보행자,남,35세,중상
2013063000100076,2013년 6월 30일 03시,일요일,대구광역시 달서구 송현동,경상사고,0,0,1,0,차대차 - 정면충돌,중앙선침범,건조,맑음,단일로 - 기타,이륜,남,19세,상해없음,이륜,남,15세,경상
2013063000100108,2013년 6월 30일 05시,일요일,대구광역시 서구 내당동,부상신고사고,0,0,0,1,차대차 - 기타,신호위반,건조,맑음,단일로 - 기타,원동기,남,30세,부상신고,승용,남,54세,상해없음
2013063000100121,2013년 6월 30일 06시,일요일,대구광역시 동구 율하동,경상사고,0,0,3,0,차대차 - 추돌 - 진행중,교차로운행방법위반,건조,맑음,교차로 - 교차로안,승합,남,36세,경상,승용,남,69세,상해없음
2013063000100122,2013년 6월 30일 06시,일요일,대구광역시 수성구 수성동3가,경상사고,0,0,1,0,차대차 - 기타,교차로운행방법위반,건조,맑음,교차로 - 교차로부근,승용,남,65세,상해없음,승용,남,36세,경상
2013063000100123,2013년 6월 30일 06시,일요일,대구광역시 북구 노원동1가,경상사고,0,0,1,0,차대차 - 기타,중앙선침범,건조,맑음,단일로 - 기타,승용,남,59세,상해없음,자전거,남,54세,경상
2013063000100141,2013년 6월 30일 07시,일요일,대구광역시 달서구 도원동,경상사고,0,0,1,0,차대차 - 측면직각충돌,안전운전불이행,건조,맑음,교차로 - 교차로안,이륜,남,70세,경상,승용,남,62세,상해없음
2013063000100174,2013년 6월 30일 09시,일요일,대구광역시 달서구 감삼동,경상사고,0,0,1,0,차대차 - 추돌 - 주정차중,안전운전불이행,건조,맑음,단일로 - 기타,승용,여,50세,기타불명,승용,남,43세,경상
2013063000100197,2013년 6월 30일 10시,일요일,대구광역시 남구 봉덕동,경상사고,0,0,1,0,차대차 - 기타,안전운전불이행,건조,맑음,교차로 - 교차로부근,승용,남,59세,상해없음,승용,여,29세,경상
2013063000100216,2013년 6월 30일 11시,일요일,대구광역시 동구 신암동,경상사고,0,0,1,0,차대차 - 기타,신호위반,건조,맑음,교차로 - 교차로안,원동기,남,18세,상해없음,승용,남,56세,경상
2013063000100217,2013년 6월 30일 11시,일요일,대구광역시 동구 동호동,중상사고,0,1,0,0,차대차 - 기타,안전운전불이행,건조,맑음,단일로 - 기타,승용,여,41세,상해없음,원동기,남,72세,중상
2013063000100235,2013년 6월 30일 12시,일요일,대구광역시 서구 중리동,경상사고,0,0,1,0,차량단독 - 기타,안전운전불이행,건조,맑음,단일로 - 기타,이륜,남,52세,경상,,,,
2013063000100236,2013년 6월 30일 12시,일요일,대구광역시 달서구 용산동,경상사고,0,0,1,0,차대사람 - 횡단중,안전운전불이행,건조,맑음,단일로 - 기타,승용,여,40세,상해없음,보행자,남,11세,경상
2013063000100264,2013년 6월 30일 13시,일요일,대구광역시 달서구 상인동,경상사고,0,0,2,0,차대차 - 추돌 - 진행중,신호위반,건조,맑음,교차로 - 교차로부근,승용,남,52세,상해없음,승용,남,41세,경상
2013063000100265,2013년 6월 30일 13시,일요일,대구광역시 중구 동성로1가,경상사고,0,0,2,0,차대차 - 추돌 - 진행중,안전운전불이행,건조,맑음,단일로 - 기타,승용,남,53세,상해없음,승용,남,37세,경상
2013063000100290,2013년 6월 30일 14시,일요일,대구광역시 북구 서변동,경상사고,0,0,4,0,차대차 - 추돌 - 진행중,안전거리미확보,건조,맑음,단일로 - 기타,승용,남,33세,상해없음,승용,남,28세,경상
2013063000100331,2013년 6월 30일 15시,일요일,대구광역시 달서구 본리동,경상사고,0,0,1,0,차대차 - 기타,안전운전불이행,건조,맑음,교차로 - 교차로안,승용,여,53세,상해없음,승용,남,50세,경상
2013063000100363,2013년 6월 30일 16시,일요일,대구광역시 동구 서호동,중상사고,0,1,1,0,차대차 - 추돌 - 진행중,안전운전불이행,건조,맑음,단일로 - 기타,승용,남,48세,상해없음,승합,남,53세,경상
2013063000100415,2013년 6월 30일 18시,일요일,대구광역시 북구 침산동,부상신고사고,0,0,0,1,차대차 - 측면직각충돌,안전운전불이행,건조,맑음,단일로 - 기타,원동기,남,17세,부상신고,승용,여,29세,상해없음
2013063000100462,2013년 6월 30일 20시,일요일,대구광역시 달서구 두류동,중상사고,0,1,0,0,차대사람 - 기타,보행자보호의무위반,건조,맑음,단일로 - 횡단보도상,자전거,남,15세,상해없음,보행자,여,48세,중상
2013063000100492,2013년 6월 30일 21시,일요일,대구광역시 달성군 논공읍,중상사고,0,1,0,0,차대차 - 기타,차로위반,건조,맑음,단일로 - 기타,승용,남,23세,상해없음,원동기,남,34세,중상
2013063000100532,2013년 6월 30일 23시,일요일,대구광역시 북구 국우동,부상신고사고,0,0,0,1,차대차 - 측면직각충돌,안전거리미확보,건조,맑음,교차로 - 교차로부근,이륜,남,31세,부상신고,승용,남,74세,상해없음
2013070100100009,2013년 7월 1일 00시,월요일,대구광역시 동구 효목동,중상사고,0,2,4,0,차대차 - 기타,안전거리미확보,건조,맑음,교차로 - 교차로부근,승용,여,25세,경상,승용,남,57세,경상
2013070100100022,2013년 7월 1일 02시,월요일,대구광역시 달서구 성당동,경상사고,0,0,1,0,차대차 - 추돌 - 주정차중,중앙선침범,건조,맑음,단일로 - 기타,승용,남,29세,상해없음,승용,남,49세,경상
2013070100100032,2013년 7월 1일 03시,월요일,대구광역시 북구 서변동,경상사고,0,0,2,0,차대차 - 측면직각충돌,신호위반,건조,맑음,교차로 - 교차로안,승용,남,49세,상해없음,승용,남,60세,경상
2013070100100078,2013년 7월 1일 07시,월요일,대구광역시 남구 대명동,경상사고,0,0,2,0,차대차 - 추돌 - 진행중,안전거리미확보,건조,맑음,단일로 - 기타,승용,남,38세,상해없음,승용,여,52세,경상
2013070100100079,2013년 7월 1일 07시,월요일,대구광역시 북구 산격동,부상신고사고,0,0,0,1,차대차 - 측면직각충돌,안전운전불이행,건조,맑음,단일로 - 기타,자전거,남,24세,부상신고,승용,남,63세,상해없음
2013070100100080,2013년 7월 1일 07시,월요일,대구광역시 달서구 파호동,중상사고,0,1,0,0,차대차 - 측면직각충돌,안전운전불이행,건조,맑음,교차로 - 교차로부근,승용,여,51세,상해없음,원동기,여,35세,중상
2013070100100112,2013년 7월 1일 08시,월요일,대구광역시 달서구 상인동,경상사고,0,0,1,0,차대사람 - 횡단중,안전운전불이행,건조,맑음,교차로 - 교차로부근,화물,남,51세,상해없음,보행자,여,70세,경상
2013070100100113,2013년 7월 1일 08시,월요일,대구광역시 북구 산격동,경상사고,0,0,2,0,차대차 - 기타,기타,건조,맑음,단일로 - 기타,승용,남,59세,상해없음,자전거,남,31세,경상
2013070100100114,2013년 7월 1일 08시,월요일,대구광역시 북구 노원동1가,경상사고,0,0,2,0,차대차 - 추돌 - 진행중,안전운전불이행,건조,맑음,교차로 - 교차로부근,승용,남,29세,상해없음,승용,남,43세,경상
2013070100100115,2013년 7월 1일 08시,월요일,대구광역시 북구 서변동,경상사고,0,0,1,0,차대차 - 측면직각충돌,신호위반,건조,맑음,교차로 - 교차로안,승용,여,21세,상해없음,승용,남,48세,경상
2013070100100154,2013년 7월 1일 09시,월요일,대구광역시 남구 봉덕동,경상사고,0,0,1,0,차대사람 - 횡단중,보행자보호의무위반,건조,맑음,교차로 - 교차로부근,화물,남,61세,상해없음,보행자,여,51세,경상
2013070100100155,2013년 7월 1일 09시,월요일,대구광역시 서구 비산동,경상사고,0,0,1,0,차대차 - 기타,안전거리미확보,건조,맑음,단일로 - 기타,승용,여,31세,상해없음,승용,남,68세,상해없음
2013070100100201,2013년 7월 1일 11시,월요일,대구광역시 수성구 황금동,중상사고,0,2,0,0,차대사람 - 기타,안전운전불이행,건조,맑음,단일로 - 기타,승용,남,65세,상해없음,보행자,여,66세,중상
2013070100100202,2013년 7월 1일 11시,월요일,대구광역시 북구 복현동,중상사고,0,1,0,0,차대차 - 측면직각충돌,안전운전불이행,건조,맑음,교차로 - 교차로부근,승용,여,48세,상해없음,이륜,남,47세,중상
2013070100100203,2013년 7월 1일 11시,월요일,대구광역시 북구 산격동,경상사고,0,0,4,0,차대차 - 추돌 - 주정차중,기타,건조,맑음,단일로 - 기타,건설기계,남,40세,상해없음,화물,남,41세,경상
2013070100100230,2013년 7월 1일 12시,월요일,대구광역시 달성군 논공읍,사망사고,1,2,1,0,차량단독 - 공작물충돌,안전운전불이행,건조,맑음,단일로 - 기타,승용,남,40세,중상,,,,
2013070100100233,2013년 7월 1일 12시,월요일,대구광역시 수성구 상동,경상사고,0,0,1,0,차대차 - 기타,안전거리미확보,건조,맑음,단일로 - 기타,승용,남,46세,상해없음,이륜,남,39세,경상
2013070100100266,2013년 7월 1일 13시,월요일,대구광역시 중구 삼덕동2가,경상사고,0,0,1,0,차대사람 - 기타,안전운전불이행,건조,맑음,단일로 - 기타,승합,남,48세,상해없음,보행자,여,79세,경상
2013070100100267,2013년 7월 1일 13시,월요일,대구광역시 달서구 감삼동,중상사고,0,1,0,0,차대차 - 측면직각충돌,안전운전불이행,건조,맑음,단일로 - 기타,승용,남,24세,상해없음,이륜,남,38세,중상
2013070100100268,2013년 7월 1일 13시,월요일,대구광역시 달서구 이곡동,경상사고,0,0,1,0,차대차 - 기타,안전운전불이행,건조,맑음,단일로 - 기타,화물,남,32세,상해없음,승용,여,43세,경상
2013070100100296,2013년 7월 1일 14시,월요일,대구광역시 중구 계산동1가,중상사고,0,1,0,0,차대사람 - 차도통행중,안전운전불이행,건조,맑음,단일로 - 기타,승용,여,47세,상해없음,보행자,여,55세,중상
2013070100100328,2013년 7월 1일 15시,월요일,대구광역시 남구 대명동,부상신고사고,0,0,0,1,차대차 - 기타,안전운전불이행,건조,맑음,단일로 - 기타,자전거,여,67세,부상신고,승용,남,28세,상해없음
2013070100100329,2013년 7월 1일 15시,월요일,대구광역시 달서구 상인동,경상사고,0,0,1,0,차대차 - 측면직각충돌,교차로운행방법위반,건조,맑음,교차로 - 교차로안,원동기,남,17세,상해없음,자전거,여,13세,경상
2013070100100330,2013년 7월 1일 15시,월요일,대구광역시 북구 동천동,경상사고,0,0,2,0,차대차 - 측면직각충돌,안전운전불이행,건조,맑음,교차로 - 교차로안,승용,남,47세,경상,승용,여,37세,경상
2013070100100363,2013년 7월 1일 16시,월요일,대구광역시 동구 신기동,중상사고,0,1,0,0,차대사람 - 기타,안전운전불이행,건조,맑음,교차로 - 교차로안,승용,남,41세,상해없음,보행자,여,71세,중상
2013070100100401,2013년 7월 1일 17시,월요일,대구광역시 수성구 시지동,경상사고,0,0,1,0,차대사람 - 기타,보행자보호의무위반,건조,맑음,교차로 - 교차로부근,승용,남,23세,상해없음,보행자,남,23세,경상
2013070100100402,2013년 7월 1일 17시,월요일,대구광역시 수성구 수성동4가,경상사고,0,0,1,0,차대차 - 기타,교차로운행방법위반,건조,맑음,교차로 - 교차로안,승용,여,53세,상해없음,이륜,남,26세,경상
2013070100100403,2013년 7월 1일 17시,월요일,대구광역시 북구 태전동,경상사고,0,0,1,0,차대차 - 기타,안전운전불이행,건조,맑음,교차로 - 교차로부근,승용,남,44세,상해없음,이륜,남,45세,경상
2013070100100424,2013년 7월 1일 18시,월요일,대구광역시 서구 평리동,중상사고,0,2,4,0,차대차 - 측면직각충돌,안전거리미확보,건조,맑음,단일로 - 기타,승용,남,51세,상해없음,승합,남,48세,상해없음
2013070100100454,2013년 7월 1일 19시,월요일,대구광역시 남구 대명동,중상사고,0,1,0,0,차대사람 - 기타,안전운전불이행,건조,맑음,단일로 - 기타,승용,남,58세,상해없음,보행자,여,58세,중상
2013070100100455,2013년 7월 1일 19시,월요일,대구광역시 달서구 본동,중상사고,0,1,0,0,차대사람 - 기타,불법유턴,건조,맑음,교차로 - 교차로부근,승용,남,60세,상해없음,보행자,남,46세,중상
2013070100100456,2013년 7월 1일 19시,월요일,대구광역시 중구 서성로1가,경상사고,0,0,1,0,차대차 - 측면직각충돌,교차로운행방법위반,건조,맑음,교차로 - 교차로안,승용,남,35세,상해없음,화물,남,45세,경상
2013070100100457,2013년 7월 1일 19시,월요일,대구광역시 달서구 두류동,중상사고,0,1,0,0,차대차 - 기타,안전거리미확보,건조,맑음,단일로 - 기타,화물,남,71세,상해없음,원동기,남,70세,중상
2013070100100482,2013년 7월 1일 20시,월요일,대구광역시 북구 태전동,중상사고,0,1,3,0,차대차 - 추돌 - 진행중,안전거리미확보,건조,맑음,단일로 - 기타,승용,남,27세,상해없음,승용,남,51세,경상
2013070100100521,2013년 7월 1일 21시,월요일,대구광역시 달서구 상인동,경상사고,0,0,2,0,차대차 - 추돌 - 진행중,안전거리미확보,건조,맑음,교차로 - 교차로안,승합,남,26세,상해없음,승용,여,55세,경상
2013070100100522,2013년 7월 1일 21시,월요일,대구광역시 달서구 송현동,경상사고,0,0,1,0,차대차 - 측면직각충돌,직진우회전진행방해,건조,맑음,교차로 - 교차로안,승용,남,54세,상해없음,원동기,남,17세,상해없음
2013070100100523,2013년 7월 1일 21시,월요일,대구광역시 달서구 두류동,중상사고,0,1,0,0,차대차 - 기타,교차로운행방법위반,건조,맑음,교차로 - 교차로안,승용,남,46세,상해없음,이륜,남,50세,중상
2013070100100547,2013년 7월 1일 22시,월요일,대구광역시 수성구 신매동,경상사고,0,0,2,0,차대차 - 기타,안전거리미확보,건조,맑음,단일로 - 기타,승용,남,51세,상해없음,승용,여,46세,경상
2013070100100548,2013년 7월 1일 22시,월요일,대구광역시 달서구 송현동,중상사고,0,1,0,0,차대차 - 기타,불법유턴,건조,맑음,단일로 - 기타,승용,남,57세,상해없음,이륜,남,17세,중상
2013070100100549,2013년 7월 1일 22시,월요일,대구광역시 중구 서문로1가,부상신고사고,0,0,0,1,차량단독 - 공작물충돌,안전운전불이행,건조,맑음,교차로 - 교차로안,승용,남,27세,부상신고,,,,
2013070100100550,2013년 7월 1일 22시,월요일,대구광역시 중구 동성로2가,중상사고,0,1,0,0,차대사람 - 보도통행중,안전운전불이행,건조,맑음,단일로 - 기타,승합,여,49세,상해없음,보행자,남,53세,중상
2013070200100013,2013년 7월 2일 00시,화요일,대구광역시 수성구 매호동,중상사고,0,1,0,0,차대차 - 기타,안전운전불이행,건조,맑음,교차로 - 교차로부근,승용,남,45세,상해없음,자전거,남,19세,중상
2013070200100014,2013년 7월 2일 00시,화요일,대구광역시 달서구 죽전동,경상사고,0,0,7,0,차대차 - 추돌 - 진행중,안전운전불이행,건조,맑음,단일로 - 기타,승용,남,29세,상해없음,승용,남,53세,경상
2013070200100032,2013년 7월 2일 01시,화요일,대구광역시 수성구 신매동,중상사고,0,1,1,0,차대차 - 기타,안전운전불이행,습기,흐림,교차로 - 교차로안,승용,남,70세,상해없음,승용,남,56세,경상
2013070200100040,2013년 7월 2일 02시,화요일,대구광역시 동구 효목동,경상사고,0,0,2,0,차대차 - 추돌 - 진행중,안전거리미확보,건조,맑음,단일로 - 기타,승용,남,19세,상해없음,원동기,남,17세,경상
2013070200100065,2013년 7월 2일 04시,화요일,대구광역시 서구 중리동,경상사고,0,0,2,0,차대차 - 측면직각충돌,신호위반,건조,맑음,교차로 - 교차로안,승용,남,24세,상해없음,승용,남,42세,경상
2013070200100131,2013년 7월 2일 07시,화요일,대구광역시 서구 중리동,경상사고,0,0,1,0,차대차 - 측면직각충돌,안전운전불이행,습기,비,단일로 - 횡단보도상,화물,남,40세,상해없음,이륜,남,35세,경상
2013070200100152,2013년 7월 2일 08시,화요일,대구광역시 수성구 매호동,경상사고,0,0,2,0,차대차 - 추돌 - 주정차중,안전거리미확보,습기,비,단일로 - 기타,승용,여,51세,상해없음,승용,남,37세,경상
2013070200100153,2013년 7월 2일 08시,화요일,대구광역시 서구 비산동,경상사고,0,0,1,0,차대차 - 기타,안전운전불이행,건조,맑음,단일로 - 기타,화물,남,30세,상해없음,승용,남,51세,경상
2013070200100154,2013년 7월 2일 08시,화요일,대구광역시 달서구 성당동,경상사고,0,0,1,0,차대사람 - 기타,안전운전불이행,습기,비,교차로 - 교차로부근,승용,기타불명,기타불명,기타불명,보행자,남,8세,경상
2013070200100189,2013년 7월 2일 09시,화요일,대구광역시 동구 봉무동,경상사고,0,0,2,0,차대차 - 측면직각충돌,신호위반,건조,맑음,교차로 - 교차로안,승용,여,51세,상해없음,승용,여,47세,경상
2013070200100190,2013년 7월 2일 09시,화요일,대구광역시 서구 비산동,중상사고,0,3,2,0,차대차 - 추돌 - 주정차중,안전운전불이행,건조,맑음,단일로 - 기타,화물,남,24세,상해없음,승용,남,52세,중상
2013070200100213,2013년 7월 2일 10시,화요일,대구광역시 수성구 만촌동,중상사고,0,1,0,0,차대차 - 기타,신호위반,건조,맑음,단일로 - 기타,화물,여,29세,상해없음,이륜,남,60세,중상
2013070200100234,2013년 7월 2일 11시,화요일,대구광역시 달성군 논공읍,경상사고,0,0,1,0,차대차 - 추돌 - 진행중,안전운전불이행,건조,맑음,단일로 - 기타,승합,남,52세,상해없음,승용,여,35세,경상
2013070200100236,2013년 7월 2일 11시,화요일,대구광역시 달서구 월성동,경상사고,0,0,1,0,차대차 - 기타,안전거리미확보,건조,맑음,단일로 - 기타,이륜,남,58세,경상,승용,남,74세,상해없음
2013070200100255,2013년 7월 2일 12시,화요일,대구광역시 달서구 이곡동,사망사고,1,1,3,0,차대차 - 측면직각충돌,불법유턴,건조,맑음,교차로 - 교차로안,이륜,남,52세,사망,승합,남,44세,상해없음
2013070200100275,2013년 7월 2일 13시,화요일,대구광역시 서구 이현동,부상신고사고,0,0,0,1,차량단독 - 공작물충돌,안전운전불이행,건조,흐림,단일로 - 기타,원동기,남,62세,부상신고,,,,
2013070200100308,2013년 7월 2일 14시,화요일,대구광역시 남구 봉덕동,경상사고,0,0,2,0,차대차 - 추돌 - 주정차중,안전거리미확보,건조,맑음,단일로 - 기타,화물,남,43세,상해없음,화물,남,57세,상해없음
2013070200100309,2013년 7월 2일 14시,화요일,대구광역시 달서구 송현동,경상사고,0,0,1,0,차대차 - 측면직각충돌,교차로운행방법위반,건조,맑음,교차로 - 교차로안,승용,남,79세,상해없음,승용,여,55세,경상
2013070200100310,2013년 7월 2일 14시,화요일,대구광역시 북구 동천동,경상사고,0,0,1,0,차대차 - 측면직각충돌,안전운전불이행,건조,맑음,단일로 - 기타,승용,남,35세,기타불명,승용,여,32세,경상
2013070200100333,2013년 7월 2일 15시,화요일,대구광역시 달서구 월성동,경상사고,0,0,1,0,차대차 - 기타,중앙선침범,건조,맑음,교차로 - 교차로부근,자전거,남,64세,경상,승용,남,41세,상해없음
2013070200100372,2013년 7월 2일 16시,화요일,대구광역시 동구 입석동,부상신고사고,0,0,0,1,차대차 - 측면직각충돌,안전운전불이행,건조,맑음,교차로 - 교차로안,승용,여,31세,상해없음,자전거,남,72세,부상신고
2013070200100373,2013년 7월 2일 16시,화요일,대구광역시 수성구 연호동,경상사고,0,0,1,0,차대차 - 기타,안전거리미확보,건조,맑음,단일로 - 기타,승용,여,51세,상해없음,화물,남,31세,경상
2013070200100412,2013년 7월 2일 17시,화요일,대구광역시 달서구 송현동,경상사고,0,0,1,0,차대사람 - 기타,안전운전불이행,건조,흐림,단일로 - 기타,승합,여,54세,상해없음,보행자,여,10세,경상
2013070200100413,2013년 7월 2일 17시,화요일,대구광역시 달서구 파호동,중상사고,0,1,1,0,차대차 - 측면직각충돌,안전거리미확보,건조,맑음,단일로 - 기타,승용,여,46세,중상,승용,여,21세,경상
2013070200100451,2013년 7월 2일 18시,화요일,대구광역시 남구 대명동,경상사고,0,0,1,0,차대차 - 기타,안전거리미확보,건조,맑음,단일로 - 기타,승합,남,53세,상해없음,승용,여,27세,상해없음
2013070200100452,2013년 7월 2일 18시,화요일,대구광역시 북구 침산동,부상신고사고,0,0,0,1,차대차 - 기타,안전운전불이행,건조,맑음,교차로 - 교차로안,원동기,남,25세,부상신고,승용,남,46세,상해없음
2013070200100477,2013년 7월 2일 19시,화요일,대구광역시 동구 용계동,경상사고,0,0,1,0,차대차 - 기타,교차로운행방법위반,건조,맑음,교차로 - 교차로안,승용,남,35세,상해없음,승용,남,45세,경상
2013070200100478,2013년 7월 2일 19시,화요일,대구광역시 북구 학정동,경상사고,0,0,1,0,차대차 - 측면직각충돌,안전운전불이행,건조,맑음,기타 - 기타,승용,남,40세,상해없음,승용,여,34세,경상
2013070200100521,2013년 7월 2일 20시,화요일,대구광역시 달성군 다사읍,경상사고,0,0,1,0,차대차 - 추돌 - 주정차중,안전운전불이행,건조,맑음,단일로 - 기타,승용,여,45세,상해없음,승용,남,46세,경상
2013070200100561,2013년 7월 2일 21시,화요일,대구광역시 수성구 두산동,경상사고,0,0,2,0,차대차 - 추돌 - 주정차중,안전운전불이행,건조,맑음,단일로 - 기타,승용,남,40세,상해없음,승용,남,22세,경상
2013070200100562,2013년 7월 2일 21시,화요일,대구광역시 북구 대현동,부상신고사고,0,0,0,1,차량단독 - 공작물충돌,안전운전불이행,건조,흐림,교차로 - 교차로부근,원동기,남,51세,부상신고,,,,
2013070200100600,2013년 7월 2일 22시,화요일,대구광역시 남구 봉덕동,경상사고,0,0,1,0,차대차 - 기타,안전거리미확보,건조,맑음,교차로 - 교차로부근,승용,남,55세,상해없음,승용,여,30세,경상
2013070200100601,2013년 7월 2일 22시,화요일,대구광역시 수성구 황금동,경상사고,0,0,1,0,차대사람 - 기타,안전운전불이행,건조,맑음,단일로 - 기타,승용,여,48세,상해없음,보행자,남,39세,경상
2013070200100602,2013년 7월 2일 22시,화요일,대구광역시 중구 대봉동,중상사고,0,1,0,0,차대차 - 기타,신호위반,건조,맑음,교차로 - 교차로안,승용,여,47세,상해없음,승용,남,37세,중상
2013070200100627,2013년 7월 2일 23시,화요일,대구광역시 서구 비산동,경상사고,0,0,1,0,차대사람 - 기타,안전운전불이행,건조,맑음,단일로 - 기타,승용,남,37세,상해없음,보행자,남,28세,경상
2013070300100016,2013년 7월 3일 00시,수요일,대구광역시 수성구 범어동,중상사고,0,1,0,0,차대차 - 측면직각충돌,안전운전불이행,건조,맑음,단일로 - 기타,이륜,남,18세,중상,승용,남,59세,상해없음
2013070300100017,2013년 7월 3일 00시,수요일,대구광역시 달서구 송현동,경상사고,0,0,1,0,차대차 - 기타,안전운전불이행,건조,맑음,단일로 - 기타,승용,남,53세,상해없음,승용,남,57세,경상
2013070300100042,2013년 7월 3일 02시,수요일,대구광역시 달서구 월성동,경상사고,0,0,1,0,차대차 - 추돌 - 진행중,안전운전불이행,습기,비,단일로 - 기타,승용,여,43세,상해없음,이륜,남,47세,경상
2013070300100083,2013년 7월 3일 06시,수요일,대구광역시 북구 침산동,경상사고,0,0,1,0,차량단독 - 공작물충돌,안전운전불이행,습기,비,단일로 - 기타,승용,남,54세,상해없음,,,,
2013070300100084,2013년 7월 3일 06시,수요일,대구광역시 북구 산격동,경상사고,0,0,1,0,차대차 - 기타,안전거리미확보,습기,비,교차로 - 교차로부근,승용,여,42세,상해없음,승용,남,57세,경상
2013070300100085,2013년 7월 3일 06시,수요일,대구광역시 서구 평리동,경상사고,0,0,1,0,차대차 - 기타,중앙선침범,습기,흐림,단일로 - 기타,승용,여,55세,상해없음,원동기,남,60세,경상
2013070300100107,2013년 7월 3일 07시,수요일,대구광역시 달서구 월성동,경상사고,0,0,1,0,차대차 - 추돌 - 주정차중,중앙선침범,습기,비,교차로 - 교차로부근,승용,남,27세,상해없음,승용,남,28세,경상
2013070300100108,2013년 7월 3일 07시,수요일,대구광역시 달성군 화원읍,중상사고,0,1,1,0,차대차 - 정면충돌,안전운전불이행,습기,비,교차로 - 교차로안,승용,남,45세,경상,화물,남,45세,중상
2013070300100109,2013년 7월 3일 07시,수요일,대구광역시 달서구 두류동,경상사고,0,0,1,0,차대사람 - 길가장자리구역통행중,안전운전불이행,건조,맑음,단일로 - 기타,승용,남,40세,상해없음,보행자,남,13세,경상
2013070300100140,2013년 7월 3일 08시,수요일,대구광역시 수성구 만촌동,경상사고,0,0,1,0,차대차 - 추돌 - 주정차중,안전운전불이행,건조,맑음,단일로 - 기타,화물,남,73세,상해없음,승용,남,42세,경상
2013070300100170,2013년 7월 3일 09시,수요일,대구광역시 수성구 지산동,중상사고,0,1,0,0,차대차 - 기타,안전운전불이행,습기,비,교차로 - 교차로부근,화물,남,53세,상해없음,자전거,남,82세,중상
2013070300100171,2013년 7월 3일 09시,수요일,대구광역시 달서구 월성동,경상사고,0,0,1,0,차대차 - 추돌 - 진행중,안전운전불이행,건조,맑음,교차로 - 교차로부근,승용,남,34세,상해없음,승용,여,63세,경상
2013070300100221,2013년 7월 3일 11시,수요일,대구광역시 수성구 두산동,경상사고,0,0,1,0,차대사람 - 길가장자리구역통행중,안전운전불이행,건조,맑음,단일로 - 기타,승용,여,67세,상해없음,보행자,여,53세,경상
2013070300100222,2013년 7월 3일 11시,수요일,대구광역시 북구 침산동,경상사고,0,0,1,0,차대차 - 기타,차로위반,건조,맑음,단일로 - 기타,이륜,남,84세,경상,승용,남,57세,상해없음
2013070300100249,2013년 7월 3일 12시,수요일,대구광역시 남구 대명동,경상사고,0,0,1,0,차대사람 - 기타,안전운전불이행,건조,맑음,단일로 - 기타,승합,남,65세,상해없음,보행자,남,59세,경상
2013070300100250,2013년 7월 3일 12시,수요일,대구광역시 달서구 월암동,경상사고,0,0,1,0,차대차 - 기타,안전운전불이행,건조,맑음,단일로 - 기타,승용,남,33세,상해없음,승용,남,44세,경상
2013070300100251,2013년 7월 3일 12시,수요일,대구광역시 달서구 진천동,중상사고,0,1,0,0,차대차 - 측면직각충돌,안전운전불이행,건조,맑음,단일로 - 기타,승합,남,56세,상해없음,원동기,남,36세,중상