사고번호,사고일시,요일,시군구,사고내용,사망자수,중상자수,경상자수,부상신고자수,사고유형,법규위반,노면상태,기상상태,도로형태,가해운전자 차종,가해운전자 성별,가해운전자 연령,가해운전자 상해정도,피해운전자 차종,피해운전자 성별,피해운전자 연령,피해운전자 상해정도
2013070800100462,2013년 7월 8일 19시,월요일,대구광역시 서구 비산동,경상사고,0,0,2,0,차대차 - 기타,기타,건조,맑음,단일로 - 기타,승합,남,38세,상해없음,원동기,남,58세,경상
2013070800100496,2013년 7월 8일 20시,월요일,대구광역시 달서구 신당동,경상사고,0,0,1,0,차대사람 - 길가장자리구역통행중,안전운전불이행,건조,맑음,단일로 - 기타,화물,남,27세,상해없음,보행자,여,18세,경상
2013070800100497,2013년 7월 8일 20시,월요일,대구광역시 북구 관음동,경상사고,0,0,1,0,차대차 - 측면직각충돌,중앙선침범,건조,맑음,단일로 - 기타,승용,남,49세,상해없음,화물,남,60세,경상
2013070800100559,2013년 7월 8일 22시,월요일,대구광역시 북구 칠성동1가,경상사고,0,0,1,0,차대차 - 기타,직진우회전진행방해,건조,맑음,교차로 - 교차로안,승용,남,56세,상해없음,이륜,남,23세,경상
2013070800100584,2013년 7월 8일 23시,월요일,대구광역시 수성구 범어동,경상사고,0,0,1,0,차대차 - 기타,안전운전불이행,건조,맑음,교차로 - 교차로부근,승용,남,23세,상해없음,승용,남,33세,경상
2013070900100033,2013년 7월 9일 01시,화요일,대구광역시 북구 관음동,중상사고,0,1,0,0,차량단독 - 공작물충돌,안전운전불이행,건조,흐림,단일로 - 기타,승용,남,31세,중상,,,,
2013070900100095,2013년 7월 9일 06시,화요일,대구광역시 서구 비산동,경상사고,0,0,1,0,차대차 - 기타,안전운전불이행,건조,맑음,단일로 - 기타,화물,남,61세,상해없음,승용,남,40세,경상
2013070900100096,2013년 7월 9일 06시,화요일,대구광역시 달서구 성당동,경상사고,0,0,1,0,차대차 - 추돌 - 진행중,안전운전불이행,건조,맑음,단일로 - 기타,자전거,남,75세,경상,승용,남,58세,상해없음
2013070900100097,2013년 7월 9일 06시,화요일,대구광역시 북구 구암동,경상사고,0,0,2,0,차대차 - 정면충돌,신호위반,건조,맑음,교차로 - 교차로안,화물,남,64세,상해없음,승용,남,58세,경상
2013070900100124,2013년 7월 9일 07시,화요일,대구광역시 동구 봉무동,중상사고,0,1,1,0,차대차 - 측면직각충돌,신호위반,건조,맑음,교차로 - 교차로안,화물,남,55세,상해없음,승용,여,46세,중상
2013070900100125,2013년 7월 9일 07시,화요일,대구광역시 달서구 도원동,경상사고,0,0,1,0,차대차 - 측면직각충돌,안전거리미확보,건조,맑음,단일로 - 기타,자전거,남,16세,경상,승용,남,36세,상해없음
2013070900100156,2013년 7월 9일 08시,화요일,대구광역시 달서구 도원동,경상사고,0,0,1,0,차대사람 - 기타,안전운전불이행,건조,맑음,기타 - 기타,승용,여,49세,상해없음,보행자,남,9세,경상
2013070900100157,2013년 7월 9일 08시,화요일,대구광역시 달서구 갈산동,경상사고,0,0,1,0,차대사람 - 기타,안전운전불이행,건조,맑음,단일로 - 기타,승용,여,42세,기타불명,보행자,남,28세,경상
2013070900100158,2013년 7월 9일 08시,화요일,대구광역시 북구 매천동,경상사고,0,0,1,0,차대차 - 측면직각충돌,안전거리미확보,건조,맑음,기타 - 기타,화물,남,43세,상해없음,승용,남,43세,경상
2013070900100185,2013년 7월 9일 09시,화요일,대구광역시 서구 비산동,경상사고,0,0,1,0,차대차 - 추돌 - 진행중,안전운전불이행,건조,맑음,단일로 - 기타,승용,남,34세,상해없음,원동기,남,42세,경상
2013070900100186,2013년 7월 9일 09시,화요일,대구광역시 중구 남산동,경상사고,0,0,1,0,차대사람 - 기타,불법유턴,기타,기타,단일로 - 기타,승용,남,36세,상해없음,보행자,여,75세,경상
2013070900100187,2013년 7월 9일 09시,화요일,대구광역시 달서구 죽전동,경상사고,0,0,1,0,차대차 - 측면직각충돌,안전운전불이행,건조,맑음,단일로 - 횡단보도상,승용,남,37세,상해없음,자전거,남,80세,경상
2013070900100208,2013년 7월 9일 10시,화요일,대구광역시 달서구 갈산동,경상사고,0,0,1,0,차대차 - 기타,교차로운행방법위반,건조,맑음,교차로 - 교차로안,승용,남,58세,상해없음,이륜,남,47세,경상
2013070900100209,2013년 7월 9일 10시,화요일,대구광역시 중구 전동,경상사고,0,0,1,0,차대차 - 기타,안전거리미확보,건조,맑음,단일로 - 기타,승용,남,63세,상해없음,이륜,남,37세,경상
2013070900100243,2013년 7월 9일 11시,화요일,대구광역시 동구 신천동,경상사고,0,0,1,0,차대차 - 기타,안전운전불이행,건조,맑음,단일로 - 기타,승용,남,40세,상해없음,이륜,남,48세,경상
2013070900100244,2013년 7월 9일 11시,화요일,대구광역시 북구 검단동,중상사고,0,1,1,0,차대사람 - 기타,안전운전불이행,건조,맑음,교차로 - 교차로부근,승용,여,30세,상해없음,보행자,여,19세,중상
2013070900100261,2013년 7월 9일 12시,화요일,대구광역시 남구 대명동,중상사고,0,1,0,0,차대사람 - 보도통행중,안전운전불이행,건조,맑음,단일로 - 기타,승용,남,70세,상해없음,보행자,여,76세,중상
2013070900100262,2013년 7월 9일 12시,화요일,대구광역시 달성군 다사읍,경상사고,0,0,2,0,차대차 - 측면직각충돌,신호위반,건조,맑음,교차로 - 교차로안,승용,여,56세,상해없음,이륜,남,29세,경상
2013070900100263,2013년 7월 9일 12시,화요일,대구광역시 달서구 본리동,경상사고,0,0,1,0,차대차 - 기타,안전운전불이행,건조,맑음,단일로 - 횡단보도상,승용,남,30세,상해없음,자전거,남,63세,경상
2013070900100288,2013년 7월 9일 13시,화요일,대구광역시 수성구 범물동,중상사고,0,1,0,0,차대사람 - 기타,안전운전불이행,건조,맑음,기타 - 기타,승용,여,46세,상해없음,보행자,여,61세,중상
2013070900100348,2013년 7월 9일 15시,화요일,대구광역시 북구 노원동3가,경상사고,0,0,2,0,차대차 - 기타,안전거리미확보,건조,맑음,단일로 - 기타,승용,여,21세,상해없음,승용,남,20세,경상
2013070900100376,2013년 7월 9일 16시,화요일,대구광역시 수성구 범어동,경상사고,0,0,1,0,차대차 - 기타,안전운전불이행,건조,맑음,단일로 - 기타,자전거,남,26세,경상,승용,여,66세,상해없음
2013070900100377,2013년 7월 9일 16시,화요일,대구광역시 달서구 진천동,경상사고,0,0,1,0,차대차 - 추돌 - 주정차중,안전운전불이행,건조,맑음,교차로 - 교차로부근,승용,여,32세,상해없음,승용,여,45세,경상
2013070900100412,2013년 7월 9일 17시,화요일,대구광역시 동구 율하동,중상사고,0,1,0,0,차대사람 - 횡단중,안전운전불이행,건조,맑음,단일로 - 기타,승용,여,47세,상해없음,보행자,여,12세,중상
2013070900100413,2013년 7월 9일 17시,화요일,대구광역시 동구 신천동,경상사고,0,0,1,0,차대사람 - 기타,안전운전불이행,건조,맑음,단일로 - 기타,승용,남,66세,상해없음,보행자,여,12세,경상
2013070900100414,2013년 7월 9일 17시,화요일,대구광역시 서구 비산동,중상사고,0,1,0,0,차대사람 - 기타,안전운전불이행,건조,맑음,단일로 - 기타,승용,남,63세,상해없음,보행자,여,66세,중상
2013070900100415,2013년 7월 9일 17시,화요일,대구광역시 서구 비산동,경상사고,0,0,3,0,차대차 - 측면직각충돌,신호위반,건조,맑음,교차로 - 교차로안,승용,여,52세,상해없음,승용,남,51세,경상
2013070900100416,2013년 7월 9일 17시,화요일,대구광역시 북구 읍내동,경상사고,0,0,1,0,차대차 - 추돌 - 진행중,안전운전불이행,건조,맑음,기타 - 기타,승용,남,57세,상해없음,승용,남,74세,상해없음
2013070900100455,2013년 7월 9일 18시,화요일,대구광역시 남구 대명동,경상사고,0,0,1,0,차대사람 - 기타,안전운전불이행,건조,맑음,단일로 - 횡단보도부근,승용,남,44세,상해없음,보행자,남,37세,경상
2013070900100456,2013년 7월 9일 18시,화요일,대구광역시 남구 봉덕동,경상사고,0,0,1,0,차대차 - 기타,차로위반,건조,맑음,단일로 - 기타,승합,남,53세,상해없음,승용,남,24세,경상
2013070900100457,2013년 7월 9일 18시,화요일,대구광역시 동구 신기동,경상사고,0,0,1,0,차대사람 - 보도통행중,안전운전불이행,건조,맑음,단일로 - 기타,이륜,남,45세,상해없음,보행자,여,50세,경상
2013070900100522,2013년 7월 9일 20시,화요일,대구광역시 달서구 본동,부상신고사고,0,0,0,1,차대차 - 추돌 - 주정차중,안전운전불이행,건조,맑음,교차로 - 교차로부근,화물,남,55세,상해없음,승용,여,34세,부상신고
2013070900100523,2013년 7월 9일 20시,화요일,대구광역시 달서구 진천동,중상사고,0,1,0,0,차대사람 - 기타,안전운전불이행,건조,맑음,단일로 - 기타,승용,여,53세,상해없음,보행자,여,81세,중상
2013070900100524,2013년 7월 9일 20시,화요일,대구광역시 중구 동성로2가,중상사고,0,1,0,0,차대사람 - 기타,안전운전불이행,건조,맑음,단일로 - 기타,이륜,남,44세,상해없음,보행자,여,22세,중상
2013070900100525,2013년 7월 9일 20시,화요일,대구광역시 달서구 용산동,중상사고,0,1,0,0,차대사람 - 차도통행중,안전운전불이행,건조,흐림,단일로 - 기타,이륜,남,51세,상해없음,보행자,남,75세,중상
2013070900100526,2013년 7월 9일 20시,화요일,대구광역시 북구 구암동,중상사고,0,1,0,0,차대차 - 기타,안전거리미확보,건조,맑음,단일로 - 기타,이륜,남,17세,상해없음,승용,남,45세,상해없음
2013070900100552,2013년 7월 9일 21시,화요일,대구광역시 수성구 범어동,경상사고,0,0,1,0,차대차 - 측면직각충돌,안전운전불이행,건조,맑음,단일로 - 기타,승용,남,23세,상해없음,자전거,남,16세,경상
2013070900100553,2013년 7월 9일 21시,화요일,대구광역시 서구 평리동,경상사고,0,0,1,0,차대차 - 기타,안전운전불이행,건조,맑음,기타 - 기타,이륜,기타불명,기타불명,기타불명,자전거,남,56세,경상
2013070900100607,2013년 7월 9일 23시,화요일,대구광역시 북구 검단동,중상사고,0,1,1,0,차대차 - 추돌 - 주정차중,안전운전불이행,건조,맑음,단일로 - 기타,승용,남,29세,상해없음,화물,남,41세,중상
2013070900100611,2013년 7월 9일 23시,화요일,대구광역시 북구 대현동,중상사고,0,1,0,0,차대차 - 기타,보행자보호의무위반,건조,맑음,단일로 - 횡단보도상,화물,남,33세,상해없음,자전거,여,66세,중상
2013071000100046,2013년 7월 10일 02시,수요일,대구광역시 중구 남산동,부상신고사고,0,0,0,1,차대사람 - 길가장자리구역통행중,안전운전불이행,건조,맑음,단일로 - 기타,승용,남,34세,상해없음,보행자,남,31세,부상신고
2013071000100115,2013년 7월 10일 07시,수요일,대구광역시 수성구 범어동,중상사고,0,1,3,0,차대차 - 추돌 - 주정차중,안전거리미확보,건조,맑음,단일로 - 기타,승용,여,44세,상해없음,승용,여,31세,중상
2013071000100116,2013년 7월 10일 07시,수요일,대구광역시 달성군 구지면,중상사고,0,1,1,0,차대차 - 측면직각충돌,안전운전불이행,건조,맑음,교차로 - 교차로안,승용,남,45세,경상,승합,남,38세,중상
2013071000100144,2013년 7월 10일 08시,수요일,대구광역시 동구 신암동,경상사고,0,0,2,0,차대차 - 측면직각충돌,안전운전불이행,건조,맑음,교차로 - 교차로부근,승용,남,48세,상해없음,승용,남,34세,경상
2013071000100145,2013년 7월 10일 08시,수요일,대구광역시 달서구 대천동,경상사고,0,0,2,0,차대차 - 측면직각충돌,차로위반,건조,맑음,단일로 - 기타,기타불명,기타불명,기타불명,기타불명,승용,여,46세,경상
2013071000100146,2013년 7월 10일 08시,수요일,대구광역시 달서구 월암동,경상사고,0,0,1,0,차대차 - 측면직각충돌,교차로운행방법위반,건조,맑음,교차로 - 교차로부근,화물,남,66세,상해없음,승용,남,62세,경상
2013071000100147,2013년 7월 10일 08시,수요일,대구광역시 달서구 장기동,경상사고,0,0,1,0,차대차 - 기타,안전운전불이행,건조,맑음,단일로 - 기타,화물,남,51세,상해없음,자전거,남,15세,경상
2013071000100198,2013년 7월 10일 10시,수요일,대구광역시 동구 신천동,중상사고,0,1,0,0,차대사람 - 기타,안전운전불이행,건조,맑음,단일로 - 기타,화물,남,45세,상해없음,보행자,여,54세,중상
2013071000100199,2013년 7월 10일 10시,수요일,대구광역시 중구 남산동,경상사고,0,0,1,0,차대차 - 기타,교차로운행방법위반,건조,맑음,교차로 - 교차로안,승용,남,70세,상해없음,이륜,남,63세,경상
2013071000100200,2013년 7월 10일 10시,수요일,대구광역시 북구 구암동,중상사고,0,1,0,0,차대사람 - 횡단중,안전운전불이행,건조,맑음,단일로 - 기타,승용,남,28세,상해없음,보행자,남,85세,중상
2013071000100201,2013년 7월 10일 10시,수요일,대구광역시 북구 노곡동,사망사고,1,0,0,0,차대차 - 측면직각충돌,안전운전불이행,건조,맑음,단일로 - 횡단보도부근,승용,여,57세,상해없음,자전거,남,81세,사망
2013071000100219,2013년 7월 10일 11시,수요일,대구광역시 달서구 본동,중상사고,0,1,0,0,차대차 - 측면직각충돌,안전운전불이행,건조,맑음,단일로 - 기타,화물,남,61세,상해없음,자전거,여,53세,중상
2013071000100259,2013년 7월 10일 13시,수요일,대구광역시 달서구 이곡동,부상신고사고,0,0,0,1,차대차 - 측면직각충돌,안전거리미확보,건조,맑음,교차로 - 교차로부근,승용,여,47세,상해없음,이륜,남,22세,부상신고
2013071000100286,2013년 7월 10일 14시,수요일,대구광역시 동구 신암동,경상사고,0,0,2,1,차대차 - 기타,교차로운행방법위반,건조,맑음,교차로 - 교차로안,승용,남,59세,상해없음,승합,남,59세,상해없음
2013071000100287,2013년 7월 10일 14시,수요일,대구광역시 수성구 범어동,경상사고,0,0,1,0,차대차 - 추돌 - 진행중,안전거리미확보,건조,맑음,단일로 - 기타,이륜,남,44세,상해없음,승용,남,59세,경상
2013071000100288,2013년 7월 10일 14시,수요일,대구광역시 서구 평리동,중상사고,0,1,0,0,차대사람 - 횡단중,안전운전불이행,건조,맑음,단일로 - 기타,승용,남,50세,상해없음,보행자,남,7세,중상
2013071000100316,2013년 7월 10일 15시,수요일,대구광역시 서구 비산동,경상사고,0,0,1,0,차대차 - 기타,안전운전불이행,건조,맑음,교차로 - 교차로부근,화물,남,58세,상해없음,자전거,여,72세,경상
2013071000100374,2013년 7월 10일 17시,수요일,대구광역시 동구 부동,경상사고,0,0,1,0,차대차 - 추돌 - 진행중,안전운전불이행,건조,맑음,단일로 - 기타,기타불명,기타불명,기타불명,기타불명,승용,남,38세,경상
2013071000100375,2013년 7월 10일 17시,수요일,대구광역시 동구 신천동,부상신고사고,0,0,0,1,차대차 - 측면직각충돌,신호위반,건조,맑음,단일로 - 횡단보도부근,승용,여,64세,상해없음,승용,여,53세,부상신고
2013071000100376,2013년 7월 10일 17시,수요일,대구광역시 수성구 신매동,중상사고,0,2,0,0,차대차 - 측면직각충돌,안전거리미확보,건조,맑음,단일로 - 기타,승용,여,49세,상해없음,승용,여,63세,중상
2013071000100413,2013년 7월 10일 18시,수요일,대구광역시 달서구 송현동,경상사고,0,0,1,0,차대사람 - 기타,안전운전불이행,건조,맑음,단일로 - 기타,승용,남,57세,상해없음,보행자,여,68세,경상
2013071000100414,2013년 7월 10일 18시,수요일,대구광역시 북구 복현동,경상사고,0,0,2,0,차대차 - 기타,안전운전불이행,건조,맑음,단일로 - 기타,승용,남,56세,상해없음,승용,여,42세,경상
2013071000100415,2013년 7월 10일 18시,수요일,대구광역시 중구 동산동,경상사고,0,0,1,0,차대사람 - 기타,안전운전불이행,건조,맑음,단일로 - 기타,승용,남,47세,상해없음,보행자,남,44세,경상
2013071000100416,2013년 7월 10일 18시,수요일,대구광역시 달서구 신당동,경상사고,0,0,1,0,차대차 - 기타,안전거리미확보,건조,맑음,단일로 - 기타,승용,남,46세,상해없음,승용,남,45세,경상
2013071000100439,2013년 7월 10일 19시,수요일,대구광역시 남구 이천동,중상사고,0,1,0,0,차대차 - 추돌 - 주정차중,안전운전불이행,건조,맑음,단일로 - 기타,화물,남,54세,상해없음,승용,남,32세,기타불명
2013071000100440,2013년 7월 10일 19시,수요일,대구광역시 동구 신암동,중상사고,0,1,0,0,차대차 - 추돌 - 주정차중,기타,건조,맑음,단일로 - 기타,화물,남,43세,상해없음,원동기,남,51세,중상
2013071000100441,2013년 7월 10일 19시,수요일,대구광역시 달성군 다사읍,경상사고,0,0,1,0,차량단독 - 기타,기타,건조,맑음,단일로 - 기타,화물,남,36세,경상,,,,
2013071000100442,2013년 7월 10일 19시,수요일,대구광역시 달서구 두류동,경상사고,0,0,1,0,차대차 - 측면직각충돌,직진우회전진행방해,건조,맑음,교차로 - 교차로안,승용,여,30세,상해없음,이륜,남,17세,경상
2013071000100465,2013년 7월 10일 20시,수요일,대구광역시 남구 대명동,경상사고,0,0,4,0,차대차 - 추돌 - 주정차중,안전거리미확보,건조,맑음,교차로 - 교차로부근,승용,남,57세,상해없음,승용,남,32세,경상
2013071000100466,2013년 7월 10일 20시,수요일,대구광역시 달성군 다사읍,경상사고,0,0,1,0,차대차 - 측면직각충돌,안전운전불이행,건조,맑음,단일로 - 기타,기타불명,기타불명,기타불명,기타불명,화물,여,45세,경상
2013071000100467,2013년 7월 10일 20시,수요일,대구광역시 북구 서변동,경상사고,0,0,2,0,차대차 - 정면충돌,안전운전불이행,건조,맑음,교차로 - 교차로안,화물,남,72세,상해없음,화물,남,50세,경상
2013071000100497,2013년 7월 10일 21시,수요일,대구광역시 수성구 두산동,중상사고,0,1,0,1,차대사람 - 기타,안전운전불이행,건조,맑음,단일로 - 횡단보도상,이륜,남,27세,부상신고,보행자,남,65세,중상
2013071000100498,2013년 7월 10일 21시,수요일,대구광역시 서구 평리동,경상사고,0,0,2,0,차대차 - 측면직각충돌,직진우회전진행방해,건조,맑음,교차로 - 교차로안,승용,남,59세,상해없음,승용,남,48세,경상
2013071000100517,2013년 7월 10일 22시,수요일,대구광역시 수성구 황금동,경상사고,0,0,1,0,차대차 - 측면직각충돌,안전거리미확보,건조,맑음,단일로 - 기타,승용,남,33세,상해없음,승용,여,49세,경상
2013071000100518,2013년 7월 10일 22시,수요일,대구광역시 달서구 송현동,경상사고,0,0,3,0,차대차 - 추돌 - 주정차중,안전운전불이행,건조,맑음,단일로 - 기타,승용,남,29세,상해없음,승용,남,43세,상해없음
2013071000100519,2013년 7월 10일 22시,수요일,대구광역시 달서구 장기동,중상사고,0,1,2,0,차대차 - 측면직각충돌,신호위반,건조,맑음,교차로 - 교차로안,승용,여,54세,경상,승용,남,56세,경상
2013071000100543,2013년 7월 10일 23시,수요일,대구광역시 수성구 사월동,경상사고,0,0,2,0,차대차 - 측면직각충돌,신호위반,건조,맑음,교차로 - 교차로안,승용,여,30세,상해없음,승용,남,55세,경상
2013071000100544,2013년 7월 10일 23시,수요일,대구광역시 수성구 상동,경상사고,0,0,3,0,차대차 - 추돌 - 주정차중,안전운전불이행,건조,맑음,단일로 - 기타,승용,남,28세,상해없음,승용,여,45세,경상
2013071000100545,2013년 7월 10일 23시,수요일,대구광역시 중구 동일동,경상사고,0,0,1,0,차대사람 - 기타,안전운전불이행,건조,맑음,단일로 - 기타,승용,남,53세,상해없음,보행자,남,29세,경상
2013071100100018,2013년 7월 11일 00시,목요일,대구광역시 수성구 두산동,경상사고,0,0,2,0,차대차 - 추돌 - 주정차중,안전운전불이행,건조,맑음,교차로 - 교차로부근,승용,여,52세,상해없음,승용,남,40세,경상
2013071100100019,2013년 7월 11일 00시,목요일,대구광역시 북구 산격동,경상사고,0,0,1,0,차대차 - 측면직각충돌,안전운전불이행,건조,맑음,교차로 - 교차로부근,승용,남,64세,상해없음,자전거,남,26세,경상
2013071100100041,2013년 7월 11일 01시,목요일,대구광역시 서구 내당동,경상사고,0,0,3,0,차대차 - 측면직각충돌,직진우회전진행방해,건조,맑음,교차로 - 교차로안,승용,남,61세,상해없음,승용,남,56세,경상
2013071100100062,2013년 7월 11일 04시,목요일,대구광역시 북구 대현동,중상사고,0,2,0,0,차량단독 - 공작물충돌,안전운전불이행,건조,맑음,단일로 - 기타,승용,남,26세,중상,,,,
2013071100100081,2013년 7월 11일 06시,목요일,대구광역시 동구 신서동,중상사고,0,1,0,0,차대사람 - 기타,안전운전불이행,건조,맑음,단일로 - 기타,승용,남,43세,상해없음,보행자,남,53세,중상
2013071100100082,2013년 7월 11일 06시,목요일,대구광역시 동구 효목동,경상사고,0,0,1,0,차대차 - 기타,안전운전불이행,건조,맑음,단일로 - 기타,승용,남,58세,상해없음,자전거,남,77세,경상
2013071100100103,2013년 7월 11일 07시,목요일,대구광역시 달서구 상인동,경상사고,0,0,1,0,차대사람 - 횡단중,보행자보호의무위반,건조,맑음,교차로 - 교차로부근,승용,남,46세,상해없음,보행자,여,16세,경상
2013071100100131,2013년 7월 11일 08시,목요일,대구광역시 수성구 두산동,중상사고,0,1,2,0,차대차 - 기타,교차로운행방법위반,건조,맑음,교차로 - 교차로안,승용,남,60세,상해없음,승용,남,55세,경상
2013071100100132,2013년 7월 11일 08시,목요일,대구광역시 달서구 송현동,중상사고,0,1,0,0,차대사람 - 횡단중,안전운전불이행,건조,맑음,단일로 - 기타,원동기,남,45세,상해없음,보행자,남,14세,중상
2013071100100133,2013년 7월 11일 08시,목요일,대구광역시 중구 계산동1가,경상사고,0,0,2,0,차대차 - 기타,중앙선침범,건조,맑음,단일로 - 기타,승용,남,47세,상해없음,승용,여,34세,경상
2013071100100134,2013년 7월 11일 08시,목요일,대구광역시 달서구 감삼동,중상사고,0,1,0,0,차대차 - 추돌 - 진행중,안전운전불이행,건조,맑음,단일로 - 횡단보도부근,승용,남,38세,상해없음,자전거,남,23세,중상
2013071100100164,2013년 7월 11일 09시,목요일,대구광역시 달서구 장동,중상사고,0,1,0,0,차량단독 - 공작물충돌,안전운전불이행,건조,맑음,기타 - 기타,기타불명,남,48세,중상,,,,
2013071100100183,2013년 7월 11일 10시,목요일,대구광역시 북구 산격동,경상사고,0,0,1,0,차대차 - 측면직각충돌,안전운전불이행,건조,맑음,단일로 - 기타,승합,남,50세,경상,승용,남,79세,상해없음
2013071100100184,2013년 7월 11일 10시,목요일,대구광역시 달서구 두류동,경상사고,0,0,1,0,차대차 - 추돌 - 진행중,안전거리미확보,건조,맑음,단일로 - 횡단보도상,이륜,남,27세,상해없음,승용,남,30세,경상
2013071100100197,2013년 7월 11일 11시,목요일,대구광역시 남구 대명동,경상사고,0,0,1,0,차대차 - 기타,안전운전불이행,건조,맑음,단일로 - 기타,승용,남,25세,상해없음,화물,남,44세,상해없음
2013071100100198,2013년 7월 11일 11시,목요일,대구광역시 중구 삼덕동2가,경상사고,0,0,1,0,차대사람 - 기타,안전운전불이행,건조,맑음,단일로 - 기타,화물,남,60세,상해없음,보행자,여,41세,경상
2013071100100199,2013년 7월 11일 11시,목요일,대구광역시 북구 구암동,경상사고,0,0,1,0,차대차 - 정면충돌,직진우회전진행방해,건조,맑음,교차로 - 교차로안,승용,여,53세,상해없음,승용,여,36세,경상
2013071100100218,2013년 7월 11일 12시,목요일,대구광역시 남구 대명동,경상사고,0,0,1,0,차대차 - 추돌 - 진행중,안전거리미확보,건조,맑음,단일로 - 횡단보도부근,승용,남,33세,상해없음,승합,남,54세,상해없음
2013071100100219,2013년 7월 11일 12시,목요일,대구광역시 동구 신천동,중상사고,0,1,1,0,차대차 - 추돌 - 진행중,안전거리미확보,건조,맑음,교차로 - 교차로부근,승용,남,61세,상해없음,승용,여,42세,경상
2013071100100220,2013년 7월 11일 12시,목요일,대구광역시 북구 고성동3가,경상사고,0,0,1,0,차대차 - 기타,안전운전불이행,건조,맑음,교차로 - 교차로부근,이륜,남,19세,경상,승용,여,56세,상해없음
2013071100100235,2013년 7월 11일 13시,목요일,대구광역시 수성구 연호동,중상사고,0,1,0,0,차대차 - 기타,안전운전불이행,건조,맑음,교차로 - 교차로안,화물,남,55세,상해없음,자전거,남,49세,중상
2013071100100269,2013년 7월 11일 14시,목요일,대구광역시 동구 효목동,경상사고,0,0,1,0,차대사람 - 횡단중,안전운전불이행,건조,맑음,단일로 - 기타,화물,남,53세,상해없음,보행자,여,82세,경상
2013071100100270,2013년 7월 11일 14시,목요일,대구광역시 동구 각산동,중상사고,0,1,0,0,차대차 - 기타,안전운전불이행,건조,맑음,단일로 - 기타,승용,기타불명,기타불명,기타불명,이륜,남,75세,중상
2013071100100272,2013년 7월 11일 14시,목요일,대구광역시 중구 남산동,경상사고,0,0,1,0,차대차 - 기타,안전거리미확보,건조,맑음,교차로 - 교차로부근,승용,남,28세,상해없음,자전거,여,52세,경상
2013071100100330,2013년 7월 11일 16시,목요일,대구광역시 남구 봉덕동,중상사고,0,2,2,1,차대차 - 측면직각충돌,교차로운행방법위반,건조,맑음,교차로 - 교차로안,승합,여,51세,중상,승용,여,24세,경상
2013071100100331,2013년 7월 11일 16시,목요일,대구광역시 서구 내당동,중상사고,0,1,0,0,차대사람 - 기타,불법유턴,건조,맑음,단일로 - 기타,승용,남,19세,상해없음,보행자,여,61세,중상
2013071100100332,2013년 7월 11일 16시,목요일,대구광역시 남구 대명동,사망사고,1,0,0,0,차대사람 - 횡단중,안전운전불이행,건조,맑음,단일로 - 기타,승용,남,70세,기타불명,보행자,남,72세,사망
2013071100100333,2013년 7월 11일 16시,목요일,대구광역시 달서구 두류동,경상사고,0,0,1,0,차대사람 - 차도통행중,안전운전불이행,건조,맑음,단일로 - 기타,승용,기타불명,기타불명,기타불명,보행자,남,49세,경상
2013071100100358,2013년 7월 11일 17시,목요일,대구광역시 동구 용계동,경상사고,0,0,1,0,차대차 - 기타,안전운전불이행,건조,맑음,단일로 - 기타,승용,여,59세,상해없음,자전거,남,56세,경상
2013071100100359,2013년 7월 11일 17시,목요일,대구광역시 달서구 도원동,중상사고,0,1,0,0,차대차 - 기타,안전운전불이행,건조,맑음,단일로 - 기타,자전거,남,17세,중상,화물,남,51세,상해없음
2013071100100360,2013년 7월 11일 17시,목요일,대구광역시 달서구 송현동,중상사고,0,1,0,0,차량단독 - 기타,안전운전불이행,건조,맑음,교차로 - 교차로안,승합,남,46세,상해없음,,,,
2013071100100361,2013년 7월 11일 17시,목요일,대구광역시 서구 평리동,경상사고,0,0,1,0,차대차 - 추돌 - 진행중,안전운전불이행,건조,맑음,단일로 - 기타,승용,여,63세,상해없음,승용,남,55세,경상
2013071100100362,2013년 7월 11일 17시,목요일,대구광역시 달서구 이곡동,경상사고,0,0,1,0,차량단독 - 기타,안전운전불이행,건조,맑음,단일로 - 기타,승합,남,53세,상해없음,,,,
2013071100100363,2013년 7월 11일 17시,목요일,대구광역시 달서구 호산동,부상신고사고,0,0,0,1,차대차 - 측면직각충돌,교차로운행방법위반,건조,맑음,교차로 - 교차로안,원동기,남,23세,부상신고,승용,여,48세,상해없음
2013071100100405,2013년 7월 11일 18시,목요일,대구광역시 동구 방촌동,경상사고,0,0,1,0,차대사람 - 기타,보행자보호의무위반,건조,맑음,교차로 - 교차로부근,화물,남,37세,상해없음,보행자,여,8세,경상
2013071100100406,2013년 7월 11일 18시,목요일,대구광역시 달서구 월암동,경상사고,0,0,2,0,차대차 - 측면직각충돌,교차로운행방법위반,건조,맑음,교차로 - 교차로안,승용,남,57세,상해없음,승용,여,31세,경상
2013071100100435,2013년 7월 11일 19시,목요일,대구광역시 달성군 다사읍,부상신고사고,0,0,0,1,차대차 - 측면직각충돌,안전운전불이행,건조,맑음,단일로 - 횡단보도상,기타불명,기타불명,기타불명,기타불명,자전거,남,12세,부상신고
2013071100100436,2013년 7월 11일 19시,목요일,대구광역시 북구 산격동,경상사고,0,0,1,0,차대차 - 추돌 - 주정차중,안전운전불이행,건조,맑음,교차로 - 교차로부근,승용,남,56세,상해없음,승용,여,23세,경상
2013071100100437,2013년 7월 11일 19시,목요일,대구광역시 달서구 용산동,중상사고,0,1,1,0,차대차 - 추돌 - 진행중,안전거리미확보,건조,맑음,단일로 - 기타,화물,남,21세,상해없음,화물,남,54세,중상