사고번호,사고일시,요일,시군구,사고내용,사망자수,중상자수,경상자수,부상신고자수,사고유형,법규위반,노면상태,기상상태,도로형태,가해운전자 차종,가해운전자 성별,가해운전자 연령,가해운전자 상해정도,피해운전자 차종,피해운전자 성별,피해운전자 연령,피해운전자 상해정도
2013072100100139,2013년 7월 21일 08시,일요일,대구광역시 수성구 수성동1가,경상사고,0,0,1,1,차대차 - 추돌 - 주정차중,안전운전불이행,건조,맑음,교차로 - 교차로부근,승용,남,26세,상해없음,승용,여,44세,경상
2013072100100166,2013년 7월 21일 10시,일요일,대구광역시 동구 용계동,중상사고,0,1,0,0,차대차 - 측면직각충돌,안전운전불이행,건조,맑음,단일로 - 기타,승용,남,69세,상해없음,이륜,남,70세,중상
2013072100100167,2013년 7월 21일 10시,일요일,대구광역시 수성구 수성동4가,경상사고,0,0,1,0,차대차 - 추돌 - 주정차중,안전거리미확보,건조,맑음,단일로 - 교량,승용,남,45세,상해없음,승용,남,46세,경상
2013072100100168,2013년 7월 21일 10시,일요일,대구광역시 달성군 유가면,중상사고,0,1,4,0,차대차 - 측면직각충돌,안전운전불이행,건조,맑음,교차로 - 교차로안,화물,남,43세,상해없음,승용,남,20세,경상
2013072100100207,2013년 7월 21일 12시,일요일,대구광역시 동구 신기동,중상사고,0,1,0,0,차대차 - 추돌 - 진행중,안전운전불이행,건조,맑음,단일로 - 기타,이륜,남,60세,상해없음,이륜,남,58세,중상
2013072100100208,2013년 7월 21일 12시,일요일,대구광역시 달서구 이곡동,경상사고,0,0,1,0,차대사람 - 보도통행중,신호위반,건조,맑음,단일로 - 기타,승용,여,51세,상해없음,보행자,남,6세,경상
2013072100100209,2013년 7월 21일 12시,일요일,대구광역시 달서구 두류동,중상사고,0,1,0,0,차대차 - 기타,안전거리미확보,건조,맑음,단일로 - 기타,승용,남,72세,상해없음,원동기,남,20세,중상
2013072100100227,2013년 7월 21일 13시,일요일,대구광역시 달성군 화원읍,경상사고,0,0,1,0,차대차 - 정면충돌,중앙선침범,건조,맑음,단일로 - 기타,이륜,남,18세,경상,승용,남,42세,상해없음
2013072100100228,2013년 7월 21일 13시,일요일,대구광역시 중구 대봉동,경상사고,0,0,2,0,차대차 - 기타,안전거리미확보,건조,맑음,단일로 - 기타,승용,여,20세,상해없음,승용,남,35세,경상
2013072100100247,2013년 7월 21일 14시,일요일,대구광역시 중구 봉산동,부상신고사고,0,0,0,1,차대차 - 측면직각충돌,안전운전불이행,건조,맑음,단일로 - 기타,이륜,남,33세,부상신고,승용,남,80세,상해없음
2013072100100248,2013년 7월 21일 14시,일요일,대구광역시 달서구 두류동,경상사고,0,0,1,0,차대사람 - 차도통행중,중앙선침범,건조,맑음,단일로 - 기타,원동기,남,45세,상해없음,보행자,여,9세,경상
2013072100100309,2013년 7월 21일 16시,일요일,대구광역시 수성구 성동,경상사고,0,0,1,0,차대차 - 정면충돌,중앙선침범,건조,맑음,단일로 - 기타,승용,남,37세,상해없음,화물,남,63세,경상
2013072100100310,2013년 7월 21일 16시,일요일,대구광역시 북구 매천동,중상사고,0,1,2,0,차대차 - 측면직각충돌,안전운전불이행,건조,맑음,교차로 - 교차로부근,승용,남,57세,경상,승용,남,54세,경상
2013072100100340,2013년 7월 21일 17시,일요일,대구광역시 남구 대명동,경상사고,0,0,1,0,차대차 - 기타,안전운전불이행,건조,맑음,교차로 - 교차로안,승용,남,20세,상해없음,자전거,남,43세,경상
2013072100100341,2013년 7월 21일 17시,일요일,대구광역시 달서구 진천동,경상사고,0,0,1,0,차대차 - 기타,차로위반,건조,맑음,교차로 - 교차로부근,승용,여,42세,상해없음,승합,남,47세,상해없음
2013072100100342,2013년 7월 21일 17시,일요일,대구광역시 북구 학정동,경상사고,0,0,2,0,차대차 - 기타,교차로운행방법위반,건조,맑음,교차로 - 교차로안,화물,남,51세,상해없음,승용,남,39세,경상
2013072100100373,2013년 7월 21일 18시,일요일,대구광역시 북구 읍내동,경상사고,0,0,1,0,차대사람 - 차도통행중,안전운전불이행,건조,맑음,단일로 - 기타,기타불명,기타불명,기타불명,기타불명,보행자,여,15세,경상
2013072100100399,2013년 7월 21일 19시,일요일,대구광역시 남구 이천동,중상사고,0,1,0,0,차대사람 - 횡단중,보행자보호의무위반,건조,맑음,단일로 - 횡단보도상,승용,여,25세,상해없음,보행자,여,66세,중상
2013072100100400,2013년 7월 21일 19시,일요일,대구광역시 동구 율하동,중상사고,0,1,0,0,차대차 - 기타,안전운전불이행,건조,맑음,교차로 - 교차로부근,승용,여,32세,상해없음,자전거,여,44세,중상
2013072100100423,2013년 7월 21일 20시,일요일,대구광역시 북구 침산동,경상사고,0,0,1,0,차대사람 - 횡단중,보행자보호의무위반,건조,맑음,단일로 - 횡단보도상,승합,남,46세,상해없음,보행자,남,42세,경상
2013072100100424,2013년 7월 21일 20시,일요일,대구광역시 북구 동천동,중상사고,0,1,0,0,차대사람 - 횡단중,보행자보호의무위반,건조,맑음,교차로 - 교차로안,화물,남,46세,상해없음,보행자,여,69세,중상
2013072100100450,2013년 7월 21일 21시,일요일,대구광역시 수성구 대흥동,사망사고,1,0,0,0,차대사람 - 횡단중,과속,건조,맑음,단일로 - 기타,승용,남,29세,상해없음,보행자,여,54세,사망
2013072100100451,2013년 7월 21일 21시,일요일,대구광역시 수성구 상동,중상사고,0,1,0,0,차대사람 - 횡단중,신호위반,건조,맑음,단일로 - 기타,승용,남,59세,상해없음,보행자,여,51세,중상
2013072100100452,2013년 7월 21일 21시,일요일,대구광역시 달성군 다사읍,부상신고사고,0,0,0,1,차대차 - 기타,안전운전불이행,건조,맑음,교차로 - 교차로안,승용,남,20세,상해없음,승용,여,33세,부상신고
2013072100100471,2013년 7월 21일 22시,일요일,대구광역시 동구 율하동,경상사고,0,0,1,0,차대차 - 측면직각충돌,안전운전불이행,건조,맑음,교차로 - 교차로부근,화물,남,46세,상해없음,승용,남,26세,경상
2013072100100472,2013년 7월 21일 22시,일요일,대구광역시 북구 복현동,경상사고,0,0,1,0,차대사람 - 길가장자리구역통행중,안전운전불이행,건조,맑음,교차로 - 교차로안,승용,남,34세,상해없음,보행자,여,54세,경상
2013072100100491,2013년 7월 21일 23시,일요일,대구광역시 동구 서호동,중상사고,0,1,0,0,차대사람 - 횡단중,안전운전불이행,건조,맑음,단일로 - 기타,승용,남,33세,상해없음,보행자,남,33세,중상
2013072100100492,2013년 7월 21일 23시,일요일,대구광역시 북구 산격동,경상사고,0,0,1,0,차대사람 - 기타,안전운전불이행,건조,맑음,단일로 - 기타,원동기,남,17세,기타불명,보행자,여,39세,경상
2013072100100493,2013년 7월 21일 23시,일요일,대구광역시 달서구 감삼동,중상사고,0,1,0,0,차대차 - 기타,안전거리미확보,건조,맑음,교차로 - 교차로부근,이륜,남,18세,상해없음,이륜,남,18세,중상
2013072200100010,2013년 7월 22일 00시,월요일,대구광역시 수성구 만촌동,경상사고,0,0,24,0,차대차 - 기타,안전거리미확보,건조,맑음,단일로 - 기타,승합,남,58세,상해없음,화물,남,44세,경상
2013072200100024,2013년 7월 22일 02시,월요일,대구광역시 중구 삼덕동2가,중상사고,0,1,0,0,차대차 - 추돌 - 주정차중,안전운전불이행,건조,맑음,교차로 - 교차로부근,승용,여,40세,상해없음,승용,남,43세,중상
2013072200100051,2013년 7월 22일 05시,월요일,대구광역시 북구 서변동,중상사고,0,1,0,0,차대사람 - 횡단중,보행자보호의무위반,건조,맑음,단일로 - 횡단보도상,승용,기타불명,기타불명,기타불명,보행자,여,77세,중상
2013072200100087,2013년 7월 22일 07시,월요일,대구광역시 서구 평리동,경상사고,0,0,2,0,차대차 - 추돌 - 진행중,안전운전불이행,건조,맑음,교차로 - 교차로부근,승용,남,55세,상해없음,승용,남,54세,경상
2013072200100119,2013년 7월 22일 08시,월요일,대구광역시 달성군 하빈면,경상사고,0,0,1,1,차대차 - 측면직각충돌,안전운전불이행,건조,맑음,교차로 - 교차로안,승용,남,35세,부상신고,화물,남,50세,경상
2013072200100151,2013년 7월 22일 09시,월요일,대구광역시 수성구 상동,경상사고,0,0,1,0,차대차 - 추돌 - 진행중,안전운전불이행,건조,맑음,단일로 - 기타,승용,여,64세,상해없음,이륜,남,66세,경상
2013072200100152,2013년 7월 22일 09시,월요일,대구광역시 달서구 본동,중상사고,0,1,0,0,차대차 - 기타,안전운전불이행,건조,맑음,단일로 - 횡단보도상,승용,남,78세,상해없음,자전거,여,45세,중상
2013072200100153,2013년 7월 22일 09시,월요일,대구광역시 달서구 상인동,중상사고,0,1,0,0,차대차 - 측면직각충돌,불법유턴,건조,맑음,단일로 - 기타,화물,남,63세,상해없음,이륜,남,26세,중상
2013072200100177,2013년 7월 22일 10시,월요일,대구광역시 동구 신천동,중상사고,0,1,0,0,차대사람 - 보도통행중,기타,건조,맑음,단일로 - 기타,승용,남,64세,상해없음,보행자,여,77세,중상
2013072200100178,2013년 7월 22일 10시,월요일,대구광역시 수성구 황금동,중상사고,0,1,0,0,차대차 - 측면직각충돌,신호위반,건조,맑음,단일로 - 기타,이륜,남,57세,중상,승용,남,31세,상해없음
2013072200100179,2013년 7월 22일 10시,월요일,대구광역시 서구 비산동,경상사고,0,0,1,0,차대사람 - 기타,안전운전불이행,건조,맑음,단일로 - 기타,승용,남,61세,상해없음,보행자,남,22세,경상
2013072200100216,2013년 7월 22일 11시,월요일,대구광역시 동구 효목동,경상사고,0,0,2,0,차대차 - 기타,교차로운행방법위반,건조,맑음,교차로 - 교차로안,승용,남,51세,상해없음,승용,남,40세,경상
2013072200100217,2013년 7월 22일 11시,월요일,대구광역시 달성군 화원읍,경상사고,0,0,1,0,차대차 - 추돌 - 주정차중,안전운전불이행,건조,맑음,단일로 - 기타,건설기계,남,59세,상해없음,화물,남,45세,경상
2013072200100218,2013년 7월 22일 11시,월요일,대구광역시 북구 노원동1가,중상사고,0,1,0,0,차대차 - 측면직각충돌,안전운전불이행,건조,맑음,단일로 - 기타,이륜,남,64세,중상,승합,남,58세,상해없음
2013072200100244,2013년 7월 22일 12시,월요일,대구광역시 달성군 논공읍,부상신고사고,0,0,0,1,차량단독 - 기타,안전운전불이행,건조,맑음,단일로 - 기타,원동기,남,53세,부상신고,,,,
2013072200100245,2013년 7월 22일 12시,월요일,대구광역시 서구 평리동,중상사고,0,1,0,0,차대사람 - 기타,안전운전불이행,건조,맑음,교차로 - 교차로부근,화물,여,61세,상해없음,보행자,여,60세,중상
2013072200100246,2013년 7월 22일 12시,월요일,대구광역시 달서구 장기동,경상사고,0,0,2,1,차대차 - 측면직각충돌,직진우회전진행방해,건조,맑음,교차로 - 교차로안,화물,남,40세,부상신고,승용,남,29세,경상
2013072200100247,2013년 7월 22일 12시,월요일,대구광역시 달서구 두류동,부상신고사고,0,0,0,1,차대사람 - 횡단중,보행자보호의무위반,건조,맑음,단일로 - 횡단보도상,승용,기타불명,기타불명,기타불명,보행자,남,7세,부상신고
2013072200100248,2013년 7월 22일 12시,월요일,대구광역시 북구 구암동,중상사고,0,1,3,0,차대차 - 측면직각충돌,직진우회전진행방해,건조,맑음,교차로 - 교차로안,승용,남,64세,경상,승용,남,56세,경상
2013072200100249,2013년 7월 22일 12시,월요일,대구광역시 북구 태전동,경상사고,0,0,3,0,차대차 - 추돌 - 주정차중,안전운전불이행,건조,맑음,교차로 - 교차로부근,승용,여,20세,상해없음,승용,여,28세,경상
2013072200100290,2013년 7월 22일 13시,월요일,대구광역시 달성군 현풍면,중상사고,0,3,3,0,차대차 - 측면직각충돌,직진우회전진행방해,건조,맑음,교차로 - 교차로안,승합,남,31세,경상,화물,남,59세,경상
2013072200100291,2013년 7월 22일 13시,월요일,대구광역시 중구 대봉동,경상사고,0,0,1,0,차대사람 - 횡단중,안전운전불이행,건조,맑음,단일로 - 기타,승용,여,33세,상해없음,보행자,남,28세,경상
2013072200100323,2013년 7월 22일 14시,월요일,대구광역시 수성구 가천동,중상사고,0,1,0,0,차대차 - 기타,안전운전불이행,건조,맑음,단일로 - 기타,승용,남,58세,상해없음,자전거,남,66세,중상
2013072200100324,2013년 7월 22일 14시,월요일,대구광역시 달서구 상인동,중상사고,0,1,0,0,차대차 - 측면직각충돌,직진우회전진행방해,건조,맑음,교차로 - 교차로안,원동기,남,31세,중상,원동기,남,58세,상해없음
2013072200100325,2013년 7월 22일 14시,월요일,대구광역시 달성군 가창면,부상신고사고,0,0,0,1,차량단독 - 전도전복,안전운전불이행,건조,맑음,단일로 - 기타,승용,남,68세,부상신고,,,,
2013072200100349,2013년 7월 22일 15시,월요일,대구광역시 남구 대명동,중상사고,0,2,3,1,차대차 - 정면충돌,중앙선침범,건조,맑음,단일로 - 기타,승용,여,25세,부상신고,승용,남,49세,중상
2013072200100350,2013년 7월 22일 15시,월요일,대구광역시 북구 노원동1가,경상사고,0,0,1,0,차대사람 - 기타,기타,건조,맑음,기타 - 기타,원동기,남,52세,상해없음,보행자,남,4세,경상
2013072200100409,2013년 7월 22일 17시,월요일,대구광역시 남구 대명동,경상사고,0,0,1,0,차대차 - 추돌 - 진행중,안전운전불이행,건조,맑음,교차로 - 교차로안,화물,남,54세,상해없음,승용,남,30세,경상
2013072200100410,2013년 7월 22일 17시,월요일,대구광역시 동구 신암동,경상사고,0,0,1,0,차대사람 - 기타,안전운전불이행,건조,맑음,단일로 - 기타,승용,남,58세,상해없음,보행자,여,18세,경상
2013072200100411,2013년 7월 22일 17시,월요일,대구광역시 수성구 범어동,중상사고,0,1,0,0,차대차 - 측면직각충돌,기타,건조,맑음,단일로 - 기타,화물,남,57세,상해없음,이륜,남,62세,중상
2013072200100412,2013년 7월 22일 17시,월요일,대구광역시 수성구 범물동,경상사고,0,0,2,0,차대차 - 기타,교차로운행방법위반,건조,맑음,교차로 - 교차로안,승용,남,42세,상해없음,승용,여,31세,경상
2013072200100413,2013년 7월 22일 17시,월요일,대구광역시 북구 산격동,경상사고,0,0,1,0,차대차 - 측면직각충돌,교차로운행방법위반,건조,맑음,교차로 - 교차로안,승용,여,72세,상해없음,이륜,남,32세,경상
2013072200100414,2013년 7월 22일 17시,월요일,대구광역시 중구 대봉동,중상사고,0,1,0,0,차대차 - 기타,안전운전불이행,건조,맑음,단일로 - 기타,승용,남,61세,상해없음,자전거,남,32세,중상
2013072200100415,2013년 7월 22일 17시,월요일,대구광역시 달서구 두류동,경상사고,0,0,1,1,차대차 - 측면직각충돌,안전운전불이행,건조,맑음,교차로 - 교차로부근,승용,남,68세,상해없음,승용,남,41세,부상신고
2013072200100451,2013년 7월 22일 18시,월요일,대구광역시 동구 효목동,경상사고,0,0,1,0,차대차 - 기타,안전운전불이행,건조,맑음,기타 - 기타,승용,남,27세,상해없음,자전거,남,15세,경상
2013072200100452,2013년 7월 22일 18시,월요일,대구광역시 수성구 고모동,경상사고,0,0,1,0,차대차 - 기타,안전거리미확보,건조,맑음,단일로 - 기타,승용,남,24세,상해없음,승용,여,41세,경상
2013072200100480,2013년 7월 22일 19시,월요일,대구광역시 북구 산격동,중상사고,0,1,0,0,차대사람 - 기타,안전운전불이행,건조,맑음,기타 - 기타,승용,여,30세,상해없음,보행자,남,68세,중상
2013072200100481,2013년 7월 22일 19시,월요일,대구광역시 북구 관음동,경상사고,0,0,1,0,차대사람 - 기타,안전운전불이행,건조,맑음,단일로 - 기타,승용,여,35세,상해없음,보행자,남,8세,경상
2013072200100545,2013년 7월 22일 21시,월요일,대구광역시 동구 효목동,부상신고사고,0,0,0,1,차대사람 - 차도통행중,안전운전불이행,건조,맑음,단일로 - 기타,승용,여,59세,상해없음,보행자,여,45세,부상신고
2013072200100546,2013년 7월 22일 21시,월요일,대구광역시 달성군 다사읍,중상사고,0,1,0,0,차대차 - 측면직각충돌,안전운전불이행,건조,맑음,기타 - 기타,승용,여,26세,상해없음,승합,남,31세,상해없음
2013072200100547,2013년 7월 22일 21시,월요일,대구광역시 달서구 성당동,경상사고,0,0,1,0,차대차 - 추돌 - 진행중,안전운전불이행,건조,맑음,단일로 - 기타,이륜,남,19세,상해없음,승용,남,58세,경상
2013072200100548,2013년 7월 22일 21시,월요일,대구광역시 달서구 두류동,경상사고,0,0,1,0,차대차 - 기타,안전운전불이행,건조,맑음,단일로 - 기타,이륜,남,69세,경상,승용,여,48세,상해없음
2013072200100549,2013년 7월 22일 21시,월요일,대구광역시 북구 국우동,경상사고,0,0,1,0,차대차 - 측면직각충돌,안전운전불이행,건조,맑음,단일로 - 기타,승용,여,48세,상해없음,승용,남,30세,경상
2013072200100565,2013년 7월 22일 22시,월요일,대구광역시 수성구 지산동,중상사고,0,1,0,0,차대차 - 기타,안전운전불이행,건조,맑음,단일로 - 기타,화물,남,39세,상해없음,승용,남,56세,상해없음
2013072200100593,2013년 7월 22일 23시,월요일,대구광역시 수성구 노변동,중상사고,0,1,0,0,차대차 - 측면직각충돌,신호위반,건조,맑음,단일로 - 기타,승용,남,26세,상해없음,원동기,남,18세,중상
2013072300100045,2013년 7월 23일 02시,화요일,대구광역시 수성구 두산동,경상사고,0,0,2,0,차대차 - 측면직각충돌,안전운전불이행,건조,맑음,교차로 - 교차로안,승용,남,30세,상해없음,승용,여,28세,경상
2013072300100048,2013년 7월 23일 03시,화요일,대구광역시 달서구 상인동,경상사고,0,0,1,0,차대사람 - 기타,안전운전불이행,건조,맑음,교차로 - 교차로안,승용,남,52세,상해없음,보행자,남,26세,경상
2013072300100061,2013년 7월 23일 04시,화요일,대구광역시 동구 지묘동,중상사고,0,1,1,0,차량단독 - 기타,안전운전불이행,건조,맑음,단일로 - 기타,이륜,남,17세,경상,,,,
2013072300100111,2013년 7월 23일 07시,화요일,대구광역시 동구 신서동,경상사고,0,0,2,0,차대차 - 측면직각충돌,직진우회전진행방해,건조,맑음,교차로 - 교차로안,화물,남,46세,경상,승용,남,51세,경상
2013072300100146,2013년 7월 23일 08시,화요일,대구광역시 달서구 상인동,경상사고,0,0,2,0,차대차 - 추돌 - 주정차중,불법유턴,건조,맑음,교차로 - 교차로부근,승합,남,40세,상해없음,승용,남,37세,경상
2013072300100175,2013년 7월 23일 09시,화요일,대구광역시 수성구 신매동,경상사고,0,0,1,0,차대사람 - 횡단중,보행자보호의무위반,건조,맑음,단일로 - 횡단보도상,승용,남,30세,상해없음,보행자,여,65세,경상
2013072300100201,2013년 7월 23일 10시,화요일,대구광역시 남구 대명동,경상사고,0,0,2,0,차대차 - 기타,교차로운행방법위반,건조,맑음,교차로 - 교차로안,승용,여,52세,상해없음,승용,남,51세,경상
2013072300100202,2013년 7월 23일 10시,화요일,대구광역시 수성구 중동,경상사고,0,0,3,0,차대차 - 추돌 - 주정차중,안전운전불이행,건조,맑음,단일로 - 기타,승용,여,60세,상해없음,승용,여,62세,경상
2013072300100203,2013년 7월 23일 10시,화요일,대구광역시 수성구 중동,경상사고,0,0,1,0,차대차 - 추돌 - 진행중,안전거리미확보,건조,맑음,단일로 - 기타,승용,남,19세,상해없음,승용,남,70세,경상
2013072300100204,2013년 7월 23일 10시,화요일,대구광역시 북구 검단동,경상사고,0,0,1,0,차대차 - 기타,교차로운행방법위반,건조,맑음,교차로 - 교차로안,승용,남,61세,상해없음,승용,남,33세,경상
2013072300100205,2013년 7월 23일 10시,화요일,대구광역시 달서구 성당동,경상사고,0,0,1,0,차대사람 - 기타,안전운전불이행,건조,맑음,단일로 - 기타,승용,남,42세,상해없음,보행자,남,42세,경상
2013072300100266,2013년 7월 23일 12시,화요일,대구광역시 북구 칠성동1가,중상사고,0,1,0,0,차대차 - 기타,안전운전불이행,건조,맑음,단일로 - 기타,화물,남,65세,상해없음,이륜,남,70세,중상
2013072300100267,2013년 7월 23일 12시,화요일,대구광역시 북구 산격동,경상사고,0,0,1,0,차대차 - 기타,안전거리미확보,습기,흐림,교차로 - 교차로부근,화물,남,22세,상해없음,화물,남,35세,경상
2013072300100268,2013년 7월 23일 12시,화요일,대구광역시 서구 비산동,경상사고,0,0,1,0,차대차 - 기타,중앙선침범,습기,비,단일로 - 기타,승용,남,57세,상해없음,이륜,남,51세,경상
2013072300100269,2013년 7월 23일 12시,화요일,대구광역시 달서구 호산동,중상사고,0,1,0,0,차대차 - 측면직각충돌,교차로운행방법위반,건조,맑음,교차로 - 교차로안,승용,남,39세,상해없음,승용,여,54세,중상
2013072300100289,2013년 7월 23일 13시,화요일,대구광역시 달서구 월성동,경상사고,0,0,1,0,차대차 - 추돌 - 진행중,중앙선침범,습기,비,단일로 - 기타,승용,여,52세,상해없음,승합,남,43세,상해없음
2013072300100346,2013년 7월 23일 15시,화요일,대구광역시 수성구 만촌동,중상사고,0,1,0,0,차대차 - 기타,안전거리미확보,건조,맑음,교차로 - 교차로부근,승합,남,50세,상해없음,이륜,남,19세,중상
2013072300100347,2013년 7월 23일 15시,화요일,대구광역시 중구 동성로3가,경상사고,0,0,1,0,차대사람 - 차도통행중,안전운전불이행,습기,비,단일로 - 기타,승용,여,26세,상해없음,보행자,여,40세,경상
2013072300100368,2013년 7월 23일 16시,화요일,대구광역시 남구 대명동,경상사고,0,0,1,0,차대차 - 기타,안전운전불이행,건조,맑음,교차로 - 교차로부근,승용,남,54세,상해없음,승용,남,39세,경상
2013072300100369,2013년 7월 23일 16시,화요일,대구광역시 중구 계산동2가,경상사고,0,0,1,0,차대차 - 기타,안전거리미확보,건조,맑음,단일로 - 기타,화물,남,55세,상해없음,승용,남,37세,경상
2013072300100396,2013년 7월 23일 17시,화요일,대구광역시 북구 노원동1가,경상사고,0,0,1,0,차대차 - 기타,안전거리미확보,건조,맑음,단일로 - 기타,승용,남,38세,상해없음,원동기,남,18세,경상
2013072300100397,2013년 7월 23일 17시,화요일,대구광역시 서구 비산동,경상사고,0,0,1,0,차대차 - 기타,안전운전불이행,건조,맑음,교차로 - 교차로안,승용,여,42세,상해없음,자전거,남,12세,경상
2013072300100398,2013년 7월 23일 17시,화요일,대구광역시 북구 팔달동,경상사고,0,0,1,0,차대차 - 측면직각충돌,안전운전불이행,건조,맑음,단일로 - 기타,승용,남,49세,상해없음,승용,남,24세,경상
2013072300100423,2013년 7월 23일 18시,화요일,대구광역시 달서구 송현동,경상사고,0,0,1,0,차대사람 - 횡단중,보행자보호의무위반,건조,맑음,교차로 - 교차로안,화물,남,65세,상해없음,보행자,남,17세,경상
2013072300100424,2013년 7월 23일 18시,화요일,대구광역시 북구 복현동,경상사고,0,0,1,0,차대사람 - 기타,안전운전불이행,건조,맑음,기타 - 기타,승용,남,55세,상해없음,보행자,남,8세,경상
2013072300100425,2013년 7월 23일 18시,화요일,대구광역시 중구 대봉동,경상사고,0,0,1,0,차대차 - 측면직각충돌,신호위반,건조,맑음,단일로 - 기타,이륜,남,23세,상해없음,이륜,남,38세,경상
2013072300100426,2013년 7월 23일 18시,화요일,대구광역시 중구 동인동1가,경상사고,0,0,1,0,차대차 - 기타,안전운전불이행,건조,맑음,교차로 - 교차로안,이륜,남,31세,경상,승용,남,50세,상해없음
2013072300100427,2013년 7월 23일 18시,화요일,대구광역시 중구 태평로3가,부상신고사고,0,0,0,1,차대차 - 추돌 - 주정차중,안전운전불이행,건조,맑음,단일로 - 기타,승용,남,66세,부상신고,화물,남,51세,상해없음
2013072300100428,2013년 7월 23일 18시,화요일,대구광역시 달서구 성당동,중상사고,0,1,0,0,차대차 - 추돌 - 진행중,교차로운행방법위반,건조,맑음,교차로 - 교차로안,이륜,남,52세,상해없음,자전거,남,21세,중상
2013072300100460,2013년 7월 23일 19시,화요일,대구광역시 달서구 유천동,경상사고,0,0,1,0,차대차 - 추돌 - 주정차중,안전운전불이행,건조,맑음,교차로 - 교차로부근,승용,남,62세,상해없음,승용,여,47세,경상
2013072300100461,2013년 7월 23일 19시,화요일,대구광역시 북구 태전동,중상사고,0,1,0,0,차대차 - 측면직각충돌,중앙선침범,건조,맑음,단일로 - 기타,화물,남,50세,상해없음,승용,여,56세,상해없음
2013072300100494,2013년 7월 23일 20시,화요일,대구광역시 수성구 지산동,중상사고,0,1,0,0,차대사람 - 횡단중,보행자보호의무위반,건조,맑음,단일로 - 횡단보도상,기타불명,기타불명,기타불명,기타불명,보행자,여,14세,중상
2013072300100495,2013년 7월 23일 20시,화요일,대구광역시 달성군 논공읍,중상사고,0,1,1,0,차대차 - 측면직각충돌,안전운전불이행,건조,맑음,교차로 - 교차로안,승합,남,52세,상해없음,승합,남,38세,중상
2013072300100523,2013년 7월 23일 21시,화요일,대구광역시 남구 봉덕동,경상사고,0,0,1,0,차대차 - 측면직각충돌,안전운전불이행,건조,맑음,단일로 - 교량,승합,남,49세,상해없음,원동기,여,64세,경상
2013072300100524,2013년 7월 23일 21시,화요일,대구광역시 동구 신암동,경상사고,0,0,1,0,차대사람 - 기타,안전운전불이행,건조,맑음,단일로 - 기타,이륜,남,55세,기타불명,보행자,여,25세,경상
2013072300100525,2013년 7월 23일 21시,화요일,대구광역시 수성구 사월동,경상사고,0,0,1,0,차대사람 - 횡단중,신호위반,건조,맑음,단일로 - 횡단보도상,이륜,남,23세,상해없음,보행자,남,29세,경상
2013072300100526,2013년 7월 23일 21시,화요일,대구광역시 수성구 노변동,중상사고,0,1,0,0,차대차 - 측면직각충돌,안전운전불이행,건조,맑음,교차로 - 교차로안,승용,남,46세,상해없음,자전거,남,14세,중상
2013072300100598,2013년 7월 23일 23시,화요일,대구광역시 북구 서변동,경상사고,0,0,2,0,차대차 - 측면직각충돌,직진우회전진행방해,건조,맑음,교차로 - 교차로안,승용,여,51세,경상,승용,남,52세,경상
2013072400100042,2013년 7월 24일 02시,수요일,대구광역시 북구 태전동,중상사고,0,1,0,0,차대사람 - 횡단중,안전운전불이행,건조,맑음,단일로 - 횡단보도상,승용,남,53세,상해없음,보행자,여,55세,중상
2013072400100051,2013년 7월 24일 03시,수요일,대구광역시 달서구 용산동,경상사고,0,0,2,0,차대차 - 측면직각충돌,안전운전불이행,건조,흐림,교차로 - 교차로안,기타불명,기타불명,기타불명,기타불명,승용,남,42세,경상
2013072400100076,2013년 7월 24일 05시,수요일,대구광역시 달서구 상인동,경상사고,0,0,1,0,차대차 - 측면직각충돌,신호위반,건조,맑음,교차로 - 교차로안,승용,여,57세,경상,승용,남,74세,상해없음
2013072400100107,2013년 7월 24일 07시,수요일,대구광역시 남구 대명동,경상사고,0,0,1,0,차대차 - 기타,교차로운행방법위반,건조,맑음,교차로 - 교차로안,화물,남,29세,상해없음,승용,남,36세,경상
2013072400100108,2013년 7월 24일 07시,수요일,대구광역시 달서구 성당동,중상사고,0,1,0,0,차대차 - 추돌 - 주정차중,기타,건조,맑음,단일로 - 기타,화물,남,58세,상해없음,승용,남,51세,상해없음
2013072400100174,2013년 7월 24일 09시,수요일,대구광역시 수성구 상동,경상사고,0,0,1,0,차대차 - 기타,안전운전불이행,건조,맑음,단일로 - 기타,승용,남,52세,상해없음,자전거,남,64세,경상
2013072400100199,2013년 7월 24일 10시,수요일,대구광역시 남구 대명동,경상사고,0,0,1,0,차대차 - 기타,차로위반,건조,맑음,교차로 - 교차로부근,원동기,남,75세,경상,승용,남,59세,상해없음
2013072400100200,2013년 7월 24일 10시,수요일,대구광역시 남구 대명동,경상사고,0,0,1,0,차대차 - 측면직각충돌,안전거리미확보,건조,맑음,교차로 - 교차로부근,승용,남,80세,상해없음,승용,여,28세,경상
2013072400100201,2013년 7월 24일 10시,수요일,대구광역시 북구 서변동,경상사고,0,0,2,0,차대차 - 기타,중앙선침범,건조,맑음,단일로 - 기타,승용,남,62세,상해없음,이륜,남,16세,경상
2013072400100224,2013년 7월 24일 11시,수요일,대구광역시 동구 용계동,경상사고,0,0,3,0,차대차 - 추돌 - 주정차중,안전운전불이행,건조,맑음,교차로 - 교차로부근,승용,여,45세,상해없음,승용,남,45세,경상