사고번호,사고일시,요일,시군구,사고내용,사망자수,중상자수,경상자수,부상신고자수,사고유형,법규위반,노면상태,기상상태,도로형태,가해운전자 차종,가해운전자 성별,가해운전자 연령,가해운전자 상해정도,피해운전자 차종,피해운전자 성별,피해운전자 연령,피해운전자 상해정도
2013072400100225,2013년 7월 24일 11시,수요일,대구광역시 달서구 송현동,경상사고,0,0,1,0,차대사람 - 기타,안전운전불이행,건조,맑음,단일로 - 기타,승용,여,38세,상해없음,보행자,여,61세,경상
2013072400100226,2013년 7월 24일 11시,수요일,대구광역시 북구 칠성동1가,경상사고,0,0,1,0,차대차 - 기타,안전운전불이행,건조,맑음,단일로 - 기타,승용,여,38세,상해없음,자전거,남,85세,경상
2013072400100253,2013년 7월 24일 12시,수요일,대구광역시 북구 칠성동1가,경상사고,0,0,1,0,차대차 - 측면직각충돌,안전운전불이행,건조,맑음,교차로 - 교차로안,화물,남,49세,상해없음,원동기,남,28세,경상
2013072400100277,2013년 7월 24일 13시,수요일,대구광역시 동구 봉무동,중상사고,0,2,0,0,차대차 - 측면직각충돌,교차로운행방법위반,건조,맑음,교차로 - 교차로안,승용,여,41세,상해없음,승용,남,45세,중상
2013072400100302,2013년 7월 24일 14시,수요일,대구광역시 서구 내당동,중상사고,0,1,1,0,차대차 - 정면충돌,신호위반,건조,맑음,교차로 - 교차로안,승용,남,46세,상해없음,승용,여,59세,경상
2013072400100303,2013년 7월 24일 14시,수요일,대구광역시 중구 삼덕동1가,경상사고,0,0,1,0,차대사람 - 기타,안전운전불이행,건조,맑음,단일로 - 기타,승합,남,52세,상해없음,보행자,남,19세,경상
2013072400100332,2013년 7월 24일 15시,수요일,대구광역시 동구 도동,중상사고,0,1,0,0,차대차 - 측면직각충돌,안전운전불이행,건조,맑음,단일로 - 기타,이륜,여,51세,중상,화물,남,67세,상해없음
2013072400100333,2013년 7월 24일 15시,수요일,대구광역시 수성구 수성동1가,경상사고,0,0,1,0,차대차 - 기타,안전운전불이행,건조,맑음,단일로 - 기타,화물,남,52세,상해없음,자전거,남,49세,경상
2013072400100334,2013년 7월 24일 15시,수요일,대구광역시 달서구 송현동,중상사고,0,1,0,0,차대차 - 측면직각충돌,안전거리미확보,건조,맑음,단일로 - 기타,승용,여,42세,상해없음,승용,남,32세,중상
2013072400100335,2013년 7월 24일 15시,수요일,대구광역시 달성군 다사읍,중상사고,0,1,0,0,차대차 - 추돌 - 진행중,안전운전불이행,건조,맑음,단일로 - 기타,승용,남,55세,상해없음,자전거,남,43세,중상
2013072400100356,2013년 7월 24일 16시,수요일,대구광역시 서구 평리동,부상신고사고,0,0,0,1,차량단독 - 공작물충돌,안전운전불이행,건조,맑음,단일로 - 기타,원동기,남,56세,부상신고,,,,
2013072400100357,2013년 7월 24일 16시,수요일,대구광역시 북구 관음동,경상사고,0,0,1,0,차대차 - 측면직각충돌,안전운전불이행,건조,맑음,교차로 - 교차로부근,승용,남,50세,상해없음,승용,남,33세,경상
2013072400100378,2013년 7월 24일 17시,수요일,대구광역시 북구 침산동,경상사고,0,0,3,0,차대차 - 측면직각충돌,안전운전불이행,건조,맑음,단일로 - 기타,승용,남,65세,상해없음,화물,남,35세,경상
2013072400100414,2013년 7월 24일 18시,수요일,대구광역시 동구 신천동,중상사고,0,1,0,0,차대차 - 기타,안전거리미확보,건조,맑음,단일로 - 기타,승용,남,59세,상해없음,자전거,남,32세,중상
2013072400100415,2013년 7월 24일 18시,수요일,대구광역시 달서구 상인동,중상사고,0,1,0,0,차대차 - 측면직각충돌,직진우회전진행방해,건조,맑음,교차로 - 교차로안,승용,남,27세,상해없음,이륜,남,56세,중상
2013072400100416,2013년 7월 24일 18시,수요일,대구광역시 달서구 송현동,경상사고,0,0,1,0,차대차 - 기타,교차로운행방법위반,건조,맑음,교차로 - 교차로안,승용,여,40세,상해없음,이륜,남,24세,경상
2013072400100446,2013년 7월 24일 19시,수요일,대구광역시 수성구 수성동1가,중상사고,0,1,0,0,차대사람 - 횡단중,중앙선침범,건조,맑음,단일로 - 횡단보도상,자전거,남,30세,상해없음,보행자,여,55세,중상
2013072400100447,2013년 7월 24일 19시,수요일,대구광역시 수성구 사월동,경상사고,0,0,1,0,차대차 - 측면직각충돌,교차로운행방법위반,건조,맑음,교차로 - 교차로안,승합,남,64세,상해없음,자전거,여,52세,경상
2013072400100448,2013년 7월 24일 19시,수요일,대구광역시 북구 노원동3가,중상사고,0,1,0,0,차대차 - 기타,안전운전불이행,건조,맑음,단일로 - 기타,승용,남,27세,상해없음,승용,여,24세,중상
2013072400100449,2013년 7월 24일 19시,수요일,대구광역시 달서구 신당동,중상사고,0,1,0,0,차대차 - 측면직각충돌,안전운전불이행,건조,맑음,기타 - 기타,승합,남,63세,상해없음,승용,여,50세,중상
2013072400100450,2013년 7월 24일 19시,수요일,대구광역시 북구 서변동,경상사고,0,0,1,0,차대차 - 측면직각충돌,불법유턴,건조,맑음,교차로 - 교차로안,승용,남,24세,상해없음,원동기,남,37세,경상
2013072400100479,2013년 7월 24일 20시,수요일,대구광역시 동구 방촌동,경상사고,0,0,1,0,차대차 - 기타,안전운전불이행,건조,맑음,단일로 - 기타,승용,남,50세,상해없음,승용,남,53세,상해없음
2013072400100480,2013년 7월 24일 20시,수요일,대구광역시 달서구 이곡동,경상사고,0,0,1,0,차대차 - 측면직각충돌,안전운전불이행,건조,맑음,교차로 - 교차로안,이륜,남,18세,경상,승용,남,33세,상해없음
2013072400100481,2013년 7월 24일 20시,수요일,대구광역시 달서구 용산동,경상사고,0,0,2,0,차대차 - 측면직각충돌,안전거리미확보,건조,맑음,단일로 - 기타,승용,남,55세,상해없음,승용,남,29세,경상
2013072400100515,2013년 7월 24일 21시,수요일,대구광역시 달서구 상인동,중상사고,0,1,0,0,차량단독 - 기타,안전운전불이행,건조,맑음,단일로 - 기타,자전거,남,71세,중상,,,,
2013072400100516,2013년 7월 24일 21시,수요일,대구광역시 달서구 이곡동,경상사고,0,0,1,0,차대차 - 측면직각충돌,신호위반,건조,맑음,단일로 - 기타,승용,남,55세,상해없음,승용,남,41세,경상
2013072500100043,2013년 7월 25일 03시,목요일,대구광역시 달성군 논공읍,중상사고,0,1,1,0,차대차 - 기타,안전운전불이행,건조,맑음,단일로 - 기타,승용,남,24세,중상,화물,남,43세,상해없음
2013072500100064,2013년 7월 25일 06시,목요일,대구광역시 달성군 화원읍,중상사고,0,1,0,0,차량단독 - 공작물충돌,안전운전불이행,습기,비,단일로 - 기타,승용,남,48세,중상,,,,
2013072500100067,2013년 7월 25일 06시,목요일,대구광역시 북구 칠성동1가,경상사고,0,0,1,0,차대차 - 측면직각충돌,안전거리미확보,건조,맑음,단일로 - 기타,승용,남,68세,상해없음,승용,남,36세,경상
2013072500100082,2013년 7월 25일 07시,목요일,대구광역시 중구 남산동,경상사고,0,0,4,0,차대차 - 기타,신호위반,건조,맑음,교차로 - 교차로안,승용,남,58세,상해없음,승용,남,57세,경상
2013072500100083,2013년 7월 25일 07시,목요일,대구광역시 달서구 감삼동,경상사고,0,0,1,0,차대사람 - 기타,안전운전불이행,건조,맑음,단일로 - 기타,화물,남,28세,기타불명,보행자,여,46세,경상
2013072500100118,2013년 7월 25일 08시,목요일,대구광역시 달성군 논공읍,경상사고,0,0,1,0,차대차 - 측면직각충돌,직진우회전진행방해,건조,맑음,교차로 - 교차로안,승용,여,40세,상해없음,자전거,남,46세,경상
2013072500100119,2013년 7월 25일 08시,목요일,대구광역시 달성군 유가면,경상사고,0,0,1,0,차대차 - 기타,직진우회전진행방해,건조,맑음,교차로 - 교차로안,승용,남,36세,기타불명,건설기계,남,38세,경상
2013072500100120,2013년 7월 25일 08시,목요일,대구광역시 북구 칠성동1가,경상사고,0,0,2,0,차대사람 - 기타,보행자보호의무위반,건조,맑음,단일로 - 기타,승합,남,25세,상해없음,보행자,여,24세,경상
2013072500100121,2013년 7월 25일 08시,목요일,대구광역시 북구 복현동,중상사고,0,1,1,0,차대차 - 추돌 - 진행중,안전운전불이행,건조,맑음,교차로 - 교차로부근,승용,남,31세,상해없음,승용,남,50세,상해없음
2013072500100122,2013년 7월 25일 08시,목요일,대구광역시 북구 침산동,경상사고,0,0,1,0,차대차 - 기타,안전운전불이행,건조,맑음,교차로 - 교차로안,승용,남,64세,상해없음,승용,남,42세,경상
2013072500100123,2013년 7월 25일 08시,목요일,대구광역시 달서구 감삼동,중상사고,0,1,0,0,차대사람 - 차도통행중,안전운전불이행,건조,맑음,교차로 - 교차로안,승용,남,62세,상해없음,보행자,여,48세,중상
2013072500100147,2013년 7월 25일 09시,목요일,대구광역시 북구 동천동,경상사고,0,0,1,0,차대사람 - 횡단중,안전운전불이행,건조,맑음,단일로 - 기타,승합,여,43세,상해없음,보행자,여,48세,경상
2013072500100178,2013년 7월 25일 10시,목요일,대구광역시 수성구 신매동,중상사고,0,4,20,0,차대차 - 추돌 - 주정차중,안전운전불이행,건조,맑음,단일로 - 기타,특수,남,26세,중상,승합,남,54세,경상
2013072500100242,2013년 7월 25일 12시,목요일,대구광역시 동구 신암동,경상사고,0,0,1,0,차대차 - 추돌 - 진행중,안전운전불이행,건조,맑음,교차로 - 교차로부근,승용,남,42세,상해없음,이륜,남,46세,경상
2013072500100243,2013년 7월 25일 12시,목요일,대구광역시 중구 동산동,경상사고,0,0,1,0,차대차 - 기타,안전거리미확보,건조,맑음,단일로 - 기타,승용,여,55세,기타불명,승용,남,66세,경상
2013072500100269,2013년 7월 25일 13시,목요일,대구광역시 동구 지저동,경상사고,0,0,1,0,차대사람 - 횡단중,안전운전불이행,건조,맑음,단일로 - 기타,이륜,남,16세,기타불명,보행자,남,57세,경상
2013072500100270,2013년 7월 25일 13시,목요일,대구광역시 달서구 월성동,경상사고,0,0,1,0,차대차 - 기타,안전운전불이행,건조,맑음,단일로 - 기타,이륜,남,26세,경상,승용,남,34세,상해없음
2013072500100271,2013년 7월 25일 13시,목요일,대구광역시 달서구 두류동,경상사고,0,0,1,0,차대차 - 추돌 - 주정차중,안전운전불이행,건조,맑음,단일로 - 기타,승용,남,72세,상해없음,승용,남,33세,경상
2013072500100305,2013년 7월 25일 14시,목요일,대구광역시 수성구 수성동1가,중상사고,0,1,0,0,차대차 - 측면직각충돌,안전운전불이행,건조,맑음,단일로 - 기타,승용,남,74세,상해없음,자전거,남,19세,중상
2013072500100306,2013년 7월 25일 14시,목요일,대구광역시 달서구 송현동,경상사고,0,0,1,0,차대차 - 기타,안전운전불이행,건조,맑음,교차로 - 교차로안,이륜,남,65세,경상,화물,남,70세,상해없음
2013072500100354,2013년 7월 25일 15시,목요일,대구광역시 동구 봉무동,경상사고,0,0,1,0,차대차 - 측면직각충돌,안전거리미확보,건조,맑음,교차로 - 교차로부근,승용,남,66세,상해없음,화물,여,62세,경상
2013072500100355,2013년 7월 25일 15시,목요일,대구광역시 북구 산격동,부상신고사고,0,0,0,1,차대사람 - 횡단중,안전운전불이행,건조,맑음,단일로 - 기타,원동기,남,45세,부상신고,보행자,여,75세,상해없음
2013072500100356,2013년 7월 25일 15시,목요일,대구광역시 달서구 죽전동,중상사고,0,1,1,0,차대차 - 측면직각충돌,안전거리미확보,건조,맑음,단일로 - 기타,승용,남,72세,상해없음,원동기,남,27세,경상
2013072500100399,2013년 7월 25일 16시,목요일,대구광역시 수성구 범물동,경상사고,0,0,2,0,차대차 - 추돌 - 주정차중,안전운전불이행,건조,맑음,단일로 - 기타,승용,여,61세,상해없음,승용,여,49세,경상
2013072500100400,2013년 7월 25일 16시,목요일,대구광역시 달서구 신당동,경상사고,0,0,1,0,차대차 - 기타,안전운전불이행,건조,맑음,단일로 - 기타,원동기,남,24세,경상,승합,남,49세,상해없음
2013072500100430,2013년 7월 25일 17시,목요일,대구광역시 동구 용계동,경상사고,0,0,1,0,차대차 - 기타,안전운전불이행,건조,맑음,교차로 - 교차로부근,승용,남,45세,상해없음,승용,남,31세,경상
2013072500100431,2013년 7월 25일 17시,목요일,대구광역시 수성구 두산동,경상사고,0,0,1,0,차대사람 - 횡단중,안전운전불이행,건조,맑음,단일로 - 기타,승용,남,72세,상해없음,보행자,여,18세,경상
2013072500100432,2013년 7월 25일 17시,목요일,대구광역시 북구 노원동3가,부상신고사고,0,0,0,1,차대차 - 측면직각충돌,신호위반,건조,맑음,교차로 - 교차로안,이륜,남,21세,부상신고,승용,남,46세,상해없음
2013072500100433,2013년 7월 25일 17시,목요일,대구광역시 서구 평리동,경상사고,0,0,2,5,차대차 - 추돌 - 주정차중,안전거리미확보,건조,맑음,단일로 - 기타,승용,남,56세,상해없음,승용,여,32세,경상
2013072500100434,2013년 7월 25일 17시,목요일,대구광역시 중구 덕산동,경상사고,0,0,1,0,차대차 - 측면직각충돌,안전운전불이행,건조,맑음,단일로 - 기타,승용,남,22세,상해없음,이륜,남,66세,경상
2013072500100435,2013년 7월 25일 17시,목요일,대구광역시 중구 봉산동,경상사고,0,0,1,0,차대차 - 기타,안전거리미확보,건조,맑음,단일로 - 기타,승용,여,29세,상해없음,승용,여,25세,경상
2013072500100471,2013년 7월 25일 18시,목요일,대구광역시 남구 봉덕동,경상사고,0,0,1,0,차량단독 - 공작물충돌,안전운전불이행,건조,맑음,단일로 - 기타,승용,남,18세,경상,,,,
2013072500100472,2013년 7월 25일 18시,목요일,대구광역시 동구 서호동,부상신고사고,0,0,0,1,차대차 - 기타,교차로운행방법위반,건조,맑음,교차로 - 교차로안,승용,남,90세 이상,상해없음,자전거,남,90세 이상,부상신고
2013072500100473,2013년 7월 25일 18시,목요일,대구광역시 달성군 화원읍,중상사고,0,1,0,0,차대사람 - 보도통행중,안전운전불이행,건조,맑음,기타 - 기타,화물,남,37세,상해없음,보행자,여,15세,중상
2013072500100474,2013년 7월 25일 18시,목요일,대구광역시 북구 복현동,경상사고,0,0,1,0,차대차 - 측면직각충돌,신호위반,건조,맑음,교차로 - 교차로부근,승용,남,77세,상해없음,원동기,남,16세,경상
2013072500100505,2013년 7월 25일 19시,목요일,대구광역시 동구 숙천동,경상사고,0,0,2,0,차대차 - 기타,안전운전불이행,건조,맑음,단일로 - 기타,기타불명,기타불명,기타불명,기타불명,승용,남,34세,경상
2013072500100508,2013년 7월 25일 19시,목요일,대구광역시 남구 봉덕동,경상사고,0,0,1,0,차대차 - 측면직각충돌,차로위반,건조,맑음,미분류 - 미분류,승용,남,45세,상해없음,승용,남,33세,경상
2013072500100509,2013년 7월 25일 19시,목요일,대구광역시 동구 신천동,중상사고,0,1,0,0,차대차 - 기타,교차로운행방법위반,건조,맑음,교차로 - 교차로안,승용,남,58세,상해없음,이륜,남,38세,중상
2013072500100510,2013년 7월 25일 19시,목요일,대구광역시 달성군 논공읍,중상사고,0,1,0,0,차대사람 - 기타,기타,건조,맑음,기타 - 기타,승용,남,44세,상해없음,보행자,남,24세,중상
2013072500100511,2013년 7월 25일 19시,목요일,대구광역시 달성군 옥포면,중상사고,0,1,0,0,차대사람 - 횡단중,안전운전불이행,건조,맑음,단일로 - 기타,화물,남,48세,상해없음,보행자,남,55세,중상
2013072500100551,2013년 7월 25일 20시,목요일,대구광역시 달성군 논공읍,경상사고,0,0,1,0,차대차 - 기타,안전운전불이행,건조,맑음,단일로 - 기타,승용,남,53세,상해없음,승용,남,35세,경상
2013072500100552,2013년 7월 25일 20시,목요일,대구광역시 북구 산격동,경상사고,0,0,1,0,차대차 - 추돌 - 주정차중,안전거리미확보,건조,맑음,단일로 - 교량,승용,남,37세,상해없음,승용,남,68세,경상
2013072500100578,2013년 7월 25일 21시,목요일,대구광역시 수성구 황금동,경상사고,0,0,1,0,차대사람 - 기타,안전운전불이행,건조,맑음,교차로 - 교차로부근,승용,남,36세,상해없음,보행자,여,66세,경상
2013072500100607,2013년 7월 25일 22시,목요일,대구광역시 동구 신기동,부상신고사고,0,0,0,1,차대차 - 기타,안전운전불이행,건조,맑음,단일로 - 기타,이륜,남,21세,부상신고,승용,남,49세,상해없음
2013072500100608,2013년 7월 25일 22시,목요일,대구광역시 수성구 만촌동,부상신고사고,0,0,0,1,차대차 - 기타,안전거리미확보,건조,맑음,단일로 - 기타,승용,여,57세,상해없음,승용,남,48세,부상신고
2013072500100609,2013년 7월 25일 22시,목요일,대구광역시 달서구 죽전동,경상사고,0,0,1,0,차대차 - 측면직각충돌,안전운전불이행,건조,맑음,단일로 - 기타,승용,남,52세,상해없음,승용,남,51세,상해없음
2013072500100636,2013년 7월 25일 23시,목요일,대구광역시 중구 봉산동,경상사고,0,0,2,0,차대차 - 추돌 - 주정차중,안전운전불이행,건조,맑음,교차로 - 교차로부근,승용,남,43세,상해없음,승용,남,63세,경상
2013072600100014,2013년 7월 26일 00시,금요일,대구광역시 남구 대명동,경상사고,0,0,1,0,차대차 - 추돌 - 주정차중,안전운전불이행,건조,맑음,단일로 - 기타,화물,남,50세,상해없음,승용,여,50세,기타불명
2013072600100015,2013년 7월 26일 00시,금요일,대구광역시 북구 태전동,중상사고,0,1,0,0,차대차 - 정면충돌,신호위반,건조,맑음,교차로 - 교차로안,원동기,남,32세,상해없음,원동기,남,23세,상해없음
2013072600100045,2013년 7월 26일 03시,금요일,대구광역시 북구 태전동,경상사고,0,0,1,0,차대차 - 기타,안전운전불이행,건조,맑음,교차로 - 교차로안,승용,남,22세,상해없음,이륜,남,27세,경상
2013072600100073,2013년 7월 26일 06시,금요일,대구광역시 북구 서변동,중상사고,0,1,0,0,차대차 - 추돌 - 주정차중,안전운전불이행,건조,맑음,단일로 - 기타,화물,남,53세,중상,화물,남,61세,상해없음
2013072600100074,2013년 7월 26일 06시,금요일,대구광역시 달서구 용산동,경상사고,0,0,3,0,차대차 - 추돌 - 진행중,안전운전불이행,건조,맑음,기타 - 기타,승용,남,41세,상해없음,화물,남,62세,경상
2013072600100093,2013년 7월 26일 07시,금요일,대구광역시 달성군 유가면,경상사고,0,0,2,0,차대차 - 측면직각충돌,안전운전불이행,건조,맑음,교차로 - 교차로안,승용,남,43세,경상,승용,남,35세,경상
2013072600100155,2013년 7월 26일 09시,금요일,대구광역시 수성구 황금동,경상사고,0,0,1,0,차대차 - 측면직각충돌,안전운전불이행,건조,맑음,단일로 - 기타,승용,여,39세,상해없음,자전거,남,46세,경상
2013072600100156,2013년 7월 26일 09시,금요일,대구광역시 달서구 죽전동,경상사고,0,0,1,0,차대차 - 측면직각충돌,안전운전불이행,건조,맑음,기타 - 기타,승용,남,25세,상해없음,이륜,여,47세,경상
2013072600100192,2013년 7월 26일 10시,금요일,대구광역시 서구 비산동,중상사고,0,1,0,0,차대차 - 기타,안전운전불이행,건조,맑음,단일로 - 기타,화물,남,52세,상해없음,이륜,남,52세,중상
2013072600100220,2013년 7월 26일 11시,금요일,대구광역시 수성구 두산동,경상사고,0,0,1,0,차대차 - 측면직각충돌,안전운전불이행,건조,맑음,교차로 - 교차로안,이륜,남,34세,경상,승용,남,42세,상해없음
2013072600100221,2013년 7월 26일 11시,금요일,대구광역시 북구 팔달동,중상사고,0,1,0,0,차대차 - 측면직각충돌,차로위반,건조,맑음,단일로 - 기타,승용,남,53세,상해없음,이륜,남,16세,중상
2013072600100279,2013년 7월 26일 13시,금요일,대구광역시 수성구 만촌동,중상사고,0,1,3,0,차대차 - 추돌 - 진행중,안전운전불이행,건조,맑음,단일로 - 기타,승용,여,40세,상해없음,승용,남,35세,경상
2013072600100280,2013년 7월 26일 13시,금요일,대구광역시 북구 산격동,중상사고,0,1,0,0,차대차 - 측면직각충돌,안전운전불이행,건조,맑음,단일로 - 기타,화물,남,24세,기타불명,승용,남,43세,중상
2013072600100311,2013년 7월 26일 14시,금요일,대구광역시 서구 평리동,경상사고,0,0,1,0,차대차 - 기타,안전운전불이행,건조,맑음,단일로 - 기타,이륜,기타불명,기타불명,기타불명,자전거,남,76세,경상
2013072600100350,2013년 7월 26일 15시,금요일,대구광역시 달성군 가창면,경상사고,0,0,1,0,차대차 - 추돌 - 주정차중,안전운전불이행,건조,맑음,교차로 - 교차로부근,건설기계,남,43세,상해없음,화물,남,43세,경상
2013072600100380,2013년 7월 26일 16시,금요일,대구광역시 남구 대명동,중상사고,0,1,0,0,차대차 - 기타,안전운전불이행,건조,맑음,교차로 - 교차로부근,승용,남,56세,상해없음,승용,남,44세,상해없음
2013072600100411,2013년 7월 26일 17시,금요일,대구광역시 동구 방촌동,중상사고,0,1,0,0,차대차 - 측면직각충돌,안전운전불이행,건조,맑음,교차로 - 교차로안,화물,기타불명,기타불명,기타불명,이륜,남,69세,중상
2013072600100412,2013년 7월 26일 17시,금요일,대구광역시 수성구 범어동,경상사고,0,0,1,0,차대차 - 기타,안전운전불이행,건조,맑음,단일로 - 기타,승용,남,39세,상해없음,자전거,여,26세,경상
2013072600100413,2013년 7월 26일 17시,금요일,대구광역시 달서구 월성동,경상사고,0,0,1,0,차대차 - 추돌 - 주정차중,안전운전불이행,건조,맑음,교차로 - 교차로부근,승용,남,55세,상해없음,승용,여,46세,경상
2013072600100414,2013년 7월 26일 17시,금요일,대구광역시 달성군 화원읍,경상사고,0,0,1,0,차대사람 - 기타,보행자보호의무위반,건조,맑음,단일로 - 횡단보도상,승용,여,42세,상해없음,보행자,남,13세,경상
2013072600100415,2013년 7월 26일 17시,금요일,대구광역시 중구 대봉동,경상사고,0,0,1,0,차량단독 - 기타,안전운전불이행,건조,맑음,교차로 - 교차로부근,승합,남,56세,상해없음,,,,
2013072600100450,2013년 7월 26일 18시,금요일,대구광역시 서구 평리동,중상사고,0,1,0,0,차대사람 - 기타,안전운전불이행,건조,맑음,단일로 - 기타,승용,여,48세,상해없음,보행자,남,8세,중상
2013072600100451,2013년 7월 26일 18시,금요일,대구광역시 중구 동성로2가,중상사고,0,1,0,0,차대차 - 측면직각충돌,안전거리미확보,건조,맑음,단일로 - 기타,승용,남,60세,상해없음,승용,남,31세,중상
2013072600100475,2013년 7월 26일 19시,금요일,대구광역시 달서구 월성동,중상사고,0,1,1,0,차대차 - 측면직각충돌,교차로운행방법위반,건조,맑음,교차로 - 교차로안,승용,여,40세,상해없음,승용,여,44세,중상
2013072600100510,2013년 7월 26일 20시,금요일,대구광역시 수성구 범어동,경상사고,0,0,3,0,차대차 - 추돌 - 주정차중,안전운전불이행,건조,맑음,단일로 - 기타,승합,남,48세,상해없음,승용,여,43세,경상
2013072600100511,2013년 7월 26일 20시,금요일,대구광역시 수성구 두산동,중상사고,0,1,0,0,차대차 - 측면직각충돌,중앙선침범,건조,맑음,단일로 - 기타,자전거,남,17세,상해없음,이륜,남,45세,중상
2013072600100512,2013년 7월 26일 20시,금요일,대구광역시 달서구 송현동,경상사고,0,0,1,0,차대차 - 기타,안전운전불이행,건조,맑음,단일로 - 기타,승용,남,23세,상해없음,승용,남,55세,경상
2013072600100513,2013년 7월 26일 20시,금요일,대구광역시 달성군 다사읍,경상사고,0,0,1,0,차대차 - 추돌 - 진행중,안전운전불이행,건조,맑음,교차로 - 교차로부근,이륜,남,17세,경상,승용,남,25세,상해없음
2013072600100514,2013년 7월 26일 20시,금요일,대구광역시 북구 산격동,경상사고,0,0,1,0,차대차 - 추돌 - 진행중,안전운전불이행,건조,맑음,교차로 - 교차로부근,승용,남,39세,상해없음,승용,남,41세,경상
2013072600100515,2013년 7월 26일 20시,금요일,대구광역시 서구 평리동,경상사고,0,0,5,0,차대차 - 기타,신호위반,건조,맑음,교차로 - 교차로안,승용,남,49세,상해없음,승용,남,34세,경상
2013072600100552,2013년 7월 26일 21시,금요일,대구광역시 남구 이천동,경상사고,0,0,1,0,차대차 - 추돌 - 주정차중,안전운전불이행,건조,맑음,단일로 - 기타,승용,남,55세,상해없음,승용,남,39세,경상
2013072600100593,2013년 7월 26일 22시,금요일,대구광역시 남구 대명동,경상사고,0,0,2,0,차대차 - 기타,안전운전불이행,건조,맑음,단일로 - 기타,승용,남,41세,상해없음,승용,여,31세,경상
2013072600100594,2013년 7월 26일 22시,금요일,대구광역시 수성구 범어동,중상사고,0,1,0,0,차대사람 - 보도통행중,중앙선침범,건조,맑음,단일로 - 기타,승용,여,45세,상해없음,보행자,여,40세,중상
2013072600100595,2013년 7월 26일 22시,금요일,대구광역시 북구 산격동,경상사고,0,0,1,0,차대차 - 기타,안전운전불이행,건조,맑음,단일로 - 기타,승합,남,30세,상해없음,승용,여,61세,경상
2013072600100596,2013년 7월 26일 22시,금요일,대구광역시 서구 중리동,경상사고,0,0,1,0,차대차 - 측면직각충돌,안전운전불이행,건조,맑음,단일로 - 기타,화물,남,29세,상해없음,이륜,남,53세,경상
2013072600100623,2013년 7월 26일 23시,금요일,대구광역시 달서구 상인동,경상사고,0,0,1,0,차대차 - 측면직각충돌,안전거리미확보,건조,맑음,교차로 - 교차로부근,승용,남,64세,상해없음,승용,남,46세,경상
2013072600100624,2013년 7월 26일 23시,금요일,대구광역시 서구 상리동,경상사고,0,0,1,0,차량단독 - 공작물충돌,안전운전불이행,건조,맑음,단일로 - 기타,승용,남,19세,상해없음,,,,
2013072700100021,2013년 7월 27일 00시,토요일,대구광역시 동구 효목동,경상사고,0,0,1,0,차대사람 - 기타,안전운전불이행,건조,맑음,기타 - 기타,자전거,남,24세,상해없음,보행자,여,17세,경상
2013072700100022,2013년 7월 27일 00시,토요일,대구광역시 북구 칠성동2가,부상신고사고,0,0,0,1,차대차 - 추돌 - 주정차중,안전거리미확보,건조,맑음,단일로 - 기타,원동기,남,61세,부상신고,승용,남,65세,상해없음
2013072700100044,2013년 7월 27일 01시,토요일,대구광역시 동구 신암동,경상사고,0,0,2,0,차대차 - 측면직각충돌,신호위반,건조,맑음,교차로 - 교차로안,승용,여,56세,경상,승용,남,66세,경상
2013072700100086,2013년 7월 27일 04시,토요일,대구광역시 수성구 수성동1가,경상사고,0,0,2,0,차대차 - 추돌 - 주정차중,안전운전불이행,건조,맑음,교차로 - 교차로안,승용,남,44세,상해없음,승용,남,52세,경상
2013072700100113,2013년 7월 27일 06시,토요일,대구광역시 수성구 수성동2가,중상사고,0,1,0,0,차대차 - 기타,안전운전불이행,건조,맑음,교차로 - 교차로안,화물,남,52세,상해없음,이륜,남,60세,중상
2013072700100114,2013년 7월 27일 06시,토요일,대구광역시 북구 태전동,중상사고,0,1,0,0,차대차 - 추돌 - 주정차중,안전운전불이행,건조,맑음,교차로 - 교차로부근,승용,남,49세,상해없음,화물,남,31세,기타불명
2013072700100153,2013년 7월 27일 08시,토요일,대구광역시 서구 이현동,경상사고,0,0,4,0,차대차 - 추돌 - 주정차중,안전운전불이행,건조,맑음,단일로 - 기타,승용,남,59세,상해없음,화물,남,36세,경상
2013072700100201,2013년 7월 27일 10시,토요일,대구광역시 수성구 범물동,경상사고,0,0,1,0,차대차 - 측면직각충돌,교차로운행방법위반,건조,맑음,교차로 - 교차로안,승용,남,56세,상해없음,이륜,남,52세,경상
2013072700100202,2013년 7월 27일 10시,토요일,대구광역시 달서구 이곡동,경상사고,0,0,1,0,차대차 - 정면충돌,중앙선침범,건조,맑음,교차로 - 교차로부근,승용,남,63세,상해없음,승용,남,37세,상해없음
2013072700100232,2013년 7월 27일 11시,토요일,대구광역시 북구 칠성동1가,경상사고,0,0,1,0,차대차 - 기타,안전운전불이행,건조,맑음,단일로 - 기타,화물,남,53세,상해없음,화물,남,41세,상해없음
2013072700100233,2013년 7월 27일 11시,토요일,대구광역시 달서구 신당동,경상사고,0,0,1,0,차대차 - 측면직각충돌,교차로운행방법위반,건조,맑음,교차로 - 교차로부근,건설기계,남,40세,상해없음,승용,여,30세,경상
2013072700100274,2013년 7월 27일 12시,토요일,대구광역시 남구 봉덕동,경상사고,0,0,4,0,차대차 - 추돌 - 주정차중,안전거리미확보,건조,맑음,단일로 - 기타,승용,남,72세,상해없음,화물,남,66세,경상