사고번호,사고일시,요일,시군구,사고내용,사망자수,중상자수,경상자수,부상신고자수,사고유형,법규위반,노면상태,기상상태,도로형태,가해운전자 차종,가해운전자 성별,가해운전자 연령,가해운전자 상해정도,피해운전자 차종,피해운전자 성별,피해운전자 연령,피해운전자 상해정도
2013072700100298,2013년 7월 27일 13시,토요일,대구광역시 동구 용계동,경상사고,0,0,3,0,차대차 - 기타,안전거리미확보,건조,맑음,단일로 - 기타,승용,남,27세,상해없음,승용,남,32세,경상
2013072700100299,2013년 7월 27일 13시,토요일,대구광역시 수성구 황금동,경상사고,0,0,1,0,차대차 - 측면직각충돌,교차로운행방법위반,건조,맑음,교차로 - 교차로안,승용,여,35세,상해없음,이륜,남,49세,경상
2013072700100300,2013년 7월 27일 13시,토요일,대구광역시 달서구 감삼동,중상사고,0,1,1,0,차대사람 - 보도통행중,기타,건조,맑음,단일로 - 기타,승용,남,29세,상해없음,보행자,여,34세,중상
2013072700100342,2013년 7월 27일 14시,토요일,대구광역시 달서구 대천동,경상사고,0,0,2,0,차대차 - 추돌 - 진행중,안전거리미확보,습기,비,단일로 - 기타,화물,남,55세,경상,승용,여,27세,경상
2013072700100350,2013년 7월 27일 14시,토요일,대구광역시 수성구 파동,경상사고,0,0,2,0,차대차 - 기타,안전거리미확보,건조,맑음,교차로 - 교차로부근,승용,남,61세,상해없음,승용,남,60세,상해없음
2013072700100406,2013년 7월 27일 16시,토요일,대구광역시 동구 각산동,경상사고,0,0,1,0,차대차 - 기타,안전운전불이행,건조,맑음,기타 - 기타,화물,남,31세,상해없음,자전거,남,9세,경상
2013072700100407,2013년 7월 27일 16시,토요일,대구광역시 달성군 화원읍,경상사고,0,0,1,0,차대차 - 정면충돌,중앙선침범,건조,맑음,교차로 - 교차로안,자전거,남,14세,경상,승용,여,44세,상해없음
2013072700100408,2013년 7월 27일 16시,토요일,대구광역시 중구 삼덕동1가,경상사고,0,0,1,0,차대사람 - 기타,안전운전불이행,건조,맑음,단일로 - 기타,이륜,여,22세,상해없음,보행자,남,18세,경상
2013072700100443,2013년 7월 27일 17시,토요일,대구광역시 달서구 진천동,경상사고,0,0,1,0,차대사람 - 기타,보행자보호의무위반,건조,맑음,단일로 - 기타,승용,남,26세,상해없음,보행자,여,14세,경상
2013072700100444,2013년 7월 27일 17시,토요일,대구광역시 북구 구암동,중상사고,0,1,0,0,차량단독 - 기타,기타,건조,맑음,단일로 - 기타,승합,남,48세,상해없음,,,,
2013072700100480,2013년 7월 27일 18시,토요일,대구광역시 남구 대명동,경상사고,0,0,1,0,차대차 - 기타,교차로운행방법위반,건조,맑음,교차로 - 교차로안,승용,남,43세,상해없음,승합,남,52세,상해없음
2013072700100481,2013년 7월 27일 18시,토요일,대구광역시 수성구 시지동,중상사고,0,1,0,0,차대차 - 측면직각충돌,안전운전불이행,건조,맑음,단일로 - 기타,화물,남,55세,상해없음,자전거,남,25세,중상
2013072700100482,2013년 7월 27일 18시,토요일,대구광역시 달성군 화원읍,중상사고,0,1,0,0,차대차 - 기타,안전운전불이행,건조,맑음,기타 - 기타,승용,남,24세,상해없음,자전거,남,8세,중상
2013072700100514,2013년 7월 27일 19시,토요일,대구광역시 수성구 지산동,경상사고,0,0,1,0,차대차 - 측면직각충돌,안전운전불이행,건조,맑음,단일로 - 기타,승용,여,49세,상해없음,자전거,남,47세,경상
2013072700100515,2013년 7월 27일 19시,토요일,대구광역시 중구 동인동1가,경상사고,0,0,1,0,차대차 - 측면직각충돌,안전거리미확보,건조,맑음,교차로 - 교차로부근,승용,남,65세,상해없음,승용,남,58세,상해없음
2013072700100516,2013년 7월 27일 19시,토요일,대구광역시 북구 읍내동,경상사고,0,0,1,0,차대차 - 정면충돌,교차로운행방법위반,건조,맑음,교차로 - 교차로안,승용,여,56세,기타불명,원동기,남,40세,경상
2013072700100550,2013년 7월 27일 20시,토요일,대구광역시 달성군 화원읍,사망사고,1,0,0,0,차량단독 - 전도전복,안전운전불이행,건조,맑음,단일로 - 기타,화물,남,23세,사망,,,,
2013072700100582,2013년 7월 27일 21시,토요일,대구광역시 북구 구암동,중상사고,0,1,0,0,차대차 - 측면직각충돌,기타,건조,맑음,단일로 - 기타,승용,남,52세,상해없음,자전거,여,52세,중상
2013072700100622,2013년 7월 27일 22시,토요일,대구광역시 수성구 범어동,경상사고,0,0,1,0,차대차 - 측면직각충돌,신호위반,건조,맑음,기타 - 기타,승용,여,41세,상해없음,자전거,남,17세,경상
2013072700100623,2013년 7월 27일 22시,토요일,대구광역시 달서구 이곡동,경상사고,0,0,1,0,차대차 - 측면직각충돌,안전운전불이행,건조,맑음,교차로 - 교차로안,승용,남,45세,상해없음,자전거,여,39세,경상
2013072700100646,2013년 7월 27일 23시,토요일,대구광역시 달서구 진천동,경상사고,0,0,1,0,차대사람 - 길가장자리구역통행중,안전운전불이행,건조,맑음,단일로 - 기타,승용,남,44세,상해없음,보행자,남,22세,경상
2013072700100647,2013년 7월 27일 23시,토요일,대구광역시 달서구 송현동,부상신고사고,0,0,0,1,차대차 - 정면충돌,안전운전불이행,건조,맑음,교차로 - 교차로부근,이륜,남,24세,부상신고,승용,남,38세,상해없음
2013072800100016,2013년 7월 28일 00시,일요일,대구광역시 동구 동호동,중상사고,0,1,1,0,차대차 - 정면충돌,직진우회전진행방해,건조,맑음,교차로 - 교차로안,승용,남,59세,상해없음,승용,남,50세,경상
2013072800100017,2013년 7월 28일 00시,일요일,대구광역시 수성구 파동,중상사고,0,1,1,0,차량단독 - 공작물충돌,안전운전불이행,습기,맑음,단일로 - 터널,승용,남,25세,상해없음,,,,
2013072800100018,2013년 7월 28일 00시,일요일,대구광역시 수성구 욱수동,경상사고,0,0,3,0,차대차 - 추돌 - 주정차중,안전운전불이행,건조,맑음,단일로 - 기타,승용,남,45세,상해없음,승용,남,44세,경상
2013072800100019,2013년 7월 28일 00시,일요일,대구광역시 달성군 옥포면,경상사고,0,0,1,0,차량단독 - 공작물충돌,안전운전불이행,건조,맑음,단일로 - 기타,화물,남,27세,상해없음,,,,
2013072800100020,2013년 7월 28일 00시,일요일,대구광역시 중구 남산동,경상사고,0,0,2,0,차대차 - 추돌 - 진행중,안전거리미확보,건조,맑음,단일로 - 기타,승용,남,53세,상해없음,이륜,남,20세,경상
2013072800100039,2013년 7월 28일 01시,일요일,대구광역시 동구 지저동,경상사고,0,0,2,0,차대차 - 측면직각충돌,안전운전불이행,건조,맑음,단일로 - 기타,승용,남,29세,상해없음,승용,남,49세,경상
2013072800100086,2013년 7월 28일 04시,일요일,대구광역시 동구 방촌동,중상사고,0,1,3,0,차대차 - 기타,교차로운행방법위반,건조,맑음,교차로 - 교차로안,승용,여,47세,경상,승용,남,48세,경상
2013072800100097,2013년 7월 28일 05시,일요일,대구광역시 동구 금강동,중상사고,0,1,0,0,차대사람 - 기타,안전운전불이행,건조,맑음,단일로 - 기타,승용,여,43세,상해없음,보행자,남,28세,중상
2013072800100110,2013년 7월 28일 06시,일요일,대구광역시 달서구 상인동,경상사고,0,0,2,0,차대차 - 기타,중앙선침범,건조,맑음,단일로 - 기타,승용,남,24세,경상,승용,남,65세,경상
2013072800100140,2013년 7월 28일 08시,일요일,대구광역시 중구 태평로2가,중상사고,0,1,0,0,차대차 - 추돌 - 주정차중,안전운전불이행,습기,비,단일로 - 기타,승용,남,47세,상해없음,승용,여,31세,중상
2013072800100158,2013년 7월 28일 09시,일요일,대구광역시 북구 산격동,경상사고,0,0,2,0,차대차 - 추돌 - 주정차중,안전운전불이행,건조,맑음,단일로 - 교량,화물,남,52세,상해없음,승용,여,43세,경상
2013072800100188,2013년 7월 28일 10시,일요일,대구광역시 동구 효목동,경상사고,0,0,1,0,차대차 - 측면직각충돌,안전운전불이행,습기,비,단일로 - 기타,승용,남,31세,상해없음,승용,남,31세,경상
2013072800100189,2013년 7월 28일 10시,일요일,대구광역시 중구 삼덕동3가,중상사고,0,2,3,0,차대차 - 측면직각충돌,안전운전불이행,습기,흐림,단일로 - 기타,승용,남,62세,상해없음,승합,남,42세,경상
2013072800100204,2013년 7월 28일 11시,일요일,대구광역시 중구 동성로1가,부상신고사고,0,0,0,1,차대차 - 기타,안전운전불이행,건조,기타,기타 - 기타,이륜,남,38세,부상신고,승용,여,49세,상해없음
2013072800100224,2013년 7월 28일 12시,일요일,대구광역시 수성구 만촌동,경상사고,0,0,1,0,차대사람 - 기타,기타,건조,맑음,단일로 - 기타,승용,남,47세,상해없음,보행자,남,69세,경상
2013072800100225,2013년 7월 28일 12시,일요일,대구광역시 달성군 다사읍,경상사고,0,0,2,0,차대차 - 정면충돌,중앙선침범,건조,맑음,교차로 - 교차로부근,자전거,남,15세,경상,원동기,남,41세,경상
2013072800100226,2013년 7월 28일 12시,일요일,대구광역시 북구 산격동,경상사고,0,0,1,0,차대사람 - 횡단중,안전운전불이행,건조,맑음,단일로 - 기타,원동기,남,17세,상해없음,보행자,여,60세,경상
2013072800100257,2013년 7월 28일 13시,일요일,대구광역시 동구 불로동,경상사고,0,0,1,0,차대차 - 기타,안전운전불이행,건조,맑음,단일로 - 기타,화물,남,55세,상해없음,자전거,남,79세,경상
2013072800100278,2013년 7월 28일 14시,일요일,대구광역시 동구 신암동,경상사고,0,0,2,0,차대차 - 기타,안전거리미확보,건조,맑음,단일로 - 기타,승용,남,31세,상해없음,승용,남,29세,경상
2013072800100279,2013년 7월 28일 14시,일요일,대구광역시 달성군 현풍면,중상사고,0,1,3,0,차대차 - 기타,안전운전불이행,건조,맑음,교차로 - 교차로안,화물,남,51세,경상,승용,여,57세,중상
2013072800100351,2013년 7월 28일 17시,일요일,대구광역시 동구 율하동,부상신고사고,0,0,0,1,차대차 - 측면직각충돌,신호위반,건조,맑음,교차로 - 교차로안,기타불명,기타불명,기타불명,기타불명,자전거,남,59세,부상신고
2013072800100396,2013년 7월 28일 19시,일요일,대구광역시 수성구 두산동,경상사고,0,0,1,0,차대사람 - 횡단중,신호위반,건조,맑음,단일로 - 기타,승용,남,37세,상해없음,보행자,여,18세,경상
2013072800100417,2013년 7월 28일 20시,일요일,대구광역시 북구 침산동,경상사고,0,0,1,0,차대차 - 기타,안전운전불이행,건조,맑음,교차로 - 교차로부근,승용,여,66세,상해없음,자전거,남,21세,경상
2013072800100418,2013년 7월 28일 20시,일요일,대구광역시 북구 읍내동,부상신고사고,0,0,0,1,차대차 - 측면직각충돌,불법유턴,건조,맑음,교차로 - 교차로안,자전거,남,46세,부상신고,승용,여,23세,상해없음
2013072800100447,2013년 7월 28일 21시,일요일,대구광역시 수성구 수성동2가,경상사고,0,0,4,0,차대차 - 측면직각충돌,차로위반,건조,맑음,단일로 - 기타,승용,여,51세,상해없음,승용,여,66세,경상
2013072800100448,2013년 7월 28일 21시,일요일,대구광역시 수성구 범물동,경상사고,0,0,1,0,차대사람 - 기타,안전운전불이행,건조,맑음,단일로 - 기타,승용,남,28세,상해없음,보행자,남,26세,경상
2013072800100449,2013년 7월 28일 21시,일요일,대구광역시 중구 삼덕동2가,경상사고,0,0,1,0,차대차 - 추돌 - 주정차중,안전운전불이행,건조,맑음,교차로 - 교차로부근,화물,남,55세,상해없음,승용,여,61세,경상
2013072800100450,2013년 7월 28일 21시,일요일,대구광역시 달서구 신당동,사망사고,1,0,0,0,차대사람 - 횡단중,안전운전불이행,건조,맑음,단일로 - 기타,이륜,남,16세,상해없음,보행자,여,78세,사망
2013072800100462,2013년 7월 28일 22시,일요일,대구광역시 남구 대명동,경상사고,0,0,3,0,차대차 - 측면직각충돌,안전거리미확보,건조,맑음,교차로 - 교차로부근,승용,여,45세,경상,승용,남,20세,경상
2013072800100463,2013년 7월 28일 22시,일요일,대구광역시 동구 효목동,중상사고,0,1,0,0,차대차 - 기타,안전운전불이행,건조,맑음,단일로 - 기타,승용,여,25세,상해없음,자전거,남,58세,중상
2013072800100478,2013년 7월 28일 23시,일요일,대구광역시 수성구 지산동,경상사고,0,0,4,0,차대차 - 추돌 - 진행중,안전거리미확보,건조,맑음,단일로 - 기타,승용,여,46세,상해없음,승용,남,59세,경상
2013072800100479,2013년 7월 28일 23시,일요일,대구광역시 달서구 감삼동,중상사고,0,1,0,0,차대차 - 측면직각충돌,안전운전불이행,건조,맑음,단일로 - 기타,승용,남,20세,상해없음,원동기,남,43세,중상
2013072900100020,2013년 7월 29일 01시,월요일,대구광역시 북구 칠성동1가,경상사고,0,0,1,0,차대차 - 기타,안전거리미확보,건조,맑음,단일로 - 기타,승용,여,47세,상해없음,승용,남,47세,경상
2013072900100021,2013년 7월 29일 01시,월요일,대구광역시 서구 평리동,경상사고,0,0,1,0,차대차 - 기타,교차로운행방법위반,건조,맑음,교차로 - 교차로안,승용,남,31세,상해없음,자전거,남,17세,경상
2013072900100030,2013년 7월 29일 03시,월요일,대구광역시 동구 신암동,경상사고,0,0,1,0,차대차 - 추돌 - 진행중,안전운전불이행,건조,맑음,단일로 - 기타,승용,여,23세,상해없음,승용,남,58세,경상
2013072900100072,2013년 7월 29일 07시,월요일,대구광역시 수성구 만촌동,경상사고,0,0,1,0,차대차 - 기타,신호위반,건조,맑음,교차로 - 교차로안,승용,남,28세,상해없음,자전거,남,72세,경상
2013072900100073,2013년 7월 29일 07시,월요일,대구광역시 달서구 상인동,경상사고,0,0,2,0,차대차 - 측면직각충돌,중앙선침범,건조,맑음,단일로 - 기타,승용,남,32세,상해없음,승용,남,25세,경상
2013072900100097,2013년 7월 29일 08시,월요일,대구광역시 동구 동호동,경상사고,0,0,1,0,차대사람 - 기타,안전운전불이행,건조,맑음,단일로 - 기타,승용,남,39세,상해없음,보행자,남,55세,경상
2013072900100098,2013년 7월 29일 08시,월요일,대구광역시 북구 대현동,경상사고,0,0,1,0,차대사람 - 횡단중,안전운전불이행,건조,맑음,교차로 - 교차로부근,승용,여,32세,상해없음,보행자,여,61세,경상
2013072900100099,2013년 7월 29일 08시,월요일,대구광역시 서구 비산동,중상사고,0,1,0,0,차대차 - 측면직각충돌,직진우회전진행방해,건조,맑음,교차로 - 교차로안,승용,여,32세,상해없음,이륜,남,45세,중상
2013072900100182,2013년 7월 29일 12시,월요일,대구광역시 수성구 만촌동,경상사고,0,0,1,0,차대차 - 기타,안전거리미확보,건조,맑음,단일로 - 기타,승용,여,47세,상해없음,이륜,남,26세,경상
2013072900100183,2013년 7월 29일 12시,월요일,대구광역시 달서구 진천동,경상사고,0,0,1,0,차대차 - 기타,신호위반,건조,맑음,교차로 - 교차로안,승용,여,33세,상해없음,이륜,남,29세,경상
2013072900100184,2013년 7월 29일 12시,월요일,대구광역시 서구 비산동,경상사고,0,0,1,0,차대차 - 추돌 - 주정차중,안전운전불이행,건조,맑음,단일로 - 기타,승용,남,46세,상해없음,승용,남,53세,경상
2013072900100185,2013년 7월 29일 12시,월요일,대구광역시 중구 공평동,경상사고,0,0,1,0,차대차 - 추돌 - 주정차중,안전운전불이행,건조,맑음,단일로 - 기타,승용,남,22세,상해없음,승용,남,33세,경상
2013072900100207,2013년 7월 29일 13시,월요일,대구광역시 동구 효목동,경상사고,0,0,2,0,차대차 - 측면직각충돌,안전운전불이행,건조,맑음,기타 - 기타,승용,여,57세,상해없음,승용,남,37세,경상
2013072900100244,2013년 7월 29일 14시,월요일,대구광역시 남구 대명동,경상사고,0,0,1,0,차대사람 - 기타,안전운전불이행,건조,맑음,단일로 - 기타,승용,남,44세,상해없음,보행자,남,47세,경상
2013072900100245,2013년 7월 29일 14시,월요일,대구광역시 달성군 논공읍,경상사고,0,0,1,0,차대차 - 측면직각충돌,안전운전불이행,건조,맑음,단일로 - 기타,승용,남,30세,상해없음,승용,여,33세,경상
2013072900100287,2013년 7월 29일 15시,월요일,대구광역시 북구 칠성동2가,경상사고,0,0,4,0,차대차 - 추돌 - 주정차중,안전운전불이행,건조,맑음,단일로 - 기타,승용,여,41세,경상,승용,여,41세,경상
2013072900100288,2013년 7월 29일 15시,월요일,대구광역시 중구 삼덕동1가,중상사고,0,1,0,0,차대차 - 측면직각충돌,안전운전불이행,건조,맑음,교차로 - 교차로부근,승용,남,26세,상해없음,자전거,남,29세,중상
2013072900100289,2013년 7월 29일 15시,월요일,대구광역시 달서구 두류동,경상사고,0,0,1,0,차대사람 - 차도통행중,안전운전불이행,건조,맑음,단일로 - 기타,승용,남,26세,상해없음,보행자,남,16세,경상
2013072900100322,2013년 7월 29일 16시,월요일,대구광역시 중구 동성로3가,경상사고,0,0,1,0,차대사람 - 횡단중,안전운전불이행,건조,맑음,단일로 - 횡단보도상,이륜,남,46세,상해없음,보행자,여,44세,경상
2013072900100323,2013년 7월 29일 16시,월요일,대구광역시 달서구 호림동,경상사고,0,0,2,0,차대차 - 추돌 - 주정차중,안전거리미확보,건조,맑음,단일로 - 기타,화물,남,61세,상해없음,승용,남,54세,경상
2013072900100349,2013년 7월 29일 17시,월요일,대구광역시 동구 신천동,중상사고,0,4,0,0,차대차 - 기타,안전운전불이행,건조,맑음,교차로 - 교차로안,승용,남,18세,상해없음,승용,여,49세,기타불명
2013072900100350,2013년 7월 29일 17시,월요일,대구광역시 수성구 신매동,중상사고,0,1,0,0,차대사람 - 횡단중,안전운전불이행,건조,맑음,교차로 - 교차로안,승용,여,27세,상해없음,보행자,여,16세,중상
2013072900100351,2013년 7월 29일 17시,월요일,대구광역시 달서구 상인동,부상신고사고,0,0,0,1,차대차 - 측면직각충돌,불법유턴,건조,맑음,교차로 - 교차로안,자전거,여,69세,부상신고,승용,여,36세,상해없음
2013072900100352,2013년 7월 29일 17시,월요일,대구광역시 서구 평리동,중상사고,0,1,0,0,차대사람 - 기타,안전운전불이행,건조,맑음,단일로 - 기타,화물,남,45세,상해없음,보행자,남,47세,중상
2013072900100353,2013년 7월 29일 17시,월요일,대구광역시 달서구 두류동,경상사고,0,0,1,0,차대차 - 측면직각충돌,안전운전불이행,건조,맑음,교차로 - 교차로안,승합,남,38세,상해없음,자전거,남,57세,경상
2013072900100386,2013년 7월 29일 18시,월요일,대구광역시 남구 대명동,중상사고,0,1,0,0,차대차 - 기타,안전거리미확보,건조,맑음,교차로 - 교차로부근,승용,남,63세,상해없음,화물,남,27세,상해없음
2013072900100387,2013년 7월 29일 18시,월요일,대구광역시 달서구 호산동,경상사고,0,0,1,0,차대차 - 측면직각충돌,안전거리미확보,건조,맑음,단일로 - 기타,승용,남,55세,상해없음,이륜,남,42세,경상
2013072900100388,2013년 7월 29일 18시,월요일,대구광역시 달서구 본리동,경상사고,0,0,1,0,차대차 - 측면직각충돌,안전운전불이행,건조,맑음,단일로 - 기타,승용,여,29세,상해없음,자전거,남,75세,경상
2013072900100423,2013년 7월 29일 19시,월요일,대구광역시 달서구 월성동,중상사고,0,1,0,0,차대차 - 측면직각충돌,직진우회전진행방해,건조,맑음,교차로 - 교차로안,승용,남,52세,상해없음,승용,남,33세,중상
2013072900100424,2013년 7월 29일 19시,월요일,대구광역시 달성군 다사읍,경상사고,0,0,1,0,차대사람 - 기타,안전운전불이행,건조,맑음,교차로 - 교차로안,기타불명,기타불명,기타불명,기타불명,보행자,남,22세,경상
2013072900100456,2013년 7월 29일 20시,월요일,대구광역시 달서구 두류동,경상사고,0,0,1,0,차대사람 - 횡단중,안전운전불이행,건조,맑음,기타 - 기타,승용,남,55세,상해없음,보행자,남,43세,경상
2013072900100476,2013년 7월 29일 21시,월요일,대구광역시 수성구 범물동,중상사고,0,1,0,0,차대차 - 측면직각충돌,안전거리미확보,건조,맑음,단일로 - 기타,승용,남,22세,상해없음,이륜,여,51세,중상
2013072900100477,2013년 7월 29일 21시,월요일,대구광역시 달서구 신당동,중상사고,0,1,0,0,차대사람 - 횡단중,신호위반,건조,맑음,단일로 - 횡단보도상,승용,여,35세,상해없음,보행자,남,33세,중상
2013072900100503,2013년 7월 29일 22시,월요일,대구광역시 남구 대명동,경상사고,0,0,1,0,차대사람 - 보도통행중,기타,건조,맑음,기타 - 기타,승용,남,37세,상해없음,보행자,남,24세,경상
2013072900100528,2013년 7월 29일 23시,월요일,대구광역시 달서구 진천동,중상사고,0,1,0,0,차대차 - 측면직각충돌,교차로운행방법위반,건조,맑음,교차로 - 교차로안,승합,남,33세,상해없음,이륜,남,17세,중상
2013073000100011,2013년 7월 30일 00시,화요일,대구광역시 동구 도동,중상사고,0,1,3,0,차대차 - 추돌 - 진행중,안전거리미확보,건조,맑음,단일로 - 기타,승용,남,23세,상해없음,승용,여,41세,중상
2013073000100012,2013년 7월 30일 00시,화요일,대구광역시 남구 대명동,중상사고,0,2,1,0,차대차 - 기타,신호위반,건조,맑음,교차로 - 교차로안,승용,남,42세,상해없음,승용,남,58세,상해없음
2013073000100013,2013년 7월 30일 00시,화요일,대구광역시 북구 동천동,중상사고,0,1,0,0,차대차 - 추돌 - 주정차중,안전운전불이행,건조,맑음,단일로 - 기타,자전거,남,47세,중상,화물,남,44세,기타불명
2013073000100080,2013년 7월 30일 07시,화요일,대구광역시 달서구 대천동,중상사고,0,1,1,0,차대차 - 추돌 - 진행중,안전운전불이행,건조,맑음,교차로 - 교차로안,승용,남,23세,상해없음,승용,남,41세,중상
2013073000100100,2013년 7월 30일 08시,화요일,대구광역시 달성군 논공읍,경상사고,0,0,3,0,차대차 - 기타,안전운전불이행,건조,맑음,교차로 - 교차로안,승합,남,45세,상해없음,승용,여,42세,경상
2013073000100101,2013년 7월 30일 08시,화요일,대구광역시 달서구 이곡동,경상사고,0,0,1,0,차대차 - 기타,안전운전불이행,건조,맑음,단일로 - 기타,승용,여,48세,상해없음,승용,여,45세,경상
2013073000100129,2013년 7월 30일 09시,화요일,대구광역시 동구 효목동,중상사고,0,1,0,0,차대차 - 기타,안전운전불이행,건조,맑음,단일로 - 기타,승용,남,61세,상해없음,이륜,남,36세,중상
2013073000100130,2013년 7월 30일 09시,화요일,대구광역시 북구 침산동,중상사고,0,1,0,0,차대차 - 측면직각충돌,안전운전불이행,건조,맑음,교차로 - 교차로부근,승용,여,49세,상해없음,자전거,남,58세,중상
2013073000100131,2013년 7월 30일 09시,화요일,대구광역시 달서구 두류동,경상사고,0,0,2,0,차대차 - 측면직각충돌,안전거리미확보,건조,맑음,단일로 - 기타,이륜,남,72세,경상,승용,남,62세,상해없음
2013073000100132,2013년 7월 30일 09시,화요일,대구광역시 북구 관음동,중상사고,0,1,0,0,차대사람 - 차도통행중,안전운전불이행,건조,맑음,단일로 - 기타,자전거,여,47세,상해없음,보행자,여,77세,중상
2013073000100163,2013년 7월 30일 10시,화요일,대구광역시 수성구 범어동,중상사고,0,1,0,0,차대차 - 측면직각충돌,안전거리미확보,건조,맑음,단일로 - 기타,건설기계,남,51세,상해없음,승용,남,64세,중상
2013073000100164,2013년 7월 30일 10시,화요일,대구광역시 중구 동인동1가,중상사고,0,1,0,0,차대사람 - 기타,안전운전불이행,건조,맑음,단일로 - 횡단보도부근,승용,여,54세,상해없음,보행자,남,43세,중상
2013073000100197,2013년 7월 30일 11시,화요일,대구광역시 남구 봉덕동,중상사고,0,1,1,0,차대차 - 측면직각충돌,안전거리미확보,건조,맑음,단일로 - 기타,이륜,남,79세,상해없음,승합,남,34세,상해없음
2013073000100198,2013년 7월 30일 11시,화요일,대구광역시 중구 동문동,중상사고,0,1,0,0,차대사람 - 횡단중,보행자보호의무위반,건조,맑음,단일로 - 횡단보도상,화물,남,52세,상해없음,보행자,여,55세,중상
2013073000100229,2013년 7월 30일 12시,화요일,대구광역시 달성군 하빈면,부상신고사고,0,0,0,1,차대차 - 추돌 - 진행중,안전운전불이행,건조,맑음,교차로 - 교차로안,이륜,남,52세,부상신고,승용,남,54세,상해없음
2013073000100230,2013년 7월 30일 12시,화요일,대구광역시 북구 복현동,중상사고,0,1,0,0,차대사람 - 기타,안전운전불이행,건조,맑음,교차로 - 교차로안,승용,남,31세,상해없음,보행자,남,5세,중상
2013073000100231,2013년 7월 30일 12시,화요일,대구광역시 달서구 이곡동,경상사고,0,0,2,0,차대차 - 측면직각충돌,안전거리미확보,건조,맑음,단일로 - 기타,원동기,남,37세,상해없음,승용,남,57세,경상
2013073000100261,2013년 7월 30일 13시,화요일,대구광역시 남구 대명동,부상신고사고,0,0,0,1,차대사람 - 기타,안전운전불이행,건조,맑음,단일로 - 기타,기타불명,기타불명,기타불명,기타불명,보행자,여,49세,부상신고
2013073000100262,2013년 7월 30일 13시,화요일,대구광역시 달서구 두류동,경상사고,0,0,1,0,차대차 - 기타,안전운전불이행,건조,맑음,단일로 - 기타,승용,남,35세,상해없음,자전거,여,53세,경상
2013073000100297,2013년 7월 30일 14시,화요일,대구광역시 남구 대명동,경상사고,0,0,1,0,차대사람 - 차도통행중,안전운전불이행,건조,맑음,교차로 - 교차로부근,승용,남,42세,상해없음,보행자,남,9세,경상
2013073000100298,2013년 7월 30일 14시,화요일,대구광역시 남구 대명동,경상사고,0,0,1,0,차대차 - 측면직각충돌,안전운전불이행,건조,맑음,교차로 - 교차로안,이륜,여,42세,경상,승용,남,81세,상해없음
2013073000100331,2013년 7월 30일 15시,화요일,대구광역시 남구 봉덕동,경상사고,0,0,1,0,차대차 - 추돌 - 진행중,안전거리미확보,건조,맑음,단일로 - 기타,승용,남,25세,상해없음,승용,여,44세,경상
2013073000100332,2013년 7월 30일 15시,화요일,대구광역시 동구 방촌동,경상사고,0,0,1,0,차대차 - 추돌 - 주정차중,안전거리미확보,건조,맑음,단일로 - 기타,승용,남,26세,상해없음,승용,여,31세,경상
2013073000100367,2013년 7월 30일 16시,화요일,대구광역시 남구 대명동,경상사고,0,0,1,0,차대차 - 기타,기타,건조,맑음,단일로 - 기타,승용,남,50세,상해없음,이륜,남,34세,경상
2013073000100368,2013년 7월 30일 16시,화요일,대구광역시 달서구 월성동,중상사고,0,2,1,0,차대차 - 추돌 - 주정차중,안전운전불이행,건조,맑음,단일로 - 기타,승용,남,31세,상해없음,승용,여,45세,중상
2013073000100369,2013년 7월 30일 16시,화요일,대구광역시 달서구 진천동,중상사고,0,1,0,0,차대차 - 추돌 - 진행중,안전운전불이행,건조,맑음,단일로 - 기타,승용,남,59세,상해없음,이륜,남,75세,중상
2013073000100370,2013년 7월 30일 16시,화요일,대구광역시 달서구 갈산동,중상사고,0,1,0,0,차대차 - 측면직각충돌,안전운전불이행,건조,맑음,단일로 - 기타,화물,남,50세,상해없음,이륜,남,34세,중상
2013073000100418,2013년 7월 30일 17시,화요일,대구광역시 동구 지묘동,중상사고,0,1,0,0,차대사람 - 횡단중,안전운전불이행,습기,비,교차로 - 교차로부근,화물,남,37세,상해없음,보행자,여,76세,중상
2013073000100419,2013년 7월 30일 17시,화요일,대구광역시 달성군 가창면,경상사고,0,0,1,0,차대차 - 추돌 - 진행중,안전운전불이행,습기,비,단일로 - 기타,승용,남,44세,상해없음,승용,남,39세,경상
2013073000100420,2013년 7월 30일 17시,화요일,대구광역시 달서구 이곡동,중상사고,0,1,2,0,차대차 - 측면직각충돌,안전거리미확보,건조,맑음,교차로 - 교차로부근,승용,여,26세,경상,승용,남,58세,경상
2013073000100455,2013년 7월 30일 18시,화요일,대구광역시 동구 신천동,경상사고,0,0,1,0,차대차 - 기타,안전운전불이행,습기,비,교차로 - 교차로안,승합,남,50세,상해없음,이륜,남,55세,경상
2013073000100456,2013년 7월 30일 18시,화요일,대구광역시 달서구 송현동,경상사고,0,0,1,0,차대차 - 측면직각충돌,직진우회전진행방해,건조,맑음,교차로 - 교차로안,승용,남,46세,상해없음,승용,여,54세,경상
2013073000100457,2013년 7월 30일 18시,화요일,대구광역시 북구 침산동,중상사고,0,1,0,0,차대차 - 정면충돌,중앙선침범,건조,기타,단일로 - 기타,자전거,남,15세,상해없음,자전거,남,30세,중상