사고번호,사고일시,요일,시군구,사고내용,사망자수,중상자수,경상자수,부상신고자수,사고유형,법규위반,노면상태,기상상태,도로형태,가해운전자 차종,가해운전자 성별,가해운전자 연령,가해운전자 상해정도,피해운전자 차종,피해운전자 성별,피해운전자 연령,피해운전자 상해정도
2013080300100255,2013년 8월 3일 12시,토요일,대구광역시 달서구 진천동,중상사고,0,1,0,0,차대차 - 측면직각충돌,차로위반,건조,맑음,단일로 - 기타,승용,남,41세,상해없음,원동기,남,47세,중상
2013080300100256,2013년 8월 3일 12시,토요일,대구광역시 달서구 상인동,중상사고,0,2,2,0,차대차 - 측면직각충돌,안전거리미확보,건조,맑음,단일로 - 기타,승용,여,36세,상해없음,승용,남,27세,경상
2013080300100257,2013년 8월 3일 12시,토요일,대구광역시 북구 복현동,경상사고,0,0,1,0,차대차 - 추돌 - 진행중,불법유턴,건조,맑음,단일로 - 기타,승용,남,63세,상해없음,승용,남,27세,경상
2013080300100293,2013년 8월 3일 13시,토요일,대구광역시 달서구 상인동,중상사고,0,1,0,0,차대사람 - 기타,안전운전불이행,건조,맑음,단일로 - 기타,승용,여,55세,상해없음,보행자,남,17세,중상
2013080300100332,2013년 8월 3일 14시,토요일,대구광역시 북구 복현동,경상사고,0,0,3,0,차대차 - 기타,차로위반,건조,맑음,단일로 - 기타,기타불명,기타불명,기타불명,기타불명,승용,남,65세,경상
2013080300100333,2013년 8월 3일 14시,토요일,대구광역시 달서구 이곡동,경상사고,0,0,1,0,차대차 - 추돌 - 주정차중,안전운전불이행,건조,맑음,교차로 - 교차로부근,화물,남,55세,상해없음,승용,남,48세,경상
2013080300100403,2013년 8월 3일 16시,토요일,대구광역시 북구 침산동,경상사고,0,0,2,0,차대차 - 기타,안전운전불이행,건조,맑음,단일로 - 기타,승용,남,27세,상해없음,승용,여,34세,경상
2013080300100436,2013년 8월 3일 17시,토요일,대구광역시 수성구 황금동,경상사고,0,0,3,0,차대차 - 측면직각충돌,교차로운행방법위반,습기,비,교차로 - 교차로안,승용,남,34세,상해없음,승용,남,36세,경상
2013080300100437,2013년 8월 3일 17시,토요일,대구광역시 달서구 진천동,경상사고,0,0,3,0,차대차 - 측면직각충돌,교차로운행방법위반,건조,흐림,교차로 - 교차로안,승용,남,66세,경상,승용,남,51세,경상
2013080300100438,2013년 8월 3일 17시,토요일,대구광역시 북구 침산동,경상사고,0,0,1,0,차대차 - 측면직각충돌,안전운전불이행,건조,흐림,교차로 - 교차로부근,화물,남,50세,상해없음,자전거,여,44세,경상
2013080300100484,2013년 8월 3일 18시,토요일,대구광역시 수성구 수성동4가,경상사고,0,0,1,0,차대차 - 측면직각충돌,안전운전불이행,습기,비,교차로 - 교차로안,승용,남,43세,상해없음,이륜,남,21세,경상
2013080300100485,2013년 8월 3일 18시,토요일,대구광역시 수성구 만촌동,경상사고,0,0,9,0,차대차 - 추돌 - 진행중,안전거리미확보,습기,비,교차로 - 교차로부근,승용,남,51세,상해없음,승용,남,47세,경상
2013080300100516,2013년 8월 3일 19시,토요일,대구광역시 남구 봉덕동,경상사고,0,0,2,0,차대차 - 측면직각충돌,교차로운행방법위반,습기,비,교차로 - 교차로안,승용,남,44세,상해없음,승용,남,26세,경상
2013080300100551,2013년 8월 3일 20시,토요일,대구광역시 수성구 황금동,경상사고,0,0,1,0,차대차 - 기타,안전운전불이행,습기,비,단일로 - 횡단보도부근,승용,남,24세,상해없음,이륜,남,27세,경상
2013080300100552,2013년 8월 3일 20시,토요일,대구광역시 수성구 수성동4가,경상사고,0,0,1,0,차대사람 - 횡단중,안전운전불이행,건조,맑음,단일로 - 기타,승용,남,59세,상해없음,보행자,남,13세,경상
2013080300100553,2013년 8월 3일 20시,토요일,대구광역시 서구 내당동,부상신고사고,0,0,0,1,차대차 - 측면직각충돌,교차로운행방법위반,습기,비,교차로 - 교차로안,승용,여,39세,상해없음,이륜,남,21세,부상신고
2013080300100582,2013년 8월 3일 21시,토요일,대구광역시 남구 봉덕동,중상사고,0,1,0,0,차대사람 - 기타,안전운전불이행,습기,비,단일로 - 교량,승합,여,33세,상해없음,보행자,남,59세,중상
2013080300100583,2013년 8월 3일 21시,토요일,대구광역시 남구 이천동,경상사고,0,0,1,0,차대차 - 추돌 - 주정차중,안전운전불이행,습기,비,교차로 - 교차로부근,승용,남,34세,상해없음,승용,남,60세,경상
2013080300100584,2013년 8월 3일 21시,토요일,대구광역시 남구 대명동,중상사고,0,1,1,0,차대차 - 추돌 - 주정차중,안전거리미확보,습기,비,교차로 - 교차로부근,승용,남,54세,상해없음,승용,남,28세,중상
2013080300100585,2013년 8월 3일 21시,토요일,대구광역시 수성구 범어동,경상사고,0,0,1,0,차대차 - 측면직각충돌,안전운전불이행,습기,비,교차로 - 교차로부근,승용,남,51세,상해없음,승용,남,31세,상해없음
2013080300100586,2013년 8월 3일 21시,토요일,대구광역시 수성구 지산동,경상사고,0,0,1,0,차대차 - 측면직각충돌,신호위반,건조,맑음,교차로 - 교차로안,승용,남,58세,상해없음,승용,여,50세,경상
2013080300100615,2013년 8월 3일 22시,토요일,대구광역시 달서구 송현동,경상사고,0,0,1,0,차대차 - 기타,교차로운행방법위반,습기,비,교차로 - 교차로안,원동기,남,14세,경상,승용,남,47세,상해없음
2013080300100643,2013년 8월 3일 23시,토요일,대구광역시 수성구 수성동3가,경상사고,0,0,1,0,차대차 - 기타,안전운전불이행,건조,맑음,단일로 - 기타,화물,남,43세,상해없음,자전거,여,63세,경상
2013080300100644,2013년 8월 3일 23시,토요일,대구광역시 달서구 용산동,경상사고,0,0,1,0,차대차 - 기타,교차로운행방법위반,습기,흐림,교차로 - 교차로안,승용,남,54세,상해없음,원동기,남,58세,경상
2013080400100062,2013년 8월 4일 05시,일요일,대구광역시 북구 고성동3가,중상사고,0,1,1,0,차대차 - 측면직각충돌,신호위반,건조,맑음,교차로 - 교차로안,승용,남,65세,상해없음,승용,남,62세,경상
2013080400100076,2013년 8월 4일 07시,일요일,대구광역시 동구 숙천동,중상사고,0,1,0,0,차대차 - 측면직각충돌,안전운전불이행,건조,맑음,단일로 - 기타,승용,여,33세,상해없음,승용,남,60세,중상
2013080400100079,2013년 8월 4일 07시,일요일,대구광역시 달서구 송현동,경상사고,0,0,2,0,차대차 - 측면직각충돌,교차로운행방법위반,건조,맑음,교차로 - 교차로안,화물,남,59세,경상,건설기계,남,51세,경상
2013080400100140,2013년 8월 4일 10시,일요일,대구광역시 수성구 황금동,경상사고,0,0,1,0,차대사람 - 횡단중,안전운전불이행,건조,맑음,단일로 - 기타,승용,남,51세,상해없음,보행자,여,4세,경상
2013080400100141,2013년 8월 4일 10시,일요일,대구광역시 달서구 용산동,경상사고,0,0,1,0,차대차 - 측면직각충돌,신호위반,건조,맑음,교차로 - 교차로안,원동기,남,52세,상해없음,승용,남,57세,경상
2013080400100212,2013년 8월 4일 13시,일요일,대구광역시 북구 칠성동2가,경상사고,0,0,1,0,차대차 - 측면직각충돌,교차로운행방법위반,건조,맑음,교차로 - 교차로안,승용,여,54세,상해없음,승용,여,44세,경상
2013080400100274,2013년 8월 4일 15시,일요일,대구광역시 남구 대명동,중상사고,0,2,2,0,차대차 - 측면직각충돌,차로위반,건조,맑음,교차로 - 교차로안,승용,남,28세,중상,승용,여,60세,중상
2013080400100275,2013년 8월 4일 15시,일요일,대구광역시 수성구 상동,중상사고,0,1,0,0,차대차 - 측면직각충돌,안전운전불이행,습기,흐림,단일로 - 기타,승용,여,50세,상해없음,자전거,남,23세,중상
2013080400100311,2013년 8월 4일 16시,일요일,대구광역시 남구 대명동,중상사고,0,1,0,0,차대차 - 기타,안전운전불이행,건조,맑음,단일로 - 기타,승합,여,60세,상해없음,이륜,남,42세,중상
2013080400100312,2013년 8월 4일 16시,일요일,대구광역시 수성구 수성동1가,중상사고,0,1,0,0,차량단독 - 기타,안전운전불이행,건조,맑음,단일로 - 기타,승용,남,59세,상해없음,,,,
2013080400100313,2013년 8월 4일 16시,일요일,대구광역시 북구 침산동,중상사고,0,1,0,0,차대차 - 기타,안전운전불이행,건조,맑음,교차로 - 교차로부근,승용,남,40세,상해없음,자전거,남,23세,중상
2013080400100314,2013년 8월 4일 16시,일요일,대구광역시 달서구 이곡동,경상사고,0,0,2,0,차대차 - 기타,안전거리미확보,건조,흐림,단일로 - 기타,승용,남,52세,상해없음,승용,남,40세,상해없음
2013080400100336,2013년 8월 4일 17시,일요일,대구광역시 동구 방촌동,경상사고,0,0,2,0,차대차 - 추돌 - 주정차중,안전운전불이행,건조,맑음,단일로 - 기타,승용,남,41세,상해없음,승용,남,56세,경상
2013080400100337,2013년 8월 4일 17시,일요일,대구광역시 동구 동호동,경상사고,0,0,1,0,차대차 - 측면직각충돌,안전운전불이행,건조,맑음,단일로 - 기타,기타불명,기타불명,기타불명,기타불명,이륜,남,21세,경상
2013080400100338,2013년 8월 4일 17시,일요일,대구광역시 달서구 본동,경상사고,0,0,1,0,차대사람 - 횡단중,보행자보호의무위반,습기,흐림,단일로 - 기타,화물,남,47세,상해없음,보행자,남,70세,경상
2013080400100339,2013년 8월 4일 17시,일요일,대구광역시 달성군 화원읍,경상사고,0,0,1,0,차대차 - 기타,중앙선침범,건조,맑음,단일로 - 기타,기타불명,기타불명,기타불명,기타불명,자전거,남,52세,경상
2013080400100362,2013년 8월 4일 18시,일요일,대구광역시 북구 산격동,경상사고,0,0,1,0,차대차 - 추돌 - 주정차중,안전운전불이행,건조,맑음,단일로 - 기타,승용,남,67세,상해없음,승용,남,44세,경상
2013080400100387,2013년 8월 4일 19시,일요일,대구광역시 남구 대명동,경상사고,0,0,1,0,차대차 - 측면직각충돌,안전운전불이행,건조,맑음,교차로 - 교차로부근,이륜,남,18세,경상,승용,남,59세,상해없음
2013080400100413,2013년 8월 4일 20시,일요일,대구광역시 북구 복현동,중상사고,0,1,0,0,차대사람 - 차도통행중,안전운전불이행,건조,맑음,단일로 - 기타,승용,남,47세,기타불명,보행자,남,59세,중상
2013080400100437,2013년 8월 4일 21시,일요일,대구광역시 달성군 화원읍,경상사고,0,0,1,0,차량단독 - 공작물충돌,안전운전불이행,건조,맑음,단일로 - 기타,화물,남,50세,경상,,,,
2013080400100461,2013년 8월 4일 22시,일요일,대구광역시 동구 동호동,경상사고,0,0,3,0,차대차 - 추돌 - 주정차중,안전운전불이행,건조,맑음,교차로 - 교차로부근,건설기계,남,52세,상해없음,승용,여,57세,경상
2013080400100462,2013년 8월 4일 22시,일요일,대구광역시 수성구 지산동,중상사고,0,1,0,0,차대사람 - 차도통행중,안전운전불이행,건조,맑음,교차로 - 교차로부근,이륜,남,23세,상해없음,보행자,남,81세,중상
2013080400100463,2013년 8월 4일 22시,일요일,대구광역시 수성구 두산동,경상사고,0,0,2,0,차대차 - 측면직각충돌,안전운전불이행,건조,맑음,단일로 - 기타,승용,남,28세,상해없음,승용,남,33세,경상
2013080400100464,2013년 8월 4일 22시,일요일,대구광역시 서구 평리동,경상사고,0,0,2,0,차대차 - 추돌 - 주정차중,안전운전불이행,건조,맑음,교차로 - 교차로부근,화물,남,41세,상해없음,승용,남,38세,경상
2013080400100482,2013년 8월 4일 23시,일요일,대구광역시 남구 대명동,경상사고,0,0,1,0,차대차 - 측면직각충돌,중앙선침범,건조,맑음,단일로 - 횡단보도상,자전거,남,62세,경상,승용,남,25세,상해없음
2013080500100011,2013년 8월 5일 00시,월요일,대구광역시 달서구 용산동,중상사고,0,2,0,0,차대차 - 측면직각충돌,안전운전불이행,건조,맑음,단일로 - 횡단보도상,원동기,남,54세,중상,승용,남,23세,상해없음
2013080500100017,2013년 8월 5일 01시,월요일,대구광역시 남구 대명동,경상사고,0,0,2,0,차대차 - 추돌 - 진행중,안전운전불이행,건조,맑음,단일로 - 기타,승용,남,44세,상해없음,승용,남,49세,경상
2013080500100030,2013년 8월 5일 04시,월요일,대구광역시 달서구 본리동,사망사고,1,0,0,0,차대사람 - 횡단중,안전운전불이행,건조,맑음,단일로 - 기타,승용,남,63세,상해없음,보행자,여,81세,사망
2013080500100048,2013년 8월 5일 06시,월요일,대구광역시 북구 복현동,경상사고,0,0,5,0,차대차 - 기타,교차로운행방법위반,건조,맑음,교차로 - 교차로안,승합,남,32세,상해없음,승합,남,52세,상해없음
2013080500100063,2013년 8월 5일 07시,월요일,대구광역시 동구 도동,경상사고,0,0,1,1,차대차 - 측면직각충돌,교차로운행방법위반,건조,맑음,교차로 - 교차로안,승용,여,72세,부상신고,승용,남,51세,경상
2013080500100103,2013년 8월 5일 08시,월요일,대구광역시 수성구 신매동,경상사고,0,0,1,0,차대차 - 기타,안전운전불이행,건조,맑음,단일로 - 기타,승용,남,26세,상해없음,화물,남,44세,경상
2013080500100104,2013년 8월 5일 08시,월요일,대구광역시 서구 상리동,경상사고,0,0,1,0,차대차 - 추돌 - 진행중,안전거리미확보,건조,맑음,단일로 - 기타,화물,남,40세,상해없음,화물,남,51세,경상
2013080500100105,2013년 8월 5일 08시,월요일,대구광역시 달서구 감삼동,중상사고,0,1,0,0,차대차 - 기타,신호위반,건조,맑음,단일로 - 기타,승용,남,68세,상해없음,이륜,남,45세,중상
2013080500100132,2013년 8월 5일 09시,월요일,대구광역시 동구 신서동,경상사고,0,0,1,0,차대사람 - 차도통행중,안전운전불이행,건조,맑음,교차로 - 교차로부근,승용,남,33세,상해없음,보행자,여,43세,경상
2013080500100133,2013년 8월 5일 09시,월요일,대구광역시 서구 비산동,경상사고,0,0,1,0,차대차 - 추돌 - 진행중,안전거리미확보,건조,맑음,단일로 - 기타,승용,남,52세,상해없음,승용,남,60세,경상
2013080500100164,2013년 8월 5일 10시,월요일,대구광역시 동구 검사동,부상신고사고,0,0,0,1,차대사람 - 횡단중,안전운전불이행,건조,맑음,단일로 - 기타,화물,남,31세,상해없음,보행자,남,54세,부상신고
2013080500100165,2013년 8월 5일 10시,월요일,대구광역시 수성구 중동,경상사고,0,0,1,0,차대차 - 기타,안전운전불이행,건조,맑음,단일로 - 횡단보도부근,승용,남,26세,상해없음,승용,여,37세,경상
2013080500100228,2013년 8월 5일 12시,월요일,대구광역시 동구 용계동,경상사고,0,0,1,0,차대차 - 기타,차로위반,건조,맑음,단일로 - 기타,화물,남,55세,상해없음,승용,남,34세,경상
2013080500100229,2013년 8월 5일 12시,월요일,대구광역시 수성구 수성동2가,경상사고,0,0,1,0,차대차 - 기타,안전운전불이행,건조,맑음,단일로 - 기타,승용,여,53세,상해없음,승용,여,44세,경상
2013080500100230,2013년 8월 5일 12시,월요일,대구광역시 북구 노원동2가,중상사고,0,1,0,0,차대차 - 기타,교차로운행방법위반,건조,맑음,교차로 - 교차로안,승용,남,56세,상해없음,자전거,남,70세,중상
2013080500100231,2013년 8월 5일 12시,월요일,대구광역시 북구 검단동,경상사고,0,0,1,0,차대사람 - 기타,안전운전불이행,건조,맑음,교차로 - 교차로안,승용,남,48세,상해없음,보행자,남,55세,경상
2013080500100258,2013년 8월 5일 13시,월요일,대구광역시 동구 용계동,경상사고,0,0,1,0,차대차 - 기타,안전운전불이행,건조,맑음,단일로 - 기타,자전거,남,71세,경상,자전거,여,46세,상해없음
2013080500100303,2013년 8월 5일 14시,월요일,대구광역시 남구 대명동,중상사고,0,1,0,0,차대차 - 기타,안전운전불이행,건조,맑음,단일로 - 기타,승용,남,53세,상해없음,이륜,남,50세,중상
2013080500100304,2013년 8월 5일 14시,월요일,대구광역시 중구 남산동,부상신고사고,0,0,0,1,차대차 - 측면직각충돌,교차로운행방법위반,건조,맑음,교차로 - 교차로안,이륜,남,53세,부상신고,승용,여,34세,상해없음
2013080500100328,2013년 8월 5일 15시,월요일,대구광역시 동구 신천동,경상사고,0,0,1,0,차대사람 - 횡단중,안전운전불이행,건조,맑음,단일로 - 기타,승용,남,43세,상해없음,보행자,남,52세,경상
2013080500100329,2013년 8월 5일 15시,월요일,대구광역시 동구 효목동,경상사고,0,0,1,0,차대사람 - 기타,안전운전불이행,건조,맑음,단일로 - 기타,이륜,남,80세,상해없음,보행자,여,71세,경상
2013080500100330,2013년 8월 5일 15시,월요일,대구광역시 동구 신천동,중상사고,0,1,1,0,차대차 - 측면직각충돌,교차로운행방법위반,건조,맑음,교차로 - 교차로안,승용,여,25세,중상,승합,남,37세,상해없음
2013080500100331,2013년 8월 5일 15시,월요일,대구광역시 동구 방촌동,중상사고,0,1,0,0,차대사람 - 횡단중,보행자보호의무위반,건조,맑음,단일로 - 횡단보도상,승용,남,26세,상해없음,보행자,여,44세,중상
2013080500100332,2013년 8월 5일 15시,월요일,대구광역시 북구 대현동,부상신고사고,0,0,0,1,차대차 - 측면직각충돌,안전거리미확보,건조,맑음,단일로 - 기타,승용,여,38세,상해없음,승용,남,58세,부상신고
2013080500100333,2013년 8월 5일 15시,월요일,대구광역시 달서구 이곡동,경상사고,0,0,1,0,차대차 - 기타,안전운전불이행,건조,맑음,단일로 - 기타,승용,남,52세,상해없음,승용,여,52세,경상
2013080500100361,2013년 8월 5일 16시,월요일,대구광역시 동구 효목동,경상사고,0,0,2,0,차량단독 - 기타,안전운전불이행,건조,맑음,단일로 - 기타,승합,남,52세,상해없음,,,,
2013080500100362,2013년 8월 5일 16시,월요일,대구광역시 북구 침산동,경상사고,0,0,1,0,차대차 - 기타,안전운전불이행,건조,맑음,단일로 - 기타,승용,남,31세,상해없음,자전거,남,51세,경상
2013080500100437,2013년 8월 5일 18시,월요일,대구광역시 동구 용계동,경상사고,0,0,4,0,차대차 - 기타,안전거리미확보,건조,맑음,단일로 - 기타,승용,여,25세,경상,승용,여,46세,경상
2013080500100438,2013년 8월 5일 18시,월요일,대구광역시 수성구 연호동,중상사고,0,3,0,0,차대차 - 기타,안전운전불이행,건조,맑음,교차로 - 교차로안,화물,남,52세,상해없음,화물,남,53세,중상
2013080500100439,2013년 8월 5일 18시,월요일,대구광역시 달성군 화원읍,경상사고,0,0,1,0,차대차 - 기타,안전운전불이행,건조,맑음,단일로 - 기타,승용,남,55세,상해없음,자전거,여,61세,경상
2013080500100440,2013년 8월 5일 18시,월요일,대구광역시 북구 침산동,중상사고,0,1,0,0,차대차 - 추돌 - 주정차중,안전운전불이행,건조,맑음,단일로 - 기타,화물,남,54세,상해없음,자전거,여,58세,중상
2013080500100441,2013년 8월 5일 18시,월요일,대구광역시 북구 대현동,경상사고,0,0,1,0,차대차 - 측면직각충돌,교차로운행방법위반,건조,맑음,교차로 - 교차로안,화물,남,38세,상해없음,승용,여,28세,경상
2013080500100442,2013년 8월 5일 18시,월요일,대구광역시 북구 침산동,부상신고사고,0,0,0,1,차대차 - 기타,안전운전불이행,건조,맑음,단일로 - 기타,승용,남,36세,상해없음,자전거,남,13세,상해없음
2013080500100443,2013년 8월 5일 18시,월요일,대구광역시 서구 원대동1가,경상사고,0,0,2,0,차대차 - 측면직각충돌,안전거리미확보,건조,맑음,교차로 - 교차로안,승용,남,41세,상해없음,승용,남,52세,경상
2013080500100444,2013년 8월 5일 18시,월요일,대구광역시 북구 동천동,경상사고,0,0,1,0,차대사람 - 기타,안전운전불이행,건조,맑음,단일로 - 기타,화물,남,30세,상해없음,보행자,남,7세,경상
2013080500100489,2013년 8월 5일 19시,월요일,대구광역시 수성구 수성동1가,경상사고,0,0,1,0,차대차 - 기타,안전운전불이행,건조,맑음,교차로 - 교차로부근,승용,여,52세,상해없음,자전거,여,35세,경상
2013080500100518,2013년 8월 5일 20시,월요일,대구광역시 북구 침산동,중상사고,0,1,0,0,차대사람 - 기타,안전운전불이행,건조,맑음,단일로 - 기타,자전거,여,47세,상해없음,보행자,여,76세,중상
2013080500100519,2013년 8월 5일 20시,월요일,대구광역시 서구 원대동1가,중상사고,0,1,0,0,차대차 - 기타,안전운전불이행,건조,맑음,교차로 - 교차로안,승합,남,29세,상해없음,자전거,여,69세,중상
2013080500100545,2013년 8월 5일 21시,월요일,대구광역시 달서구 상인동,경상사고,0,0,1,0,차대차 - 측면직각충돌,신호위반,건조,맑음,교차로 - 교차로안,승용,여,56세,상해없음,승용,남,61세,상해없음
2013080500100546,2013년 8월 5일 21시,월요일,대구광역시 서구 비산동,중상사고,0,1,1,0,차대차 - 기타,신호위반,건조,맑음,교차로 - 교차로안,승용,남,50세,상해없음,승용,남,44세,중상
2013080500100547,2013년 8월 5일 21시,월요일,대구광역시 중구 서성로2가,경상사고,0,0,1,0,차대차 - 기타,안전운전불이행,건조,맑음,교차로 - 교차로안,승합,남,57세,상해없음,승용,남,53세,상해없음
2013080500100575,2013년 8월 5일 22시,월요일,대구광역시 남구 봉덕동,경상사고,0,0,1,0,차대차 - 기타,안전운전불이행,건조,맑음,교차로 - 교차로안,승용,남,75세,상해없음,자전거,여,31세,경상
2013080500100576,2013년 8월 5일 22시,월요일,대구광역시 달서구 본동,경상사고,0,0,1,0,차대차 - 측면직각충돌,안전운전불이행,건조,맑음,단일로 - 기타,승용,남,30세,상해없음,승용,남,30세,경상
2013080500100577,2013년 8월 5일 22시,월요일,대구광역시 달성군 화원읍,중상사고,0,1,0,0,차대차 - 기타,안전운전불이행,건조,맑음,교차로 - 교차로안,승용,남,48세,상해없음,원동기,남,21세,중상
2013080500100578,2013년 8월 5일 22시,월요일,대구광역시 북구 침산동,중상사고,0,1,0,0,차대사람 - 횡단중,안전운전불이행,건조,맑음,단일로 - 기타,승용,남,65세,상해없음,보행자,여,46세,중상
2013080500100597,2013년 8월 5일 23시,월요일,대구광역시 수성구 만촌동,중상사고,0,1,0,0,차대차 - 기타,안전운전불이행,건조,맑음,단일로 - 기타,자전거,남,23세,상해없음,자전거,남,42세,중상
2013080600100011,2013년 8월 6일 00시,화요일,대구광역시 달서구 도원동,경상사고,0,0,2,0,차대차 - 추돌 - 주정차중,안전운전불이행,건조,맑음,단일로 - 기타,승용,남,41세,상해없음,승용,남,28세,경상
2013080600100012,2013년 8월 6일 00시,화요일,대구광역시 북구 읍내동,중상사고,0,1,0,0,차대차 - 측면직각충돌,안전운전불이행,건조,맑음,단일로 - 기타,승용,남,49세,상해없음,이륜,남,23세,중상
2013080600100053,2013년 8월 6일 03시,화요일,대구광역시 북구 노원동1가,경상사고,0,0,1,0,차대차 - 기타,안전운전불이행,건조,맑음,단일로 - 기타,승합,남,32세,상해없음,승용,남,27세,경상
2013080600100100,2013년 8월 6일 07시,화요일,대구광역시 수성구 지산동,경상사고,0,0,3,0,차대차 - 기타,교차로운행방법위반,건조,맑음,교차로 - 교차로안,승용,남,76세,상해없음,승용,남,18세,경상
2013080600100101,2013년 8월 6일 07시,화요일,대구광역시 수성구 범어동,중상사고,0,1,0,0,차대사람 - 기타,안전운전불이행,건조,맑음,단일로 - 기타,승용,남,25세,상해없음,보행자,남,45세,중상
2013080600100131,2013년 8월 6일 08시,화요일,대구광역시 달성군 다사읍,경상사고,0,0,1,0,차대차 - 측면직각충돌,신호위반,건조,맑음,교차로 - 교차로안,승용,남,30세,상해없음,승용,여,52세,경상
2013080600100132,2013년 8월 6일 08시,화요일,대구광역시 북구 칠성동1가,부상신고사고,0,0,0,1,차대차 - 측면직각충돌,중앙선침범,건조,맑음,교차로 - 교차로안,자전거,남,60세,부상신고,승용,남,70세,상해없음
2013080600100133,2013년 8월 6일 08시,화요일,대구광역시 중구 교동,부상신고사고,0,0,0,1,차대차 - 측면직각충돌,안전운전불이행,건조,맑음,교차로 - 교차로부근,이륜,남,19세,부상신고,이륜,남,27세,상해없음
2013080600100158,2013년 8월 6일 09시,화요일,대구광역시 동구 신암동,사망사고,1,0,0,0,차대사람 - 횡단중,중앙선침범,건조,맑음,단일로 - 기타,화물,남,61세,상해없음,보행자,여,64세,사망
2013080600100159,2013년 8월 6일 09시,화요일,대구광역시 수성구 범어동,중상사고,0,1,0,0,차대차 - 추돌 - 진행중,안전거리미확보,건조,맑음,단일로 - 기타,원동기,남,61세,상해없음,원동기,남,54세,중상
2013080600100160,2013년 8월 6일 09시,화요일,대구광역시 달성군 화원읍,경상사고,0,0,1,0,차대사람 - 기타,안전운전불이행,건조,맑음,단일로 - 기타,승합,남,42세,기타불명,보행자,여,39세,경상
2013080600100187,2013년 8월 6일 10시,화요일,대구광역시 달성군 현풍면,경상사고,0,0,1,0,차량단독 - 기타,안전운전불이행,건조,맑음,단일로 - 기타,이륜,남,74세,경상,,,,
2013080600100188,2013년 8월 6일 10시,화요일,대구광역시 북구 노원동3가,중상사고,0,1,0,0,차대차 - 기타,교차로운행방법위반,건조,맑음,교차로 - 교차로안,원동기,남,44세,중상,화물,남,49세,상해없음
2013080600100189,2013년 8월 6일 10시,화요일,대구광역시 달서구 두류동,경상사고,0,0,1,0,차대사람 - 기타,안전운전불이행,건조,맑음,단일로 - 기타,승용,남,79세,기타불명,보행자,남,33세,경상
2013080600100224,2013년 8월 6일 11시,화요일,대구광역시 남구 봉덕동,경상사고,0,0,4,0,차대차 - 추돌 - 주정차중,안전운전불이행,건조,맑음,교차로 - 교차로부근,승용,여,59세,상해없음,승용,여,42세,경상
2013080600100225,2013년 8월 6일 11시,화요일,대구광역시 동구 효목동,경상사고,0,0,2,0,차대차 - 추돌 - 진행중,안전운전불이행,건조,맑음,단일로 - 기타,승용,남,31세,상해없음,승용,남,27세,경상
2013080600100226,2013년 8월 6일 11시,화요일,대구광역시 수성구 상동,중상사고,0,1,0,0,차대차 - 기타,안전운전불이행,건조,맑음,단일로 - 기타,승용,남,47세,상해없음,자전거,여,68세,중상
2013080600100248,2013년 8월 6일 12시,화요일,대구광역시 북구 침산동,중상사고,0,1,1,0,차대차 - 추돌 - 진행중,안전거리미확보,건조,맑음,교차로 - 교차로부근,승용,남,60세,상해없음,승용,남,49세,중상
2013080600100286,2013년 8월 6일 13시,화요일,대구광역시 수성구 연호동,중상사고,0,1,0,0,차대차 - 추돌 - 진행중,안전운전불이행,건조,맑음,단일로 - 기타,승합,남,55세,상해없음,화물,남,35세,중상
2013080600100287,2013년 8월 6일 13시,화요일,대구광역시 수성구 연호동,경상사고,0,0,1,0,차대차 - 추돌 - 주정차중,안전거리미확보,건조,맑음,단일로 - 횡단보도부근,승용,여,42세,상해없음,승용,여,43세,경상
2013080600100288,2013년 8월 6일 13시,화요일,대구광역시 수성구 만촌동,경상사고,0,0,2,0,차대차 - 추돌 - 주정차중,안전운전불이행,건조,맑음,단일로 - 기타,승용,여,36세,상해없음,승용,여,47세,경상
2013080600100289,2013년 8월 6일 13시,화요일,대구광역시 서구 내당동,중상사고,0,1,0,0,차대차 - 측면직각충돌,신호위반,건조,맑음,단일로 - 기타,승용,남,65세,상해없음,이륜,남,31세,중상
2013080600100360,2013년 8월 6일 15시,화요일,대구광역시 수성구 만촌동,경상사고,0,0,1,0,차대차 - 기타,안전운전불이행,건조,맑음,교차로 - 교차로부근,승용,여,62세,기타불명,승용,남,51세,경상
2013080600100395,2013년 8월 6일 16시,화요일,대구광역시 남구 대명동,경상사고,0,0,1,0,차대사람 - 기타,보행자보호의무위반,건조,흐림,단일로 - 횡단보도상,승용,남,47세,상해없음,보행자,남,52세,경상
2013080600100396,2013년 8월 6일 16시,화요일,대구광역시 서구 평리동,경상사고,0,0,1,0,차대차 - 측면직각충돌,안전운전불이행,건조,맑음,교차로 - 교차로부근,승합,남,43세,상해없음,자전거,남,73세,경상
2013080600100441,2013년 8월 6일 17시,화요일,대구광역시 동구 용계동,경상사고,0,0,1,0,차대차 - 기타,안전거리미확보,습기,비,교차로 - 교차로부근,승용,남,32세,상해없음,승용,여,34세,경상
2013080600100442,2013년 8월 6일 17시,화요일,대구광역시 수성구 파동,경상사고,0,0,2,0,차대차 - 추돌 - 주정차중,안전운전불이행,습기,비,단일로 - 기타,승용,남,43세,상해없음,승용,남,65세,경상