사고번호,사고일시,요일,시군구,사고내용,사망자수,중상자수,경상자수,부상신고자수,사고유형,법규위반,노면상태,기상상태,도로형태,가해운전자 차종,가해운전자 성별,가해운전자 연령,가해운전자 상해정도,피해운전자 차종,피해운전자 성별,피해운전자 연령,피해운전자 상해정도
2013080900100281,2013년 8월 9일 13시,금요일,대구광역시 동구 동호동,중상사고,0,1,0,0,차대사람 - 횡단중,보행자보호의무위반,건조,맑음,교차로 - 교차로부근,승합,남,50세,상해없음,보행자,여,81세,중상
2013080900100282,2013년 8월 9일 13시,금요일,대구광역시 수성구 만촌동,경상사고,0,0,1,0,차대차 - 추돌 - 주정차중,안전운전불이행,건조,맑음,단일로 - 기타,승용,여,52세,상해없음,승용,남,24세,경상
2013080900100283,2013년 8월 9일 13시,금요일,대구광역시 달성군 유가면,경상사고,0,0,5,0,차대차 - 기타,안전운전불이행,건조,맑음,교차로 - 교차로안,승용,여,50세,경상,승용,남,48세,경상
2013080900100308,2013년 8월 9일 14시,금요일,대구광역시 수성구 만촌동,경상사고,0,0,1,0,차대사람 - 보도통행중,기타,건조,맑음,단일로 - 기타,화물,남,58세,상해없음,보행자,남,61세,경상
2013080900100309,2013년 8월 9일 14시,금요일,대구광역시 중구 삼덕동2가,경상사고,0,0,1,0,차대차 - 기타,안전운전불이행,건조,맑음,단일로 - 기타,승용,남,64세,상해없음,자전거,남,34세,경상
2013080900100310,2013년 8월 9일 14시,금요일,대구광역시 북구 태전동,경상사고,0,0,1,0,차대사람 - 보도통행중,기타,건조,맑음,단일로 - 기타,승합,남,46세,상해없음,보행자,여,65세,경상
2013080900100347,2013년 8월 9일 15시,금요일,대구광역시 달성군 다사읍,중상사고,0,2,2,0,차대차 - 기타,안전운전불이행,건조,맑음,교차로 - 교차로안,화물,남,50세,경상,화물,남,31세,경상
2013080900100348,2013년 8월 9일 15시,금요일,대구광역시 중구 태평로1가,경상사고,0,0,1,0,차량단독 - 기타,안전운전불이행,건조,맑음,단일로 - 기타,승합,남,59세,기타불명,,,,
2013080900100349,2013년 8월 9일 15시,금요일,대구광역시 북구 동천동,경상사고,0,0,1,0,차대차 - 측면직각충돌,중앙선침범,건조,맑음,교차로 - 교차로부근,승용,여,54세,상해없음,승용,여,48세,상해없음
2013080900100382,2013년 8월 9일 16시,금요일,대구광역시 서구 비산동,경상사고,0,0,1,0,차대차 - 측면직각충돌,신호위반,건조,맑음,교차로 - 교차로부근,승합,남,56세,상해없음,승용,남,46세,경상
2013080900100383,2013년 8월 9일 16시,금요일,대구광역시 중구 봉산동,경상사고,0,0,5,5,차대차 - 추돌 - 진행중,안전거리미확보,건조,맑음,단일로 - 기타,승용,여,38세,경상,승용,남,52세,경상
2013080900100415,2013년 8월 9일 17시,금요일,대구광역시 동구 각산동,중상사고,0,1,3,0,차대차 - 측면직각충돌,교차로운행방법위반,건조,맑음,교차로 - 교차로안,승용,여,18세,상해없음,승용,여,27세,경상
2013080900100416,2013년 8월 9일 17시,금요일,대구광역시 수성구 파동,경상사고,0,0,5,0,차대차 - 기타,안전거리미확보,건조,맑음,단일로 - 기타,승용,여,64세,상해없음,승용,남,43세,경상
2013080900100417,2013년 8월 9일 17시,금요일,대구광역시 북구 노원동1가,경상사고,0,0,1,0,차대차 - 측면직각충돌,중앙선침범,건조,맑음,단일로 - 기타,화물,남,37세,기타불명,승용,남,31세,경상
2013080900100456,2013년 8월 9일 18시,금요일,대구광역시 동구 신암동,경상사고,0,0,2,0,차대차 - 측면직각충돌,안전거리미확보,건조,맑음,단일로 - 기타,승용,남,23세,상해없음,승용,여,44세,경상
2013080900100457,2013년 8월 9일 18시,금요일,대구광역시 동구 지묘동,중상사고,0,1,0,0,차대차 - 측면직각충돌,안전거리미확보,건조,맑음,단일로 - 기타,이륜,남,73세,중상,승용,남,46세,상해없음
2013080900100503,2013년 8월 9일 19시,금요일,대구광역시 동구 효목동,경상사고,0,0,1,0,차대차 - 기타,안전운전불이행,건조,맑음,단일로 - 기타,승합,남,51세,상해없음,이륜,남,45세,경상
2013080900100504,2013년 8월 9일 19시,금요일,대구광역시 수성구 범어동,경상사고,0,0,1,0,차대차 - 기타,안전운전불이행,건조,맑음,교차로 - 교차로부근,승용,남,43세,상해없음,승용,남,29세,경상
2013080900100505,2013년 8월 9일 19시,금요일,대구광역시 북구 산격동,경상사고,0,0,1,0,차대차 - 기타,중앙선침범,건조,맑음,단일로 - 기타,승용,남,45세,상해없음,승용,남,50세,경상
2013080900100506,2013년 8월 9일 19시,금요일,대구광역시 북구 태전동,경상사고,0,0,1,0,차대차 - 측면직각충돌,안전운전불이행,건조,맑음,단일로 - 기타,승용,남,30세,상해없음,원동기,남,19세,경상
2013080900100544,2013년 8월 9일 20시,금요일,대구광역시 달서구 송현동,경상사고,0,0,1,0,차대차 - 기타,안전운전불이행,건조,맑음,교차로 - 교차로안,이륜,남,18세,상해없음,이륜,남,29세,경상
2013080900100545,2013년 8월 9일 20시,금요일,대구광역시 달서구 송현동,중상사고,0,1,0,0,차대사람 - 기타,안전운전불이행,건조,맑음,단일로 - 기타,승용,남,51세,상해없음,보행자,남,27세,중상
2013080900100546,2013년 8월 9일 20시,금요일,대구광역시 북구 태전동,부상신고사고,0,0,0,1,차량단독 - 공작물충돌,기타,건조,맑음,단일로 - 기타,승합,남,60세,상해없음,,,,
2013080900100573,2013년 8월 9일 21시,금요일,대구광역시 동구 각산동,경상사고,0,0,1,0,차대사람 - 횡단중,안전운전불이행,건조,맑음,단일로 - 기타,이륜,남,23세,상해없음,보행자,여,16세,경상
2013080900100574,2013년 8월 9일 21시,금요일,대구광역시 수성구 범어동,중상사고,0,1,0,0,차대사람 - 기타,안전운전불이행,건조,맑음,단일로 - 기타,승합,남,42세,상해없음,보행자,여,79세,중상
2013080900100600,2013년 8월 9일 22시,금요일,대구광역시 동구 효목동,경상사고,0,0,2,0,차대차 - 기타,안전운전불이행,건조,맑음,단일로 - 기타,승용,남,25세,상해없음,승용,남,32세,경상
2013080900100601,2013년 8월 9일 22시,금요일,대구광역시 서구 중리동,경상사고,0,0,3,0,차대차 - 기타,안전운전불이행,건조,맑음,교차로 - 교차로부근,승용,남,53세,상해없음,승용,남,51세,경상
2013080900100602,2013년 8월 9일 22시,금요일,대구광역시 달서구 본리동,경상사고,0,0,1,0,차대사람 - 기타,안전운전불이행,건조,맑음,기타 - 기타,승용,여,24세,상해없음,보행자,남,28세,경상
2013080900100625,2013년 8월 9일 23시,금요일,대구광역시 남구 봉덕동,경상사고,0,0,1,0,차대차 - 측면직각충돌,기타,건조,맑음,교차로 - 교차로부근,승용,남,44세,상해없음,이륜,남,31세,경상
2013080900100626,2013년 8월 9일 23시,금요일,대구광역시 동구 신기동,중상사고,0,1,0,0,차대사람 - 횡단중,안전운전불이행,건조,맑음,단일로 - 기타,승용,남,55세,상해없음,보행자,남,57세,중상
2013080900100627,2013년 8월 9일 23시,금요일,대구광역시 수성구 범어동,경상사고,0,0,1,0,차대사람 - 기타,안전운전불이행,건조,맑음,단일로 - 횡단보도부근,승용,남,28세,기타불명,보행자,남,35세,경상
2013081000100024,2013년 8월 10일 00시,토요일,대구광역시 달서구 상인동,중상사고,0,2,2,0,차대차 - 추돌 - 주정차중,중앙선침범,건조,맑음,교차로 - 교차로부근,승용,남,28세,상해없음,승용,여,50세,중상
2013081000100025,2013년 8월 10일 00시,토요일,대구광역시 달서구 본동,경상사고,0,0,1,0,차대차 - 측면직각충돌,안전운전불이행,건조,맑음,단일로 - 기타,승용,남,63세,상해없음,승용,남,24세,경상
2013081000100026,2013년 8월 10일 00시,토요일,대구광역시 서구 평리동,경상사고,0,0,1,0,차대차 - 측면직각충돌,안전거리미확보,건조,맑음,단일로 - 기타,승용,남,66세,상해없음,승용,남,56세,경상
2013081000100048,2013년 8월 10일 01시,토요일,대구광역시 수성구 수성동4가,경상사고,0,0,1,0,차대차 - 측면직각충돌,차로위반,건조,맑음,단일로 - 기타,승용,남,34세,상해없음,승용,남,46세,경상
2013081000100069,2013년 8월 10일 02시,토요일,대구광역시 북구 칠성동1가,경상사고,0,0,2,0,차대사람 - 기타,안전운전불이행,건조,맑음,단일로 - 기타,이륜,남,44세,경상,보행자,남,37세,경상
2013081000100070,2013년 8월 10일 02시,토요일,대구광역시 북구 산격동,중상사고,0,1,0,0,차대차 - 기타,직진우회전진행방해,건조,맑음,교차로 - 교차로안,원동기,남,19세,상해없음,원동기,남,19세,중상
2013081000100135,2013년 8월 10일 06시,토요일,대구광역시 달서구 상인동,경상사고,0,0,1,1,차대차 - 추돌 - 진행중,안전거리미확보,건조,맑음,교차로 - 교차로부근,원동기,남,57세,경상,승용,여,60세,부상신고
2013081000100136,2013년 8월 10일 06시,토요일,대구광역시 중구 덕산동,경상사고,0,0,1,0,차대차 - 기타,안전거리미확보,건조,기타,기타 - 기타,승용,남,33세,상해없음,승용,남,36세,경상
2013081000100154,2013년 8월 10일 07시,토요일,대구광역시 북구 서변동,중상사고,0,1,0,0,차대사람 - 길가장자리구역통행중,안전운전불이행,건조,맑음,단일로 - 기타,승용,남,29세,상해없음,보행자,여,62세,중상
2013081000100197,2013년 8월 10일 09시,토요일,대구광역시 달성군 다사읍,경상사고,0,0,2,0,차대차 - 추돌 - 진행중,안전운전불이행,건조,맑음,단일로 - 기타,건설기계,남,60세,상해없음,승용,여,48세,경상
2013081000100221,2013년 8월 10일 10시,토요일,대구광역시 달서구 진천동,경상사고,0,0,2,0,차대차 - 측면직각충돌,안전운전불이행,건조,맑음,교차로 - 교차로부근,승용,남,70세,상해없음,승용,남,53세,경상
2013081000100253,2013년 8월 10일 11시,토요일,대구광역시 달성군 가창면,중상사고,0,1,1,0,차대차 - 측면직각충돌,안전운전불이행,건조,맑음,교차로 - 교차로부근,승용,여,72세,중상,승용,남,69세,경상
2013081000100321,2013년 8월 10일 13시,토요일,대구광역시 달서구 월성동,경상사고,0,0,1,0,차대사람 - 보도통행중,안전운전불이행,건조,맑음,교차로 - 교차로안,승용,남,30세,상해없음,보행자,여,44세,경상
2013081000100322,2013년 8월 10일 13시,토요일,대구광역시 북구 복현동,경상사고,0,0,1,0,차대차 - 기타,안전운전불이행,건조,맑음,교차로 - 교차로부근,승용,남,66세,상해없음,승용,남,47세,경상
2013081000100323,2013년 8월 10일 13시,토요일,대구광역시 북구 대현동,경상사고,0,0,2,0,차대차 - 추돌 - 진행중,안전거리미확보,건조,맑음,교차로 - 교차로부근,건설기계,남,49세,상해없음,승용,남,61세,경상
2013081000100365,2013년 8월 10일 14시,토요일,대구광역시 북구 노원동2가,경상사고,0,0,1,0,차대차 - 기타,안전운전불이행,습기,맑음,단일로 - 횡단보도부근,이륜,남,21세,경상,승용,남,54세,상해없음
2013081000100366,2013년 8월 10일 14시,토요일,대구광역시 북구 복현동,경상사고,0,0,2,0,차대차 - 추돌 - 주정차중,안전거리미확보,습기,비,단일로 - 교량,승용,남,31세,상해없음,승용,여,51세,경상
2013081000100367,2013년 8월 10일 14시,토요일,대구광역시 중구 동산동,경상사고,0,0,1,0,차대차 - 측면직각충돌,안전거리미확보,건조,맑음,단일로 - 기타,승용,여,40세,상해없음,승용,여,54세,경상
2013081000100368,2013년 8월 10일 14시,토요일,대구광역시 중구 계산동1가,경상사고,0,0,2,0,차대차 - 측면직각충돌,안전거리미확보,건조,맑음,단일로 - 기타,승용,여,50세,상해없음,승용,여,32세,경상
2013081000100369,2013년 8월 10일 14시,토요일,대구광역시 달서구 신당동,중상사고,0,1,0,0,차대차 - 측면직각충돌,신호위반,건조,맑음,교차로 - 교차로안,승용,여,50세,상해없음,승용,여,65세,중상
2013081000100400,2013년 8월 10일 15시,토요일,대구광역시 북구 침산동,경상사고,0,0,1,1,차대차 - 측면직각충돌,불법유턴,건조,맑음,단일로 - 횡단보도상,원동기,남,68세,부상신고,승용,남,23세,경상
2013081000100427,2013년 8월 10일 16시,토요일,대구광역시 동구 신서동,중상사고,0,1,0,0,차량단독 - 기타,안전운전불이행,건조,맑음,교차로 - 교차로부근,승합,남,55세,상해없음,,,,
2013081000100428,2013년 8월 10일 16시,토요일,대구광역시 달서구 상인동,중상사고,0,1,0,0,차대차 - 측면직각충돌,직진우회전진행방해,건조,맑음,교차로 - 교차로안,승용,남,41세,상해없음,이륜,남,70세,중상
2013081000100429,2013년 8월 10일 16시,토요일,대구광역시 북구 산격동,경상사고,0,0,2,0,차대차 - 기타,안전거리미확보,건조,맑음,단일로 - 기타,승용,남,49세,상해없음,승용,남,52세,경상
2013081000100430,2013년 8월 10일 16시,토요일,대구광역시 북구 매천동,중상사고,0,1,0,0,차대차 - 기타,안전운전불이행,건조,맑음,단일로 - 기타,자전거,남,40세,중상,화물,남,40세,기타불명
2013081000100460,2013년 8월 10일 17시,토요일,대구광역시 달서구 상인동,경상사고,0,0,1,0,차대차 - 추돌 - 진행중,안전운전불이행,건조,맑음,교차로 - 교차로안,승용,여,29세,상해없음,이륜,남,17세,경상
2013081000100500,2013년 8월 10일 18시,토요일,대구광역시 북구 산격동,경상사고,0,0,2,0,차대차 - 기타,안전운전불이행,건조,맑음,단일로 - 기타,승용,남,44세,상해없음,승용,남,50세,경상
2013081000100501,2013년 8월 10일 18시,토요일,대구광역시 달서구 용산동,경상사고,0,0,2,0,차대차 - 측면직각충돌,신호위반,건조,맑음,교차로 - 교차로안,승용,남,21세,상해없음,승용,남,58세,경상
2013081000100536,2013년 8월 10일 19시,토요일,대구광역시 동구 방촌동,중상사고,0,1,0,0,차대사람 - 기타,기타,건조,맑음,단일로 - 기타,승합,남,53세,상해없음,보행자,여,19세,중상
2013081000100537,2013년 8월 10일 19시,토요일,대구광역시 수성구 두산동,중상사고,0,1,0,0,차대차 - 기타,안전운전불이행,건조,맑음,단일로 - 기타,승용,남,33세,상해없음,자전거,여,64세,중상
2013081000100538,2013년 8월 10일 19시,토요일,대구광역시 수성구 상동,중상사고,0,3,0,0,차대차 - 측면직각충돌,신호위반,건조,맑음,교차로 - 교차로부근,이륜,남,18세,중상,승용,여,36세,중상
2013081000100539,2013년 8월 10일 19시,토요일,대구광역시 달서구 진천동,경상사고,0,0,1,0,차대차 - 측면직각충돌,안전운전불이행,건조,맑음,교차로 - 교차로안,원동기,남,21세,경상,승합,남,52세,상해없음
2013081000100540,2013년 8월 10일 19시,토요일,대구광역시 달서구 상인동,중상사고,0,1,0,0,차대사람 - 횡단중,안전운전불이행,건조,맑음,단일로 - 기타,승용,남,30세,상해없음,보행자,여,63세,중상
2013081000100541,2013년 8월 10일 19시,토요일,대구광역시 달성군 화원읍,경상사고,0,0,1,0,차대차 - 기타,안전운전불이행,건조,맑음,교차로 - 교차로부근,이륜,남,30세,경상,승용,남,38세,상해없음
2013081000100542,2013년 8월 10일 19시,토요일,대구광역시 달서구 장기동,중상사고,0,1,0,0,차대차 - 측면직각충돌,안전거리미확보,건조,맑음,단일로 - 기타,승용,남,47세,상해없음,이륜,남,22세,중상
2013081000100562,2013년 8월 10일 20시,토요일,대구광역시 동구 봉무동,경상사고,0,0,2,0,차량단독 - 공작물충돌,안전운전불이행,건조,맑음,단일로 - 기타,원동기,남,14세,경상,,,,
2013081000100600,2013년 8월 10일 21시,토요일,대구광역시 남구 대명동,부상신고사고,0,0,0,1,차대차 - 기타,교차로운행방법위반,건조,맑음,교차로 - 교차로안,승용,여,32세,상해없음,이륜,남,17세,부상신고
2013081000100601,2013년 8월 10일 21시,토요일,대구광역시 동구 방촌동,경상사고,0,0,1,0,차대사람 - 기타,안전운전불이행,건조,맑음,단일로 - 기타,승용,남,47세,상해없음,보행자,남,58세,경상
2013081000100602,2013년 8월 10일 21시,토요일,대구광역시 수성구 황금동,중상사고,0,1,0,0,차대차 - 기타,안전운전불이행,건조,맑음,단일로 - 기타,승용,남,37세,상해없음,자전거,남,60세,중상
2013081000100603,2013년 8월 10일 21시,토요일,대구광역시 달서구 도원동,중상사고,0,1,0,0,차대차 - 추돌 - 주정차중,안전운전불이행,건조,맑음,기타 - 기타,승용,남,48세,상해없음,승용,남,38세,중상
2013081000100604,2013년 8월 10일 21시,토요일,대구광역시 달서구 용산동,경상사고,0,0,1,0,차대차 - 추돌 - 진행중,중앙선침범,건조,맑음,단일로 - 기타,승용,남,58세,상해없음,승용,남,43세,상해없음
2013081000100644,2013년 8월 10일 23시,토요일,대구광역시 동구 신암동,중상사고,0,1,1,0,차대차 - 측면직각충돌,교차로운행방법위반,건조,맑음,교차로 - 교차로안,승용,남,65세,상해없음,승용,남,24세,경상
2013081100100045,2013년 8월 11일 02시,일요일,대구광역시 중구 봉산동,중상사고,0,1,0,0,차대사람 - 기타,안전운전불이행,건조,맑음,단일로 - 횡단보도상,승용,남,24세,상해없음,보행자,남,20세,중상
2013081100100052,2013년 8월 11일 03시,일요일,대구광역시 중구 삼덕동2가,경상사고,0,0,2,0,차대차 - 측면직각충돌,안전거리미확보,건조,맑음,단일로 - 기타,승용,남,28세,상해없음,승용,여,25세,경상
2013081100100110,2013년 8월 11일 08시,일요일,대구광역시 서구 이현동,경상사고,0,0,1,0,차대사람 - 횡단중,신호위반,건조,맑음,교차로 - 교차로부근,승용,남,61세,상해없음,보행자,여,48세,경상
2013081100100111,2013년 8월 11일 08시,일요일,대구광역시 달서구 신당동,경상사고,0,0,2,0,차대차 - 기타,중앙선침범,건조,맑음,단일로 - 기타,승용,남,28세,상해없음,승용,여,29세,경상
2013081100100183,2013년 8월 11일 12시,일요일,대구광역시 달성군 현풍면,중상사고,0,1,2,0,차대차 - 기타,안전운전불이행,건조,맑음,교차로 - 교차로안,승용,여,41세,상해없음,승용,남,34세,경상
2013081100100205,2013년 8월 11일 13시,일요일,대구광역시 남구 대명동,경상사고,0,0,1,0,차대사람 - 기타,안전운전불이행,건조,맑음,단일로 - 기타,승용,남,32세,상해없음,보행자,남,47세,경상
2013081100100206,2013년 8월 11일 13시,일요일,대구광역시 수성구 만촌동,경상사고,0,0,1,0,차대차 - 측면직각충돌,교차로운행방법위반,건조,맑음,교차로 - 교차로안,승용,남,65세,상해없음,승용,여,45세,경상
2013081100100232,2013년 8월 11일 14시,일요일,대구광역시 수성구 지산동,경상사고,0,0,1,0,차대차 - 기타,안전운전불이행,건조,맑음,단일로 - 기타,승용,남,66세,상해없음,이륜,남,57세,경상
2013081100100233,2013년 8월 11일 14시,일요일,대구광역시 달서구 송현동,중상사고,0,1,0,0,차대차 - 측면직각충돌,안전운전불이행,건조,맑음,단일로 - 기타,원동기,남,66세,상해없음,화물,남,64세,상해없음
2013081100100257,2013년 8월 11일 15시,일요일,대구광역시 달성군 가창면,중상사고,0,1,0,0,차대차 - 기타,신호위반,건조,맑음,교차로 - 교차로안,승용,남,35세,상해없음,승용,남,33세,중상
2013081100100258,2013년 8월 11일 15시,일요일,대구광역시 중구 삼덕동3가,경상사고,0,0,1,0,차대차 - 기타,안전운전불이행,건조,기타,기타 - 기타,승용,남,70세,상해없음,승용,남,33세,경상
2013081100100293,2013년 8월 11일 16시,일요일,대구광역시 남구 대명동,경상사고,0,0,1,0,차대차 - 측면직각충돌,안전거리미확보,건조,맑음,교차로 - 교차로부근,승용,남,59세,상해없음,이륜,남,38세,경상
2013081100100294,2013년 8월 11일 16시,일요일,대구광역시 수성구 파동,경상사고,0,0,1,0,차대차 - 기타,안전거리미확보,건조,맑음,단일로 - 기타,승용,남,31세,상해없음,승용,여,47세,상해없음
2013081100100295,2013년 8월 11일 16시,일요일,대구광역시 북구 읍내동,경상사고,0,0,1,0,차대차 - 추돌 - 진행중,안전운전불이행,건조,맑음,단일로 - 기타,원동기,여,31세,경상,승합,남,38세,상해없음
2013081100100324,2013년 8월 11일 17시,일요일,대구광역시 수성구 상동,중상사고,0,1,0,0,차대차 - 기타,신호위반,건조,맑음,단일로 - 횡단보도상,승용,남,61세,상해없음,자전거,남,37세,중상
2013081100100325,2013년 8월 11일 17시,일요일,대구광역시 서구 비산동,경상사고,0,0,1,0,차대차 - 기타,안전운전불이행,건조,맑음,단일로 - 기타,승용,남,44세,상해없음,승용,남,53세,상해없음
2013081100100349,2013년 8월 11일 18시,일요일,대구광역시 달서구 용산동,부상신고사고,0,0,0,1,차대차 - 기타,안전운전불이행,건조,맑음,단일로 - 기타,이륜,남,16세,부상신고,승용,남,30세,기타불명
2013081100100380,2013년 8월 11일 19시,일요일,대구광역시 북구 동천동,부상신고사고,0,0,0,1,차대차 - 기타,직진우회전진행방해,건조,맑음,교차로 - 교차로안,승용,남,31세,상해없음,승용,남,39세,상해없음
2013081100100414,2013년 8월 11일 20시,일요일,대구광역시 수성구 상동,경상사고,0,0,1,0,차대차 - 기타,안전운전불이행,건조,맑음,단일로 - 기타,승용,남,61세,상해없음,승용,남,47세,경상
2013081100100434,2013년 8월 11일 21시,일요일,대구광역시 달서구 송현동,경상사고,0,0,1,0,차대차 - 측면직각충돌,안전운전불이행,건조,맑음,단일로 - 횡단보도부근,승용,남,32세,상해없음,이륜,남,42세,경상
2013081100100435,2013년 8월 11일 21시,일요일,대구광역시 서구 중리동,중상사고,0,1,2,0,차대사람 - 기타,보행자보호의무위반,건조,맑음,단일로 - 기타,승용,남,64세,상해없음,보행자,남,42세,중상
2013081200100064,2013년 8월 12일 06시,월요일,대구광역시 동구 신천동,중상사고,0,2,0,0,차대차 - 측면직각충돌,신호위반,건조,맑음,교차로 - 교차로안,건설기계,남,39세,상해없음,승용,남,75세,중상
2013081200100087,2013년 8월 12일 07시,월요일,대구광역시 달성군 다사읍,경상사고,0,0,1,0,차대차 - 기타,기타,건조,맑음,교차로 - 교차로부근,승용,남,39세,상해없음,이륜,남,55세,경상
2013081200100114,2013년 8월 12일 08시,월요일,대구광역시 달서구 송현동,경상사고,0,0,1,0,차대차 - 기타,중앙선침범,건조,맑음,단일로 - 횡단보도부근,승용,여,61세,상해없음,자전거,남,21세,경상
2013081200100115,2013년 8월 12일 08시,월요일,대구광역시 달성군 다사읍,경상사고,0,0,1,0,차대사람 - 기타,안전운전불이행,건조,맑음,교차로 - 교차로안,승용,남,50세,상해없음,보행자,남,32세,경상
2013081200100145,2013년 8월 12일 09시,월요일,대구광역시 동구 괴전동,경상사고,0,0,1,0,차대차 - 기타,안전운전불이행,건조,맑음,교차로 - 교차로부근,이륜,남,14세,상해없음,승용,여,33세,상해없음
2013081200100146,2013년 8월 12일 09시,월요일,대구광역시 수성구 황금동,경상사고,0,0,1,0,차대차 - 기타,신호위반,건조,맑음,교차로 - 교차로부근,승용,남,65세,상해없음,자전거,남,10세,경상
2013081200100147,2013년 8월 12일 09시,월요일,대구광역시 달서구 장기동,경상사고,0,0,1,0,차대차 - 기타,안전운전불이행,건조,맑음,단일로 - 기타,이륜,남,57세,경상,승용,기타불명,기타불명,기타불명
2013081200100215,2013년 8월 12일 11시,월요일,대구광역시 중구 남산동,중상사고,0,1,0,0,차대사람 - 기타,안전운전불이행,건조,맑음,단일로 - 기타,자전거,남,9세,상해없음,보행자,남,75세,중상
2013081200100276,2013년 8월 12일 13시,월요일,대구광역시 서구 비산동,경상사고,0,0,2,0,차대차 - 기타,중앙선침범,건조,맑음,단일로 - 기타,이륜,남,25세,경상,승용,여,60세,경상
2013081200100277,2013년 8월 12일 13시,월요일,대구광역시 중구 덕산동,경상사고,0,0,3,1,차대차 - 기타,안전거리미확보,건조,기타,기타 - 기타,승용,여,32세,상해없음,승용,남,54세,경상
2013081200100310,2013년 8월 12일 14시,월요일,대구광역시 동구 신천동,중상사고,0,1,0,0,차대차 - 기타,안전거리미확보,건조,맑음,단일로 - 기타,승용,여,48세,상해없음,이륜,남,28세,중상
2013081200100311,2013년 8월 12일 14시,월요일,대구광역시 달서구 상인동,경상사고,0,0,1,0,차대차 - 추돌 - 진행중,안전운전불이행,건조,맑음,단일로 - 기타,원동기,남,53세,상해없음,원동기,남,39세,경상
2013081200100312,2013년 8월 12일 14시,월요일,대구광역시 달서구 상인동,부상신고사고,0,0,0,1,차대차 - 기타,안전운전불이행,건조,맑음,단일로 - 기타,승용,기타불명,기타불명,기타불명,자전거,남,13세,부상신고
2013081200100313,2013년 8월 12일 14시,월요일,대구광역시 북구 칠성동1가,부상신고사고,0,0,0,1,차대차 - 기타,직진우회전진행방해,건조,맑음,교차로 - 교차로안,이륜,남,52세,부상신고,승용,남,42세,상해없음
2013081200100314,2013년 8월 12일 14시,월요일,대구광역시 북구 산격동,중상사고,0,1,0,0,차대차 - 기타,안전운전불이행,건조,맑음,단일로 - 기타,승용,남,73세,상해없음,승용,남,31세,상해없음
2013081200100315,2013년 8월 12일 14시,월요일,대구광역시 중구 삼덕동3가,중상사고,0,1,1,0,차대차 - 추돌 - 진행중,안전운전불이행,건조,맑음,단일로 - 기타,승용,남,31세,상해없음,승용,남,38세,중상
2013081200100316,2013년 8월 12일 14시,월요일,대구광역시 중구 동인동3가,경상사고,0,0,1,0,차대차 - 기타,안전운전불이행,건조,맑음,단일로 - 기타,기타불명,기타불명,기타불명,기타불명,승합,남,40세,경상
2013081200100352,2013년 8월 12일 15시,월요일,대구광역시 수성구 범어동,경상사고,0,0,2,0,차대차 - 측면직각충돌,안전거리미확보,건조,맑음,단일로 - 기타,승용,남,28세,상해없음,승용,남,28세,경상
2013081200100353,2013년 8월 12일 15시,월요일,대구광역시 북구 검단동,부상신고사고,0,0,0,1,차대차 - 기타,안전운전불이행,건조,맑음,단일로 - 기타,이륜,남,61세,부상신고,화물,남,45세,상해없음
2013081200100386,2013년 8월 12일 16시,월요일,대구광역시 동구 지묘동,경상사고,0,0,1,0,차대사람 - 기타,안전운전불이행,건조,맑음,단일로 - 기타,승용,남,32세,상해없음,보행자,여,62세,경상
2013081200100387,2013년 8월 12일 16시,월요일,대구광역시 동구 효목동,중상사고,0,1,0,0,차대차 - 기타,안전운전불이행,건조,맑음,단일로 - 기타,이륜,남,73세,상해없음,화물,남,60세,상해없음
2013081200100388,2013년 8월 12일 16시,월요일,대구광역시 동구 각산동,경상사고,0,0,1,0,차대사람 - 기타,보행자보호의무위반,건조,맑음,단일로 - 횡단보도상,승용,남,43세,상해없음,보행자,남,9세,경상
2013081200100389,2013년 8월 12일 16시,월요일,대구광역시 북구 칠성동2가,경상사고,0,0,1,0,차대차 - 추돌 - 진행중,안전거리미확보,건조,맑음,단일로 - 기타,승용,여,53세,상해없음,승용,남,44세,상해없음
2013081200100426,2013년 8월 12일 17시,월요일,대구광역시 서구 평리동,중상사고,0,1,0,0,차대사람 - 횡단중,안전운전불이행,건조,맑음,단일로 - 기타,승용,남,51세,상해없음,보행자,여,77세,중상
2013081200100471,2013년 8월 12일 18시,월요일,대구광역시 남구 대명동,중상사고,0,1,0,0,차대사람 - 횡단중,신호위반,건조,맑음,교차로 - 교차로안,승용,여,36세,상해없음,보행자,남,17세,중상
2013081200100472,2013년 8월 12일 18시,월요일,대구광역시 달성군 옥포면,경상사고,0,0,3,0,차대차 - 측면직각충돌,신호위반,건조,맑음,교차로 - 교차로안,이륜,남,22세,경상,승용,여,45세,경상
2013081200100473,2013년 8월 12일 18시,월요일,대구광역시 중구 달성동,중상사고,0,1,0,0,차대차 - 기타,안전거리미확보,건조,맑음,단일로 - 기타,이륜,남,77세,중상,승용,여,45세,상해없음
2013081200100474,2013년 8월 12일 18시,월요일,대구광역시 북구 태전동,중상사고,0,1,0,0,차대사람 - 차도통행중,안전운전불이행,건조,맑음,교차로 - 교차로안,승용,남,37세,상해없음,보행자,여,64세,중상
2013081200100508,2013년 8월 12일 19시,월요일,대구광역시 중구 삼덕동2가,중상사고,0,1,0,0,차대차 - 기타,안전거리미확보,건조,맑음,단일로 - 기타,승용,여,63세,상해없음,승용,남,57세,중상