사고번호,사고일시,요일,시군구,사고내용,사망자수,중상자수,경상자수,부상신고자수,사고유형,법규위반,노면상태,기상상태,도로형태,가해운전자 차종,가해운전자 성별,가해운전자 연령,가해운전자 상해정도,피해운전자 차종,피해운전자 성별,피해운전자 연령,피해운전자 상해정도
2013081200100509,2013년 8월 12일 19시,월요일,대구광역시 달서구 이곡동,중상사고,0,1,1,0,차대차 - 기타,안전운전불이행,건조,맑음,단일로 - 기타,화물,남,66세,상해없음,원동기,남,68세,중상
2013081200100510,2013년 8월 12일 19시,월요일,대구광역시 달서구 용산동,경상사고,0,0,1,0,차대차 - 측면직각충돌,직진우회전진행방해,건조,맑음,교차로 - 교차로부근,승용,남,45세,상해없음,자전거,남,22세,경상
2013081200100549,2013년 8월 12일 20시,월요일,대구광역시 달서구 용산동,경상사고,0,0,1,0,차대차 - 정면충돌,중앙선침범,건조,맑음,단일로 - 기타,승용,남,64세,상해없음,이륜,남,23세,경상
2013081200100550,2013년 8월 12일 20시,월요일,대구광역시 달서구 두류동,경상사고,0,0,1,1,차대차 - 측면직각충돌,교차로운행방법위반,건조,맑음,교차로 - 교차로부근,승용,여,48세,부상신고,승용,남,51세,경상
2013081200100576,2013년 8월 12일 21시,월요일,대구광역시 동구 동호동,경상사고,0,0,1,0,차대차 - 기타,안전운전불이행,건조,맑음,단일로 - 기타,승용,남,35세,상해없음,승용,남,46세,경상
2013081200100577,2013년 8월 12일 21시,월요일,대구광역시 달서구 상인동,중상사고,0,1,0,0,차대차 - 추돌 - 진행중,안전운전불이행,건조,맑음,교차로 - 교차로안,승용,여,56세,상해없음,자전거,남,49세,중상
2013081200100578,2013년 8월 12일 21시,월요일,대구광역시 달서구 감삼동,중상사고,0,1,1,0,차대차 - 추돌 - 진행중,안전운전불이행,건조,맑음,단일로 - 기타,승용,남,59세,상해없음,승용,남,52세,경상
2013081200100606,2013년 8월 12일 22시,월요일,대구광역시 달서구 월성동,경상사고,0,0,1,0,차대차 - 기타,교차로운행방법위반,건조,맑음,교차로 - 교차로안,원동기,남,54세,상해없음,승용,남,34세,상해없음
2013081200100607,2013년 8월 12일 22시,월요일,대구광역시 서구 내당동,경상사고,0,0,1,0,차대차 - 기타,안전운전불이행,건조,맑음,교차로 - 교차로부근,승용,남,19세,상해없음,승용,여,54세,경상
2013081300100089,2013년 8월 13일 07시,화요일,대구광역시 달서구 용산동,경상사고,0,0,1,0,차대차 - 측면직각충돌,안전운전불이행,건조,맑음,단일로 - 기타,기타불명,기타불명,기타불명,기타불명,자전거,여,45세,경상
2013081300100121,2013년 8월 13일 08시,화요일,대구광역시 북구 칠성동1가,경상사고,0,0,1,0,차대사람 - 길가장자리구역통행중,안전운전불이행,건조,맑음,교차로 - 교차로부근,승용,남,54세,상해없음,보행자,남,49세,경상
2013081300100122,2013년 8월 13일 08시,화요일,대구광역시 서구 내당동,경상사고,0,0,1,0,차대차 - 기타,교차로운행방법위반,건조,맑음,교차로 - 교차로안,승용,남,38세,상해없음,자전거,남,17세,경상
2013081300100145,2013년 8월 13일 09시,화요일,대구광역시 달서구 송현동,경상사고,0,0,1,0,차대차 - 측면직각충돌,안전운전불이행,건조,맑음,단일로 - 기타,화물,남,49세,상해없음,승용,여,27세,경상
2013081300100146,2013년 8월 13일 09시,화요일,대구광역시 달서구 성당동,경상사고,0,0,1,0,차대차 - 추돌 - 진행중,안전운전불이행,건조,맑음,단일로 - 횡단보도상,승용,남,49세,상해없음,자전거,남,11세,경상
2013081300100189,2013년 8월 13일 10시,화요일,대구광역시 수성구 사월동,경상사고,0,0,3,0,차대차 - 추돌 - 진행중,안전운전불이행,건조,맑음,교차로 - 교차로부근,승용,남,57세,상해없음,화물,남,61세,경상
2013081300100212,2013년 8월 13일 11시,화요일,대구광역시 동구 신암동,경상사고,0,0,3,0,차대차 - 추돌 - 주정차중,안전운전불이행,건조,맑음,교차로 - 교차로부근,승용,남,49세,상해없음,승용,남,61세,경상
2013081300100213,2013년 8월 13일 11시,화요일,대구광역시 달서구 송현동,중상사고,0,1,0,0,차대차 - 추돌 - 주정차중,안전운전불이행,건조,맑음,단일로 - 기타,승용,남,28세,상해없음,화물,남,54세,중상
2013081300100214,2013년 8월 13일 11시,화요일,대구광역시 북구 칠성동1가,경상사고,0,0,1,0,차대차 - 기타,안전운전불이행,건조,맑음,단일로 - 기타,승용,남,51세,상해없음,자전거,남,58세,경상
2013081300100280,2013년 8월 13일 13시,화요일,대구광역시 북구 산격동,중상사고,0,1,0,0,차량단독 - 전도전복,안전운전불이행,건조,맑음,기타 - 기타,승합,남,56세,상해없음,,,,
2013081300100324,2013년 8월 13일 14시,화요일,대구광역시 북구 대현동,중상사고,0,1,0,0,차대차 - 측면직각충돌,직진우회전진행방해,건조,맑음,교차로 - 교차로안,승용,남,61세,상해없음,원동기,남,68세,중상
2013081300100325,2013년 8월 13일 14시,화요일,대구광역시 중구 달성동,중상사고,0,1,0,1,차대차 - 측면직각충돌,불법유턴,건조,맑음,단일로 - 기타,화물,남,41세,부상신고,화물,남,29세,중상
2013081300100326,2013년 8월 13일 14시,화요일,대구광역시 북구 구암동,중상사고,0,1,0,0,차대차 - 측면직각충돌,안전운전불이행,건조,맑음,교차로 - 교차로안,승용,남,37세,상해없음,승용,여,49세,중상
2013081300100367,2013년 8월 13일 15시,화요일,대구광역시 남구 대명동,경상사고,0,0,2,0,차대차 - 추돌 - 주정차중,안전운전불이행,건조,맑음,단일로 - 기타,승용,남,57세,상해없음,승용,남,43세,상해없음
2013081300100404,2013년 8월 13일 16시,화요일,대구광역시 수성구 범어동,경상사고,0,0,1,0,차대차 - 추돌 - 주정차중,안전거리미확보,건조,맑음,교차로 - 교차로부근,승용,남,19세,상해없음,승용,남,39세,경상
2013081300100405,2013년 8월 13일 16시,화요일,대구광역시 북구 복현동,경상사고,0,0,1,0,차대사람 - 길가장자리구역통행중,안전운전불이행,건조,맑음,단일로 - 기타,화물,남,32세,상해없음,보행자,여,24세,경상
2013081300100406,2013년 8월 13일 16시,화요일,대구광역시 중구 동인동4가,경상사고,0,0,1,0,차대차 - 기타,기타,건조,맑음,단일로 - 횡단보도상,승용,남,37세,상해없음,원동기,남,33세,경상
2013081300100450,2013년 8월 13일 17시,화요일,대구광역시 동구 신서동,중상사고,0,1,0,0,차대사람 - 횡단중,안전운전불이행,건조,맑음,단일로 - 기타,화물,남,58세,상해없음,보행자,남,56세,중상
2013081300100451,2013년 8월 13일 17시,화요일,대구광역시 달서구 진천동,경상사고,0,0,1,0,차대차 - 기타,안전운전불이행,건조,맑음,단일로 - 기타,화물,남,71세,상해없음,승용,여,22세,경상
2013081300100452,2013년 8월 13일 17시,화요일,대구광역시 달성군 논공읍,경상사고,0,0,1,0,차대차 - 측면직각충돌,안전운전불이행,건조,맑음,단일로 - 기타,승용,남,71세,경상,승용,남,37세,상해없음
2013081300100453,2013년 8월 13일 17시,화요일,대구광역시 달서구 용산동,중상사고,0,1,0,0,차대사람 - 횡단중,안전운전불이행,건조,맑음,단일로 - 횡단보도상,승용,남,51세,상해없음,보행자,여,78세,중상
2013081300100486,2013년 8월 13일 18시,화요일,대구광역시 남구 이천동,중상사고,0,1,0,0,차대사람 - 기타,안전운전불이행,건조,맑음,교차로 - 교차로부근,승합,남,44세,상해없음,보행자,여,62세,중상
2013081300100487,2013년 8월 13일 18시,화요일,대구광역시 달성군 화원읍,중상사고,0,1,0,0,차대사람 - 기타,안전운전불이행,건조,맑음,단일로 - 기타,승용,여,27세,상해없음,보행자,남,12세,중상
2013081300100488,2013년 8월 13일 18시,화요일,대구광역시 북구 복현동,경상사고,0,0,1,0,차대차 - 기타,안전거리미확보,건조,맑음,단일로 - 기타,화물,남,62세,상해없음,승용,남,33세,경상
2013081300100489,2013년 8월 13일 18시,화요일,대구광역시 달서구 이곡동,경상사고,0,0,1,0,차대사람 - 기타,안전운전불이행,건조,맑음,교차로 - 교차로부근,승용,기타불명,기타불명,기타불명,보행자,여,17세,경상
2013081300100516,2013년 8월 13일 19시,화요일,대구광역시 동구 신암동,중상사고,0,1,0,0,차대사람 - 기타,안전운전불이행,건조,맑음,단일로 - 기타,승합,남,45세,상해없음,보행자,여,53세,중상
2013081300100517,2013년 8월 13일 19시,화요일,대구광역시 달서구 두류동,경상사고,0,0,1,0,차대차 - 측면직각충돌,안전운전불이행,건조,맑음,단일로 - 기타,기타불명,기타불명,기타불명,기타불명,자전거,남,21세,경상
2013081300100554,2013년 8월 13일 20시,화요일,대구광역시 동구 신천동,중상사고,0,1,0,0,차대사람 - 횡단중,안전운전불이행,건조,맑음,단일로 - 기타,승용,여,50세,상해없음,보행자,남,94세,중상
2013081300100555,2013년 8월 13일 20시,화요일,대구광역시 중구 대봉동,중상사고,0,1,2,0,차대차 - 기타,교차로운행방법위반,건조,기타,교차로 - 교차로안,승용,남,58세,상해없음,승용,남,36세,중상
2013081300100586,2013년 8월 13일 21시,화요일,대구광역시 달성군 다사읍,중상사고,0,2,1,0,차대차 - 추돌 - 주정차중,안전운전불이행,건조,맑음,교차로 - 교차로안,승용,남,49세,중상,승용,여,39세,중상
2013081300100613,2013년 8월 13일 22시,화요일,대구광역시 남구 대명동,중상사고,0,1,3,0,차대차 - 측면직각충돌,교차로운행방법위반,건조,맑음,교차로 - 교차로안,승용,여,51세,경상,승용,남,41세,중상
2013081300100614,2013년 8월 13일 22시,화요일,대구광역시 수성구 중동,중상사고,0,1,1,0,차대차 - 기타,안전운전불이행,건조,맑음,단일로 - 기타,승용,남,65세,상해없음,승용,남,47세,중상
2013081300100615,2013년 8월 13일 22시,화요일,대구광역시 달성군 옥포면,사망사고,1,0,0,0,차대사람 - 기타,안전운전불이행,건조,맑음,단일로 - 기타,승용,여,45세,상해없음,보행자,남,54세,사망
2013081300100616,2013년 8월 13일 22시,화요일,대구광역시 북구 고성동1가,경상사고,0,0,1,0,차대차 - 기타,안전운전불이행,건조,맑음,교차로 - 교차로안,승용,남,45세,상해없음,원동기,남,62세,경상
2013081400100035,2013년 8월 14일 02시,수요일,대구광역시 달서구 상인동,경상사고,0,0,2,0,차대차 - 측면직각충돌,교차로운행방법위반,건조,맑음,교차로 - 교차로안,승용,남,33세,상해없음,승용,남,46세,경상
2013081400100036,2013년 8월 14일 02시,수요일,대구광역시 달서구 상인동,경상사고,0,0,1,0,차대사람 - 횡단중,안전운전불이행,건조,맑음,단일로 - 기타,승용,남,46세,상해없음,보행자,남,26세,경상
2013081400100055,2013년 8월 14일 04시,수요일,대구광역시 달서구 본동,경상사고,0,0,1,0,차대차 - 기타,교차로운행방법위반,건조,맑음,교차로 - 교차로안,화물,남,59세,상해없음,승용,남,59세,상해없음
2013081400100056,2013년 8월 14일 04시,수요일,대구광역시 북구 고성동3가,중상사고,0,1,0,0,차대사람 - 기타,안전운전불이행,건조,맑음,단일로 - 기타,승용,남,63세,상해없음,보행자,여,53세,중상
2013081400100057,2013년 8월 14일 04시,수요일,대구광역시 서구 비산동,중상사고,0,1,0,0,차대사람 - 기타,안전운전불이행,건조,맑음,교차로 - 교차로안,승용,남,64세,상해없음,보행자,남,71세,중상
2013081400100058,2013년 8월 14일 04시,수요일,대구광역시 서구 내당동,경상사고,0,0,1,0,차대차 - 기타,안전운전불이행,건조,맑음,교차로 - 교차로부근,승용,남,61세,상해없음,이륜,여,48세,경상
2013081400100059,2013년 8월 14일 04시,수요일,대구광역시 달서구 이곡동,경상사고,0,0,1,0,차대차 - 측면직각충돌,중앙선침범,건조,맑음,교차로 - 교차로부근,승용,남,27세,상해없음,승용,남,24세,경상
2013081400100089,2013년 8월 14일 07시,수요일,대구광역시 북구 산격동,경상사고,0,0,1,0,차대차 - 기타,안전운전불이행,건조,맑음,교차로 - 교차로부근,자전거,남,48세,경상,승용,남,31세,상해없음
2013081400100090,2013년 8월 14일 07시,수요일,대구광역시 서구 평리동,중상사고,0,1,0,0,차대차 - 측면직각충돌,신호위반,건조,맑음,교차로 - 교차로안,승용,여,61세,상해없음,이륜,남,59세,중상
2013081400100123,2013년 8월 14일 08시,수요일,대구광역시 수성구 상동,경상사고,0,0,1,0,차대차 - 기타,안전운전불이행,건조,맑음,단일로 - 기타,화물,남,58세,상해없음,자전거,남,21세,경상
2013081400100124,2013년 8월 14일 08시,수요일,대구광역시 서구 원대동1가,경상사고,0,0,1,0,차대차 - 측면직각충돌,안전운전불이행,건조,맑음,교차로 - 교차로안,승용,여,32세,상해없음,이륜,남,74세,경상
2013081400100149,2013년 8월 14일 09시,수요일,대구광역시 동구 율하동,중상사고,0,1,0,0,차대차 - 측면직각충돌,신호위반,건조,맑음,교차로 - 교차로부근,자전거,남,77세,중상,승용,여,36세,상해없음
2013081400100150,2013년 8월 14일 09시,수요일,대구광역시 수성구 만촌동,경상사고,0,0,2,0,차대차 - 추돌 - 진행중,안전거리미확보,건조,맑음,교차로 - 교차로안,승용,남,64세,상해없음,화물,남,24세,경상
2013081400100151,2013년 8월 14일 09시,수요일,대구광역시 수성구 두산동,중상사고,0,1,0,0,차대차 - 기타,안전운전불이행,건조,맑음,교차로 - 교차로안,승용,남,72세,상해없음,이륜,여,47세,중상
2013081400100152,2013년 8월 14일 09시,수요일,대구광역시 서구 비산동,경상사고,0,0,1,0,차대차 - 측면직각충돌,안전운전불이행,건조,맑음,단일로 - 기타,승용,남,41세,상해없음,자전거,남,39세,경상
2013081400100153,2013년 8월 14일 09시,수요일,대구광역시 달서구 이곡동,경상사고,0,0,3,0,차대차 - 측면직각충돌,안전거리미확보,건조,맑음,단일로 - 기타,승용,남,45세,상해없음,승용,여,57세,경상
2013081400100181,2013년 8월 14일 10시,수요일,대구광역시 달서구 진천동,경상사고,0,0,1,0,차대차 - 추돌 - 진행중,안전운전불이행,건조,맑음,기타 - 기타,승용,남,34세,상해없음,자전거,남,11세,경상
2013081400100182,2013년 8월 14일 10시,수요일,대구광역시 서구 비산동,경상사고,0,0,2,0,차대차 - 측면직각충돌,안전운전불이행,건조,맑음,단일로 - 기타,승용,남,76세,상해없음,승용,여,36세,경상
2013081400100210,2013년 8월 14일 11시,수요일,대구광역시 남구 대명동,경상사고,0,0,1,0,차대차 - 측면직각충돌,안전거리미확보,건조,맑음,단일로 - 기타,승용,남,64세,상해없음,승용,여,50세,경상
2013081400100211,2013년 8월 14일 11시,수요일,대구광역시 동구 불로동,경상사고,0,0,3,0,차대차 - 추돌 - 주정차중,안전운전불이행,건조,맑음,단일로 - 기타,승용,남,32세,경상,승용,남,54세,경상
2013081400100212,2013년 8월 14일 11시,수요일,대구광역시 서구 평리동,경상사고,0,0,1,0,차대사람 - 기타,안전운전불이행,건조,맑음,단일로 - 기타,승용,남,50세,상해없음,보행자,남,40세,경상
2013081400100230,2013년 8월 14일 12시,수요일,대구광역시 동구 신암동,중상사고,0,1,0,0,차대차 - 측면직각충돌,기타,건조,맑음,교차로 - 교차로안,승용,남,62세,상해없음,이륜,남,44세,중상
2013081400100231,2013년 8월 14일 12시,수요일,대구광역시 달서구 상인동,중상사고,0,1,0,0,차대차 - 기타,불법유턴,건조,맑음,교차로 - 교차로부근,자전거,남,55세,중상,승용,남,66세,상해없음
2013081400100291,2013년 8월 14일 14시,수요일,대구광역시 동구 신평동,경상사고,0,0,1,0,차대차 - 측면직각충돌,안전운전불이행,건조,맑음,단일로 - 기타,승용,여,28세,상해없음,승용,남,54세,경상
2013081400100292,2013년 8월 14일 14시,수요일,대구광역시 북구 노원동3가,경상사고,0,0,1,0,차대차 - 추돌 - 진행중,안전거리미확보,건조,맑음,단일로 - 기타,승용,남,29세,상해없음,승용,여,49세,경상
2013081400100326,2013년 8월 14일 15시,수요일,대구광역시 북구 복현동,부상신고사고,0,0,0,1,차대차 - 측면직각충돌,신호위반,건조,맑음,교차로 - 교차로안,원동기,남,16세,부상신고,승용,남,52세,상해없음
2013081400100327,2013년 8월 14일 15시,수요일,대구광역시 중구 대봉동,경상사고,0,0,1,0,차대차 - 기타,안전운전불이행,건조,맑음,단일로 - 기타,승용,남,48세,상해없음,이륜,남,23세,경상
2013081400100328,2013년 8월 14일 15시,수요일,대구광역시 중구 삼덕동3가,중상사고,0,1,0,0,차량단독 - 기타,기타,건조,맑음,단일로 - 기타,승합,남,42세,상해없음,,,,
2013081400100329,2013년 8월 14일 15시,수요일,대구광역시 북구 동천동,중상사고,0,1,0,0,차대차 - 측면직각충돌,교차로운행방법위반,건조,맑음,교차로 - 교차로안,승용,여,45세,상해없음,승용,여,36세,중상
2013081400100362,2013년 8월 14일 16시,수요일,대구광역시 동구 신암동,경상사고,0,0,1,0,차대차 - 추돌 - 주정차중,안전거리미확보,건조,맑음,단일로 - 기타,승용,남,58세,상해없음,승용,남,49세,경상
2013081400100363,2013년 8월 14일 16시,수요일,대구광역시 수성구 수성동2가,중상사고,0,1,0,0,차대차 - 기타,중앙선침범,건조,맑음,단일로 - 기타,화물,남,46세,상해없음,자전거,남,61세,중상
2013081400100364,2013년 8월 14일 16시,수요일,대구광역시 중구 공평동,중상사고,0,1,0,0,차대사람 - 보도통행중,안전운전불이행,건조,기타,단일로 - 기타,승용,남,27세,상해없음,보행자,남,32세,중상
2013081400100399,2013년 8월 14일 17시,수요일,대구광역시 동구 불로동,중상사고,0,4,1,0,차대차 - 추돌 - 진행중,안전운전불이행,건조,맑음,단일로 - 기타,화물,남,32세,상해없음,화물,남,63세,중상
2013081400100400,2013년 8월 14일 17시,수요일,대구광역시 북구 검단동,중상사고,0,1,2,0,차대차 - 추돌 - 진행중,안전거리미확보,건조,맑음,단일로 - 기타,화물,남,23세,상해없음,승용,남,33세,경상
2013081400100404,2013년 8월 14일 17시,수요일,대구광역시 동구 용수동,중상사고,0,1,0,0,차량단독 - 기타,안전운전불이행,건조,맑음,단일로 - 기타,원동기,남,19세,기타불명,,,,
2013081400100405,2013년 8월 14일 17시,수요일,대구광역시 달서구 상인동,경상사고,0,0,1,0,차대사람 - 횡단중,보행자보호의무위반,건조,맑음,교차로 - 교차로안,승용,기타불명,기타불명,기타불명,보행자,남,7세,경상
2013081400100440,2013년 8월 14일 18시,수요일,대구광역시 북구 노원동1가,경상사고,0,0,1,0,차대차 - 기타,안전운전불이행,건조,맑음,단일로 - 기타,승용,여,38세,상해없음,승합,남,58세,상해없음
2013081400100477,2013년 8월 14일 19시,수요일,대구광역시 동구 신암동,부상신고사고,0,0,0,1,차대차 - 측면직각충돌,안전운전불이행,건조,맑음,단일로 - 기타,자전거,남,8세,부상신고,승용,남,50세,상해없음
2013081400100478,2013년 8월 14일 19시,수요일,대구광역시 북구 노원동2가,경상사고,0,0,4,0,차대차 - 추돌 - 진행중,안전운전불이행,건조,맑음,단일로 - 기타,승합,남,57세,상해없음,승용,여,35세,경상
2013081400100479,2013년 8월 14일 19시,수요일,대구광역시 달서구 두류동,경상사고,0,0,2,0,차대차 - 추돌 - 진행중,안전거리미확보,건조,맑음,교차로 - 교차로부근,화물,남,75세,상해없음,승용,남,33세,경상
2013081400100523,2013년 8월 14일 20시,수요일,대구광역시 수성구 두산동,중상사고,0,1,0,0,차대사람 - 횡단중,보행자보호의무위반,건조,맑음,단일로 - 횡단보도상,승용,남,33세,상해없음,보행자,여,57세,중상
2013081400100525,2013년 8월 14일 20시,수요일,대구광역시 북구 노원동2가,경상사고,0,0,1,0,차대차 - 측면직각충돌,안전운전불이행,건조,맑음,교차로 - 교차로안,승용,기타불명,기타불명,기타불명,자전거,남,77세,경상
2013081400100556,2013년 8월 14일 21시,수요일,대구광역시 남구 봉덕동,중상사고,0,2,1,0,차대차 - 기타,교차로운행방법위반,건조,맑음,교차로 - 교차로안,승용,남,61세,상해없음,승용,남,28세,경상
2013081400100557,2013년 8월 14일 21시,수요일,대구광역시 동구 동호동,경상사고,0,0,1,0,차대차 - 기타,안전거리미확보,건조,맑음,단일로 - 기타,화물,남,45세,상해없음,이륜,남,23세,경상
2013081400100580,2013년 8월 14일 22시,수요일,대구광역시 남구 봉덕동,경상사고,0,0,1,0,차대차 - 추돌 - 주정차중,안전거리미확보,건조,맑음,교차로 - 교차로부근,승용,여,51세,상해없음,승용,여,36세,경상
2013081500100045,2013년 8월 15일 01시,목요일,대구광역시 달서구 송현동,부상신고사고,0,0,0,1,차대사람 - 길가장자리구역통행중,안전운전불이행,건조,맑음,교차로 - 교차로안,승용,기타불명,기타불명,기타불명,보행자,남,45세,부상신고
2013081500100046,2013년 8월 15일 01시,목요일,대구광역시 북구 노원동1가,중상사고,0,1,0,0,차대차 - 측면직각충돌,신호위반,건조,맑음,교차로 - 교차로안,승용,남,58세,상해없음,승용,남,44세,중상
2013081500100047,2013년 8월 15일 01시,목요일,대구광역시 달서구 용산동,경상사고,0,0,2,0,차대차 - 측면직각충돌,안전운전불이행,건조,맑음,단일로 - 기타,화물,남,36세,상해없음,승용,남,40세,경상
2013081500100048,2013년 8월 15일 01시,목요일,대구광역시 북구 서변동,중상사고,0,1,0,0,차량단독 - 기타,안전운전불이행,건조,맑음,단일로 - 기타,승용,남,27세,상해없음,,,,
2013081500100077,2013년 8월 15일 03시,목요일,대구광역시 달서구 진천동,중상사고,0,1,0,0,차대사람 - 기타,안전운전불이행,건조,맑음,단일로 - 기타,화물,남,55세,상해없음,보행자,남,41세,중상
2013081500100078,2013년 8월 15일 03시,목요일,대구광역시 서구 내당동,경상사고,0,0,1,0,차대차 - 기타,신호위반,건조,맑음,교차로 - 교차로안,승용,기타불명,기타불명,기타불명,승용,남,46세,경상
2013081500100084,2013년 8월 15일 04시,목요일,대구광역시 서구 비산동,경상사고,0,0,1,0,차대사람 - 기타,안전운전불이행,건조,맑음,단일로 - 기타,승용,남,35세,상해없음,보행자,남,42세,경상
2013081500100111,2013년 8월 15일 06시,목요일,대구광역시 동구 방촌동,중상사고,0,1,0,0,차대차 - 정면충돌,중앙선침범,건조,맑음,단일로 - 기타,자전거,남,41세,중상,승합,남,30세,상해없음
2013081500100112,2013년 8월 15일 06시,목요일,대구광역시 서구 평리동,중상사고,0,1,0,0,차대차 - 추돌 - 주정차중,안전운전불이행,건조,맑음,교차로 - 교차로부근,승용,남,53세,상해없음,승용,남,68세,중상
2013081500100130,2013년 8월 15일 07시,목요일,대구광역시 달서구 대천동,경상사고,0,0,2,0,차대차 - 추돌 - 주정차중,교차로운행방법위반,건조,맑음,교차로 - 교차로안,화물,기타불명,기타불명,기타불명,승용,남,25세,경상
2013081500100149,2013년 8월 15일 08시,목요일,대구광역시 동구 지묘동,경상사고,0,0,1,0,차대사람 - 기타,안전운전불이행,건조,맑음,교차로 - 교차로안,화물,남,65세,상해없음,보행자,남,27세,경상
2013081500100150,2013년 8월 15일 08시,목요일,대구광역시 동구 효목동,경상사고,0,0,1,0,차대차 - 기타,안전운전불이행,건조,맑음,단일로 - 기타,승용,기타불명,기타불명,기타불명,자전거,남,60세,경상
2013081500100151,2013년 8월 15일 08시,목요일,대구광역시 수성구 만촌동,중상사고,0,1,0,0,차대사람 - 기타,중앙선침범,건조,맑음,단일로 - 기타,승용,남,51세,상해없음,보행자,여,43세,중상
2013081500100180,2013년 8월 15일 09시,목요일,대구광역시 수성구 범물동,경상사고,0,0,1,0,차대차 - 기타,안전운전불이행,건조,맑음,단일로 - 기타,승용,남,51세,상해없음,승용,남,28세,경상
2013081500100204,2013년 8월 15일 10시,목요일,대구광역시 달서구 상인동,중상사고,0,1,0,0,차대사람 - 횡단중,보행자보호의무위반,건조,맑음,단일로 - 횡단보도상,승용,남,61세,상해없음,보행자,여,47세,중상
2013081500100235,2013년 8월 15일 11시,목요일,대구광역시 달성군 다사읍,경상사고,0,0,1,0,차대차 - 기타,안전운전불이행,건조,맑음,교차로 - 교차로부근,승용,남,61세,상해없음,원동기,남,39세,경상
2013081500100259,2013년 8월 15일 12시,목요일,대구광역시 달서구 두류동,중상사고,0,1,0,0,차대차 - 측면직각충돌,기타,건조,맑음,단일로 - 기타,승용,남,60세,상해없음,화물,여,61세,기타불명
2013081500100290,2013년 8월 15일 13시,목요일,대구광역시 수성구 파동,경상사고,0,0,3,0,차대차 - 추돌 - 주정차중,안전운전불이행,건조,맑음,단일로 - 기타,승용,남,62세,상해없음,화물,남,43세,경상
2013081500100343,2013년 8월 15일 15시,목요일,대구광역시 북구 국우동,부상신고사고,0,0,0,1,차대차 - 추돌 - 진행중,안전운전불이행,건조,맑음,교차로 - 교차로부근,이륜,남,20세,부상신고,승용,여,41세,상해없음
2013081500100383,2013년 8월 15일 16시,목요일,대구광역시 달성군 다사읍,중상사고,0,1,0,0,차대차 - 측면직각충돌,안전운전불이행,건조,맑음,단일로 - 기타,승용,남,60세,상해없음,자전거,여,9세,중상
2013081500100420,2013년 8월 15일 17시,목요일,대구광역시 달서구 상인동,경상사고,0,0,1,0,차대차 - 기타,중앙선침범,건조,맑음,교차로 - 교차로안,자전거,남,78세,경상,원동기,남,32세,상해없음
2013081500100450,2013년 8월 15일 18시,목요일,대구광역시 달서구 두류동,경상사고,0,0,4,0,차대차 - 추돌 - 진행중,안전운전불이행,건조,맑음,단일로 - 기타,승용,남,38세,경상,승용,여,55세,경상
2013081500100478,2013년 8월 15일 19시,목요일,대구광역시 수성구 신매동,중상사고,0,1,0,0,차대사람 - 횡단중,안전운전불이행,건조,맑음,교차로 - 교차로안,승용,남,49세,상해없음,보행자,남,40세,중상
2013081500100479,2013년 8월 15일 19시,목요일,대구광역시 북구 산격동,부상신고사고,0,0,0,1,차대사람 - 기타,안전운전불이행,건조,맑음,기타 - 기타,자전거,여,50세,부상신고,보행자,여,59세,상해없음
2013081500100546,2013년 8월 15일 22시,목요일,대구광역시 중구 덕산동,부상신고사고,0,0,0,1,차량단독 - 기타,안전운전불이행,건조,기타,단일로 - 기타,이륜,남,23세,부상신고,,,,
2013081500100547,2013년 8월 15일 22시,목요일,대구광역시 북구 서변동,중상사고,0,1,0,0,차대차 - 추돌 - 진행중,안전거리미확보,건조,맑음,교차로 - 교차로안,화물,남,48세,상해없음,승용,남,63세,중상
2013081500100562,2013년 8월 15일 23시,목요일,대구광역시 동구 신암동,중상사고,0,1,1,0,차대차 - 추돌 - 진행중,교차로운행방법위반,건조,맑음,교차로 - 교차로안,화물,남,53세,상해없음,승용,남,57세,중상
2013081500100563,2013년 8월 15일 23시,목요일,대구광역시 북구 구암동,중상사고,0,3,5,0,차대차 - 추돌 - 진행중,안전운전불이행,건조,맑음,단일로 - 횡단보도부근,승용,남,49세,상해없음,승용,남,47세,중상
2013081600100038,2013년 8월 16일 03시,금요일,대구광역시 남구 대명동,중상사고,0,1,0,0,차량단독 - 공작물충돌,안전운전불이행,건조,맑음,단일로 - 기타,승용,남,23세,중상,,,,
2013081600100039,2013년 8월 16일 03시,금요일,대구광역시 동구 신암동,부상신고사고,0,0,0,5,차대차 - 추돌 - 주정차중,안전운전불이행,건조,맑음,단일로 - 기타,승용,남,55세,상해없음,승용,남,34세,부상신고
2013081600100041,2013년 8월 16일 04시,금요일,대구광역시 동구 신암동,부상신고사고,0,0,0,1,차량단독 - 기타,안전운전불이행,건조,맑음,교차로 - 교차로안,승용,남,24세,상해없음,,,,
2013081600100053,2013년 8월 16일 05시,금요일,대구광역시 중구 삼덕동1가,경상사고,0,0,1,0,차대사람 - 기타,안전운전불이행,건조,기타,기타 - 기타,화물,남,47세,상해없음,보행자,남,26세,경상
2013081600100072,2013년 8월 16일 06시,금요일,대구광역시 동구 신천동,경상사고,0,0,2,0,차대차 - 추돌 - 진행중,안전거리미확보,건조,맑음,단일로 - 기타,승용,여,37세,상해없음,승용,남,33세,경상