사고번호,사고일시,요일,시군구,사고내용,사망자수,중상자수,경상자수,부상신고자수,사고유형,법규위반,노면상태,기상상태,도로형태,가해운전자 차종,가해운전자 성별,가해운전자 연령,가해운전자 상해정도,피해운전자 차종,피해운전자 성별,피해운전자 연령,피해운전자 상해정도
2013082200100253,2013년 8월 22일 12시,목요일,대구광역시 북구 동천동,중상사고,0,1,0,0,차대차 - 측면직각충돌,신호위반,건조,맑음,교차로 - 교차로안,승용,여,46세,상해없음,자전거,남,63세,중상
2013082200100312,2013년 8월 22일 14시,목요일,대구광역시 북구 침산동,경상사고,0,0,1,0,차대차 - 기타,안전운전불이행,건조,맑음,단일로 - 기타,승용,남,34세,상해없음,승용,남,46세,경상
2013082200100339,2013년 8월 22일 15시,목요일,대구광역시 달성군 가창면,중상사고,0,1,0,0,차대사람 - 기타,안전운전불이행,건조,맑음,단일로 - 기타,승합,남,45세,상해없음,보행자,여,70세,중상
2013082200100366,2013년 8월 22일 16시,목요일,대구광역시 동구 신천동,경상사고,0,0,1,0,차대사람 - 횡단중,보행자보호의무위반,건조,맑음,단일로 - 횡단보도상,승용,남,21세,상해없음,보행자,남,38세,경상
2013082200100399,2013년 8월 22일 17시,목요일,대구광역시 남구 이천동,경상사고,0,0,1,0,차대차 - 추돌 - 진행중,안전거리미확보,건조,맑음,교차로 - 교차로부근,승용,남,53세,상해없음,승용,남,57세,경상
2013082200100400,2013년 8월 22일 17시,목요일,대구광역시 북구 산격동,중상사고,0,1,0,0,차대차 - 기타,차로위반,건조,맑음,단일로 - 기타,승합,남,28세,상해없음,원동기,남,51세,중상
2013082200100433,2013년 8월 22일 18시,목요일,대구광역시 동구 율하동,경상사고,0,0,1,0,차대사람 - 기타,안전운전불이행,건조,맑음,기타 - 기타,승용,기타불명,기타불명,기타불명,보행자,여,78세,경상
2013082200100434,2013년 8월 22일 18시,목요일,대구광역시 북구 복현동,중상사고,0,1,0,0,차대사람 - 횡단중,안전운전불이행,건조,맑음,단일로 - 횡단보도부근,화물,남,60세,상해없음,보행자,여,16세,중상
2013082200100435,2013년 8월 22일 18시,목요일,대구광역시 북구 노원동1가,경상사고,0,0,1,0,차대차 - 기타,안전운전불이행,건조,흐림,단일로 - 기타,승용,남,60세,상해없음,승용,여,50세,경상
2013082200100436,2013년 8월 22일 18시,목요일,대구광역시 달서구 장기동,경상사고,0,0,1,0,차대차 - 기타,안전운전불이행,건조,맑음,단일로 - 기타,승용,여,53세,상해없음,자전거,남,58세,경상
2013082200100437,2013년 8월 22일 18시,목요일,대구광역시 달서구 본리동,중상사고,0,1,0,0,차대사람 - 횡단중,안전운전불이행,건조,맑음,교차로 - 교차로안,승용,여,42세,상해없음,보행자,남,11세,중상
2013082200100475,2013년 8월 22일 19시,목요일,대구광역시 달서구 상인동,경상사고,0,0,1,0,차대차 - 기타,교차로운행방법위반,습기,비,교차로 - 교차로부근,승용,남,68세,상해없음,원동기,남,40세,경상
2013082200100476,2013년 8월 22일 19시,목요일,대구광역시 북구 산격동,경상사고,0,0,1,0,차대차 - 측면직각충돌,안전운전불이행,습기,비,단일로 - 기타,승용,남,31세,상해없음,원동기,남,55세,경상
2013082200100477,2013년 8월 22일 19시,목요일,대구광역시 달서구 감삼동,경상사고,0,0,1,0,차대차 - 추돌 - 주정차중,안전운전불이행,습기,비,단일로 - 기타,승용,남,57세,상해없음,승용,여,32세,상해없음
2013082200100514,2013년 8월 22일 20시,목요일,대구광역시 수성구 두산동,부상신고사고,0,0,0,1,차대차 - 기타,안전운전불이행,습기,비,단일로 - 기타,승용,남,51세,상해없음,이륜,남,22세,부상신고
2013082200100557,2013년 8월 22일 21시,목요일,대구광역시 달성군 현풍면,경상사고,0,0,1,0,차대차 - 측면직각충돌,안전운전불이행,건조,맑음,교차로 - 교차로안,이륜,남,32세,경상,승용,남,35세,상해없음
2013082200100558,2013년 8월 22일 21시,목요일,대구광역시 북구 읍내동,중상사고,0,1,0,0,차대차 - 측면직각충돌,신호위반,습기,비,교차로 - 교차로안,승용,여,44세,상해없음,승용,남,46세,중상
2013082200100559,2013년 8월 22일 21시,목요일,대구광역시 북구 태전동,경상사고,0,0,1,0,차대차 - 추돌 - 주정차중,안전운전불이행,건조,맑음,단일로 - 기타,승용,남,41세,상해없음,이륜,남,49세,경상
2013082200100586,2013년 8월 22일 22시,목요일,대구광역시 동구 율하동,경상사고,0,0,1,0,차대차 - 추돌 - 진행중,안전운전불이행,건조,맑음,단일로 - 기타,승용,여,36세,상해없음,승용,여,54세,상해없음
2013082200100588,2013년 8월 22일 22시,목요일,대구광역시 수성구 상동,경상사고,0,0,2,0,차대차 - 측면직각충돌,안전운전불이행,습기,비,교차로 - 교차로부근,승합,남,45세,기타불명,승용,여,39세,경상
2013082200100589,2013년 8월 22일 22시,목요일,대구광역시 중구 남산동,중상사고,0,1,0,0,차대차 - 기타,안전거리미확보,습기,흐림,단일로 - 기타,승용,남,61세,상해없음,원동기,남,33세,중상
2013082200100590,2013년 8월 22일 22시,목요일,대구광역시 달서구 두류동,경상사고,0,0,1,0,차대사람 - 기타,안전운전불이행,습기,흐림,단일로 - 기타,승용,여,28세,상해없음,보행자,여,45세,경상
2013082200100591,2013년 8월 22일 22시,목요일,대구광역시 달서구 두류동,경상사고,0,0,2,0,차대차 - 측면직각충돌,신호위반,건조,맑음,교차로 - 교차로안,승합,남,58세,상해없음,승용,남,28세,경상
2013082200100617,2013년 8월 22일 23시,목요일,대구광역시 달성군 현풍면,경상사고,0,0,1,0,차대차 - 기타,안전운전불이행,건조,맑음,단일로 - 기타,승용,여,24세,상해없음,승용,남,25세,경상
2013082200100618,2013년 8월 22일 23시,목요일,대구광역시 서구 비산동,경상사고,0,0,2,0,차대차 - 추돌 - 주정차중,안전운전불이행,건조,맑음,교차로 - 교차로부근,승용,남,53세,상해없음,승용,남,29세,경상
2013082300100035,2013년 8월 23일 01시,금요일,대구광역시 동구 방촌동,경상사고,0,0,1,0,차대차 - 추돌 - 주정차중,안전운전불이행,습기,흐림,교차로 - 교차로부근,승용,남,54세,상해없음,화물,남,46세,경상
2013082300100036,2013년 8월 23일 01시,금요일,대구광역시 수성구 범물동,경상사고,0,0,3,0,차대차 - 기타,교차로운행방법위반,건조,맑음,교차로 - 교차로안,승용,남,45세,경상,승용,남,49세,경상
2013082300100063,2013년 8월 23일 03시,금요일,대구광역시 수성구 중동,경상사고,0,0,3,0,차대차 - 기타,안전거리미확보,건조,맑음,단일로 - 기타,승용,남,50세,상해없음,승용,남,49세,경상
2013082300100126,2013년 8월 23일 06시,금요일,대구광역시 달서구 두류동,중상사고,0,1,0,0,차대차 - 기타,안전거리미확보,건조,흐림,단일로 - 기타,승용,남,71세,상해없음,이륜,남,63세,중상
2013082300100194,2013년 8월 23일 08시,금요일,대구광역시 달성군 하빈면,사망사고,1,0,0,0,차대사람 - 기타,안전운전불이행,건조,흐림,단일로 - 기타,화물,남,64세,상해없음,보행자,여,59세,사망
2013082300100195,2013년 8월 23일 08시,금요일,대구광역시 중구 동인동1가,중상사고,0,1,2,0,차대차 - 측면직각충돌,교차로운행방법위반,습기,비,교차로 - 교차로안,승용,여,39세,경상,승용,남,39세,경상
2013082300100226,2013년 8월 23일 09시,금요일,대구광역시 수성구 만촌동,경상사고,0,0,1,0,차대차 - 추돌 - 진행중,안전운전불이행,건조,맑음,교차로 - 교차로부근,기타불명,기타불명,기타불명,기타불명,승용,여,48세,경상
2013082300100250,2013년 8월 23일 10시,금요일,대구광역시 수성구 황금동,경상사고,0,0,1,0,차대차 - 추돌 - 진행중,안전운전불이행,습기,비,단일로 - 기타,승용,남,25세,상해없음,승용,여,38세,경상
2013082300100265,2013년 8월 23일 11시,금요일,대구광역시 북구 고성동2가,경상사고,0,0,1,0,차대차 - 측면직각충돌,안전거리미확보,습기,비,교차로 - 교차로부근,승용,여,68세,상해없음,승용,남,67세,경상
2013082300100266,2013년 8월 23일 11시,금요일,대구광역시 서구 평리동,경상사고,0,0,2,0,차대차 - 추돌 - 진행중,안전운전불이행,건조,맑음,단일로 - 기타,승용,남,52세,상해없음,승용,남,53세,경상
2013082300100291,2013년 8월 23일 12시,금요일,대구광역시 달서구 월성동,경상사고,0,0,2,0,차대차 - 추돌 - 주정차중,안전운전불이행,습기,비,단일로 - 기타,화물,남,34세,상해없음,승용,남,62세,경상
2013082300100319,2013년 8월 23일 13시,금요일,대구광역시 달성군 구지면,경상사고,0,0,1,0,차대차 - 기타,안전운전불이행,습기,비,교차로 - 교차로안,승용,남,25세,상해없음,승용,남,32세,경상
2013082300100348,2013년 8월 23일 14시,금요일,대구광역시 서구 내당동,경상사고,0,0,1,0,차대차 - 기타,안전운전불이행,습기,비,교차로 - 교차로부근,승용,남,36세,상해없음,이륜,남,24세,경상
2013082300100349,2013년 8월 23일 14시,금요일,대구광역시 중구 삼덕동1가,경상사고,0,0,1,0,차대차 - 추돌 - 주정차중,안전운전불이행,건조,맑음,단일로 - 기타,승용,남,72세,상해없음,승용,남,39세,경상
2013082300100350,2013년 8월 23일 14시,금요일,대구광역시 북구 읍내동,경상사고,0,0,1,0,차대차 - 추돌 - 주정차중,안전운전불이행,습기,비,단일로 - 기타,승용,남,47세,상해없음,승용,여,34세,경상
2013082300100381,2013년 8월 23일 15시,금요일,대구광역시 북구 산격동,경상사고,0,0,1,0,차량단독 - 공작물충돌,안전운전불이행,건조,맑음,단일로 - 기타,승용,남,54세,경상,,,,
2013082300100417,2013년 8월 23일 16시,금요일,대구광역시 수성구 범물동,경상사고,0,0,1,0,차대사람 - 횡단중,보행자보호의무위반,습기,비,단일로 - 횡단보도상,승용,남,55세,상해없음,보행자,남,6세,경상
2013082300100418,2013년 8월 23일 16시,금요일,대구광역시 중구 서문로1가,중상사고,0,1,0,0,차대차 - 기타,안전운전불이행,습기,비,단일로 - 기타,화물,남,55세,상해없음,이륜,남,28세,중상
2013082300100439,2013년 8월 23일 17시,금요일,대구광역시 수성구 수성동1가,중상사고,0,1,0,0,차대차 - 측면직각충돌,신호위반,건조,맑음,교차로 - 교차로안,승용,남,36세,상해없음,이륜,남,35세,중상
2013082300100489,2013년 8월 23일 18시,금요일,대구광역시 수성구 황금동,중상사고,0,1,0,0,차대차 - 측면직각충돌,안전운전불이행,습기,맑음,단일로 - 기타,승용,여,37세,상해없음,이륜,남,58세,중상
2013082300100490,2013년 8월 23일 18시,금요일,대구광역시 수성구 시지동,중상사고,0,1,4,0,차대차 - 측면직각충돌,신호위반,건조,맑음,교차로 - 교차로안,승합,남,27세,상해없음,승용,남,36세,경상
2013082300100491,2013년 8월 23일 18시,금요일,대구광역시 달서구 진천동,중상사고,0,1,0,0,차대사람 - 횡단중,보행자보호의무위반,습기,비,단일로 - 횡단보도상,승용,여,45세,상해없음,보행자,여,37세,중상
2013082300100492,2013년 8월 23일 18시,금요일,대구광역시 북구 산격동,중상사고,0,1,0,0,차대사람 - 횡단중,안전운전불이행,건조,맑음,단일로 - 기타,승용,남,58세,상해없음,보행자,남,14세,중상
2013082300100493,2013년 8월 23일 18시,금요일,대구광역시 서구 내당동,경상사고,0,0,1,0,차대차 - 기타,차로위반,건조,맑음,단일로 - 기타,승용,남,37세,상해없음,승용,여,47세,경상
2013082300100494,2013년 8월 23일 18시,금요일,대구광역시 중구 동인동1가,경상사고,0,0,2,0,차대차 - 기타,안전운전불이행,건조,맑음,단일로 - 기타,승합,남,48세,상해없음,승용,여,35세,경상
2013082300100495,2013년 8월 23일 18시,금요일,대구광역시 달서구 두류동,부상신고사고,0,0,0,1,차대차 - 측면직각충돌,안전운전불이행,건조,맑음,교차로 - 교차로안,자전거,남,22세,부상신고,화물,남,51세,상해없음
2013082300100496,2013년 8월 23일 18시,금요일,대구광역시 북구 태전동,경상사고,0,0,1,0,차대사람 - 차도통행중,안전운전불이행,건조,맑음,단일로 - 기타,승용,남,25세,상해없음,보행자,남,25세,경상
2013082300100526,2013년 8월 23일 19시,금요일,대구광역시 수성구 범어동,경상사고,0,0,2,0,차대차 - 추돌 - 진행중,안전거리미확보,건조,맑음,단일로 - 기타,승용,여,64세,상해없음,승용,남,32세,경상
2013082300100527,2013년 8월 23일 19시,금요일,대구광역시 수성구 지산동,경상사고,0,0,2,0,차대차 - 기타,교차로운행방법위반,건조,맑음,교차로 - 교차로안,승용,남,50세,상해없음,승용,남,33세,경상
2013082300100567,2013년 8월 23일 20시,금요일,대구광역시 동구 방촌동,경상사고,0,0,1,0,차대차 - 기타,안전운전불이행,건조,맑음,단일로 - 횡단보도부근,승용,남,55세,상해없음,승용,여,51세,경상
2013082300100568,2013년 8월 23일 20시,금요일,대구광역시 북구 복현동,경상사고,0,0,1,0,차대차 - 측면직각충돌,안전운전불이행,건조,맑음,단일로 - 기타,승합,남,48세,상해없음,승용,남,37세,경상
2013082300100569,2013년 8월 23일 20시,금요일,대구광역시 중구 남산동,중상사고,0,1,0,0,차대사람 - 횡단중,보행자보호의무위반,건조,맑음,단일로 - 횡단보도상,승합,남,58세,상해없음,보행자,남,62세,중상
2013082300100603,2013년 8월 23일 21시,금요일,대구광역시 달서구 상인동,경상사고,0,0,1,0,차대차 - 추돌 - 주정차중,안전운전불이행,습기,비,단일로 - 기타,승용,남,59세,상해없음,승용,여,55세,경상
2013082300100638,2013년 8월 23일 22시,금요일,대구광역시 수성구 매호동,경상사고,0,0,3,0,차대차 - 기타,교차로운행방법위반,건조,맑음,교차로 - 교차로안,승용,여,46세,상해없음,승용,여,32세,경상
2013082300100639,2013년 8월 23일 22시,금요일,대구광역시 달서구 감삼동,경상사고,0,0,2,0,차대차 - 측면직각충돌,안전거리미확보,습기,비,단일로 - 기타,승용,여,49세,상해없음,승용,남,53세,경상
2013082300100677,2013년 8월 23일 23시,금요일,대구광역시 달서구 상인동,경상사고,0,0,1,0,차대사람 - 횡단중,안전운전불이행,습기,비,단일로 - 기타,화물,남,52세,상해없음,보행자,여,40세,경상
2013082300100678,2013년 8월 23일 23시,금요일,대구광역시 달서구 용산동,중상사고,0,1,0,0,차대차 - 기타,안전운전불이행,습기,흐림,단일로 - 기타,승용,남,33세,상해없음,이륜,남,22세,중상
2013082400100030,2013년 8월 24일 00시,토요일,대구광역시 남구 봉덕동,중상사고,0,1,1,0,차대차 - 측면직각충돌,차로위반,습기,비,단일로 - 기타,이륜,남,34세,중상,원동기,남,51세,경상
2013082400100031,2013년 8월 24일 00시,토요일,대구광역시 동구 효목동,경상사고,0,0,1,0,차대사람 - 보도통행중,안전운전불이행,건조,맑음,기타 - 기타,승용,남,37세,상해없음,보행자,여,23세,경상
2013082400100032,2013년 8월 24일 00시,토요일,대구광역시 서구 평리동,중상사고,0,1,5,0,차대차 - 측면직각충돌,신호위반,습기,비,교차로 - 교차로안,승용,남,22세,상해없음,승용,남,26세,경상
2013082400100057,2013년 8월 24일 01시,토요일,대구광역시 수성구 신매동,경상사고,0,0,1,0,차대차 - 측면직각충돌,안전운전불이행,습기,비,교차로 - 교차로부근,승용,남,61세,상해없음,승용,남,22세,경상
2013082400100086,2013년 8월 24일 02시,토요일,대구광역시 수성구 황금동,중상사고,0,1,0,0,차대차 - 측면직각충돌,안전거리미확보,습기,비,단일로 - 기타,승용,남,18세,상해없음,승용,남,58세,중상
2013082400100087,2013년 8월 24일 02시,토요일,대구광역시 달서구 상인동,중상사고,0,1,0,0,차량단독 - 공작물충돌,안전운전불이행,건조,맑음,미분류 - 미분류,승용,남,48세,중상,,,,
2013082400100109,2013년 8월 24일 03시,토요일,대구광역시 중구 수창동,경상사고,0,0,1,0,차대차 - 기타,안전거리미확보,습기,비,단일로 - 기타,승용,남,18세,상해없음,승용,남,35세,경상
2013082400100110,2013년 8월 24일 03시,토요일,대구광역시 중구 대봉동,경상사고,0,0,1,0,차대차 - 추돌 - 주정차중,안전운전불이행,습기,비,교차로 - 교차로부근,승용,남,29세,상해없음,승용,남,52세,경상
2013082400100111,2013년 8월 24일 03시,토요일,대구광역시 달서구 죽전동,중상사고,0,1,0,0,차대차 - 추돌 - 주정차중,안전거리미확보,습기,흐림,단일로 - 기타,승용,남,48세,상해없음,승용,남,58세,중상
2013082400100123,2013년 8월 24일 04시,토요일,대구광역시 달서구 송현동,경상사고,0,0,1,0,차대차 - 측면직각충돌,안전운전불이행,건조,맑음,단일로 - 기타,승용,남,58세,상해없음,승용,남,32세,경상
2013082400100174,2013년 8월 24일 07시,토요일,대구광역시 북구 팔달동,경상사고,0,0,3,0,차대차 - 추돌 - 진행중,안전운전불이행,습기,비,단일로 - 기타,화물,남,46세,상해없음,화물,남,54세,상해없음
2013082400100194,2013년 8월 24일 08시,토요일,대구광역시 수성구 황금동,경상사고,0,0,1,0,차대차 - 측면직각충돌,안전거리미확보,습기,비,단일로 - 기타,화물,남,63세,상해없음,승용,남,29세,경상
2013082400100195,2013년 8월 24일 08시,토요일,대구광역시 달서구 송현동,중상사고,0,1,0,0,차대사람 - 기타,안전운전불이행,습기,비,교차로 - 교차로부근,승용,여,42세,상해없음,보행자,여,81세,중상
2013082400100255,2013년 8월 24일 10시,토요일,대구광역시 수성구 수성동2가,경상사고,0,0,1,0,차대차 - 정면충돌,안전운전불이행,습기,비,단일로 - 횡단보도부근,승용,남,54세,상해없음,승용,남,55세,경상
2013082400100256,2013년 8월 24일 10시,토요일,대구광역시 달성군 화원읍,경상사고,0,0,1,0,차대차 - 기타,직진우회전진행방해,건조,흐림,교차로 - 교차로안,승용,남,69세,상해없음,승용,여,41세,경상
2013082400100257,2013년 8월 24일 10시,토요일,대구광역시 중구 봉산동,경상사고,0,0,1,0,차량단독 - 기타,안전운전불이행,습기,비,교차로 - 교차로부근,이륜,남,64세,경상,,,,
2013082400100258,2013년 8월 24일 10시,토요일,대구광역시 북구 구암동,중상사고,0,1,1,0,차대차 - 측면직각충돌,차로위반,습기,비,단일로 - 기타,승용,남,73세,상해없음,승용,남,66세,경상
2013082400100301,2013년 8월 24일 11시,토요일,대구광역시 수성구 상동,경상사고,0,0,1,0,차대차 - 측면직각충돌,신호위반,건조,맑음,교차로 - 교차로안,화물,남,38세,상해없음,승용,여,47세,경상
2013082400100302,2013년 8월 24일 11시,토요일,대구광역시 달서구 송현동,경상사고,0,0,1,0,차량단독 - 전도전복,안전운전불이행,건조,맑음,단일로 - 기타,건설기계,여,54세,경상,,,,
2013082400100303,2013년 8월 24일 11시,토요일,대구광역시 달성군 논공읍,중상사고,0,1,0,0,차대사람 - 기타,안전운전불이행,건조,맑음,기타 - 기타,건설기계,남,46세,상해없음,보행자,남,29세,중상
2013082400100341,2013년 8월 24일 12시,토요일,대구광역시 동구 율하동,경상사고,0,0,2,0,차대차 - 기타,교차로운행방법위반,건조,맑음,교차로 - 교차로안,승용,여,59세,상해없음,승용,남,41세,경상
2013082400100377,2013년 8월 24일 13시,토요일,대구광역시 달서구 진천동,경상사고,0,0,1,0,차대차 - 기타,안전운전불이행,습기,비,교차로 - 교차로부근,승용,남,70세,상해없음,자전거,남,15세,경상
2013082400100378,2013년 8월 24일 13시,토요일,대구광역시 달성군 화원읍,경상사고,0,0,1,0,차대차 - 기타,안전운전불이행,습기,비,단일로 - 기타,화물,남,31세,상해없음,승용,남,31세,상해없음
2013082400100414,2013년 8월 24일 14시,토요일,대구광역시 북구 대현동,중상사고,0,1,0,0,차대사람 - 기타,안전운전불이행,건조,맑음,기타 - 기타,승용,여,23세,상해없음,보행자,여,22세,중상
2013082400100415,2013년 8월 24일 14시,토요일,대구광역시 북구 대현동,경상사고,0,0,1,0,차대사람 - 기타,안전운전불이행,건조,맑음,단일로 - 기타,화물,남,31세,상해없음,보행자,남,63세,경상
2013082400100416,2013년 8월 24일 14시,토요일,대구광역시 북구 산격동,경상사고,0,0,2,0,차대차 - 기타,안전운전불이행,건조,맑음,교차로 - 교차로부근,승용,남,73세,상해없음,승용,여,34세,경상
2013082400100446,2013년 8월 24일 15시,토요일,대구광역시 달서구 본동,경상사고,0,0,1,0,차대차 - 기타,안전운전불이행,습기,맑음,단일로 - 기타,화물,남,36세,상해없음,승용,여,46세,경상
2013082400100447,2013년 8월 24일 15시,토요일,대구광역시 서구 평리동,경상사고,0,0,1,0,차대차 - 기타,교차로운행방법위반,습기,비,교차로 - 교차로안,승용,남,45세,상해없음,이륜,남,20세,경상
2013082400100448,2013년 8월 24일 15시,토요일,대구광역시 북구 관음동,중상사고,0,1,1,0,차대차 - 기타,안전운전불이행,습기,흐림,단일로 - 기타,승용,여,25세,상해없음,이륜,남,73세,경상
2013082400100479,2013년 8월 24일 16시,토요일,대구광역시 동구 신암동,경상사고,0,0,2,0,차대차 - 기타,교차로운행방법위반,건조,맑음,교차로 - 교차로안,승용,여,28세,상해없음,승용,남,57세,경상
2013082400100480,2013년 8월 24일 16시,토요일,대구광역시 달성군 다사읍,경상사고,0,0,1,0,차대사람 - 횡단중,보행자보호의무위반,건조,맑음,교차로 - 교차로부근,기타불명,기타불명,기타불명,기타불명,보행자,남,17세,경상
2013082400100481,2013년 8월 24일 16시,토요일,대구광역시 북구 노원동1가,중상사고,0,1,0,0,차대차 - 추돌 - 진행중,안전운전불이행,건조,맑음,교차로 - 교차로부근,승용,남,59세,상해없음,화물,남,49세,중상
2013082400100514,2013년 8월 24일 17시,토요일,대구광역시 수성구 매호동,중상사고,0,1,0,0,차대사람 - 기타,안전운전불이행,건조,맑음,기타 - 기타,화물,남,34세,상해없음,보행자,남,19세,중상
2013082400100515,2013년 8월 24일 17시,토요일,대구광역시 달성군 다사읍,경상사고,0,0,1,0,차대사람 - 보도통행중,중앙선침범,건조,맑음,단일로 - 기타,이륜,남,46세,상해없음,보행자,남,51세,경상
2013082400100571,2013년 8월 24일 18시,토요일,대구광역시 달서구 송현동,경상사고,0,0,1,0,차대사람 - 길가장자리구역통행중,안전운전불이행,건조,맑음,단일로 - 기타,원동기,남,19세,상해없음,보행자,남,12세,경상
2013082400100572,2013년 8월 24일 18시,토요일,대구광역시 중구 종로2가,경상사고,0,0,1,0,차대차 - 기타,교차로운행방법위반,건조,맑음,교차로 - 교차로안,승용,여,29세,상해없음,이륜,남,22세,경상
2013082400100612,2013년 8월 24일 19시,토요일,대구광역시 동구 신서동,경상사고,0,0,2,0,차대차 - 추돌 - 주정차중,안전운전불이행,습기,비,단일로 - 기타,승용,여,23세,상해없음,화물,여,35세,경상
2013082400100613,2013년 8월 24일 19시,토요일,대구광역시 수성구 범어동,경상사고,0,0,1,0,차대차 - 측면직각충돌,안전거리미확보,습기,비,교차로 - 교차로부근,승용,남,51세,상해없음,승용,여,53세,경상
2013082400100614,2013년 8월 24일 19시,토요일,대구광역시 달서구 월성동,중상사고,0,2,0,0,차대사람 - 횡단중,신호위반,습기,비,단일로 - 횡단보도상,승용,여,52세,상해없음,보행자,여,16세,중상
2013082400100615,2013년 8월 24일 19시,토요일,대구광역시 북구 칠성동2가,경상사고,0,0,1,0,차대차 - 기타,안전운전불이행,습기,비,교차로 - 교차로안,승용,여,57세,상해없음,자전거,남,71세,경상
2013082400100649,2013년 8월 24일 20시,토요일,대구광역시 동구 신천동,경상사고,0,0,1,0,차대차 - 기타,안전거리미확보,습기,비,교차로 - 교차로안,승용,남,58세,상해없음,승용,여,54세,상해없음
2013082400100650,2013년 8월 24일 20시,토요일,대구광역시 서구 중리동,부상신고사고,0,0,0,1,차대차 - 추돌 - 주정차중,안전운전불이행,습기,비,단일로 - 기타,이륜,남,49세,부상신고,건설기계,남,56세,기타불명
2013082400100651,2013년 8월 24일 20시,토요일,대구광역시 달서구 두류동,중상사고,0,1,0,0,차대사람 - 횡단중,안전운전불이행,습기,비,단일로 - 기타,승용,남,31세,상해없음,보행자,남,51세,중상
2013082400100688,2013년 8월 24일 21시,토요일,대구광역시 달서구 감삼동,경상사고,0,0,1,0,차대차 - 추돌 - 주정차중,교차로운행방법위반,건조,맑음,교차로 - 교차로안,승용,여,27세,상해없음,이륜,남,51세,경상
2013082400100753,2013년 8월 24일 23시,토요일,대구광역시 달서구 월성동,경상사고,0,0,1,0,차대사람 - 기타,안전운전불이행,건조,맑음,단일로 - 기타,승용,남,43세,상해없음,보행자,남,30세,경상
2013082500100039,2013년 8월 25일 01시,일요일,대구광역시 중구 삼덕동1가,경상사고,0,0,3,0,차대차 - 기타,안전운전불이행,건조,맑음,단일로 - 기타,승용,남,26세,상해없음,승용,남,31세,경상
2013082500100067,2013년 8월 25일 03시,일요일,대구광역시 서구 이현동,중상사고,0,1,1,0,차대차 - 측면직각충돌,안전거리미확보,건조,맑음,단일로 - 기타,화물,남,52세,상해없음,승용,남,54세,경상
2013082500100079,2013년 8월 25일 04시,일요일,대구광역시 중구 문화동,경상사고,0,0,1,0,차대차 - 기타,안전거리미확보,건조,맑음,단일로 - 기타,승용,남,29세,상해없음,승용,남,26세,경상
2013082500100091,2013년 8월 25일 05시,일요일,대구광역시 남구 대명동,중상사고,0,1,0,0,차대사람 - 횡단중,안전운전불이행,건조,맑음,교차로 - 교차로안,승용,남,69세,상해없음,보행자,여,76세,중상
2013082500100103,2013년 8월 25일 06시,일요일,대구광역시 북구 국우동,중상사고,0,1,0,0,차대사람 - 횡단중,안전운전불이행,건조,맑음,교차로 - 교차로안,승용,남,64세,상해없음,보행자,남,44세,중상
2013082500100120,2013년 8월 25일 07시,일요일,대구광역시 북구 태전동,중상사고,0,1,0,0,차대차 - 측면직각충돌,신호위반,건조,흐림,교차로 - 교차로안,승용,남,27세,상해없음,승용,남,63세,중상
2013082500100147,2013년 8월 25일 09시,일요일,대구광역시 수성구 시지동,경상사고,0,0,1,0,차대차 - 기타,안전운전불이행,건조,맑음,단일로 - 기타,승용,남,29세,상해없음,승용,남,28세,경상
2013082500100178,2013년 8월 25일 10시,일요일,대구광역시 동구 신암동,중상사고,0,1,0,0,차량단독 - 기타,안전운전불이행,건조,맑음,단일로 - 기타,승합,남,57세,상해없음,,,,
2013082500100179,2013년 8월 25일 10시,일요일,대구광역시 서구 비산동,중상사고,0,1,0,0,차대차 - 기타,안전운전불이행,건조,맑음,단일로 - 횡단보도상,승용,남,41세,상해없음,자전거,남,50세,중상
2013082500100200,2013년 8월 25일 11시,일요일,대구광역시 남구 대명동,중상사고,0,1,0,0,차대차 - 추돌 - 진행중,안전운전불이행,건조,맑음,교차로 - 교차로부근,승용,여,22세,상해없음,승용,여,30세,중상
2013082500100201,2013년 8월 25일 11시,일요일,대구광역시 서구 평리동,경상사고,0,0,1,0,차대차 - 기타,안전운전불이행,건조,맑음,단일로 - 기타,승용,남,31세,상해없음,이륜,남,60세,경상
2013082500100228,2013년 8월 25일 12시,일요일,대구광역시 달성군 옥포면,중상사고,0,1,1,0,차대차 - 기타,안전운전불이행,건조,맑음,단일로 - 기타,승합,남,68세,경상,원동기,남,62세,중상
2013082500100229,2013년 8월 25일 12시,일요일,대구광역시 북구 대현동,부상신고사고,0,0,0,1,차대차 - 기타,안전운전불이행,건조,맑음,단일로 - 기타,이륜,남,51세,부상신고,승용,여,68세,상해없음
2013082500100257,2013년 8월 25일 13시,일요일,대구광역시 달서구 용산동,부상신고사고,0,0,0,1,차대차 - 추돌 - 진행중,안전운전불이행,건조,맑음,단일로 - 기타,원동기,남,18세,부상신고,승용,남,32세,상해없음
2013082500100258,2013년 8월 25일 13시,일요일,대구광역시 북구 태전동,경상사고,0,0,2,0,차대차 - 추돌 - 주정차중,안전거리미확보,건조,맑음,단일로 - 기타,승용,남,59세,상해없음,승용,남,26세,경상
2013082500100348,2013년 8월 25일 16시,일요일,대구광역시 수성구 상동,경상사고,0,0,4,0,차대차 - 측면직각충돌,차로위반,건조,맑음,교차로 - 교차로부근,승용,남,69세,상해없음,승용,여,36세,경상