사고번호,사고일시,요일,시군구,사고내용,사망자수,중상자수,경상자수,부상신고자수,사고유형,법규위반,노면상태,기상상태,도로형태,가해운전자 차종,가해운전자 성별,가해운전자 연령,가해운전자 상해정도,피해운전자 차종,피해운전자 성별,피해운전자 연령,피해운전자 상해정도
2013082800100488,2013년 8월 28일 19시,수요일,대구광역시 수성구 황금동,경상사고,0,0,1,0,차대차 - 측면직각충돌,안전운전불이행,건조,맑음,교차로 - 교차로부근,승용,남,55세,상해없음,승용,남,23세,상해없음
2013082800100489,2013년 8월 28일 19시,수요일,대구광역시 달성군 논공읍,중상사고,0,1,0,0,차대차 - 측면직각충돌,신호위반,건조,맑음,교차로 - 교차로안,화물,남,51세,상해없음,승용,여,40세,중상
2013082800100490,2013년 8월 28일 19시,수요일,대구광역시 달서구 장동,중상사고,0,1,0,0,차대차 - 추돌 - 주정차중,안전운전불이행,건조,맑음,교차로 - 교차로부근,승용,여,30세,상해없음,승용,여,50세,중상
2013082800100525,2013년 8월 28일 20시,수요일,대구광역시 수성구 두산동,경상사고,0,0,1,0,차대차 - 추돌 - 주정차중,불법유턴,건조,맑음,단일로 - 기타,화물,남,46세,상해없음,승용,남,36세,경상
2013082800100526,2013년 8월 28일 20시,수요일,대구광역시 달서구 상인동,경상사고,0,0,1,0,차대차 - 추돌 - 진행중,안전운전불이행,건조,맑음,교차로 - 교차로안,승용,남,33세,상해없음,승용,남,51세,경상
2013082800100527,2013년 8월 28일 20시,수요일,대구광역시 북구 칠성동1가,사망사고,1,0,0,0,차대차 - 측면직각충돌,안전거리미확보,건조,맑음,단일로 - 교량,이륜,남,47세,사망,승용,남,65세,상해없음
2013082800100528,2013년 8월 28일 20시,수요일,대구광역시 북구 고성동1가,중상사고,0,1,0,0,차대사람 - 기타,기타,건조,맑음,단일로 - 기타,자전거,남,35세,상해없음,보행자,여,60세,중상
2013082800100555,2013년 8월 28일 21시,수요일,대구광역시 남구 대명동,경상사고,0,0,3,0,차대차 - 추돌 - 진행중,안전운전불이행,건조,맑음,단일로 - 기타,승용,남,36세,상해없음,승용,남,32세,경상
2013082800100585,2013년 8월 28일 22시,수요일,대구광역시 남구 봉덕동,경상사고,0,0,3,0,차대차 - 측면직각충돌,신호위반,건조,맑음,교차로 - 교차로안,이륜,남,16세,경상,승용,남,22세,경상
2013082800100586,2013년 8월 28일 22시,수요일,대구광역시 수성구 범어동,경상사고,0,0,1,0,차대차 - 기타,안전운전불이행,건조,맑음,단일로 - 횡단보도상,승용,남,60세,상해없음,자전거,남,41세,경상
2013082800100587,2013년 8월 28일 22시,수요일,대구광역시 북구 대현동,중상사고,0,1,0,0,차량단독 - 전도전복,안전운전불이행,건조,맑음,단일로 - 기타,이륜,남,25세,중상,,,,
2013082800100609,2013년 8월 28일 23시,수요일,대구광역시 수성구 황금동,중상사고,0,2,0,0,차대차 - 측면직각충돌,안전거리미확보,건조,맑음,단일로 - 기타,승용,남,65세,상해없음,이륜,남,39세,중상
2013082900100031,2013년 8월 29일 02시,목요일,대구광역시 달서구 신당동,경상사고,0,0,2,0,차대차 - 측면직각충돌,안전거리미확보,건조,맑음,교차로 - 교차로부근,승용,남,59세,상해없음,승용,남,34세,경상
2013082900100047,2013년 8월 29일 03시,목요일,대구광역시 중구 남일동,경상사고,0,0,1,0,차대차 - 기타,신호위반,건조,맑음,교차로 - 교차로안,이륜,남,17세,기타불명,승용,남,55세,경상
2013082900100101,2013년 8월 29일 07시,목요일,대구광역시 서구 이현동,중상사고,0,1,0,0,차대사람 - 기타,안전운전불이행,건조,맑음,단일로 - 기타,승용,남,48세,상해없음,보행자,여,67세,중상
2013082900100139,2013년 8월 29일 08시,목요일,대구광역시 동구 율하동,경상사고,0,0,2,0,차대차 - 추돌 - 주정차중,안전거리미확보,건조,맑음,교차로 - 교차로부근,승용,남,22세,상해없음,이륜,남,64세,경상
2013082900100140,2013년 8월 29일 08시,목요일,대구광역시 달서구 상인동,경상사고,0,0,1,0,차대차 - 측면직각충돌,안전운전불이행,건조,맑음,기타 - 기타,승용,남,53세,상해없음,자전거,남,11세,경상
2013082900100141,2013년 8월 29일 08시,목요일,대구광역시 달성군 옥포면,경상사고,0,0,1,0,차대사람 - 기타,안전운전불이행,건조,맑음,단일로 - 기타,승용,남,49세,상해없음,보행자,남,45세,경상
2013082900100142,2013년 8월 29일 08시,목요일,대구광역시 북구 읍내동,중상사고,0,1,0,0,차대사람 - 기타,안전운전불이행,건조,맑음,단일로 - 기타,승용,남,29세,상해없음,보행자,여,7세,중상
2013082900100171,2013년 8월 29일 09시,목요일,대구광역시 수성구 만촌동,경상사고,0,0,1,1,차대차 - 기타,안전거리미확보,건조,맑음,단일로 - 기타,원동기,남,56세,부상신고,승용,여,27세,경상
2013082900100172,2013년 8월 29일 09시,목요일,대구광역시 수성구 만촌동,경상사고,0,0,1,0,차대차 - 기타,안전운전불이행,건조,맑음,단일로 - 기타,승용,기타불명,기타불명,기타불명,승용,남,46세,경상
2013082900100173,2013년 8월 29일 09시,목요일,대구광역시 북구 침산동,부상신고사고,0,0,0,1,차대차 - 기타,안전운전불이행,건조,맑음,단일로 - 기타,이륜,남,74세,부상신고,화물,남,45세,상해없음
2013082900100210,2013년 8월 29일 10시,목요일,대구광역시 수성구 지산동,중상사고,0,2,0,0,차대차 - 측면직각충돌,교차로운행방법위반,건조,맑음,교차로 - 교차로안,승용,남,31세,상해없음,승용,여,56세,중상
2013082900100231,2013년 8월 29일 11시,목요일,대구광역시 수성구 범어동,경상사고,0,0,1,0,차대차 - 측면직각충돌,안전운전불이행,건조,맑음,기타 - 기타,승용,남,36세,상해없음,원동기,남,23세,경상
2013082900100254,2013년 8월 29일 12시,목요일,대구광역시 달성군 현풍면,중상사고,0,1,0,0,차대사람 - 기타,안전운전불이행,건조,맑음,단일로 - 기타,승용,여,42세,상해없음,보행자,여,54세,중상
2013082900100303,2013년 8월 29일 14시,목요일,대구광역시 달성군 다사읍,경상사고,0,0,1,0,차대사람 - 보도통행중,기타,건조,맑음,단일로 - 기타,자전거,남,44세,상해없음,보행자,여,49세,경상
2013082900100304,2013년 8월 29일 14시,목요일,대구광역시 북구 대현동,경상사고,0,0,1,0,차대차 - 기타,중앙선침범,건조,맑음,단일로 - 횡단보도부근,자전거,남,23세,기타불명,이륜,남,44세,경상
2013082900100338,2013년 8월 29일 15시,목요일,대구광역시 달서구 상인동,경상사고,0,0,1,0,차대차 - 측면직각충돌,안전운전불이행,건조,맑음,단일로 - 기타,이륜,남,49세,상해없음,자전거,여,45세,경상
2013082900100339,2013년 8월 29일 15시,목요일,대구광역시 북구 칠성동1가,부상신고사고,0,0,0,1,차대차 - 기타,교차로운행방법위반,건조,맑음,교차로 - 교차로안,원동기,남,18세,부상신고,승용,남,61세,상해없음
2013082900100340,2013년 8월 29일 15시,목요일,대구광역시 북구 팔달동,경상사고,0,0,1,0,차대차 - 측면직각충돌,안전운전불이행,습기,흐림,기타 - 기타,화물,남,62세,상해없음,이륜,남,29세,경상
2013082900100379,2013년 8월 29일 16시,목요일,대구광역시 동구 신암동,경상사고,0,0,4,0,차대차 - 측면직각충돌,교차로운행방법위반,건조,맑음,교차로 - 교차로안,화물,남,33세,상해없음,화물,남,71세,상해없음
2013082900100380,2013년 8월 29일 16시,목요일,대구광역시 동구 율하동,경상사고,0,0,1,0,차대차 - 기타,안전운전불이행,건조,맑음,단일로 - 기타,화물,남,41세,상해없음,자전거,남,22세,경상
2013082900100381,2013년 8월 29일 16시,목요일,대구광역시 수성구 신매동,중상사고,0,2,0,0,차대차 - 기타,교차로운행방법위반,건조,맑음,교차로 - 교차로안,승용,여,50세,중상,승용,남,60세,상해없음
2013082900100382,2013년 8월 29일 16시,목요일,대구광역시 달서구 신당동,경상사고,0,0,1,0,차대차 - 추돌 - 진행중,안전운전불이행,건조,맑음,단일로 - 횡단보도부근,승용,남,55세,상해없음,자전거,여,53세,경상
2013082900100414,2013년 8월 29일 17시,목요일,대구광역시 동구 신암동,중상사고,0,1,0,0,차대사람 - 기타,안전운전불이행,습기,비,단일로 - 기타,화물,남,51세,상해없음,보행자,여,76세,중상
2013082900100415,2013년 8월 29일 17시,목요일,대구광역시 달서구 상인동,중상사고,0,1,0,0,차대차 - 측면직각충돌,불법유턴,건조,맑음,교차로 - 교차로안,이륜,남,69세,중상,승용,남,44세,상해없음
2013082900100452,2013년 8월 29일 18시,목요일,대구광역시 달서구 이곡동,중상사고,0,1,0,0,차대사람 - 보도통행중,기타,습기,흐림,단일로 - 기타,승용,남,36세,상해없음,보행자,여,57세,중상
2013082900100496,2013년 8월 29일 19시,목요일,대구광역시 남구 대명동,경상사고,0,0,1,0,차대차 - 기타,안전운전불이행,건조,맑음,교차로 - 교차로부근,승용,남,81세,상해없음,승용,남,58세,경상
2013082900100497,2013년 8월 29일 19시,목요일,대구광역시 동구 용계동,경상사고,0,0,1,0,차대차 - 기타,안전운전불이행,습기,비,단일로 - 기타,화물,남,46세,상해없음,자전거,남,15세,경상
2013082900100498,2013년 8월 29일 19시,목요일,대구광역시 달서구 송현동,경상사고,0,0,4,0,차대차 - 측면직각충돌,직진우회전진행방해,습기,흐림,교차로 - 교차로안,승용,남,57세,상해없음,승용,남,56세,경상
2013082900100499,2013년 8월 29일 19시,목요일,대구광역시 달서구 진천동,경상사고,0,0,1,0,차대차 - 추돌 - 주정차중,안전운전불이행,건조,맑음,교차로 - 교차로부근,승용,남,53세,상해없음,승용,남,37세,경상
2013082900100500,2013년 8월 29일 19시,목요일,대구광역시 달서구 감삼동,중상사고,0,1,0,0,차대차 - 측면직각충돌,신호위반,습기,비,단일로 - 횡단보도상,승용,남,54세,상해없음,이륜,남,43세,중상
2013082900100501,2013년 8월 29일 19시,목요일,대구광역시 달서구 호림동,경상사고,0,0,2,0,차대차 - 측면직각충돌,신호위반,습기,맑음,기타 - 기타,승용,남,43세,상해없음,승용,여,30세,경상
2013082900100502,2013년 8월 29일 19시,목요일,대구광역시 북구 서변동,부상신고사고,0,0,0,2,차대차 - 추돌 - 진행중,안전거리미확보,건조,맑음,교차로 - 교차로안,승용,여,36세,부상신고,승용,남,50세,부상신고
2013082900100538,2013년 8월 29일 20시,목요일,대구광역시 수성구 파동,경상사고,0,0,1,0,차대차 - 기타,중앙선침범,습기,비,단일로 - 기타,승용,남,50세,상해없음,승용,여,45세,경상
2013082900100568,2013년 8월 29일 21시,목요일,대구광역시 북구 조야동,중상사고,0,1,1,0,차대차 - 추돌 - 진행중,안전운전불이행,습기,비,단일로 - 기타,화물,남,49세,상해없음,승용,여,50세,경상
2013082900100573,2013년 8월 29일 21시,목요일,대구광역시 남구 대명동,경상사고,0,0,2,0,차대차 - 추돌 - 진행중,안전거리미확보,습기,비,교차로 - 교차로부근,원동기,남,35세,상해없음,승용,여,46세,경상
2013082900100574,2013년 8월 29일 21시,목요일,대구광역시 달성군 구지면,경상사고,0,0,1,0,차대차 - 추돌 - 진행중,안전운전불이행,건조,맑음,단일로 - 기타,승용,남,52세,상해없음,승용,남,26세,경상
2013082900100575,2013년 8월 29일 21시,목요일,대구광역시 서구 비산동,경상사고,0,0,1,0,차대차 - 기타,기타,습기,비,교차로 - 교차로부근,승용,남,41세,상해없음,자전거,여,18세,경상
2013082900100617,2013년 8월 29일 22시,목요일,대구광역시 수성구 노변동,경상사고,0,0,3,0,차대차 - 추돌 - 주정차중,안전운전불이행,습기,비,교차로 - 교차로부근,승용,남,42세,상해없음,승용,남,45세,경상
2013082900100618,2013년 8월 29일 22시,목요일,대구광역시 수성구 지산동,경상사고,0,0,5,0,차대차 - 측면직각충돌,안전거리미확보,건조,맑음,단일로 - 기타,승용,남,43세,상해없음,승용,남,18세,경상
2013082900100619,2013년 8월 29일 22시,목요일,대구광역시 달서구 신당동,부상신고사고,0,0,0,1,차대차 - 측면직각충돌,안전운전불이행,습기,비,교차로 - 교차로부근,승용,기타불명,기타불명,기타불명,이륜,남,60세,부상신고
2013082900100620,2013년 8월 29일 22시,목요일,대구광역시 달서구 용산동,중상사고,0,1,0,0,차대사람 - 횡단중,신호위반,습기,비,단일로 - 기타,승용,남,44세,상해없음,보행자,여,15세,중상
2013082900100621,2013년 8월 29일 22시,목요일,대구광역시 달서구 신당동,경상사고,0,0,1,0,차대차 - 측면직각충돌,안전거리미확보,습기,비,단일로 - 횡단보도부근,승용,여,37세,상해없음,이륜,남,22세,경상
2013082900100650,2013년 8월 29일 23시,목요일,대구광역시 남구 봉덕동,경상사고,0,0,1,0,차대차 - 기타,교차로운행방법위반,습기,비,교차로 - 교차로안,승용,남,58세,상해없음,승용,여,49세,경상
2013082900100651,2013년 8월 29일 23시,목요일,대구광역시 수성구 두산동,중상사고,0,1,2,0,차대차 - 기타,중앙선침범,습기,비,단일로 - 기타,승용,남,44세,상해없음,승용,남,51세,경상
2013082900100652,2013년 8월 29일 23시,목요일,대구광역시 북구 읍내동,경상사고,0,0,2,0,차대차 - 추돌 - 주정차중,안전운전불이행,습기,비,단일로 - 기타,승용,여,33세,상해없음,승용,남,34세,경상
2013083000100017,2013년 8월 30일 00시,금요일,대구광역시 달서구 대천동,부상신고사고,0,0,0,1,차대차 - 기타,안전운전불이행,건조,맑음,단일로 - 기타,승용,남,25세,상해없음,승용,남,30세,부상신고
2013083000100030,2013년 8월 30일 01시,금요일,대구광역시 남구 대명동,중상사고,0,1,0,0,차대차 - 추돌 - 주정차중,안전운전불이행,습기,비,단일로 - 기타,승용,남,41세,상해없음,승용,남,52세,상해없음
2013083000100031,2013년 8월 30일 01시,금요일,대구광역시 동구 방촌동,경상사고,0,0,1,0,차대차 - 기타,안전운전불이행,습기,비,단일로 - 횡단보도부근,승용,남,37세,상해없음,승용,남,43세,상해없음
2013083000100032,2013년 8월 30일 01시,금요일,대구광역시 서구 비산동,경상사고,0,0,4,0,차대차 - 측면직각충돌,신호위반,건조,맑음,교차로 - 교차로안,승용,남,61세,상해없음,승용,남,58세,경상
2013083000100033,2013년 8월 30일 01시,금요일,대구광역시 달서구 감삼동,경상사고,0,0,1,0,차대사람 - 횡단중,보행자보호의무위반,습기,비,단일로 - 횡단보도상,승용,남,46세,상해없음,보행자,남,22세,경상
2013083000100072,2013년 8월 30일 04시,금요일,대구광역시 동구 신천동,경상사고,0,0,3,0,차대차 - 추돌 - 주정차중,안전운전불이행,습기,비,교차로 - 교차로안,승합,남,30세,상해없음,승용,남,62세,경상
2013083000100073,2013년 8월 30일 04시,금요일,대구광역시 북구 읍내동,경상사고,0,0,1,0,차대차 - 추돌 - 주정차중,안전운전불이행,습기,비,단일로 - 기타,승용,남,38세,기타불명,승용,남,53세,경상
2013083000100107,2013년 8월 30일 07시,금요일,대구광역시 수성구 지산동,경상사고,0,0,1,0,차대사람 - 길가장자리구역통행중,안전운전불이행,건조,맑음,단일로 - 기타,승용,여,48세,상해없음,보행자,남,16세,경상
2013083000100144,2013년 8월 30일 08시,금요일,대구광역시 달서구 송현동,경상사고,0,0,1,0,차대차 - 측면직각충돌,직진우회전진행방해,습기,비,교차로 - 교차로안,승용,여,41세,상해없음,이륜,여,60세,경상
2013083000100209,2013년 8월 30일 10시,금요일,대구광역시 동구 신천동,경상사고,0,0,2,0,차대차 - 추돌 - 진행중,안전거리미확보,건조,맑음,단일로 - 기타,승용,남,53세,상해없음,승용,남,53세,경상
2013083000100210,2013년 8월 30일 10시,금요일,대구광역시 북구 검단동,경상사고,0,0,1,0,차대차 - 기타,기타,건조,맑음,교차로 - 교차로부근,화물,남,57세,상해없음,화물,남,64세,경상
2013083000100211,2013년 8월 30일 10시,금요일,대구광역시 중구 대봉동,경상사고,0,0,1,0,차대차 - 추돌 - 진행중,안전운전불이행,습기,흐림,단일로 - 기타,승용,여,45세,상해없음,승용,여,32세,상해없음
2013083000100231,2013년 8월 30일 11시,금요일,대구광역시 동구 동호동,경상사고,0,0,1,1,차대차 - 추돌 - 진행중,안전운전불이행,습기,비,단일로 - 기타,원동기,남,25세,경상,승용,남,51세,상해없음
2013083000100232,2013년 8월 30일 11시,금요일,대구광역시 동구 효목동,경상사고,0,0,1,0,차대차 - 추돌 - 진행중,안전운전불이행,습기,비,단일로 - 기타,승용,남,59세,상해없음,승용,남,48세,경상
2013083000100233,2013년 8월 30일 11시,금요일,대구광역시 수성구 범어동,중상사고,0,1,0,0,차대사람 - 보도통행중,기타,건조,맑음,기타 - 기타,승용,남,55세,상해없음,보행자,여,70세,중상
2013083000100234,2013년 8월 30일 11시,금요일,대구광역시 서구 내당동,부상신고사고,0,0,0,1,차대차 - 측면직각충돌,안전운전불이행,건조,맑음,단일로 - 기타,이륜,남,48세,부상신고,승용,여,33세,상해없음
2013083000100288,2013년 8월 30일 13시,금요일,대구광역시 달서구 죽전동,중상사고,0,1,0,0,차대차 - 기타,안전거리미확보,건조,맑음,교차로 - 교차로부근,승용,남,61세,상해없음,이륜,남,49세,중상
2013083000100320,2013년 8월 30일 14시,금요일,대구광역시 수성구 수성동1가,중상사고,0,2,1,0,차대차 - 측면직각충돌,안전운전불이행,건조,맑음,단일로 - 기타,승용,여,55세,경상,승용,여,50세,중상
2013083000100349,2013년 8월 30일 15시,금요일,대구광역시 수성구 황금동,경상사고,0,0,2,0,차대차 - 기타,안전운전불이행,건조,맑음,단일로 - 기타,승용,여,25세,상해없음,승합,남,51세,상해없음
2013083000100350,2013년 8월 30일 15시,금요일,대구광역시 중구 교동,경상사고,0,0,1,0,차대차 - 기타,교차로운행방법위반,건조,맑음,교차로 - 교차로안,승용,남,60세,상해없음,자전거,여,25세,경상
2013083000100429,2013년 8월 30일 17시,금요일,대구광역시 서구 평리동,경상사고,0,0,1,0,차대차 - 측면직각충돌,안전운전불이행,건조,맑음,단일로 - 기타,승용,남,18세,상해없음,승용,여,38세,경상
2013083000100471,2013년 8월 30일 18시,금요일,대구광역시 서구 평리동,중상사고,0,1,0,0,차대사람 - 횡단중,안전운전불이행,건조,맑음,단일로 - 횡단보도부근,승용,남,44세,상해없음,보행자,여,79세,중상
2013083000100472,2013년 8월 30일 18시,금요일,대구광역시 서구 비산동,경상사고,0,0,1,0,차대차 - 측면직각충돌,직진우회전진행방해,건조,맑음,교차로 - 교차로안,승용,남,55세,상해없음,이륜,남,24세,경상
2013083000100513,2013년 8월 30일 19시,금요일,대구광역시 달서구 진천동,중상사고,0,1,0,0,차대사람 - 기타,안전운전불이행,건조,맑음,단일로 - 기타,승용,남,40세,상해없음,보행자,남,32세,중상
2013083000100543,2013년 8월 30일 20시,금요일,대구광역시 동구 신천동,중상사고,0,1,0,0,차대사람 - 횡단중,보행자보호의무위반,건조,맑음,교차로 - 교차로부근,승용,남,79세,상해없음,보행자,여,36세,중상
2013083000100544,2013년 8월 30일 20시,금요일,대구광역시 달성군 화원읍,경상사고,0,0,1,0,차대차 - 측면직각충돌,안전운전불이행,습기,맑음,단일로 - 기타,기타불명,기타불명,기타불명,기타불명,자전거,남,61세,경상
2013083000100545,2013년 8월 30일 20시,금요일,대구광역시 북구 산격동,경상사고,0,0,4,0,차대차 - 측면직각충돌,안전운전불이행,건조,맑음,단일로 - 기타,승용,남,29세,경상,승용,남,51세,경상
2013083000100546,2013년 8월 30일 20시,금요일,대구광역시 서구 평리동,경상사고,0,0,1,0,차대차 - 추돌 - 주정차중,안전운전불이행,건조,맑음,단일로 - 기타,승용,남,61세,상해없음,승용,남,62세,경상
2013083000100547,2013년 8월 30일 20시,금요일,대구광역시 달서구 두류동,중상사고,0,1,0,0,차대사람 - 보도통행중,기타,건조,맑음,교차로 - 교차로부근,승용,남,65세,상해없음,보행자,남,21세,중상
2013083000100615,2013년 8월 30일 22시,금요일,대구광역시 남구 대명동,부상신고사고,0,0,0,1,차대차 - 추돌 - 진행중,안전운전불이행,건조,맑음,단일로 - 기타,원동기,남,16세,부상신고,승용,남,56세,상해없음
2013083000100616,2013년 8월 30일 22시,금요일,대구광역시 동구 신서동,중상사고,0,1,0,0,차대사람 - 기타,안전운전불이행,건조,맑음,단일로 - 기타,승용,남,64세,상해없음,보행자,남,53세,중상
2013083000100617,2013년 8월 30일 22시,금요일,대구광역시 수성구 황금동,경상사고,0,0,1,0,차대차 - 측면직각충돌,신호위반,건조,맑음,교차로 - 교차로안,승용,남,90세 이상,상해없음,승용,남,90세 이상,경상
2013083000100618,2013년 8월 30일 22시,금요일,대구광역시 중구 남일동,경상사고,0,0,2,0,차대차 - 기타,안전거리미확보,습기,비,교차로 - 교차로부근,승용,여,41세,경상,승용,남,65세,경상
2013083000100647,2013년 8월 30일 23시,금요일,대구광역시 달서구 송현동,경상사고,0,0,1,0,차대차 - 기타,안전거리미확보,건조,맑음,교차로 - 교차로부근,승용,남,45세,상해없음,승용,남,30세,상해없음
2013083000100648,2013년 8월 30일 23시,금요일,대구광역시 서구 내당동,중상사고,0,1,0,0,차대차 - 측면직각충돌,안전운전불이행,건조,맑음,단일로 - 횡단보도상,승용,남,28세,상해없음,이륜,남,48세,중상
2013083100100022,2013년 8월 31일 00시,토요일,대구광역시 달서구 송현동,중상사고,0,1,2,0,차대차 - 측면직각충돌,안전운전불이행,건조,맑음,단일로 - 기타,이륜,남,18세,경상,승용,남,72세,상해없음
2013083100100023,2013년 8월 31일 00시,토요일,대구광역시 달서구 성당동,부상신고사고,0,0,0,1,차대차 - 측면직각충돌,신호위반,건조,맑음,교차로 - 교차로안,이륜,남,17세,상해없음,승용,남,19세,부상신고
2013083100100046,2013년 8월 31일 01시,토요일,대구광역시 남구 대명동,경상사고,0,0,1,0,차대차 - 기타,안전운전불이행,건조,맑음,교차로 - 교차로부근,승용,남,37세,상해없음,승용,남,55세,경상
2013083100100066,2013년 8월 31일 02시,토요일,대구광역시 남구 이천동,경상사고,0,0,1,0,차대차 - 추돌 - 진행중,안전운전불이행,건조,맑음,단일로 - 기타,승용,남,30세,상해없음,화물,남,48세,경상
2013083100100079,2013년 8월 31일 03시,토요일,대구광역시 북구 산격동,경상사고,0,0,1,0,차대차 - 추돌 - 진행중,안전거리미확보,건조,맑음,단일로 - 기타,이륜,남,19세,경상,승용,남,64세,상해없음
2013083100100080,2013년 8월 31일 03시,토요일,대구광역시 달서구 성당동,경상사고,0,0,3,0,차대차 - 추돌 - 주정차중,안전운전불이행,건조,흐림,단일로 - 기타,승용,남,29세,상해없음,승용,남,39세,경상
2013083100100090,2013년 8월 31일 04시,토요일,대구광역시 달서구 이곡동,경상사고,0,0,4,0,차대차 - 기타,중앙선침범,건조,맑음,교차로 - 교차로부근,승용,남,26세,상해없음,승용,남,52세,경상
2013083100100111,2013년 8월 31일 05시,토요일,대구광역시 달서구 두류동,경상사고,0,0,2,0,차대차 - 추돌 - 진행중,안전운전불이행,건조,맑음,단일로 - 기타,승용,남,34세,상해없음,승용,남,68세,경상
2013083100100139,2013년 8월 31일 07시,토요일,대구광역시 북구 산격동,경상사고,0,0,1,0,차대차 - 측면직각충돌,안전거리미확보,건조,맑음,단일로 - 기타,승용,남,24세,상해없음,승용,남,58세,경상
2013083100100160,2013년 8월 31일 08시,토요일,대구광역시 중구 공평동,경상사고,0,0,1,0,차대차 - 기타,안전운전불이행,건조,맑음,단일로 - 기타,승용,남,47세,상해없음,이륜,남,60세,경상
2013083100100187,2013년 8월 31일 09시,토요일,대구광역시 달성군 논공읍,경상사고,0,0,1,0,차대차 - 기타,안전운전불이행,건조,맑음,교차로 - 교차로안,화물,남,39세,상해없음,이륜,남,34세,경상
2013083100100212,2013년 8월 31일 10시,토요일,대구광역시 동구 서호동,경상사고,0,0,1,0,차대차 - 추돌 - 진행중,안전거리미확보,건조,맑음,교차로 - 교차로안,승용,남,32세,기타불명,화물,남,49세,경상
2013083100100279,2013년 8월 31일 12시,토요일,대구광역시 달성군 옥포면,경상사고,0,0,1,0,차량단독 - 공작물충돌,안전운전불이행,건조,맑음,교차로 - 교차로부근,승용,남,64세,경상,,,,
2013083100100312,2013년 8월 31일 13시,토요일,대구광역시 수성구 두산동,경상사고,0,0,2,0,차대차 - 측면직각충돌,신호위반,건조,맑음,교차로 - 교차로안,승용,남,62세,상해없음,승용,여,34세,경상
2013083100100313,2013년 8월 31일 13시,토요일,대구광역시 수성구 범어동,경상사고,0,0,1,0,차대차 - 기타,안전운전불이행,건조,맑음,교차로 - 교차로부근,승용,남,62세,상해없음,자전거,여,10세,경상
2013083100100314,2013년 8월 31일 13시,토요일,대구광역시 북구 산격동,중상사고,0,1,0,0,차대차 - 기타,교차로운행방법위반,건조,맑음,교차로 - 교차로안,승용,남,52세,상해없음,원동기,남,53세,중상
2013083100100346,2013년 8월 31일 14시,토요일,대구광역시 동구 신기동,경상사고,0,0,1,0,차대차 - 추돌 - 진행중,안전거리미확보,건조,맑음,단일로 - 기타,화물,남,74세,상해없음,이륜,남,17세,경상
2013083100100347,2013년 8월 31일 14시,토요일,대구광역시 중구 동산동,경상사고,0,0,2,0,차대차 - 측면직각충돌,안전운전불이행,건조,맑음,단일로 - 기타,승용,남,77세,상해없음,승용,남,41세,경상
2013083100100348,2013년 8월 31일 14시,토요일,대구광역시 달서구 죽전동,경상사고,0,0,1,0,차대사람 - 횡단중,안전운전불이행,건조,맑음,단일로 - 기타,이륜,남,34세,상해없음,보행자,여,27세,경상
2013083100100382,2013년 8월 31일 15시,토요일,대구광역시 수성구 만촌동,경상사고,0,0,1,0,차대차 - 측면직각충돌,안전운전불이행,건조,맑음,교차로 - 교차로부근,이륜,남,20세,경상,승용,남,46세,상해없음
2013083100100383,2013년 8월 31일 15시,토요일,대구광역시 수성구 지산동,경상사고,0,0,1,0,차대사람 - 기타,안전운전불이행,건조,맑음,교차로 - 교차로안,화물,남,47세,상해없음,보행자,여,78세,경상
2013083100100384,2013년 8월 31일 15시,토요일,대구광역시 달서구 본리동,경상사고,0,0,1,0,차대차 - 기타,안전운전불이행,건조,맑음,단일로 - 기타,승용,남,63세,상해없음,승용,남,26세,경상
2013083100100424,2013년 8월 31일 16시,토요일,대구광역시 동구 신암동,사망사고,1,0,0,0,차대차 - 측면직각충돌,교차로운행방법위반,건조,맑음,교차로 - 교차로안,승용,남,56세,상해없음,자전거,남,71세,사망
2013083100100425,2013년 8월 31일 16시,토요일,대구광역시 북구 노원동1가,중상사고,0,1,1,0,차대차 - 정면충돌,안전운전불이행,건조,맑음,단일로 - 기타,승용,남,45세,상해없음,이륜,여,24세,중상
2013083100100457,2013년 8월 31일 17시,토요일,대구광역시 동구 율하동,중상사고,0,1,0,0,차대사람 - 기타,안전운전불이행,건조,맑음,교차로 - 교차로안,승용,여,47세,상해없음,보행자,여,64세,중상
2013083100100458,2013년 8월 31일 17시,토요일,대구광역시 수성구 두산동,경상사고,0,0,1,0,차대차 - 추돌 - 진행중,안전운전불이행,건조,맑음,교차로 - 교차로부근,승용,남,34세,상해없음,승용,여,41세,경상
2013083100100525,2013년 8월 31일 19시,토요일,대구광역시 동구 불로동,경상사고,0,0,1,0,차대차 - 측면직각충돌,안전거리미확보,건조,맑음,단일로 - 기타,승합,남,40세,상해없음,승용,여,55세,경상
2013083100100526,2013년 8월 31일 19시,토요일,대구광역시 달서구 본동,경상사고,0,0,1,0,차대차 - 측면직각충돌,안전운전불이행,건조,맑음,단일로 - 기타,승용,남,59세,상해없음,자전거,남,33세,경상
2013083100100553,2013년 8월 31일 20시,토요일,대구광역시 남구 대명동,경상사고,0,0,1,0,차대차 - 추돌 - 진행중,안전운전불이행,건조,맑음,교차로 - 교차로부근,승용,남,45세,상해없음,승용,남,53세,경상
2013083100100584,2013년 8월 31일 21시,토요일,대구광역시 달서구 송현동,부상신고사고,0,0,0,1,차대사람 - 기타,안전운전불이행,건조,맑음,단일로 - 기타,승용,남,58세,상해없음,보행자,남,55세,부상신고