사고번호,사고일시,요일,시군구,사고내용,사망자수,중상자수,경상자수,부상신고자수,사고유형,법규위반,노면상태,기상상태,도로형태,가해운전자 차종,가해운전자 성별,가해운전자 연령,가해운전자 상해정도,피해운전자 차종,피해운전자 성별,피해운전자 연령,피해운전자 상해정도
2013090400100579,2013년 9월 4일 21시,수요일,대구광역시 북구 구암동,경상사고,0,0,1,0,차대차 - 추돌 - 진행중,안전운전불이행,건조,맑음,기타 - 기타,승용,남,53세,상해없음,자전거,남,23세,경상
2013090400100630,2013년 9월 4일 23시,수요일,대구광역시 북구 산격동,경상사고,0,0,3,0,차대차 - 추돌 - 주정차중,안전운전불이행,건조,맑음,단일로 - 기타,승용,남,29세,상해없음,승용,여,25세,경상
2013090500100038,2013년 9월 5일 02시,목요일,대구광역시 북구 대현동,경상사고,0,0,1,0,차대사람 - 횡단중,안전운전불이행,건조,맑음,교차로 - 교차로안,승용,남,71세,상해없음,보행자,여,20세,경상
2013090500100084,2013년 9월 5일 06시,목요일,대구광역시 달서구 월성동,경상사고,0,0,2,0,차대차 - 측면직각충돌,중앙선침범,건조,맑음,교차로 - 교차로부근,승용,남,29세,경상,승용,남,31세,경상
2013090500100085,2013년 9월 5일 06시,목요일,대구광역시 달서구 대천동,경상사고,0,0,2,0,차대차 - 추돌 - 진행중,안전거리미확보,건조,맑음,단일로 - 기타,승용,남,28세,상해없음,승용,남,36세,경상
2013090500100144,2013년 9월 5일 08시,목요일,대구광역시 남구 대명동,경상사고,0,0,3,0,차대차 - 추돌 - 진행중,차로위반,건조,맑음,단일로 - 기타,승용,여,50세,경상,승용,남,27세,경상
2013090500100145,2013년 9월 5일 08시,목요일,대구광역시 동구 동호동,중상사고,0,1,0,0,차대차 - 기타,안전운전불이행,건조,맑음,교차로 - 교차로안,이륜,남,69세,중상,승용,남,64세,상해없음
2013090500100146,2013년 9월 5일 08시,목요일,대구광역시 달서구 진천동,경상사고,0,0,1,0,차대사람 - 횡단중,보행자보호의무위반,건조,맑음,교차로 - 교차로안,자전거,기타불명,기타불명,기타불명,보행자,남,36세,경상
2013090500100147,2013년 9월 5일 08시,목요일,대구광역시 달서구 성당동,중상사고,0,1,0,0,차대차 - 기타,불법유턴,건조,맑음,교차로 - 교차로안,자전거,남,42세,중상,승용,남,43세,상해없음
2013090500100148,2013년 9월 5일 08시,목요일,대구광역시 달서구 두류동,경상사고,0,0,2,0,차대차 - 측면직각충돌,안전거리미확보,건조,맑음,단일로 - 기타,승용,여,44세,상해없음,승용,남,38세,경상
2013090500100216,2013년 9월 5일 11시,목요일,대구광역시 동구 동호동,경상사고,0,0,4,0,차대차 - 기타,안전거리미확보,건조,맑음,교차로 - 교차로부근,화물,남,55세,상해없음,승용,남,62세,경상
2013090500100264,2013년 9월 5일 13시,목요일,대구광역시 달서구 상인동,중상사고,0,1,1,0,차대차 - 추돌 - 주정차중,안전운전불이행,건조,맑음,단일로 - 기타,승용,남,26세,상해없음,승합,여,32세,중상
2013090500100265,2013년 9월 5일 13시,목요일,대구광역시 서구 평리동,중상사고,0,1,0,0,차대사람 - 횡단중,안전운전불이행,건조,맑음,교차로 - 교차로안,화물,남,43세,상해없음,보행자,여,51세,중상
2013090500100290,2013년 9월 5일 14시,목요일,대구광역시 수성구 지산동,중상사고,0,1,2,0,차대차 - 추돌 - 주정차중,안전운전불이행,건조,맑음,단일로 - 기타,승용,남,55세,상해없음,승용,여,35세,경상
2013090500100291,2013년 9월 5일 14시,목요일,대구광역시 중구 동인동1가,경상사고,0,0,1,0,차대차 - 추돌 - 주정차중,안전운전불이행,건조,맑음,단일로 - 횡단보도상,승용,남,33세,상해없음,원동기,남,53세,경상
2013090500100319,2013년 9월 5일 15시,목요일,대구광역시 달서구 상인동,중상사고,0,1,0,0,차대차 - 측면직각충돌,불법유턴,건조,맑음,단일로 - 기타,자전거,남,11세,중상,승용,남,62세,상해없음
2013090500100320,2013년 9월 5일 15시,목요일,대구광역시 북구 태전동,중상사고,0,1,0,0,차대사람 - 횡단중,보행자보호의무위반,건조,맑음,교차로 - 교차로안,승합,남,48세,상해없음,보행자,여,18세,중상
2013090500100348,2013년 9월 5일 16시,목요일,대구광역시 달서구 송현동,중상사고,0,1,0,0,차대사람 - 기타,안전운전불이행,건조,맑음,교차로 - 교차로부근,화물,남,58세,상해없음,보행자,남,39세,중상
2013090500100388,2013년 9월 5일 17시,목요일,대구광역시 남구 이천동,중상사고,0,1,0,0,차대차 - 정면충돌,신호위반,습기,비,교차로 - 교차로안,이륜,남,63세,중상,승용,여,35세,상해없음
2013090500100418,2013년 9월 5일 18시,목요일,대구광역시 북구 태전동,경상사고,0,0,1,0,차대차 - 추돌 - 진행중,기타,건조,맑음,교차로 - 교차로부근,기타불명,기타불명,기타불명,기타불명,자전거,남,20세,경상
2013090500100455,2013년 9월 5일 19시,목요일,대구광역시 달서구 상인동,중상사고,0,1,0,0,차대차 - 추돌 - 주정차중,직진우회전진행방해,건조,맑음,교차로 - 교차로안,승용,남,52세,상해없음,원동기,남,58세,상해없음
2013090500100456,2013년 9월 5일 19시,목요일,대구광역시 달서구 송현동,중상사고,0,1,0,0,차대사람 - 차도통행중,안전운전불이행,건조,맑음,교차로 - 교차로부근,승용,남,62세,상해없음,보행자,여,12세,중상
2013090500100494,2013년 9월 5일 20시,목요일,대구광역시 수성구 수성동1가,경상사고,0,0,1,0,차대차 - 측면직각충돌,안전거리미확보,건조,맑음,단일로 - 기타,승용,여,45세,상해없음,승용,남,40세,경상
2013090500100495,2013년 9월 5일 20시,목요일,대구광역시 북구 태전동,중상사고,0,1,0,0,차대차 - 측면직각충돌,안전운전불이행,건조,맑음,단일로 - 횡단보도상,이륜,남,30세,상해없음,자전거,남,46세,중상
2013090500100525,2013년 9월 5일 21시,목요일,대구광역시 달서구 죽전동,경상사고,0,0,4,0,차대차 - 기타,안전거리미확보,건조,맑음,단일로 - 기타,승용,여,54세,경상,승용,여,54세,경상
2013090500100549,2013년 9월 5일 22시,목요일,대구광역시 달성군 구지면,경상사고,0,0,3,0,차대차 - 측면직각충돌,직진우회전진행방해,건조,맑음,교차로 - 교차로안,기타불명,기타불명,기타불명,기타불명,승용,남,39세,경상
2013090500100575,2013년 9월 5일 23시,목요일,대구광역시 북구 침산동,경상사고,0,0,1,0,차대차 - 측면직각충돌,안전운전불이행,건조,맑음,단일로 - 기타,승용,남,58세,상해없음,자전거,남,61세,경상
2013090600100012,2013년 9월 6일 00시,금요일,대구광역시 달성군 논공읍,경상사고,0,0,3,0,차대차 - 측면직각충돌,안전운전불이행,건조,흐림,단일로 - 기타,승용,남,37세,상해없음,승합,남,28세,경상
2013090600100013,2013년 9월 6일 00시,금요일,대구광역시 중구 동인동4가,중상사고,0,2,1,0,차대차 - 기타,신호위반,건조,맑음,교차로 - 교차로안,승용,남,53세,상해없음,승용,남,32세,중상
2013090600100025,2013년 9월 6일 01시,금요일,대구광역시 달서구 두류동,경상사고,0,0,1,0,차대차 - 추돌 - 진행중,안전거리미확보,건조,맑음,기타 - 기타,승용,남,51세,기타불명,승용,남,52세,경상
2013090600100039,2013년 9월 6일 02시,금요일,대구광역시 동구 신암동,중상사고,0,1,5,0,차대차 - 기타,안전거리미확보,건조,맑음,단일로 - 기타,승용,남,59세,상해없음,승용,남,16세,경상
2013090600100040,2013년 9월 6일 02시,금요일,대구광역시 서구 비산동,사망사고,1,0,0,0,차대사람 - 횡단중,안전운전불이행,건조,맑음,단일로 - 횡단보도상,승용,남,51세,상해없음,보행자,여,43세,사망
2013090600100041,2013년 9월 6일 02시,금요일,대구광역시 서구 내당동,중상사고,0,1,3,0,차대차 - 기타,중앙선침범,건조,맑음,단일로 - 횡단보도상,승용,남,32세,상해없음,승용,남,48세,중상
2013090600100046,2013년 9월 6일 03시,금요일,대구광역시 달서구 본동,경상사고,0,0,1,0,차대차 - 추돌 - 주정차중,안전운전불이행,건조,맑음,단일로 - 기타,승용,남,27세,상해없음,승용,남,30세,상해없음
2013090600100047,2013년 9월 6일 03시,금요일,대구광역시 북구 칠성동1가,중상사고,0,1,0,0,차량단독 - 전도전복,안전운전불이행,건조,맑음,단일로 - 기타,이륜,남,50세,중상,,,,
2013090600100048,2013년 9월 6일 03시,금요일,대구광역시 북구 칠성동1가,경상사고,0,0,1,0,차대차 - 기타,안전운전불이행,건조,맑음,단일로 - 기타,승용,남,29세,경상,화물,남,46세,상해없음
2013090600100049,2013년 9월 6일 03시,금요일,대구광역시 중구 동인동1가,중상사고,0,3,0,0,차대차 - 기타,신호위반,습기,비,교차로 - 교차로안,승용,남,28세,상해없음,승용,여,28세,중상
2013090600100060,2013년 9월 6일 04시,금요일,대구광역시 달서구 신당동,부상신고사고,0,0,0,1,차량단독 - 전도전복,안전운전불이행,건조,흐림,단일로 - 횡단보도상,이륜,남,22세,부상신고,,,,
2013090600100102,2013년 9월 6일 07시,금요일,대구광역시 달서구 본동,경상사고,0,0,1,0,차대사람 - 보도통행중,기타,습기,비,기타 - 기타,승용,남,63세,상해없음,보행자,남,42세,경상
2013090600100103,2013년 9월 6일 07시,금요일,대구광역시 달성군 구지면,경상사고,0,0,1,0,차대차 - 측면직각충돌,안전운전불이행,건조,맑음,교차로 - 교차로안,건설기계,남,49세,상해없음,화물,남,44세,경상
2013090600100145,2013년 9월 6일 08시,금요일,대구광역시 중구 대신동,경상사고,0,0,2,0,차대차 - 추돌 - 주정차중,안전운전불이행,습기,비,교차로 - 교차로부근,승용,남,31세,상해없음,승용,여,37세,경상
2013090600100170,2013년 9월 6일 09시,금요일,대구광역시 수성구 범어동,중상사고,0,1,1,0,차대차 - 기타,교차로운행방법위반,습기,비,교차로 - 교차로안,승용,여,30세,상해없음,승용,여,27세,중상
2013090600100171,2013년 9월 6일 09시,금요일,대구광역시 달서구 상인동,중상사고,0,1,0,0,차대차 - 측면직각충돌,교차로운행방법위반,습기,비,교차로 - 교차로안,이륜,남,64세,중상,승용,남,40세,상해없음
2013090600100172,2013년 9월 6일 09시,금요일,대구광역시 서구 중리동,경상사고,0,0,2,0,차대차 - 추돌 - 주정차중,안전거리미확보,습기,맑음,단일로 - 기타,승용,여,30세,상해없음,승합,남,41세,상해없음
2013090600100210,2013년 9월 6일 10시,금요일,대구광역시 달서구 호산동,경상사고,0,0,1,0,차대차 - 측면직각충돌,교차로운행방법위반,습기,비,교차로 - 교차로안,화물,남,33세,상해없음,승용,남,35세,경상
2013090600100243,2013년 9월 6일 11시,금요일,대구광역시 수성구 범어동,중상사고,0,1,0,0,차대차 - 측면직각충돌,안전운전불이행,건조,맑음,단일로 - 기타,승용,남,51세,상해없음,자전거,남,55세,중상
2013090600100244,2013년 9월 6일 11시,금요일,대구광역시 북구 산격동,경상사고,0,0,2,0,차대차 - 측면직각충돌,불법유턴,습기,흐림,단일로 - 기타,승용,남,34세,경상,화물,남,57세,경상
2013090600100264,2013년 9월 6일 12시,금요일,대구광역시 동구 동호동,중상사고,0,1,0,0,차대사람 - 횡단중,보행자보호의무위반,건조,맑음,단일로 - 기타,승용,여,27세,상해없음,보행자,여,65세,중상
2013090600100294,2013년 9월 6일 13시,금요일,대구광역시 서구 비산동,중상사고,0,1,0,0,차대사람 - 횡단중,안전운전불이행,건조,맑음,교차로 - 교차로부근,승용,여,33세,상해없음,보행자,여,60세,중상
2013090600100332,2013년 9월 6일 14시,금요일,대구광역시 북구 서변동,중상사고,0,1,0,0,차대차 - 추돌 - 주정차중,안전운전불이행,습기,비,단일로 - 기타,화물,남,51세,상해없음,승용,남,45세,중상
2013090600100337,2013년 9월 6일 14시,금요일,대구광역시 동구 신천동,중상사고,0,1,0,0,차대사람 - 기타,안전운전불이행,건조,맑음,기타 - 기타,승용,남,40세,상해없음,보행자,남,56세,중상
2013090600100338,2013년 9월 6일 14시,금요일,대구광역시 달서구 상인동,경상사고,0,0,2,0,차대차 - 기타,안전거리미확보,습기,흐림,미분류 - 미분류,승용,여,46세,상해없음,화물,남,30세,경상
2013090600100339,2013년 9월 6일 14시,금요일,대구광역시 북구 칠성동1가,중상사고,0,1,0,0,차대사람 - 길가장자리구역통행중,안전운전불이행,습기,비,단일로 - 기타,승용,여,46세,상해없음,보행자,남,37세,중상
2013090600100340,2013년 9월 6일 14시,금요일,대구광역시 북구 산격동,경상사고,0,0,1,0,차대차 - 추돌 - 주정차중,안전운전불이행,습기,비,단일로 - 기타,승용,남,65세,상해없음,승용,남,48세,경상
2013090600100341,2013년 9월 6일 14시,금요일,대구광역시 북구 읍내동,경상사고,0,0,2,0,차대차 - 기타,안전운전불이행,습기,비,교차로 - 교차로부근,승용,남,41세,상해없음,승용,남,51세,경상
2013090600100378,2013년 9월 6일 15시,금요일,대구광역시 수성구 대흥동,중상사고,0,1,0,0,차대차 - 추돌 - 주정차중,안전운전불이행,습기,비,단일로 - 기타,승용,남,70세,기타불명,승용,여,23세,중상
2013090600100379,2013년 9월 6일 15시,금요일,대구광역시 수성구 시지동,경상사고,0,0,1,0,차대차 - 추돌 - 진행중,안전거리미확보,건조,맑음,기타 - 기타,승용,남,25세,상해없음,승용,여,54세,경상
2013090600100380,2013년 9월 6일 15시,금요일,대구광역시 서구 비산동,중상사고,0,1,1,0,차대차 - 측면직각충돌,신호위반,건조,흐림,교차로 - 교차로안,승용,여,47세,상해없음,승용,남,54세,경상
2013090600100414,2013년 9월 6일 16시,금요일,대구광역시 수성구 황금동,중상사고,0,1,0,0,차대사람 - 횡단중,안전운전불이행,습기,비,교차로 - 교차로안,승합,남,47세,상해없음,보행자,여,17세,중상
2013090600100415,2013년 9월 6일 16시,금요일,대구광역시 북구 복현동,경상사고,0,0,1,0,차대차 - 측면직각충돌,안전거리미확보,습기,비,단일로 - 기타,승용,남,26세,상해없음,화물,남,38세,경상
2013090600100450,2013년 9월 6일 17시,금요일,대구광역시 달서구 송현동,경상사고,0,0,1,0,차대차 - 추돌 - 주정차중,안전운전불이행,습기,비,단일로 - 기타,승용,남,24세,상해없음,승용,남,38세,경상
2013090600100451,2013년 9월 6일 17시,금요일,대구광역시 중구 태평로1가,중상사고,0,1,0,0,차대사람 - 횡단중,안전운전불이행,건조,맑음,교차로 - 교차로안,승용,남,64세,상해없음,보행자,여,37세,중상
2013090600100452,2013년 9월 6일 17시,금요일,대구광역시 북구 국우동,경상사고,0,0,2,0,차대차 - 추돌 - 주정차중,불법유턴,건조,맑음,단일로 - 기타,승용,남,42세,상해없음,승용,남,52세,경상
2013090600100481,2013년 9월 6일 18시,금요일,대구광역시 수성구 수성동3가,경상사고,0,0,1,0,차대사람 - 기타,기타,습기,비,기타 - 기타,승용,여,52세,상해없음,보행자,여,34세,경상
2013090600100482,2013년 9월 6일 18시,금요일,대구광역시 달서구 장기동,경상사고,0,0,1,0,차대차 - 측면직각충돌,안전거리미확보,습기,비,단일로 - 기타,승용,남,19세,상해없음,승용,남,51세,경상
2013090600100528,2013년 9월 6일 19시,금요일,대구광역시 동구 효목동,경상사고,0,0,4,0,차대차 - 기타,교차로운행방법위반,건조,맑음,교차로 - 교차로안,승용,남,61세,상해없음,승용,여,53세,경상
2013090600100529,2013년 9월 6일 19시,금요일,대구광역시 동구 서호동,중상사고,0,1,0,0,차량단독 - 기타,안전운전불이행,건조,맑음,단일로 - 기타,승합,남,51세,기타불명,,,,
2013090600100530,2013년 9월 6일 19시,금요일,대구광역시 수성구 중동,경상사고,0,0,1,0,차대차 - 추돌 - 주정차중,안전운전불이행,건조,맑음,단일로 - 기타,이륜,남,19세,상해없음,승용,남,50세,경상
2013090600100531,2013년 9월 6일 19시,금요일,대구광역시 달서구 월성동,경상사고,0,0,1,0,차대차 - 측면직각충돌,신호위반,습기,비,교차로 - 교차로안,승용,여,39세,상해없음,원동기,남,37세,경상
2013090600100532,2013년 9월 6일 19시,금요일,대구광역시 북구 노원동1가,경상사고,0,0,1,0,차대차 - 기타,안전운전불이행,건조,맑음,교차로 - 교차로안,원동기,남,59세,상해없음,승용,남,64세,경상
2013090600100533,2013년 9월 6일 19시,금요일,대구광역시 달서구 용산동,경상사고,0,0,2,0,차대차 - 측면직각충돌,안전운전불이행,건조,맑음,단일로 - 기타,승용,남,49세,상해없음,승용,남,57세,경상
2013090600100534,2013년 9월 6일 19시,금요일,대구광역시 달서구 용산동,경상사고,0,0,1,0,차대차 - 추돌 - 주정차중,안전운전불이행,건조,맑음,단일로 - 기타,승용,남,45세,상해없음,승용,남,27세,경상
2013090600100535,2013년 9월 6일 19시,금요일,대구광역시 북구 동천동,중상사고,0,1,0,0,차대사람 - 횡단중,신호위반,습기,비,단일로 - 횡단보도상,이륜,남,42세,상해없음,보행자,남,53세,중상
2013090600100583,2013년 9월 6일 20시,금요일,대구광역시 북구 태전동,경상사고,0,0,1,1,차대차 - 추돌 - 진행중,안전운전불이행,건조,맑음,교차로 - 교차로부근,승용,남,51세,부상신고,화물,남,39세,경상
2013090600100623,2013년 9월 6일 21시,금요일,대구광역시 남구 대명동,중상사고,0,1,1,0,차대차 - 추돌 - 주정차중,안전운전불이행,습기,비,단일로 - 기타,원동기,남,17세,중상,승용,남,72세,경상
2013090600100624,2013년 9월 6일 21시,금요일,대구광역시 북구 동변동,부상신고사고,0,0,0,1,차대차 - 추돌 - 진행중,직진우회전진행방해,건조,맑음,교차로 - 교차로안,원동기,남,19세,부상신고,승용,남,30세,상해없음
2013090600100662,2013년 9월 6일 22시,금요일,대구광역시 수성구 범어동,중상사고,0,1,0,0,차대사람 - 기타,안전운전불이행,건조,맑음,단일로 - 기타,승용,기타불명,기타불명,기타불명,보행자,남,61세,중상
2013090600100695,2013년 9월 6일 23시,금요일,대구광역시 남구 대명동,중상사고,0,1,0,0,차대차 - 정면충돌,안전운전불이행,습기,비,단일로 - 기타,승용,남,59세,상해없음,승합,남,56세,중상
2013090600100696,2013년 9월 6일 23시,금요일,대구광역시 북구 산격동,경상사고,0,0,1,0,차대차 - 측면직각충돌,안전운전불이행,건조,맑음,단일로 - 기타,승용,남,26세,상해없음,승용,남,45세,경상
2013090600100697,2013년 9월 6일 23시,금요일,대구광역시 서구 비산동,경상사고,0,0,1,0,차대차 - 측면직각충돌,중앙선침범,습기,비,단일로 - 기타,승용,남,48세,상해없음,원동기,남,65세,경상
2013090700100020,2013년 9월 7일 00시,토요일,대구광역시 달서구 대곡동,경상사고,0,0,1,0,차대사람 - 횡단중,보행자보호의무위반,건조,맑음,단일로 - 횡단보도상,승용,남,32세,상해없음,보행자,여,34세,경상
2013090700100021,2013년 9월 7일 00시,토요일,대구광역시 북구 대현동,경상사고,0,0,1,0,차대차 - 측면직각충돌,안전거리미확보,건조,맑음,단일로 - 기타,승용,남,43세,상해없음,자전거,남,21세,경상
2013090700100022,2013년 9월 7일 00시,토요일,대구광역시 달서구 두류동,경상사고,0,0,1,0,차대사람 - 기타,안전운전불이행,건조,맑음,단일로 - 기타,승용,남,49세,상해없음,보행자,여,25세,경상
2013090700100063,2013년 9월 7일 02시,토요일,대구광역시 달서구 용산동,경상사고,0,0,1,0,차대차 - 측면직각충돌,안전운전불이행,습기,비,교차로 - 교차로부근,승용,남,59세,상해없음,승용,여,59세,경상
2013090700100076,2013년 9월 7일 03시,토요일,대구광역시 수성구 황금동,경상사고,0,0,1,0,차대사람 - 횡단중,안전운전불이행,건조,맑음,단일로 - 기타,승용,남,68세,상해없음,보행자,여,39세,경상
2013090700100090,2013년 9월 7일 04시,토요일,대구광역시 동구 용계동,중상사고,0,1,0,0,차대차 - 기타,안전운전불이행,습기,비,단일로 - 기타,승용,남,45세,상해없음,자전거,남,56세,중상
2013090700100091,2013년 9월 7일 04시,토요일,대구광역시 동구 신천동,중상사고,0,1,0,0,차대사람 - 기타,안전운전불이행,건조,맑음,교차로 - 교차로안,승용,남,36세,상해없음,보행자,남,53세,중상
2013090700100104,2013년 9월 7일 05시,토요일,대구광역시 달성군 다사읍,중상사고,0,3,0,0,차대차 - 정면충돌,중앙선침범,습기,비,단일로 - 기타,승용,남,39세,상해없음,승용,남,55세,중상
2013090700100105,2013년 9월 7일 05시,토요일,대구광역시 중구 남성로,경상사고,0,0,1,0,차대차 - 측면직각충돌,교차로운행방법위반,습기,비,교차로 - 교차로안,승용,남,66세,상해없음,이륜,남,58세,경상
2013090700100121,2013년 9월 7일 06시,토요일,대구광역시 서구 평리동,경상사고,0,0,2,0,차대차 - 추돌 - 주정차중,안전운전불이행,건조,맑음,단일로 - 기타,승용,남,31세,상해없음,화물,남,58세,경상
2013090700100122,2013년 9월 7일 06시,토요일,대구광역시 달서구 이곡동,중상사고,0,1,0,0,차대차 - 측면직각충돌,신호위반,습기,비,교차로 - 교차로안,이륜,남,62세,중상,승용,여,58세,상해없음
2013090700100136,2013년 9월 7일 07시,토요일,대구광역시 북구 서변동,경상사고,0,0,1,0,차대차 - 측면직각충돌,직진우회전진행방해,습기,흐림,단일로 - 기타,이륜,남,73세,경상,화물,남,43세,상해없음
2013090700100150,2013년 9월 7일 08시,토요일,대구광역시 수성구 상동,중상사고,0,1,0,0,차대차 - 측면직각충돌,안전운전불이행,습기,맑음,단일로 - 기타,승용,여,55세,상해없음,자전거,여,33세,중상
2013090700100181,2013년 9월 7일 09시,토요일,대구광역시 북구 태전동,중상사고,0,1,0,0,차대사람 - 기타,안전운전불이행,건조,맑음,단일로 - 기타,화물,남,33세,상해없음,보행자,남,82세,중상
2013090700100214,2013년 9월 7일 10시,토요일,대구광역시 달성군 가창면,중상사고,0,1,0,0,차대차 - 정면충돌,안전운전불이행,건조,맑음,단일로 - 기타,이륜,남,77세,상해없음,화물,여,52세,상해없음
2013090700100215,2013년 9월 7일 10시,토요일,대구광역시 서구 비산동,중상사고,0,1,0,0,차대차 - 측면직각충돌,안전거리미확보,건조,맑음,단일로 - 횡단보도부근,승용,남,27세,상해없음,이륜,남,16세,중상
2013090700100242,2013년 9월 7일 11시,토요일,대구광역시 북구 금호동,경상사고,0,0,2,0,차대차 - 추돌 - 진행중,안전거리미확보,건조,맑음,단일로 - 터널,승용,남,41세,상해없음,승용,남,48세,경상
2013090700100249,2013년 9월 7일 11시,토요일,대구광역시 달서구 상인동,중상사고,0,1,0,0,차대사람 - 횡단중,보행자보호의무위반,건조,맑음,교차로 - 교차로안,승용,남,47세,상해없음,보행자,남,60세,중상
2013090700100282,2013년 9월 7일 12시,토요일,대구광역시 남구 봉덕동,경상사고,0,0,1,0,차대차 - 정면충돌,중앙선침범,건조,맑음,단일로 - 기타,승용,남,30세,상해없음,승용,남,69세,경상
2013090700100283,2013년 9월 7일 12시,토요일,대구광역시 수성구 범어동,중상사고,0,1,0,0,차대차 - 기타,안전거리미확보,건조,맑음,단일로 - 기타,승용,남,45세,상해없음,이륜,남,57세,중상
2013090700100284,2013년 9월 7일 12시,토요일,대구광역시 달서구 월성동,경상사고,0,0,1,0,차대차 - 측면직각충돌,안전운전불이행,건조,맑음,교차로 - 교차로부근,승용,남,25세,상해없음,자전거,남,12세,경상
2013090700100319,2013년 9월 7일 13시,토요일,대구광역시 북구 조야동,중상사고,0,2,3,0,차대차 - 측면직각충돌,안전거리미확보,건조,맑음,단일로 - 기타,승용,남,41세,상해없음,승용,여,44세,경상
2013090700100322,2013년 9월 7일 13시,토요일,대구광역시 수성구 신매동,경상사고,0,0,1,0,차대차 - 추돌 - 주정차중,안전운전불이행,건조,맑음,교차로 - 교차로부근,승용,남,39세,상해없음,승용,남,33세,경상
2013090700100323,2013년 9월 7일 13시,토요일,대구광역시 달서구 본동,경상사고,0,0,1,0,차대사람 - 횡단중,과속,건조,맑음,단일로 - 기타,승용,남,49세,상해없음,보행자,남,60세,경상
2013090700100324,2013년 9월 7일 13시,토요일,대구광역시 달서구 성당동,중상사고,0,1,0,0,차대차 - 기타,신호위반,건조,맑음,교차로 - 교차로안,이륜,남,25세,상해없음,이륜,남,59세,중상
2013090700100325,2013년 9월 7일 13시,토요일,대구광역시 달서구 이곡동,중상사고,0,1,1,1,차대차 - 추돌 - 진행중,안전거리미확보,건조,맑음,단일로 - 기타,승용,남,27세,경상,승용,남,32세,부상신고
2013090700100357,2013년 9월 7일 14시,토요일,대구광역시 동구 신천동,경상사고,0,0,1,0,차대차 - 기타,안전운전불이행,건조,맑음,단일로 - 기타,승합,남,46세,상해없음,승용,남,46세,상해없음
2013090700100358,2013년 9월 7일 14시,토요일,대구광역시 동구 각산동,경상사고,0,0,1,0,차대차 - 측면직각충돌,안전거리미확보,건조,맑음,단일로 - 기타,이륜,남,32세,경상,화물,남,78세,상해없음
2013090700100359,2013년 9월 7일 14시,토요일,대구광역시 달성군 현풍면,부상신고사고,0,0,0,1,차량단독 - 공작물충돌,안전운전불이행,건조,맑음,교차로 - 교차로부근,농기계,남,46세,부상신고,,,,
2013090700100434,2013년 9월 7일 16시,토요일,대구광역시 수성구 가천동,중상사고,0,2,0,0,차대차 - 추돌 - 진행중,안전운전불이행,건조,맑음,단일로 - 기타,승용,남,43세,상해없음,승용,남,40세,중상
2013090700100436,2013년 9월 7일 16시,토요일,대구광역시 동구 동호동,중상사고,0,1,0,0,차대사람 - 기타,안전운전불이행,건조,맑음,단일로 - 기타,승합,남,49세,상해없음,보행자,여,68세,중상
2013090700100465,2013년 9월 7일 17시,토요일,대구광역시 수성구 상동,경상사고,0,0,1,0,차대차 - 기타,안전운전불이행,건조,맑음,단일로 - 횡단보도상,이륜,남,38세,상해없음,자전거,남,53세,경상
2013090700100466,2013년 9월 7일 17시,토요일,대구광역시 달서구 상인동,경상사고,0,0,1,0,차대사람 - 횡단중,보행자보호의무위반,건조,맑음,교차로 - 교차로안,승용,남,26세,상해없음,보행자,남,41세,경상
2013090700100467,2013년 9월 7일 17시,토요일,대구광역시 북구 대현동,경상사고,0,0,1,0,차대차 - 추돌 - 주정차중,안전운전불이행,건조,맑음,단일로 - 횡단보도상,승용,남,20세,상해없음,승용,남,60세,경상
2013090700100468,2013년 9월 7일 17시,토요일,대구광역시 서구 비산동,경상사고,0,0,1,0,차대차 - 측면직각충돌,직진우회전진행방해,건조,맑음,교차로 - 교차로안,승용,여,43세,상해없음,화물,남,54세,경상
2013090700100504,2013년 9월 7일 18시,토요일,대구광역시 북구 금호동,경상사고,0,0,1,0,차대차 - 추돌 - 진행중,안전거리미확보,건조,맑음,단일로 - 기타,승용,남,43세,상해없음,승용,남,61세,상해없음
2013090700100543,2013년 9월 7일 19시,토요일,대구광역시 동구 불로동,중상사고,0,1,2,0,차대차 - 추돌 - 진행중,안전운전불이행,건조,맑음,단일로 - 기타,승용,남,37세,상해없음,승용,여,54세,중상
2013090700100544,2013년 9월 7일 19시,토요일,대구광역시 수성구 수성동4가,경상사고,0,0,1,0,차대차 - 측면직각충돌,안전운전불이행,건조,맑음,단일로 - 기타,승용,남,51세,상해없음,승용,남,39세,경상
2013090700100579,2013년 9월 7일 20시,토요일,대구광역시 수성구 삼덕동,경상사고,0,0,2,0,차량단독 - 공작물충돌,안전운전불이행,건조,맑음,단일로 - 기타,승용,여,28세,상해없음,,,,
2013090700100580,2013년 9월 7일 20시,토요일,대구광역시 달서구 본리동,경상사고,0,0,1,0,차대차 - 추돌 - 주정차중,안전운전불이행,건조,맑음,교차로 - 교차로안,승용,남,44세,상해없음,승용,남,47세,경상
2013090700100581,2013년 9월 7일 20시,토요일,대구광역시 북구 구암동,경상사고,0,0,1,0,차대사람 - 차도통행중,안전운전불이행,건조,맑음,단일로 - 기타,기타불명,기타불명,기타불명,기타불명,보행자,남,44세,경상
2013090700100634,2013년 9월 7일 22시,토요일,대구광역시 동구 신암동,경상사고,0,0,1,0,차대사람 - 보도통행중,보행자보호의무위반,건조,맑음,교차로 - 교차로부근,이륜,남,17세,기타불명,보행자,여,17세,경상
2013090700100635,2013년 9월 7일 22시,토요일,대구광역시 동구 효목동,경상사고,0,0,2,0,차대차 - 기타,안전운전불이행,건조,맑음,교차로 - 교차로부근,승용,남,45세,상해없음,승용,여,31세,경상