사고번호,사고일시,요일,시군구,사고내용,사망자수,중상자수,경상자수,부상신고자수,사고유형,법규위반,노면상태,기상상태,도로형태,가해운전자 차종,가해운전자 성별,가해운전자 연령,가해운전자 상해정도,피해운전자 차종,피해운전자 성별,피해운전자 연령,피해운전자 상해정도
2013090700100668,2013년 9월 7일 23시,토요일,대구광역시 서구 평리동,경상사고,0,0,1,0,차대차 - 기타,신호위반,건조,맑음,교차로 - 교차로안,승용,남,63세,상해없음,승용,남,64세,경상
2013090800100021,2013년 9월 8일 00시,일요일,대구광역시 동구 동호동,경상사고,0,0,1,0,차대차 - 측면직각충돌,불법유턴,건조,맑음,교차로 - 교차로부근,승용,남,52세,상해없음,원동기,남,16세,경상
2013090800100022,2013년 9월 8일 00시,일요일,대구광역시 북구 노원동1가,경상사고,0,0,4,0,차대차 - 추돌 - 주정차중,중앙선침범,건조,맑음,단일로 - 횡단보도부근,승용,남,32세,상해없음,승용,남,22세,경상
2013090800100023,2013년 9월 8일 00시,일요일,대구광역시 달서구 감삼동,경상사고,0,0,1,0,차대사람 - 횡단중,안전운전불이행,건조,흐림,단일로 - 기타,승용,남,47세,상해없음,보행자,남,42세,경상
2013090800100037,2013년 9월 8일 01시,일요일,대구광역시 남구 대명동,경상사고,0,0,2,0,차대차 - 기타,신호위반,건조,맑음,교차로 - 교차로안,승용,남,25세,상해없음,화물,여,58세,경상
2013090800100038,2013년 9월 8일 01시,일요일,대구광역시 남구 대명동,경상사고,0,0,2,0,차대차 - 추돌 - 진행중,안전운전불이행,건조,맑음,미분류 - 미분류,승용,남,36세,상해없음,승용,남,56세,경상
2013090800100039,2013년 9월 8일 01시,일요일,대구광역시 북구 산격동,경상사고,0,0,1,0,차대차 - 측면직각충돌,안전운전불이행,건조,맑음,교차로 - 교차로안,승용,남,24세,상해없음,승용,남,48세,경상
2013090800100055,2013년 9월 8일 02시,일요일,대구광역시 수성구 두산동,중상사고,0,1,0,0,차대사람 - 기타,안전운전불이행,건조,맑음,단일로 - 기타,승용,남,56세,상해없음,보행자,남,25세,중상
2013090800100056,2013년 9월 8일 02시,일요일,대구광역시 북구 침산동,경상사고,0,0,2,0,차대차 - 기타,중앙선침범,건조,맑음,교차로 - 교차로부근,승용,남,27세,상해없음,승용,남,30세,경상
2013090800100057,2013년 9월 8일 02시,일요일,대구광역시 중구 동인동1가,부상신고사고,0,0,0,1,차대차 - 측면직각충돌,신호위반,건조,맑음,교차로 - 교차로부근,원동기,남,20세,부상신고,승용,남,53세,상해없음
2013090800100102,2013년 9월 8일 05시,일요일,대구광역시 달서구 월성동,경상사고,0,0,1,0,차대차 - 기타,안전운전불이행,건조,맑음,교차로 - 교차로부근,승용,남,28세,상해없음,승용,남,50세,경상
2013090800100114,2013년 9월 8일 06시,일요일,대구광역시 북구 관음동,경상사고,0,0,1,0,차대차 - 측면직각충돌,안전거리미확보,건조,맑음,단일로 - 기타,승용,남,45세,상해없음,화물,남,36세,경상
2013090800100152,2013년 9월 8일 08시,일요일,대구광역시 수성구 지산동,경상사고,0,0,1,0,차대사람 - 횡단중,보행자보호의무위반,건조,맑음,교차로 - 교차로부근,승용,남,34세,상해없음,보행자,남,70세,경상
2013090800100153,2013년 9월 8일 08시,일요일,대구광역시 수성구 범어동,경상사고,0,0,1,0,차대차 - 측면직각충돌,안전거리미확보,건조,맑음,단일로 - 기타,승용,여,57세,상해없음,승용,남,62세,경상
2013090800100197,2013년 9월 8일 10시,일요일,대구광역시 북구 노원동2가,중상사고,0,1,0,0,차대차 - 측면직각충돌,안전운전불이행,건조,맑음,단일로 - 기타,자전거,남,44세,상해없음,자전거,여,59세,중상
2013090800100231,2013년 9월 8일 12시,일요일,대구광역시 동구 신암동,경상사고,0,0,1,0,차대차 - 기타,안전운전불이행,건조,맑음,교차로 - 교차로부근,승용,여,42세,상해없음,화물,남,55세,상해없음
2013090800100232,2013년 9월 8일 12시,일요일,대구광역시 북구 칠성동2가,경상사고,0,0,1,0,차대차 - 기타,안전운전불이행,건조,맑음,교차로 - 교차로부근,승용,여,49세,상해없음,자전거,남,45세,경상
2013090800100258,2013년 9월 8일 13시,일요일,대구광역시 남구 봉덕동,중상사고,0,2,2,0,차대차 - 추돌 - 진행중,안전운전불이행,건조,맑음,교차로 - 교차로부근,승용,여,34세,상해없음,승용,남,38세,중상
2013090800100259,2013년 9월 8일 13시,일요일,대구광역시 동구 신천동,중상사고,0,1,0,0,차대차 - 측면직각충돌,직진우회전진행방해,건조,맑음,교차로 - 교차로안,이륜,여,51세,중상,승용,여,47세,상해없음
2013090800100287,2013년 9월 8일 14시,일요일,대구광역시 달서구 감삼동,부상신고사고,0,0,0,1,차대사람 - 기타,안전운전불이행,건조,맑음,단일로 - 기타,승용,기타불명,기타불명,기타불명,보행자,남,24세,부상신고
2013090800100288,2013년 9월 8일 14시,일요일,대구광역시 달서구 감삼동,부상신고사고,0,0,0,1,차대차 - 기타,안전거리미확보,건조,맑음,단일로 - 기타,기타불명,기타불명,기타불명,기타불명,원동기,남,46세,부상신고
2013090800100314,2013년 9월 8일 15시,일요일,대구광역시 동구 신무동,경상사고,0,0,1,0,차대차 - 추돌 - 진행중,안전운전불이행,건조,맑음,단일로 - 기타,승용,남,38세,상해없음,승용,남,43세,경상
2013090800100315,2013년 9월 8일 15시,일요일,대구광역시 수성구 지산동,중상사고,0,2,0,0,차대사람 - 횡단중,보행자보호의무위반,건조,맑음,단일로 - 횡단보도상,승용,남,34세,상해없음,보행자,남,17세,중상
2013090800100316,2013년 9월 8일 15시,일요일,대구광역시 북구 대현동,경상사고,0,0,1,0,차대사람 - 기타,안전운전불이행,건조,맑음,단일로 - 기타,원동기,남,75세,상해없음,보행자,남,6세,경상
2013090800100344,2013년 9월 8일 16시,일요일,대구광역시 북구 복현동,경상사고,0,0,2,0,차대차 - 측면직각충돌,안전거리미확보,건조,맑음,교차로 - 교차로부근,승용,남,65세,상해없음,승용,남,41세,경상
2013090800100380,2013년 9월 8일 17시,일요일,대구광역시 동구 진인동,경상사고,0,0,7,0,차대차 - 추돌 - 진행중,안전운전불이행,건조,맑음,단일로 - 기타,승용,남,27세,상해없음,승용,남,52세,경상
2013090800100381,2013년 9월 8일 17시,일요일,대구광역시 수성구 매호동,경상사고,0,0,1,0,차대차 - 측면직각충돌,안전운전불이행,건조,맑음,교차로 - 교차로부근,자전거,남,13세,상해없음,이륜,남,16세,경상
2013090800100382,2013년 9월 8일 17시,일요일,대구광역시 서구 상리동,중상사고,0,1,0,0,차대차 - 추돌 - 진행중,안전운전불이행,건조,맑음,단일로 - 기타,승용,남,56세,상해없음,승용,남,55세,중상
2013090800100383,2013년 9월 8일 17시,일요일,대구광역시 중구 도원동,경상사고,0,0,2,0,차대차 - 기타,교차로운행방법위반,건조,맑음,교차로 - 교차로안,승용,남,64세,상해없음,승용,남,29세,경상
2013090800100407,2013년 9월 8일 18시,일요일,대구광역시 서구 평리동,중상사고,0,1,0,0,차대차 - 기타,교차로운행방법위반,건조,맑음,교차로 - 교차로안,승용,남,42세,상해없음,이륜,남,18세,중상
2013090800100408,2013년 9월 8일 18시,일요일,대구광역시 달서구 이곡동,중상사고,0,2,0,0,차대차 - 기타,신호위반,건조,맑음,교차로 - 교차로안,화물,남,41세,상해없음,승용,남,54세,중상
2013090800100445,2013년 9월 8일 19시,일요일,대구광역시 동구 입석동,경상사고,0,0,1,0,차대차 - 기타,안전운전불이행,건조,맑음,교차로 - 교차로부근,화물,남,68세,상해없음,승용,여,58세,경상
2013090800100446,2013년 9월 8일 19시,일요일,대구광역시 동구 불로동,경상사고,0,0,3,0,차대차 - 기타,안전운전불이행,건조,맑음,단일로 - 기타,승용,여,50세,상해없음,승용,여,47세,경상
2013090800100447,2013년 9월 8일 19시,일요일,대구광역시 달성군 화원읍,경상사고,0,0,2,0,차대차 - 추돌 - 주정차중,안전운전불이행,건조,흐림,교차로 - 교차로부근,승용,남,58세,상해없음,승용,남,45세,경상
2013090800100479,2013년 9월 8일 20시,일요일,대구광역시 달서구 성당동,경상사고,0,0,1,0,차대차 - 측면직각충돌,안전거리미확보,건조,맑음,단일로 - 기타,승용,남,70세,상해없음,이륜,남,19세,경상
2013090800100504,2013년 9월 8일 21시,일요일,대구광역시 남구 대명동,부상신고사고,0,0,0,1,차대차 - 추돌 - 주정차중,안전운전불이행,건조,맑음,교차로 - 교차로부근,이륜,남,31세,부상신고,승용,남,48세,상해없음
2013090800100505,2013년 9월 8일 21시,일요일,대구광역시 동구 백안동,경상사고,0,0,1,0,차량단독 - 공작물충돌,안전운전불이행,건조,맑음,교차로 - 교차로부근,승합,남,55세,경상,,,,
2013090800100506,2013년 9월 8일 21시,일요일,대구광역시 달서구 월성동,중상사고,0,1,0,0,차량단독 - 공작물충돌,기타,건조,맑음,단일로 - 기타,승합,남,47세,상해없음,,,,
2013090800100507,2013년 9월 8일 21시,일요일,대구광역시 북구 동천동,경상사고,0,0,1,0,차대차 - 측면직각충돌,안전운전불이행,건조,맑음,기타 - 기타,승용,남,45세,상해없음,승용,남,50세,경상
2013090800100524,2013년 9월 8일 22시,일요일,대구광역시 남구 대명동,경상사고,0,0,1,0,차대차 - 측면직각충돌,기타,건조,맑음,교차로 - 교차로안,승용,남,57세,상해없음,승용,남,64세,경상
2013090900100007,2013년 9월 9일 00시,월요일,대구광역시 중구 삼덕동1가,경상사고,0,0,2,0,차대차 - 기타,안전운전불이행,건조,맑음,단일로 - 기타,승용,남,61세,상해없음,승용,남,25세,경상
2013090900100024,2013년 9월 9일 02시,월요일,대구광역시 남구 대명동,사망사고,1,0,0,0,차대사람 - 기타,안전운전불이행,건조,맑음,교차로 - 교차로부근,승용,남,52세,상해없음,보행자,남,65세,사망
2013090900100078,2013년 9월 9일 07시,월요일,대구광역시 동구 효목동,경상사고,0,0,1,0,차대차 - 측면직각충돌,안전운전불이행,건조,맑음,교차로 - 교차로부근,자전거,남,79세,경상,화물,남,36세,상해없음
2013090900100079,2013년 9월 9일 07시,월요일,대구광역시 동구 동호동,경상사고,0,0,1,0,차대차 - 기타,안전운전불이행,건조,맑음,단일로 - 기타,승용,남,45세,기타불명,자전거,남,13세,경상
2013090900100080,2013년 9월 9일 07시,월요일,대구광역시 수성구 수성동1가,경상사고,0,0,1,0,차대차 - 추돌 - 주정차중,안전운전불이행,건조,맑음,교차로 - 교차로부근,승용,남,46세,상해없음,승용,남,39세,경상
2013090900100081,2013년 9월 9일 07시,월요일,대구광역시 서구 내당동,중상사고,0,1,0,0,차대사람 - 기타,안전운전불이행,건조,맑음,단일로 - 기타,승용,여,45세,상해없음,보행자,여,70세,중상
2013090900100145,2013년 9월 9일 09시,월요일,대구광역시 남구 이천동,경상사고,0,0,2,0,차대차 - 측면직각충돌,안전운전불이행,건조,맑음,단일로 - 기타,승용,여,48세,상해없음,승용,남,35세,경상
2013090900100146,2013년 9월 9일 09시,월요일,대구광역시 서구 원대동1가,경상사고,0,0,1,0,차대사람 - 기타,안전운전불이행,건조,맑음,교차로 - 교차로부근,원동기,기타불명,기타불명,기타불명,보행자,여,86세,경상
2013090900100179,2013년 9월 9일 10시,월요일,대구광역시 서구 비산동,중상사고,0,1,0,0,차대차 - 측면직각충돌,안전운전불이행,건조,맑음,단일로 - 기타,이륜,남,57세,중상,승용,남,49세,상해없음
2013090900100219,2013년 9월 9일 12시,월요일,대구광역시 남구 대명동,중상사고,0,1,0,0,차대차 - 측면직각충돌,안전거리미확보,건조,맑음,단일로 - 기타,승용,남,65세,상해없음,이륜,남,22세,중상
2013090900100220,2013년 9월 9일 12시,월요일,대구광역시 수성구 수성동2가,경상사고,0,0,2,0,차대차 - 측면직각충돌,안전운전불이행,건조,맑음,단일로 - 기타,특수,남,43세,상해없음,승용,남,37세,경상
2013090900100221,2013년 9월 9일 12시,월요일,대구광역시 서구 평리동,중상사고,0,1,0,0,차대차 - 추돌 - 진행중,안전운전불이행,건조,맑음,단일로 - 기타,화물,남,31세,상해없음,승용,여,36세,중상
2013090900100222,2013년 9월 9일 12시,월요일,대구광역시 중구 대봉동,부상신고사고,0,0,0,2,차대차 - 기타,안전운전불이행,건조,맑음,단일로 - 기타,승용,남,68세,상해없음,승용,남,27세,부상신고
2013090900100274,2013년 9월 9일 14시,월요일,대구광역시 동구 불로동,중상사고,0,1,0,0,차대차 - 추돌 - 진행중,안전운전불이행,건조,맑음,단일로 - 기타,승용,남,52세,상해없음,승용,여,53세,중상
2013090900100310,2013년 9월 9일 15시,월요일,대구광역시 달서구 송현동,경상사고,0,0,2,0,차대차 - 기타,안전거리미확보,건조,맑음,단일로 - 기타,승용,남,59세,상해없음,승용,남,28세,경상
2013090900100311,2013년 9월 9일 15시,월요일,대구광역시 중구 남일동,중상사고,0,1,0,0,차대사람 - 횡단중,보행자보호의무위반,건조,맑음,단일로 - 기타,이륜,남,57세,상해없음,보행자,여,24세,중상
2013090900100349,2013년 9월 9일 16시,월요일,대구광역시 수성구 지산동,경상사고,0,0,1,0,차대사람 - 기타,안전운전불이행,건조,맑음,단일로 - 기타,화물,남,52세,상해없음,보행자,남,57세,경상
2013090900100350,2013년 9월 9일 16시,월요일,대구광역시 수성구 만촌동,경상사고,0,0,1,0,차대차 - 기타,안전운전불이행,건조,맑음,단일로 - 기타,화물,남,32세,상해없음,화물,남,46세,경상
2013090900100351,2013년 9월 9일 16시,월요일,대구광역시 서구 내당동,중상사고,0,1,0,0,차대차 - 측면직각충돌,교차로운행방법위반,건조,맑음,교차로 - 교차로안,승용,남,49세,상해없음,이륜,남,19세,중상
2013090900100352,2013년 9월 9일 16시,월요일,대구광역시 달서구 두류동,경상사고,0,0,1,0,차대차 - 추돌 - 주정차중,안전운전불이행,건조,맑음,단일로 - 기타,승용,남,59세,상해없음,자전거,남,5세,경상
2013090900100353,2013년 9월 9일 16시,월요일,대구광역시 북구 태전동,경상사고,0,0,2,0,차대차 - 추돌 - 주정차중,안전운전불이행,건조,맑음,교차로 - 교차로부근,승용,남,52세,상해없음,승용,여,34세,경상
2013090900100354,2013년 9월 9일 16시,월요일,대구광역시 북구 읍내동,경상사고,0,0,1,0,차대차 - 측면직각충돌,안전운전불이행,건조,맑음,단일로 - 기타,승용,기타불명,기타불명,기타불명,승용,여,67세,경상
2013090900100385,2013년 9월 9일 17시,월요일,대구광역시 달서구 월성동,중상사고,0,1,0,0,차대사람 - 기타,안전운전불이행,건조,맑음,단일로 - 기타,승용,여,43세,상해없음,보행자,여,5세,중상
2013090900100386,2013년 9월 9일 17시,월요일,대구광역시 서구 원대동1가,중상사고,0,2,1,0,차대차 - 측면직각충돌,신호위반,건조,맑음,교차로 - 교차로안,승용,남,69세,상해없음,승용,남,42세,경상
2013090900100415,2013년 9월 9일 18시,월요일,대구광역시 남구 대명동,경상사고,0,0,4,0,차대차 - 추돌 - 진행중,안전거리미확보,건조,맑음,단일로 - 기타,승용,남,47세,기타불명,승용,남,25세,경상
2013090900100416,2013년 9월 9일 18시,월요일,대구광역시 북구 동천동,중상사고,0,1,3,1,차대차 - 측면직각충돌,안전운전불이행,건조,맑음,교차로 - 교차로안,승용,여,52세,경상,승용,여,29세,중상
2013090900100454,2013년 9월 9일 19시,월요일,대구광역시 동구 방촌동,경상사고,0,0,1,0,차대차 - 기타,교차로운행방법위반,건조,맑음,교차로 - 교차로부근,화물,남,52세,상해없음,자전거,남,54세,경상
2013090900100455,2013년 9월 9일 19시,월요일,대구광역시 달서구 용산동,경상사고,0,0,1,0,차대차 - 추돌 - 주정차중,안전운전불이행,건조,맑음,단일로 - 기타,승용,남,31세,상해없음,승용,남,55세,경상
2013090900100483,2013년 9월 9일 20시,월요일,대구광역시 동구 신암동,부상신고사고,0,0,0,1,차대차 - 기타,안전운전불이행,건조,맑음,단일로 - 기타,자전거,남,17세,부상신고,화물,남,41세,상해없음
2013090900100484,2013년 9월 9일 20시,월요일,대구광역시 달서구 송현동,경상사고,0,0,1,0,차대차 - 기타,교차로운행방법위반,건조,맑음,교차로 - 교차로안,승용,남,35세,상해없음,자전거,남,40세,경상
2013090900100485,2013년 9월 9일 20시,월요일,대구광역시 달서구 갈산동,중상사고,0,1,0,0,차대차 - 측면직각충돌,신호위반,건조,맑음,교차로 - 교차로안,승용,남,54세,상해없음,자전거,남,28세,중상
2013090900100486,2013년 9월 9일 20시,월요일,대구광역시 달서구 두류동,경상사고,0,0,1,0,차대차 - 추돌 - 주정차중,안전운전불이행,건조,맑음,교차로 - 교차로부근,승용,기타불명,기타불명,기타불명,승용,남,45세,상해없음
2013090900100487,2013년 9월 9일 20시,월요일,대구광역시 북구 태전동,경상사고,0,0,1,0,차대차 - 측면직각충돌,안전운전불이행,건조,맑음,단일로 - 기타,승합,기타불명,기타불명,기타불명,자전거,남,50세,경상
2013090900100520,2013년 9월 9일 21시,월요일,대구광역시 남구 대명동,경상사고,0,0,1,0,차대사람 - 횡단중,안전운전불이행,건조,맑음,단일로 - 기타,승용,남,21세,상해없음,보행자,여,17세,경상
2013090900100521,2013년 9월 9일 21시,월요일,대구광역시 동구 율하동,경상사고,0,0,1,0,차대차 - 기타,신호위반,건조,맑음,교차로 - 교차로안,승용,여,43세,상해없음,승용,남,56세,경상
2013090900100522,2013년 9월 9일 21시,월요일,대구광역시 북구 노원동1가,중상사고,0,1,0,0,차대차 - 측면직각충돌,안전운전불이행,건조,맑음,단일로 - 횡단보도상,승용,남,30세,상해없음,자전거,여,47세,중상
2013090900100523,2013년 9월 9일 21시,월요일,대구광역시 서구 평리동,중상사고,0,1,4,0,차대차 - 기타,신호위반,건조,맑음,교차로 - 교차로안,승용,남,58세,중상,승용,남,37세,경상
2013090900100524,2013년 9월 9일 21시,월요일,대구광역시 달서구 두류동,경상사고,0,0,1,0,차대차 - 측면직각충돌,안전거리미확보,건조,맑음,단일로 - 기타,승용,남,50세,상해없음,승용,여,54세,경상
2013091000100020,2013년 9월 10일 00시,화요일,대구광역시 달서구 두류동,중상사고,0,1,0,0,차대사람 - 기타,안전운전불이행,건조,맑음,단일로 - 기타,승용,남,28세,상해없음,보행자,남,38세,중상
2013091000100047,2013년 9월 10일 02시,화요일,대구광역시 동구 신천동,경상사고,0,0,2,0,차대차 - 추돌 - 진행중,신호위반,건조,맑음,교차로 - 교차로안,승용,남,46세,상해없음,승용,남,54세,경상
2013091000100070,2013년 9월 10일 05시,화요일,대구광역시 동구 신암동,부상신고사고,0,0,0,1,차대차 - 측면직각충돌,교차로운행방법위반,건조,맑음,교차로 - 교차로안,이륜,남,48세,부상신고,승용,남,51세,상해없음
2013091000100105,2013년 9월 10일 07시,화요일,대구광역시 동구 둔산동,사망사고,1,0,0,0,차대사람 - 기타,안전운전불이행,건조,맑음,단일로 - 기타,화물,남,66세,상해없음,보행자,남,79세,사망
2013091000100106,2013년 9월 10일 07시,화요일,대구광역시 달성군 다사읍,경상사고,0,0,1,0,차대차 - 측면직각충돌,신호위반,건조,맑음,교차로 - 교차로안,승용,남,25세,상해없음,승용,남,43세,경상
2013091000100107,2013년 9월 10일 07시,화요일,대구광역시 달서구 성당동,중상사고,0,1,0,0,차대차 - 기타,안전운전불이행,건조,맑음,교차로 - 교차로부근,승합,남,79세,상해없음,자전거,여,65세,중상
2013091000100108,2013년 9월 10일 07시,화요일,대구광역시 북구 매천동,중상사고,0,1,0,0,차대차 - 추돌 - 진행중,안전운전불이행,건조,맑음,단일로 - 기타,승합,남,43세,상해없음,이륜,남,75세,중상
2013091000100173,2013년 9월 10일 09시,화요일,대구광역시 북구 산격동,경상사고,0,0,1,0,차대사람 - 기타,안전운전불이행,건조,맑음,단일로 - 기타,화물,남,48세,상해없음,보행자,여,54세,경상
2013091000100174,2013년 9월 10일 09시,화요일,대구광역시 북구 서변동,경상사고,0,0,1,0,차대차 - 기타,안전거리미확보,건조,맑음,단일로 - 기타,승용,여,46세,상해없음,승용,남,41세,경상
2013091000100197,2013년 9월 10일 10시,화요일,대구광역시 동구 검사동,부상신고사고,0,0,0,1,차대차 - 측면직각충돌,차로위반,건조,맑음,단일로 - 기타,승용,남,48세,부상신고,승용,남,62세,상해없음
2013091000100198,2013년 9월 10일 10시,화요일,대구광역시 수성구 범어동,경상사고,0,0,1,0,차대차 - 기타,기타,건조,맑음,단일로 - 기타,기타불명,기타불명,기타불명,기타불명,자전거,남,28세,경상
2013091000100199,2013년 9월 10일 10시,화요일,대구광역시 중구 대안동,부상신고사고,0,0,0,1,차대차 - 기타,안전운전불이행,건조,맑음,단일로 - 기타,이륜,남,63세,부상신고,승용,남,64세,상해없음
2013091000100234,2013년 9월 10일 12시,화요일,대구광역시 북구 동호동,중상사고,0,1,0,0,차대차 - 측면직각충돌,중앙선침범,건조,맑음,교차로 - 교차로부근,자전거,여,65세,중상,승용,남,32세,상해없음
2013091000100235,2013년 9월 10일 12시,화요일,대구광역시 동구 효목동,경상사고,0,0,1,1,차대차 - 측면직각충돌,불법유턴,건조,맑음,교차로 - 교차로부근,이륜,남,17세,경상,승용,남,34세,상해없음
2013091000100236,2013년 9월 10일 12시,화요일,대구광역시 수성구 황금동,경상사고,0,0,2,0,차대차 - 기타,신호위반,건조,맑음,교차로 - 교차로안,승용,여,44세,상해없음,승용,여,61세,경상
2013091000100237,2013년 9월 10일 12시,화요일,대구광역시 수성구 연호동,경상사고,0,0,2,0,차대차 - 기타,안전거리미확보,건조,맑음,교차로 - 교차로부근,승용,남,54세,상해없음,승합,남,40세,경상
2013091000100259,2013년 9월 10일 13시,화요일,대구광역시 동구 신암동,경상사고,0,0,3,0,차대차 - 기타,안전운전불이행,건조,맑음,단일로 - 기타,승용,남,29세,상해없음,승용,남,34세,경상
2013091000100280,2013년 9월 10일 14시,화요일,대구광역시 달성군 다사읍,중상사고,0,1,0,0,차대차 - 기타,안전운전불이행,건조,맑음,단일로 - 기타,이륜,남,51세,중상,화물,남,40세,상해없음
2013091000100281,2013년 9월 10일 14시,화요일,대구광역시 서구 비산동,경상사고,0,0,6,0,차대차 - 기타,안전거리미확보,건조,맑음,단일로 - 기타,승용,여,45세,상해없음,승용,여,37세,경상
2013091000100282,2013년 9월 10일 14시,화요일,대구광역시 달서구 감삼동,중상사고,0,1,0,0,차대사람 - 기타,안전운전불이행,건조,맑음,기타 - 기타,승용,남,52세,상해없음,보행자,남,1세,중상
2013091000100283,2013년 9월 10일 14시,화요일,대구광역시 북구 학정동,경상사고,0,0,2,0,차대차 - 측면직각충돌,안전운전불이행,건조,맑음,교차로 - 교차로안,승용,남,23세,상해없음,승용,여,30세,경상
2013091000100313,2013년 9월 10일 15시,화요일,대구광역시 달서구 이곡동,경상사고,0,0,1,0,차대사람 - 보도통행중,기타,건조,맑음,기타 - 기타,이륜,남,59세,상해없음,보행자,여,10세,경상
2013091000100384,2013년 9월 10일 17시,화요일,대구광역시 동구 신암동,부상신고사고,0,0,0,1,차대차 - 측면직각충돌,안전거리미확보,건조,맑음,단일로 - 기타,원동기,남,71세,부상신고,승용,여,25세,상해없음
2013091000100385,2013년 9월 10일 17시,화요일,대구광역시 동구 효목동,중상사고,0,1,0,0,차대차 - 추돌 - 진행중,차로위반,건조,맑음,단일로 - 기타,자전거,남,17세,중상,승용,여,60세,상해없음
2013091000100386,2013년 9월 10일 17시,화요일,대구광역시 북구 침산동,경상사고,0,0,1,0,차대차 - 기타,안전운전불이행,건조,맑음,단일로 - 횡단보도부근,화물,남,70세,상해없음,이륜,남,60세,경상
2013091000100387,2013년 9월 10일 17시,화요일,대구광역시 북구 노원동1가,경상사고,0,0,1,0,차대차 - 측면직각충돌,안전거리미확보,건조,맑음,단일로 - 기타,승합,남,50세,상해없음,승용,여,28세,경상
2013091000100430,2013년 9월 10일 18시,화요일,대구광역시 동구 검사동,경상사고,0,0,1,1,차대차 - 측면직각충돌,신호위반,건조,맑음,교차로 - 교차로안,원동기,남,22세,부상신고,승용,남,47세,경상
2013091000100431,2013년 9월 10일 18시,화요일,대구광역시 달서구 신당동,경상사고,0,0,1,0,차대차 - 측면직각충돌,안전거리미확보,건조,맑음,단일로 - 기타,화물,남,32세,상해없음,이륜,남,45세,경상
2013091000100482,2013년 9월 10일 19시,화요일,대구광역시 동구 입석동,경상사고,0,0,3,0,차대차 - 기타,안전거리미확보,건조,맑음,단일로 - 기타,승용,남,59세,상해없음,승용,남,66세,상해없음
2013091000100484,2013년 9월 10일 19시,화요일,대구광역시 수성구 지산동,경상사고,0,0,1,0,차대차 - 추돌 - 진행중,교차로운행방법위반,건조,맑음,기타 - 기타,승용,여,61세,상해없음,승용,남,64세,경상
2013091000100485,2013년 9월 10일 19시,화요일,대구광역시 북구 관음동,경상사고,0,0,1,0,차대사람 - 길가장자리구역통행중,안전운전불이행,건조,맑음,단일로 - 기타,승용,여,51세,상해없음,보행자,남,18세,경상
2013091000100515,2013년 9월 10일 20시,화요일,대구광역시 달서구 진천동,경상사고,0,0,1,0,차대사람 - 기타,안전운전불이행,건조,맑음,단일로 - 기타,승용,남,32세,상해없음,보행자,여,64세,경상
2013091000100516,2013년 9월 10일 20시,화요일,대구광역시 서구 내당동,경상사고,0,0,2,0,차대차 - 기타,안전운전불이행,건조,맑음,교차로 - 교차로부근,승용,남,33세,상해없음,승용,남,26세,경상
2013091000100517,2013년 9월 10일 20시,화요일,대구광역시 달서구 감삼동,경상사고,0,0,1,0,차대차 - 측면직각충돌,안전운전불이행,건조,맑음,단일로 - 기타,승용,남,47세,상해없음,승용,여,28세,경상
2013091000100569,2013년 9월 10일 21시,화요일,대구광역시 달성군 다사읍,중상사고,0,1,0,0,차대차 - 기타,안전거리미확보,건조,맑음,단일로 - 기타,승용,남,24세,상해없음,원동기,남,32세,중상
2013091000100620,2013년 9월 10일 22시,화요일,대구광역시 남구 봉덕동,경상사고,0,0,3,0,차대차 - 추돌 - 진행중,안전거리미확보,건조,맑음,단일로 - 기타,승용,남,48세,상해없음,화물,남,50세,경상
2013091000100621,2013년 9월 10일 22시,화요일,대구광역시 달서구 감삼동,중상사고,0,1,0,0,차대사람 - 기타,기타,건조,맑음,기타 - 기타,승용,남,31세,상해없음,보행자,여,58세,중상
2013091000100656,2013년 9월 10일 23시,화요일,대구광역시 수성구 범어동,경상사고,0,0,1,0,차대차 - 측면직각충돌,안전운전불이행,건조,맑음,교차로 - 교차로안,승용,남,35세,상해없음,승용,남,32세,경상
2013091000100657,2013년 9월 10일 23시,화요일,대구광역시 수성구 대흥동,경상사고,0,0,1,0,차대차 - 기타,안전거리미확보,건조,맑음,단일로 - 기타,승용,남,60세,기타불명,승용,남,30세,경상
2013091000100658,2013년 9월 10일 23시,화요일,대구광역시 수성구 범어동,중상사고,0,1,0,0,차량단독 - 기타,안전운전불이행,건조,맑음,교차로 - 교차로부근,승합,남,60세,상해없음,,,,
2013091000100659,2013년 9월 10일 23시,화요일,대구광역시 서구 내당동,경상사고,0,0,1,0,차대차 - 기타,안전운전불이행,건조,맑음,단일로 - 기타,승용,여,57세,상해없음,승용,남,51세,경상
2013091000100660,2013년 9월 10일 23시,화요일,대구광역시 달서구 두류동,경상사고,0,0,1,0,차대차 - 측면직각충돌,안전운전불이행,건조,맑음,교차로 - 교차로안,승용,남,22세,기타불명,승용,남,53세,경상
2013091100100041,2013년 9월 11일 02시,수요일,대구광역시 수성구 만촌동,경상사고,0,0,1,0,차대차 - 추돌 - 주정차중,안전운전불이행,건조,맑음,교차로 - 교차로부근,승용,남,57세,상해없음,승용,여,48세,경상
2013091100100050,2013년 9월 11일 03시,수요일,대구광역시 수성구 상동,부상신고사고,0,0,0,1,차대차 - 추돌 - 주정차중,안전운전불이행,건조,맑음,단일로 - 기타,승용,남,32세,부상신고,승용,남,45세,상해없음