사고번호,사고일시,요일,시군구,사고내용,사망자수,중상자수,경상자수,부상신고자수,사고유형,법규위반,노면상태,기상상태,도로형태,가해운전자 차종,가해운전자 성별,가해운전자 연령,가해운전자 상해정도,피해운전자 차종,피해운전자 성별,피해운전자 연령,피해운전자 상해정도
2013091100100082,2013년 9월 11일 05시,수요일,대구광역시 북구 고성동1가,경상사고,0,0,1,0,차대차 - 추돌 - 주정차중,안전운전불이행,건조,맑음,단일로 - 기타,승용,여,38세,상해없음,화물,남,36세,경상
2013091100100083,2013년 9월 11일 05시,수요일,대구광역시 북구 구암동,경상사고,0,0,1,0,차대차 - 측면직각충돌,신호위반,건조,맑음,교차로 - 교차로안,승용,남,30세,상해없음,승용,남,40세,경상
2013091100100100,2013년 9월 11일 06시,수요일,대구광역시 수성구 범물동,경상사고,0,0,1,0,차대차 - 측면직각충돌,교차로운행방법위반,건조,맑음,교차로 - 교차로안,승용,남,50세,상해없음,승용,남,62세,경상
2013091100100125,2013년 9월 11일 07시,수요일,대구광역시 남구 대명동,부상신고사고,0,0,0,1,차대차 - 추돌 - 진행중,안전거리미확보,건조,맑음,단일로 - 기타,이륜,남,23세,부상신고,승용,남,55세,상해없음
2013091100100126,2013년 9월 11일 07시,수요일,대구광역시 동구 신천동,경상사고,0,0,1,0,차대차 - 기타,기타,건조,맑음,단일로 - 기타,승용,남,55세,상해없음,자전거,남,31세,경상
2013091100100127,2013년 9월 11일 07시,수요일,대구광역시 수성구 지산동,중상사고,0,1,0,0,차대차 - 기타,신호위반,건조,맑음,단일로 - 기타,이륜,남,45세,상해없음,자전거,남,16세,중상
2013091100100159,2013년 9월 11일 08시,수요일,대구광역시 동구 율하동,경상사고,0,0,1,0,차대차 - 기타,안전운전불이행,건조,맑음,교차로 - 교차로안,승용,남,48세,상해없음,자전거,남,49세,경상
2013091100100160,2013년 9월 11일 08시,수요일,대구광역시 달서구 월성동,경상사고,0,0,2,0,차대차 - 측면직각충돌,직진우회전진행방해,건조,맑음,교차로 - 교차로안,승용,남,44세,경상,승용,여,57세,경상
2013091100100188,2013년 9월 11일 09시,수요일,대구광역시 북구 복현동,중상사고,0,1,0,0,차대차 - 기타,안전운전불이행,건조,맑음,교차로 - 교차로부근,승용,여,40세,상해없음,자전거,남,71세,중상
2013091100100189,2013년 9월 11일 09시,수요일,대구광역시 북구 노원동3가,경상사고,0,0,1,0,차대차 - 측면직각충돌,신호위반,건조,맑음,교차로 - 교차로안,승용,남,71세,상해없음,원동기,남,61세,경상
2013091100100190,2013년 9월 11일 09시,수요일,대구광역시 서구 평리동,부상신고사고,0,0,0,1,차대차 - 기타,안전운전불이행,건조,맑음,단일로 - 기타,승용,남,39세,상해없음,자전거,남,22세,부상신고
2013091100100218,2013년 9월 11일 10시,수요일,대구광역시 수성구 범어동,경상사고,0,0,1,0,차대차 - 측면직각충돌,안전거리미확보,건조,맑음,단일로 - 기타,승용,남,79세,상해없음,승용,남,32세,경상
2013091100100219,2013년 9월 11일 10시,수요일,대구광역시 수성구 수성동2가,중상사고,0,1,0,0,차대차 - 기타,안전운전불이행,건조,맑음,단일로 - 기타,자전거,남,80세,중상,승합,남,50세,상해없음
2013091100100268,2013년 9월 11일 12시,수요일,대구광역시 달서구 장동,경상사고,0,0,1,0,차대차 - 추돌 - 주정차중,안전운전불이행,습기,비,단일로 - 기타,화물,남,42세,상해없음,승용,여,43세,경상
2013091100100290,2013년 9월 11일 13시,수요일,대구광역시 북구 침산동,경상사고,0,0,4,0,차대차 - 측면직각충돌,중앙선침범,건조,맑음,단일로 - 기타,승용,여,30세,경상,승용,남,38세,경상
2013091100100317,2013년 9월 11일 14시,수요일,대구광역시 달성군 화원읍,부상신고사고,0,0,0,1,차대차 - 기타,안전운전불이행,건조,맑음,단일로 - 기타,기타불명,기타불명,기타불명,기타불명,자전거,남,23세,부상신고
2013091100100341,2013년 9월 11일 15시,수요일,대구광역시 달서구 진천동,경상사고,0,0,1,0,차대차 - 기타,중앙선침범,건조,맑음,단일로 - 기타,기타불명,기타불명,기타불명,기타불명,자전거,남,14세,경상
2013091100100342,2013년 9월 11일 15시,수요일,대구광역시 달서구 죽전동,중상사고,0,1,0,0,차대차 - 추돌 - 주정차중,안전운전불이행,건조,맑음,단일로 - 기타,승용,남,61세,상해없음,승용,남,31세,중상
2013091100100343,2013년 9월 11일 15시,수요일,대구광역시 북구 동변동,경상사고,0,0,1,0,차대차 - 기타,안전운전불이행,건조,맑음,단일로 - 기타,자전거,남,14세,경상,승용,여,32세,상해없음
2013091100100371,2013년 9월 11일 16시,수요일,대구광역시 수성구 범물동,중상사고,0,1,0,0,차대차 - 추돌 - 주정차중,안전운전불이행,건조,맑음,단일로 - 기타,승용,남,55세,상해없음,승용,남,56세,중상
2013091100100407,2013년 9월 11일 17시,수요일,대구광역시 남구 봉덕동,경상사고,0,0,1,0,차대차 - 측면직각충돌,신호위반,건조,맑음,교차로 - 교차로안,승합,남,46세,상해없음,승용,남,67세,경상
2013091100100408,2013년 9월 11일 17시,수요일,대구광역시 수성구 수성동4가,경상사고,0,0,2,0,차대차 - 측면직각충돌,안전거리미확보,건조,맑음,단일로 - 기타,건설기계,남,52세,상해없음,승용,남,30세,경상
2013091100100409,2013년 9월 11일 17시,수요일,대구광역시 북구 노원동3가,경상사고,0,0,1,0,차대차 - 기타,안전운전불이행,건조,맑음,단일로 - 기타,이륜,남,20세,상해없음,승용,여,42세,상해없음
2013091100100410,2013년 9월 11일 17시,수요일,대구광역시 달서구 신당동,부상신고사고,0,0,0,1,차대차 - 기타,신호위반,건조,맑음,단일로 - 횡단보도상,원동기,기타불명,기타불명,기타불명,자전거,남,27세,부상신고
2013091100100411,2013년 9월 11일 17시,수요일,대구광역시 북구 동호동,경상사고,0,0,1,0,차량단독 - 공작물충돌,안전운전불이행,건조,맑음,기타 - 기타,승용,여,57세,경상,,,,
2013091100100438,2013년 9월 11일 18시,수요일,대구광역시 달서구 이곡동,경상사고,0,0,1,0,차대차 - 기타,안전운전불이행,건조,맑음,기타 - 기타,승용,남,56세,상해없음,승용,남,36세,경상
2013091100100468,2013년 9월 11일 19시,수요일,대구광역시 서구 원대동1가,부상신고사고,0,0,0,1,차대차 - 추돌 - 진행중,안전거리미확보,건조,맑음,단일로 - 기타,승용,여,30세,상해없음,승용,남,32세,부상신고
2013091100100469,2013년 9월 11일 19시,수요일,대구광역시 서구 비산동,경상사고,0,0,2,0,차대차 - 기타,안전운전불이행,건조,맑음,단일로 - 기타,승용,남,56세,경상,승용,남,34세,경상
2013091100100470,2013년 9월 11일 19시,수요일,대구광역시 북구 동천동,경상사고,0,0,1,0,차대차 - 정면충돌,안전거리미확보,건조,맑음,단일로 - 기타,자전거,여,38세,상해없음,원동기,남,17세,경상
2013091100100498,2013년 9월 11일 20시,수요일,대구광역시 수성구 수성동4가,경상사고,0,0,1,0,차대차 - 추돌 - 주정차중,안전운전불이행,건조,맑음,단일로 - 기타,승용,남,57세,상해없음,승용,여,43세,경상
2013091100100499,2013년 9월 11일 20시,수요일,대구광역시 수성구 대흥동,중상사고,0,1,0,0,차대차 - 추돌 - 진행중,안전운전불이행,건조,맑음,교차로 - 교차로부근,승용,여,31세,상해없음,승용,남,39세,중상
2013091100100500,2013년 9월 11일 20시,수요일,대구광역시 달서구 장기동,경상사고,0,0,1,0,차대사람 - 보도통행중,기타,건조,맑음,기타 - 기타,승용,여,29세,상해없음,보행자,남,26세,경상
2013091100100501,2013년 9월 11일 20시,수요일,대구광역시 북구 학정동,경상사고,0,0,1,0,차대차 - 측면직각충돌,안전운전불이행,건조,맑음,교차로 - 교차로안,승용,여,33세,상해없음,이륜,남,23세,경상
2013091100100532,2013년 9월 11일 21시,수요일,대구광역시 수성구 두산동,중상사고,0,1,0,0,차대사람 - 기타,안전운전불이행,건조,맑음,단일로 - 기타,화물,남,50세,상해없음,보행자,남,44세,중상
2013091100100595,2013년 9월 11일 23시,수요일,대구광역시 달성군 다사읍,중상사고,0,1,0,0,차대사람 - 기타,기타,건조,맑음,단일로 - 기타,승용,남,52세,상해없음,보행자,남,55세,중상
2013091100100596,2013년 9월 11일 23시,수요일,대구광역시 서구 중리동,경상사고,0,0,1,0,차대차 - 기타,안전운전불이행,건조,맑음,교차로 - 교차로부근,승용,남,45세,상해없음,자전거,여,60세,경상
2013091200100017,2013년 9월 12일 00시,목요일,대구광역시 서구 내당동,경상사고,0,0,1,0,차대차 - 기타,안전거리미확보,건조,맑음,단일로 - 기타,승용,남,62세,상해없음,이륜,남,30세,경상
2013091200100030,2013년 9월 12일 01시,목요일,대구광역시 서구 내당동,중상사고,0,1,3,0,차대차 - 측면직각충돌,신호위반,건조,맑음,교차로 - 교차로안,승용,남,23세,상해없음,승용,남,25세,중상
2013091200100064,2013년 9월 12일 05시,목요일,대구광역시 달서구 신당동,중상사고,0,1,0,0,차대차 - 측면직각충돌,안전운전불이행,건조,맑음,교차로 - 교차로부근,승용,남,44세,상해없음,자전거,남,52세,중상
2013091200100100,2013년 9월 12일 07시,목요일,대구광역시 서구 비산동,경상사고,0,0,1,0,차대차 - 기타,교차로운행방법위반,건조,맑음,교차로 - 교차로안,원동기,남,61세,경상,화물,남,22세,상해없음
2013091200100101,2013년 9월 12일 07시,목요일,대구광역시 서구 평리동,경상사고,0,0,1,0,차대차 - 기타,안전운전불이행,건조,맑음,교차로 - 교차로안,화물,남,51세,상해없음,화물,남,57세,상해없음
2013091200100102,2013년 9월 12일 07시,목요일,대구광역시 달서구 감삼동,중상사고,0,1,0,0,차대사람 - 기타,안전운전불이행,건조,맑음,교차로 - 교차로부근,승용,남,35세,상해없음,보행자,여,54세,중상
2013091200100138,2013년 9월 12일 08시,목요일,대구광역시 수성구 가천동,중상사고,0,1,1,0,차대차 - 추돌 - 진행중,안전운전불이행,건조,흐림,단일로 - 기타,승용,남,42세,경상,승용,남,38세,상해없음
2013091200100139,2013년 9월 12일 08시,목요일,대구광역시 달서구 상인동,경상사고,0,0,2,0,차대차 - 측면직각충돌,불법유턴,건조,맑음,교차로 - 교차로부근,승용,남,40세,상해없음,승용,여,45세,경상
2013091200100166,2013년 9월 12일 09시,목요일,대구광역시 수성구 만촌동,경상사고,0,0,2,0,차대차 - 측면직각충돌,안전운전불이행,건조,맑음,단일로 - 기타,승용,여,33세,상해없음,승용,여,59세,경상
2013091200100167,2013년 9월 12일 09시,목요일,대구광역시 수성구 만촌동,중상사고,0,1,1,0,차대차 - 측면직각충돌,안전운전불이행,습기,비,교차로 - 교차로부근,승용,여,40세,상해없음,승용,남,74세,경상
2013091200100168,2013년 9월 12일 09시,목요일,대구광역시 달서구 상인동,경상사고,0,0,1,0,차대차 - 기타,안전운전불이행,습기,비,단일로 - 기타,승용,여,47세,상해없음,자전거,여,63세,경상
2013091200100195,2013년 9월 12일 10시,목요일,대구광역시 달서구 대곡동,경상사고,0,0,1,0,차대차 - 추돌 - 진행중,안전거리미확보,습기,비,단일로 - 기타,승용,남,28세,상해없음,승용,남,49세,경상
2013091200100220,2013년 9월 12일 11시,목요일,대구광역시 달성군 다사읍,경상사고,0,0,2,0,차대차 - 추돌 - 진행중,안전운전불이행,습기,흐림,단일로 - 기타,화물,남,42세,상해없음,화물,남,64세,경상
2013091200100221,2013년 9월 12일 11시,목요일,대구광역시 달성군 현풍면,경상사고,0,0,1,0,차량단독 - 기타,안전운전불이행,건조,맑음,단일로 - 기타,승합,남,58세,상해없음,,,,
2013091200100222,2013년 9월 12일 11시,목요일,대구광역시 북구 복현동,중상사고,0,1,0,0,차대차 - 기타,안전운전불이행,습기,비,단일로 - 기타,화물,남,31세,상해없음,원동기,남,52세,중상
2013091200100223,2013년 9월 12일 11시,목요일,대구광역시 서구 평리동,중상사고,0,1,0,0,차대차 - 측면직각충돌,중앙선침범,습기,비,단일로 - 기타,자전거,남,72세,중상,승용,남,41세,상해없음
2013091200100243,2013년 9월 12일 12시,목요일,대구광역시 달서구 이곡동,경상사고,0,0,2,0,차대차 - 측면직각충돌,안전운전불이행,습기,비,교차로 - 교차로부근,승용,여,41세,상해없음,승용,여,44세,경상
2013091200100264,2013년 9월 12일 13시,목요일,대구광역시 남구 대명동,중상사고,0,1,0,0,차대차 - 추돌 - 진행중,기타,습기,비,단일로 - 기타,화물,남,46세,상해없음,승용,남,57세,상해없음
2013091200100265,2013년 9월 12일 13시,목요일,대구광역시 수성구 황금동,경상사고,0,0,1,1,차대차 - 추돌 - 진행중,안전거리미확보,건조,맑음,교차로 - 교차로부근,승용,여,37세,부상신고,화물,남,46세,경상
2013091200100283,2013년 9월 12일 14시,목요일,대구광역시 동구 각산동,중상사고,0,1,0,0,차대사람 - 기타,안전운전불이행,습기,비,단일로 - 기타,승용,여,45세,상해없음,보행자,여,8세,중상
2013091200100284,2013년 9월 12일 14시,목요일,대구광역시 달성군 현풍면,중상사고,0,1,2,0,차대차 - 측면직각충돌,안전운전불이행,건조,맑음,교차로 - 교차로안,승용,남,43세,경상,승용,여,47세,중상
2013091200100317,2013년 9월 12일 15시,목요일,대구광역시 동구 효목동,경상사고,0,0,1,0,차대차 - 측면직각충돌,직진우회전진행방해,건조,맑음,교차로 - 교차로안,화물,남,35세,상해없음,승용,남,35세,상해없음
2013091200100318,2013년 9월 12일 15시,목요일,대구광역시 서구 내당동,경상사고,0,0,2,0,차대차 - 측면직각충돌,안전거리미확보,건조,맑음,단일로 - 기타,승용,남,44세,상해없음,승용,여,44세,경상
2013091200100319,2013년 9월 12일 15시,목요일,대구광역시 중구 대봉동,중상사고,0,1,0,0,차대사람 - 기타,보행자보호의무위반,습기,비,단일로 - 횡단보도상,승용,여,50세,상해없음,보행자,여,83세,중상
2013091200100320,2013년 9월 12일 15시,목요일,대구광역시 달서구 감삼동,중상사고,0,2,1,1,차대차 - 측면직각충돌,신호위반,습기,비,단일로 - 기타,승용,남,75세,부상신고,승용,남,53세,경상
2013091200100346,2013년 9월 12일 16시,목요일,대구광역시 수성구 상동,경상사고,0,0,1,0,차대차 - 기타,안전운전불이행,습기,흐림,단일로 - 기타,승용,여,38세,상해없음,이륜,남,49세,경상
2013091200100347,2013년 9월 12일 16시,목요일,대구광역시 달서구 송현동,경상사고,0,0,1,0,차대차 - 측면직각충돌,안전운전불이행,습기,흐림,단일로 - 기타,승용,남,29세,상해없음,원동기,남,45세,경상
2013091200100348,2013년 9월 12일 16시,목요일,대구광역시 달성군 구지면,경상사고,0,0,1,1,차대차 - 측면직각충돌,직진우회전진행방해,건조,맑음,교차로 - 교차로안,화물,남,29세,부상신고,화물,남,50세,경상
2013091200100349,2013년 9월 12일 16시,목요일,대구광역시 북구 태전동,경상사고,0,0,1,0,차대사람 - 횡단중,보행자보호의무위반,습기,비,단일로 - 기타,승용,여,37세,상해없음,보행자,남,9세,경상
2013091200100377,2013년 9월 12일 17시,목요일,대구광역시 수성구 범어동,경상사고,0,0,1,0,차대차 - 추돌 - 진행중,안전운전불이행,건조,맑음,교차로 - 교차로부근,승용,남,30세,상해없음,승용,여,35세,경상
2013091200100378,2013년 9월 12일 17시,목요일,대구광역시 수성구 범어동,경상사고,0,0,1,0,차대차 - 측면직각충돌,안전운전불이행,건조,맑음,단일로 - 기타,승용,남,41세,상해없음,승용,남,58세,경상
2013091200100379,2013년 9월 12일 17시,목요일,대구광역시 달서구 죽전동,경상사고,0,0,1,0,차대차 - 추돌 - 주정차중,안전운전불이행,건조,맑음,단일로 - 기타,승용,여,40세,상해없음,승용,남,68세,기타불명
2013091200100415,2013년 9월 12일 18시,목요일,대구광역시 남구 대명동,중상사고,0,1,0,0,차대차 - 측면직각충돌,안전운전불이행,건조,맑음,교차로 - 교차로부근,승용,남,48세,상해없음,자전거,여,56세,중상
2013091200100416,2013년 9월 12일 18시,목요일,대구광역시 수성구 신매동,중상사고,0,1,0,0,차대사람 - 기타,안전운전불이행,건조,흐림,단일로 - 기타,승용,남,21세,상해없음,보행자,남,50세,중상
2013091200100417,2013년 9월 12일 18시,목요일,대구광역시 중구 남산동,경상사고,0,0,3,0,차대차 - 기타,안전거리미확보,건조,맑음,교차로 - 교차로부근,승용,여,30세,상해없음,승용,남,36세,경상
2013091200100418,2013년 9월 12일 18시,목요일,대구광역시 달서구 성당동,경상사고,0,0,1,0,차대차 - 추돌 - 진행중,안전운전불이행,건조,맑음,단일로 - 기타,승용,여,43세,상해없음,이륜,남,27세,경상
2013091200100419,2013년 9월 12일 18시,목요일,대구광역시 달서구 성당동,부상신고사고,0,0,0,1,차대차 - 추돌 - 진행중,안전운전불이행,건조,맑음,단일로 - 기타,이륜,남,21세,부상신고,승용,남,64세,상해없음
2013091200100420,2013년 9월 12일 18시,목요일,대구광역시 북구 동천동,경상사고,0,0,1,0,차대차 - 추돌 - 진행중,안전운전불이행,습기,흐림,기타 - 기타,자전거,남,69세,경상,승합,남,53세,상해없음
2013091200100466,2013년 9월 12일 19시,목요일,대구광역시 남구 이천동,경상사고,0,0,3,0,차대차 - 추돌 - 진행중,안전거리미확보,건조,맑음,단일로 - 기타,승용,남,35세,상해없음,승용,남,58세,경상
2013091200100467,2013년 9월 12일 19시,목요일,대구광역시 수성구 범어동,중상사고,0,1,2,0,차대차 - 측면직각충돌,신호위반,습기,흐림,교차로 - 교차로안,승용,여,25세,상해없음,승용,남,44세,중상
2013091200100468,2013년 9월 12일 19시,목요일,대구광역시 수성구 지산동,경상사고,0,0,2,0,차대차 - 추돌 - 주정차중,안전운전불이행,건조,흐림,단일로 - 기타,승용,여,44세,상해없음,승용,남,35세,경상
2013091200100469,2013년 9월 12일 19시,목요일,대구광역시 달서구 대곡동,부상신고사고,0,0,0,1,차대사람 - 기타,안전운전불이행,건조,맑음,교차로 - 교차로안,승용,남,22세,상해없음,보행자,여,13세,부상신고
2013091200100470,2013년 9월 12일 19시,목요일,대구광역시 북구 읍내동,경상사고,0,0,1,0,차대차 - 측면직각충돌,안전운전불이행,습기,흐림,교차로 - 교차로부근,승용,여,39세,상해없음,자전거,남,61세,경상
2013091200100504,2013년 9월 12일 20시,목요일,대구광역시 달서구 신당동,중상사고,0,1,0,0,차대차 - 정면충돌,신호위반,건조,맑음,교차로 - 교차로안,원동기,남,24세,중상,승용,남,54세,상해없음
2013091200100535,2013년 9월 12일 21시,목요일,대구광역시 동구 괴전동,경상사고,0,0,1,0,차대차 - 기타,안전운전불이행,건조,맑음,교차로 - 교차로안,승용,남,38세,상해없음,승용,남,27세,경상
2013091200100536,2013년 9월 12일 21시,목요일,대구광역시 북구 칠성동1가,중상사고,0,1,1,0,차대차 - 측면직각충돌,안전운전불이행,건조,맑음,단일로 - 기타,원동기,남,14세,상해없음,자전거,여,23세,경상
2013091200100537,2013년 9월 12일 21시,목요일,대구광역시 달서구 두류동,경상사고,0,0,1,1,차대차 - 정면충돌,신호위반,건조,맑음,단일로 - 기타,승용,남,27세,부상신고,승용,남,36세,경상
2013091200100597,2013년 9월 12일 23시,목요일,대구광역시 중구 대봉동,경상사고,0,0,1,0,차대차 - 추돌 - 진행중,안전거리미확보,건조,맑음,단일로 - 기타,승용,남,47세,상해없음,승용,남,63세,경상
2013091300100023,2013년 9월 13일 00시,금요일,대구광역시 수성구 범어동,중상사고,0,1,0,0,차대사람 - 기타,안전운전불이행,건조,맑음,교차로 - 교차로부근,승용,남,40세,상해없음,보행자,여,46세,중상
2013091300100050,2013년 9월 13일 01시,금요일,대구광역시 수성구 지산동,중상사고,0,1,0,0,차량단독 - 공작물충돌,안전운전불이행,습기,흐림,단일로 - 기타,원동기,남,47세,중상,,,,
2013091300100076,2013년 9월 13일 03시,금요일,대구광역시 달서구 월암동,중상사고,0,1,0,0,차대사람 - 기타,안전운전불이행,건조,맑음,단일로 - 기타,화물,남,52세,상해없음,보행자,남,30세,중상
2013091300100094,2013년 9월 13일 04시,금요일,대구광역시 달서구 도원동,중상사고,0,1,1,0,차대차 - 측면직각충돌,신호위반,건조,맑음,교차로 - 교차로안,건설기계,남,56세,상해없음,승용,남,61세,중상
2013091300100161,2013년 9월 13일 08시,금요일,대구광역시 동구 신암동,부상신고사고,0,0,0,1,차대차 - 기타,안전운전불이행,건조,맑음,단일로 - 기타,원동기,남,51세,부상신고,승합,남,38세,상해없음
2013091300100162,2013년 9월 13일 08시,금요일,대구광역시 달서구 상인동,부상신고사고,0,0,0,1,차대사람 - 기타,안전운전불이행,건조,맑음,단일로 - 기타,기타불명,기타불명,기타불명,기타불명,보행자,여,13세,부상신고
2013091300100194,2013년 9월 13일 09시,금요일,대구광역시 북구 관음동,중상사고,0,1,0,0,차대사람 - 횡단중,안전운전불이행,건조,맑음,교차로 - 교차로안,승용,남,61세,상해없음,보행자,남,81세,중상
2013091300100220,2013년 9월 13일 10시,금요일,대구광역시 달성군 화원읍,중상사고,0,1,0,0,차대차 - 측면직각충돌,직진우회전진행방해,건조,맑음,교차로 - 교차로안,화물,남,46세,상해없음,승용,남,41세,중상
2013091300100221,2013년 9월 13일 10시,금요일,대구광역시 달서구 성당동,부상신고사고,0,0,0,1,차대차 - 기타,안전운전불이행,건조,맑음,교차로 - 교차로부근,원동기,남,56세,부상신고,화물,남,53세,상해없음
2013091300100251,2013년 9월 13일 11시,금요일,대구광역시 남구 대명동,중상사고,0,2,1,0,차대차 - 측면직각충돌,안전운전불이행,건조,맑음,단일로 - 기타,승용,남,47세,중상,승용,남,73세,경상
2013091300100252,2013년 9월 13일 11시,금요일,대구광역시 동구 신암동,중상사고,0,1,0,0,차대사람 - 횡단중,보행자보호의무위반,건조,맑음,교차로 - 교차로부근,승용,여,36세,상해없음,보행자,여,79세,중상
2013091300100253,2013년 9월 13일 11시,금요일,대구광역시 북구 침산동,중상사고,0,1,0,0,차대차 - 기타,안전운전불이행,건조,맑음,단일로 - 기타,승용,여,31세,상해없음,이륜,남,71세,중상
2013091300100254,2013년 9월 13일 11시,금요일,대구광역시 중구 봉산동,경상사고,0,0,1,0,차대차 - 측면직각충돌,안전운전불이행,건조,맑음,교차로 - 교차로부근,승용,남,74세,상해없음,이륜,남,63세,경상
2013091300100288,2013년 9월 13일 12시,금요일,대구광역시 수성구 중동,경상사고,0,0,1,1,차대차 - 추돌 - 주정차중,안전운전불이행,건조,맑음,단일로 - 기타,이륜,남,20세,부상신고,승용,남,51세,경상
2013091300100289,2013년 9월 13일 12시,금요일,대구광역시 달성군 하빈면,경상사고,0,0,2,0,차대차 - 측면직각충돌,안전거리미확보,건조,맑음,단일로 - 기타,승용,여,62세,기타불명,화물,남,48세,경상
2013091300100317,2013년 9월 13일 13시,금요일,대구광역시 달서구 진천동,경상사고,0,0,1,0,차대차 - 추돌 - 주정차중,안전운전불이행,건조,맑음,교차로 - 교차로안,승용,남,62세,상해없음,승용,남,64세,경상
2013091300100318,2013년 9월 13일 13시,금요일,대구광역시 중구 동인동1가,경상사고,0,0,1,0,차대차 - 기타,안전운전불이행,건조,맑음,단일로 - 기타,승용,남,26세,상해없음,승용,남,64세,상해없음
2013091300100350,2013년 9월 13일 14시,금요일,대구광역시 서구 내당동,경상사고,0,0,1,0,차대차 - 기타,안전운전불이행,건조,맑음,단일로 - 기타,화물,남,38세,상해없음,자전거,남,74세,경상
2013091300100351,2013년 9월 13일 14시,금요일,대구광역시 중구 남산동,부상신고사고,0,0,0,1,차대차 - 측면직각충돌,직진우회전진행방해,건조,맑음,교차로 - 교차로안,승용,여,55세,상해없음,화물,남,39세,부상신고
2013091300100352,2013년 9월 13일 14시,금요일,대구광역시 달서구 용산동,경상사고,0,0,1,0,차량단독 - 기타,안전운전불이행,건조,맑음,단일로 - 기타,승용,기타불명,기타불명,기타불명,,,,
2013091300100381,2013년 9월 13일 15시,금요일,대구광역시 달서구 이곡동,중상사고,0,1,0,0,차대차 - 측면직각충돌,안전운전불이행,건조,맑음,단일로 - 횡단보도상,승용,남,47세,상해없음,이륜,남,53세,중상
2013091300100410,2013년 9월 13일 16시,금요일,대구광역시 동구 입석동,경상사고,0,0,1,0,차대차 - 기타,안전운전불이행,건조,맑음,단일로 - 기타,화물,남,42세,상해없음,자전거,남,79세,경상
2013091300100411,2013년 9월 13일 16시,금요일,대구광역시 달서구 월암동,중상사고,0,1,0,0,차대차 - 측면직각충돌,교차로운행방법위반,건조,맑음,교차로 - 교차로안,화물,남,49세,상해없음,화물,남,58세,중상
2013091300100412,2013년 9월 13일 16시,금요일,대구광역시 달성군 화원읍,경상사고,0,0,1,0,차대차 - 측면직각충돌,안전운전불이행,건조,맑음,교차로 - 교차로안,화물,남,49세,상해없음,자전거,남,12세,경상
2013091300100413,2013년 9월 13일 16시,금요일,대구광역시 달서구 용산동,경상사고,0,0,1,0,차대사람 - 기타,안전운전불이행,건조,맑음,교차로 - 교차로부근,화물,남,46세,상해없음,보행자,남,19세,경상
2013091300100414,2013년 9월 13일 16시,금요일,대구광역시 달서구 감삼동,경상사고,0,0,1,1,차대차 - 기타,중앙선침범,건조,맑음,단일로 - 횡단보도상,원동기,여,47세,부상신고,승용,남,55세,경상
2013091300100462,2013년 9월 13일 17시,금요일,대구광역시 동구 신암동,중상사고,0,1,0,0,차대사람 - 기타,안전운전불이행,건조,맑음,단일로 - 횡단보도상,승용,남,63세,상해없음,보행자,남,11세,중상
2013091300100493,2013년 9월 13일 18시,금요일,대구광역시 동구 신암동,경상사고,0,0,1,0,차대차 - 기타,안전운전불이행,건조,맑음,단일로 - 기타,승용,여,50세,상해없음,승용,여,52세,경상
2013091300100494,2013년 9월 13일 18시,금요일,대구광역시 수성구 만촌동,경상사고,0,0,1,0,차대사람 - 횡단중,안전운전불이행,건조,맑음,단일로 - 기타,승용,남,49세,상해없음,보행자,여,18세,경상
2013091300100495,2013년 9월 13일 18시,금요일,대구광역시 수성구 상동,경상사고,0,0,1,0,차대차 - 기타,안전운전불이행,건조,맑음,교차로 - 교차로부근,승용,남,52세,상해없음,자전거,남,41세,경상
2013091300100548,2013년 9월 13일 19시,금요일,대구광역시 달서구 진천동,경상사고,0,0,1,0,차대차 - 측면직각충돌,안전운전불이행,건조,맑음,단일로 - 기타,원동기,남,39세,상해없음,자전거,남,15세,경상
2013091300100549,2013년 9월 13일 19시,금요일,대구광역시 달서구 진천동,경상사고,0,0,1,0,차대차 - 추돌 - 주정차중,안전운전불이행,건조,맑음,단일로 - 기타,승용,남,51세,상해없음,이륜,남,48세,경상
2013091300100590,2013년 9월 13일 20시,금요일,대구광역시 동구 율하동,경상사고,0,0,2,0,차대차 - 추돌 - 진행중,안전운전불이행,건조,맑음,교차로 - 교차로부근,승용,남,42세,상해없음,승용,남,19세,경상
2013091300100591,2013년 9월 13일 20시,금요일,대구광역시 달서구 감삼동,중상사고,0,1,0,0,차대사람 - 횡단중,안전운전불이행,건조,맑음,단일로 - 기타,승용,남,38세,상해없음,보행자,여,16세,중상
2013091300100632,2013년 9월 13일 21시,금요일,대구광역시 수성구 신매동,중상사고,0,1,0,0,차대사람 - 기타,안전운전불이행,건조,맑음,기타 - 기타,자전거,남,13세,상해없음,보행자,여,46세,중상
2013091300100633,2013년 9월 13일 21시,금요일,대구광역시 달서구 월암동,경상사고,0,0,2,0,차대차 - 기타,안전운전불이행,건조,맑음,단일로 - 기타,승용,남,48세,상해없음,승용,남,37세,경상
2013091300100634,2013년 9월 13일 21시,금요일,대구광역시 달서구 신당동,부상신고사고,0,0,0,1,차대사람 - 기타,안전운전불이행,건조,맑음,단일로 - 기타,승용,기타불명,기타불명,기타불명,보행자,여,21세,부상신고
2013091300100635,2013년 9월 13일 21시,금요일,대구광역시 달서구 두류동,경상사고,0,0,1,0,차대사람 - 기타,안전운전불이행,건조,맑음,단일로 - 기타,승용,여,25세,상해없음,보행자,남,24세,경상