사고번호,사고일시,요일,시군구,사고내용,사망자수,중상자수,경상자수,부상신고자수,사고유형,법규위반,노면상태,기상상태,도로형태,가해운전자 차종,가해운전자 성별,가해운전자 연령,가해운전자 상해정도,피해운전자 차종,피해운전자 성별,피해운전자 연령,피해운전자 상해정도
2013091300100669,2013년 9월 13일 22시,금요일,대구광역시 수성구 상동,경상사고,0,0,1,0,차대차 - 기타,안전운전불이행,건조,맑음,교차로 - 교차로안,이륜,남,57세,상해없음,자전거,여,19세,경상
2013091300100700,2013년 9월 13일 23시,금요일,대구광역시 북구 산격동,경상사고,0,0,1,0,차대사람 - 기타,안전운전불이행,건조,맑음,단일로 - 기타,승용,여,31세,기타불명,보행자,여,40세,경상
2013091400100029,2013년 9월 14일 00시,토요일,대구광역시 서구 비산동,중상사고,0,1,0,0,차대차 - 측면직각충돌,교차로운행방법위반,건조,맑음,교차로 - 교차로안,승용,남,51세,상해없음,자전거,여,54세,중상
2013091400100030,2013년 9월 14일 00시,토요일,대구광역시 달서구 성당동,경상사고,0,0,2,0,차대차 - 측면직각충돌,안전운전불이행,건조,맑음,교차로 - 교차로부근,승용,여,25세,상해없음,승용,남,47세,경상
2013091400100053,2013년 9월 14일 01시,토요일,대구광역시 동구 불로동,경상사고,0,0,2,0,차대차 - 추돌 - 주정차중,안전운전불이행,건조,맑음,단일로 - 기타,원동기,남,17세,상해없음,승용,남,34세,경상
2013091400100083,2013년 9월 14일 02시,토요일,대구광역시 동구 율하동,중상사고,0,1,0,0,차대차 - 기타,안전운전불이행,건조,맑음,단일로 - 기타,승용,남,39세,상해없음,원동기,남,16세,중상
2013091400100098,2013년 9월 14일 03시,토요일,대구광역시 달서구 신당동,경상사고,0,0,1,1,차대차 - 기타,안전운전불이행,건조,맑음,단일로 - 횡단보도상,자전거,남,14세,부상신고,승용,남,47세,상해없음
2013091400100117,2013년 9월 14일 04시,토요일,대구광역시 중구 동인동1가,중상사고,0,1,5,1,차대차 - 기타,안전거리미확보,습기,비,단일로 - 기타,승용,남,58세,상해없음,승용,남,44세,경상
2013091400100137,2013년 9월 14일 05시,토요일,대구광역시 북구 산격동,중상사고,0,1,0,0,차대사람 - 횡단중,안전운전불이행,습기,비,단일로 - 횡단보도상,승용,남,62세,상해없음,보행자,남,75세,중상
2013091400100156,2013년 9월 14일 06시,토요일,대구광역시 동구 용계동,경상사고,0,0,3,0,차대차 - 추돌 - 주정차중,안전운전불이행,건조,맑음,단일로 - 기타,승용,남,29세,상해없음,승용,남,55세,경상
2013091400100188,2013년 9월 14일 08시,토요일,대구광역시 달서구 두류동,경상사고,0,0,1,0,차대차 - 기타,신호위반,건조,흐림,단일로 - 기타,승용,남,71세,상해없음,이륜,남,53세,경상
2013091400100189,2013년 9월 14일 08시,토요일,대구광역시 달서구 호산동,중상사고,0,1,0,0,차대차 - 측면직각충돌,신호위반,건조,맑음,교차로 - 교차로안,화물,남,51세,상해없음,화물,남,45세,중상
2013091400100220,2013년 9월 14일 09시,토요일,대구광역시 북구 구암동,경상사고,0,0,1,0,차대차 - 기타,교차로운행방법위반,습기,맑음,교차로 - 교차로안,승용,남,46세,상해없음,승용,여,40세,경상
2013091400100244,2013년 9월 14일 10시,토요일,대구광역시 달서구 송현동,부상신고사고,0,0,0,1,차대차 - 측면직각충돌,안전거리미확보,습기,비,교차로 - 교차로부근,기타불명,기타불명,기타불명,기타불명,승용,여,56세,부상신고
2013091400100245,2013년 9월 14일 10시,토요일,대구광역시 북구 복현동,경상사고,0,0,1,0,차대차 - 기타,안전운전불이행,습기,비,단일로 - 기타,특수,남,44세,상해없음,승용,남,53세,경상
2013091400100271,2013년 9월 14일 11시,토요일,대구광역시 북구 동천동,경상사고,0,0,1,0,차대차 - 측면직각충돌,교차로운행방법위반,습기,비,교차로 - 교차로안,승용,남,40세,상해없음,승용,남,49세,상해없음
2013091400100293,2013년 9월 14일 12시,토요일,대구광역시 달성군 현풍면,중상사고,0,1,0,0,차대차 - 기타,안전운전불이행,건조,맑음,단일로 - 기타,기타불명,기타불명,기타불명,기타불명,자전거,여,71세,중상
2013091400100334,2013년 9월 14일 13시,토요일,대구광역시 남구 대명동,경상사고,0,0,1,0,차대사람 - 기타,안전운전불이행,건조,맑음,단일로 - 횡단보도상,승합,기타불명,기타불명,기타불명,보행자,남,10세,경상
2013091400100335,2013년 9월 14일 13시,토요일,대구광역시 수성구 범어동,경상사고,0,0,1,0,차대차 - 기타,신호위반,건조,맑음,단일로 - 횡단보도상,승용,여,48세,상해없음,원동기,남,25세,경상
2013091400100336,2013년 9월 14일 13시,토요일,대구광역시 서구 원대동1가,경상사고,0,0,1,0,차대차 - 측면직각충돌,안전운전불이행,건조,맑음,단일로 - 기타,승용,남,26세,상해없음,자전거,남,15세,경상
2013091400100378,2013년 9월 14일 14시,토요일,대구광역시 서구 평리동,중상사고,0,1,1,0,차대차 - 추돌 - 진행중,안전거리미확보,건조,맑음,단일로 - 기타,승용,남,60세,상해없음,승용,남,21세,경상
2013091400100379,2013년 9월 14일 14시,토요일,대구광역시 달서구 용산동,중상사고,0,1,0,0,차량단독 - 기타,안전운전불이행,건조,맑음,기타 - 기타,승합,남,47세,상해없음,,,,
2013091400100422,2013년 9월 14일 15시,토요일,대구광역시 수성구 두산동,경상사고,0,0,1,0,차대차 - 기타,안전운전불이행,습기,비,단일로 - 기타,승용,여,44세,상해없음,승용,여,42세,경상
2013091400100423,2013년 9월 14일 15시,토요일,대구광역시 달서구 신당동,경상사고,0,0,1,0,차대차 - 측면직각충돌,직진우회전진행방해,건조,맑음,교차로 - 교차로안,승합,남,27세,상해없음,화물,남,28세,경상
2013091400100451,2013년 9월 14일 16시,토요일,대구광역시 수성구 두산동,중상사고,0,1,0,0,차대차 - 기타,안전거리미확보,건조,흐림,단일로 - 기타,승용,남,49세,상해없음,이륜,남,31세,중상
2013091400100452,2013년 9월 14일 16시,토요일,대구광역시 수성구 두산동,중상사고,0,1,0,0,차대차 - 측면직각충돌,안전운전불이행,건조,맑음,교차로 - 교차로부근,이륜,남,50세,상해없음,화물,남,39세,중상
2013091400100453,2013년 9월 14일 16시,토요일,대구광역시 수성구 만촌동,경상사고,0,0,1,0,차대차 - 측면직각충돌,안전운전불이행,건조,맑음,단일로 - 기타,승용,남,65세,상해없음,승용,남,49세,경상
2013091400100454,2013년 9월 14일 16시,토요일,대구광역시 수성구 지산동,중상사고,0,1,0,0,차대사람 - 횡단중,보행자보호의무위반,건조,맑음,단일로 - 횡단보도상,화물,남,52세,상해없음,보행자,여,57세,중상
2013091400100455,2013년 9월 14일 16시,토요일,대구광역시 달서구 감삼동,경상사고,0,0,4,0,차대차 - 추돌 - 진행중,안전운전불이행,건조,맑음,단일로 - 기타,승용,남,45세,상해없음,승용,남,52세,경상
2013091400100494,2013년 9월 14일 17시,토요일,대구광역시 달서구 진천동,경상사고,0,0,1,0,차대사람 - 기타,안전운전불이행,건조,맑음,단일로 - 기타,승합,남,36세,상해없음,보행자,여,52세,경상
2013091400100529,2013년 9월 14일 18시,토요일,대구광역시 북구 산격동,경상사고,0,0,1,0,차대차 - 추돌 - 진행중,안전운전불이행,건조,맑음,교차로 - 교차로부근,승용,여,47세,상해없음,이륜,남,53세,경상
2013091400100530,2013년 9월 14일 18시,토요일,대구광역시 북구 침산동,중상사고,0,1,1,0,차대차 - 기타,안전운전불이행,습기,비,단일로 - 기타,원동기,남,52세,중상,승용,남,31세,상해없음
2013091400100531,2013년 9월 14일 18시,토요일,대구광역시 중구 대신동,부상신고사고,0,0,0,1,차대차 - 기타,안전운전불이행,건조,맑음,단일로 - 기타,이륜,남,35세,부상신고,승용,남,51세,상해없음
2013091400100574,2013년 9월 14일 19시,토요일,대구광역시 수성구 중동,경상사고,0,0,1,0,차대차 - 추돌 - 주정차중,안전운전불이행,건조,흐림,단일로 - 기타,승용,남,53세,상해없음,승용,남,57세,경상
2013091400100575,2013년 9월 14일 19시,토요일,대구광역시 수성구 만촌동,중상사고,0,1,0,0,차대사람 - 횡단중,보행자보호의무위반,습기,흐림,교차로 - 교차로부근,승용,남,62세,상해없음,보행자,여,17세,중상
2013091400100607,2013년 9월 14일 20시,토요일,대구광역시 남구 대명동,경상사고,0,0,1,0,차대차 - 추돌 - 주정차중,안전운전불이행,습기,흐림,단일로 - 기타,승용,남,49세,상해없음,이륜,남,30세,경상
2013091400100608,2013년 9월 14일 20시,토요일,대구광역시 수성구 만촌동,중상사고,0,1,0,0,차대차 - 기타,안전운전불이행,건조,맑음,단일로 - 기타,승용,남,57세,상해없음,승용,남,43세,중상
2013091400100672,2013년 9월 14일 22시,토요일,대구광역시 동구 신서동,중상사고,0,1,0,0,차대사람 - 횡단중,안전운전불이행,건조,맑음,단일로 - 기타,승용,남,48세,상해없음,보행자,남,44세,중상
2013091400100703,2013년 9월 14일 23시,토요일,대구광역시 중구 덕산동,경상사고,0,0,1,0,차대차 - 측면직각충돌,신호위반,건조,맑음,교차로 - 교차로안,이륜,남,31세,상해없음,승용,남,66세,경상
2013091500100016,2013년 9월 15일 00시,일요일,대구광역시 서구 비산동,경상사고,0,0,2,0,차대차 - 추돌 - 진행중,안전운전불이행,건조,맑음,단일로 - 횡단보도부근,승용,남,25세,상해없음,승용,남,58세,경상
2013091500100034,2013년 9월 15일 01시,일요일,대구광역시 동구 효목동,중상사고,0,2,0,0,차대차 - 기타,안전거리미확보,건조,맑음,단일로 - 기타,승용,남,57세,상해없음,이륜,남,17세,중상
2013091500100049,2013년 9월 15일 02시,일요일,대구광역시 중구 태평로1가,경상사고,0,0,1,0,차대차 - 기타,안전운전불이행,건조,맑음,단일로 - 기타,승용,남,40세,상해없음,승용,남,23세,경상
2013091500100061,2013년 9월 15일 03시,일요일,대구광역시 북구 산격동,중상사고,0,1,0,0,차대차 - 측면직각충돌,교차로운행방법위반,건조,맑음,교차로 - 교차로부근,이륜,남,27세,중상,승용,남,20세,상해없음
2013091500100101,2013년 9월 15일 06시,일요일,대구광역시 달서구 진천동,중상사고,0,1,4,0,차대차 - 정면충돌,신호위반,건조,맑음,교차로 - 교차로안,승용,남,18세,경상,승용,남,30세,경상
2013091500100135,2013년 9월 15일 08시,일요일,대구광역시 달서구 월성동,경상사고,0,0,1,0,차대차 - 측면직각충돌,안전운전불이행,건조,맑음,단일로 - 기타,승합,남,56세,기타불명,승용,남,43세,경상
2013091500100136,2013년 9월 15일 08시,일요일,대구광역시 북구 검단동,경상사고,0,0,2,0,차대차 - 기타,안전거리미확보,건조,맑음,교차로 - 교차로부근,승용,남,47세,상해없음,승용,남,56세,경상
2013091500100150,2013년 9월 15일 09시,일요일,대구광역시 달서구 신당동,경상사고,0,0,1,0,차대차 - 추돌 - 주정차중,안전운전불이행,건조,맑음,단일로 - 기타,이륜,남,72세,경상,승용,남,50세,상해없음
2013091500100174,2013년 9월 15일 10시,일요일,대구광역시 동구 입석동,부상신고사고,0,0,0,1,차대차 - 기타,안전운전불이행,건조,맑음,교차로 - 교차로부근,승용,남,71세,상해없음,승용,남,39세,상해없음
2013091500100192,2013년 9월 15일 11시,일요일,대구광역시 수성구 욱수동,중상사고,0,1,0,0,차대사람 - 횡단중,신호위반,건조,맑음,단일로 - 횡단보도상,원동기,남,28세,상해없음,보행자,남,53세,중상
2013091500100193,2013년 9월 15일 11시,일요일,대구광역시 북구 침산동,중상사고,0,1,1,0,차대차 - 기타,차로위반,건조,맑음,단일로 - 기타,승용,남,55세,상해없음,이륜,남,66세,경상
2013091500100274,2013년 9월 15일 14시,일요일,대구광역시 남구 대명동,중상사고,0,1,0,0,차대차 - 기타,안전운전불이행,건조,맑음,교차로 - 교차로부근,승용,남,57세,상해없음,자전거,남,58세,중상
2013091500100275,2013년 9월 15일 14시,일요일,대구광역시 동구 신암동,경상사고,0,0,1,0,차대사람 - 기타,안전운전불이행,건조,맑음,단일로 - 기타,기타불명,기타불명,기타불명,기타불명,보행자,남,25세,경상
2013091500100276,2013년 9월 15일 14시,일요일,대구광역시 동구 지묘동,경상사고,0,0,1,0,차대차 - 측면직각충돌,중앙선침범,건조,맑음,단일로 - 기타,이륜,남,60세,경상,승용,남,40세,상해없음
2013091500100277,2013년 9월 15일 14시,일요일,대구광역시 서구 평리동,부상신고사고,0,0,0,1,차대사람 - 기타,안전운전불이행,건조,맑음,단일로 - 기타,승용,남,55세,상해없음,보행자,여,72세,부상신고
2013091500100315,2013년 9월 15일 15시,일요일,대구광역시 서구 비산동,경상사고,0,0,2,0,차대차 - 기타,안전운전불이행,건조,맑음,단일로 - 기타,승용,남,50세,상해없음,승용,남,68세,상해없음
2013091500100356,2013년 9월 15일 16시,일요일,대구광역시 달서구 월성동,중상사고,0,1,0,0,차대차 - 추돌 - 진행중,안전운전불이행,건조,맑음,교차로 - 교차로부근,승용,남,57세,상해없음,화물,남,48세,중상
2013091500100357,2013년 9월 15일 16시,일요일,대구광역시 북구 산격동,중상사고,0,1,0,0,차대사람 - 기타,안전운전불이행,건조,맑음,단일로 - 기타,승용,여,50세,상해없음,보행자,남,72세,중상
2013091500100358,2013년 9월 15일 16시,일요일,대구광역시 달서구 죽전동,경상사고,0,0,1,0,차대차 - 기타,안전거리미확보,건조,맑음,단일로 - 기타,승용,여,52세,상해없음,승용,여,35세,경상
2013091500100389,2013년 9월 15일 17시,일요일,대구광역시 남구 대명동,경상사고,0,0,1,0,차대차 - 기타,안전운전불이행,건조,맑음,단일로 - 기타,승용,여,55세,상해없음,승용,여,44세,경상
2013091500100390,2013년 9월 15일 17시,일요일,대구광역시 동구 불로동,경상사고,0,0,3,0,차대차 - 추돌 - 주정차중,안전운전불이행,건조,맑음,단일로 - 기타,화물,남,58세,상해없음,승용,남,31세,경상
2013091500100391,2013년 9월 15일 17시,일요일,대구광역시 동구 지저동,경상사고,0,0,6,0,차대차 - 기타,안전운전불이행,건조,맑음,단일로 - 기타,승용,여,45세,상해없음,승용,남,39세,경상
2013091500100392,2013년 9월 15일 17시,일요일,대구광역시 달서구 두류동,경상사고,0,0,1,0,차대차 - 측면직각충돌,교차로운행방법위반,건조,맑음,교차로 - 교차로안,승용,남,52세,상해없음,자전거,남,70세,경상
2013091500100393,2013년 9월 15일 17시,일요일,대구광역시 달서구 두류동,경상사고,0,0,1,0,차대사람 - 기타,안전운전불이행,건조,맑음,단일로 - 기타,자전거,남,54세,상해없음,보행자,남,75세,경상
2013091500100428,2013년 9월 15일 18시,일요일,대구광역시 남구 대명동,경상사고,0,0,1,0,차대사람 - 기타,안전운전불이행,건조,맑음,단일로 - 기타,승용,남,67세,상해없음,보행자,남,54세,경상
2013091500100429,2013년 9월 15일 18시,일요일,대구광역시 달성군 화원읍,중상사고,0,2,0,0,차대차 - 추돌 - 진행중,안전운전불이행,건조,맑음,단일로 - 기타,이륜,남,43세,중상,자전거,남,39세,중상
2013091500100430,2013년 9월 15일 18시,일요일,대구광역시 달성군 하빈면,중상사고,0,1,3,0,차대차 - 정면충돌,중앙선침범,건조,맑음,단일로 - 기타,승용,남,20세,상해없음,승합,남,58세,경상
2013091500100431,2013년 9월 15일 18시,일요일,대구광역시 달서구 두류동,경상사고,0,0,1,0,차대사람 - 보도통행중,안전운전불이행,건조,맑음,단일로 - 횡단보도상,승용,남,35세,상해없음,보행자,여,68세,경상
2013091500100465,2013년 9월 15일 19시,일요일,대구광역시 달서구 신당동,경상사고,0,0,6,2,차대차 - 추돌 - 진행중,안전운전불이행,건조,맑음,교차로 - 교차로부근,화물,남,48세,상해없음,승용,남,58세,경상
2013091500100491,2013년 9월 15일 20시,일요일,대구광역시 동구 불로동,부상신고사고,0,0,0,1,차대차 - 측면직각충돌,신호위반,건조,맑음,교차로 - 교차로안,자전거,남,14세,부상신고,화물,남,69세,상해없음
2013091500100514,2013년 9월 15일 21시,일요일,대구광역시 달서구 용산동,경상사고,0,0,1,0,차대차 - 측면직각충돌,차로위반,건조,맑음,단일로 - 기타,승용,여,23세,상해없음,승합,남,42세,경상
2013091500100535,2013년 9월 15일 22시,일요일,대구광역시 수성구 지산동,경상사고,0,0,1,0,차대차 - 추돌 - 진행중,안전거리미확보,건조,맑음,단일로 - 기타,승용,남,51세,상해없음,승용,여,43세,경상
2013091500100536,2013년 9월 15일 22시,일요일,대구광역시 달성군 다사읍,중상사고,0,1,1,0,차대차 - 추돌 - 진행중,안전운전불이행,건조,맑음,단일로 - 기타,승용,남,46세,상해없음,승용,남,54세,경상
2013091500100537,2013년 9월 15일 22시,일요일,대구광역시 북구 산격동,경상사고,0,0,2,0,차대차 - 기타,안전운전불이행,건조,맑음,단일로 - 기타,승용,남,54세,상해없음,승용,남,29세,경상
2013091500100538,2013년 9월 15일 22시,일요일,대구광역시 달서구 감삼동,중상사고,0,1,0,0,차대차 - 기타,안전운전불이행,건조,맑음,교차로 - 교차로부근,승용,남,22세,상해없음,자전거,남,68세,중상
2013091500100557,2013년 9월 15일 23시,일요일,대구광역시 북구 칠성동1가,중상사고,0,1,4,0,차대차 - 측면직각충돌,신호위반,건조,맑음,단일로 - 기타,승용,남,57세,상해없음,승용,남,66세,경상
2013091600100011,2013년 9월 16일 00시,월요일,대구광역시 수성구 수성동3가,부상신고사고,0,0,0,1,차대차 - 기타,안전운전불이행,건조,맑음,단일로 - 기타,승용,남,23세,상해없음,승용,여,65세,기타불명
2013091600100012,2013년 9월 16일 00시,월요일,대구광역시 달서구 송현동,경상사고,0,0,1,0,차대사람 - 횡단중,보행자보호의무위반,건조,맑음,단일로 - 횡단보도상,이륜,남,17세,상해없음,보행자,여,38세,경상
2013091600100013,2013년 9월 16일 00시,월요일,대구광역시 중구 남산동,경상사고,0,0,1,0,차대차 - 측면직각충돌,안전거리미확보,건조,맑음,단일로 - 기타,승용,남,57세,상해없음,승용,남,63세,경상
2013091600100014,2013년 9월 16일 00시,월요일,대구광역시 달서구 용산동,경상사고,0,0,1,0,차대차 - 추돌 - 진행중,차로위반,건조,맑음,단일로 - 기타,승용,남,48세,상해없음,원동기,남,17세,경상
2013091600100024,2013년 9월 16일 01시,월요일,대구광역시 수성구 신매동,경상사고,0,0,1,0,차대차 - 기타,중앙선침범,건조,맑음,교차로 - 교차로부근,승용,남,31세,상해없음,이륜,남,52세,경상
2013091600100033,2013년 9월 16일 02시,월요일,대구광역시 북구 복현동,경상사고,0,0,1,0,차대사람 - 기타,안전운전불이행,건조,맑음,단일로 - 기타,특수,남,54세,상해없음,보행자,남,27세,경상
2013091600100034,2013년 9월 16일 02시,월요일,대구광역시 중구 동인동4가,경상사고,0,0,1,0,차대차 - 측면직각충돌,안전거리미확보,건조,맑음,단일로 - 기타,승용,남,42세,상해없음,승용,남,22세,경상
2013091600100040,2013년 9월 16일 03시,월요일,대구광역시 수성구 지산동,부상신고사고,0,0,0,2,차량단독 - 기타,안전운전불이행,건조,맑음,단일로 - 기타,승용,남,58세,상해없음,,,,
2013091600100041,2013년 9월 16일 03시,월요일,대구광역시 달서구 두류동,중상사고,0,1,0,0,차량단독 - 기타,안전운전불이행,건조,흐림,단일로 - 기타,승용,남,57세,상해없음,,,,
2013091600100060,2013년 9월 16일 05시,월요일,대구광역시 동구 신천동,사망사고,1,0,0,0,차대사람 - 기타,안전운전불이행,건조,맑음,기타 - 기타,화물,남,45세,상해없음,보행자,여,48세,사망
2013091600100077,2013년 9월 16일 06시,월요일,대구광역시 수성구 만촌동,부상신고사고,0,0,0,1,차대차 - 기타,중앙선침범,건조,맑음,단일로 - 횡단보도상,자전거,남,24세,부상신고,승용,남,53세,상해없음
2013091600100078,2013년 9월 16일 06시,월요일,대구광역시 서구 비산동,중상사고,0,1,0,0,차대차 - 측면직각충돌,신호위반,건조,맑음,교차로 - 교차로안,화물,남,72세,상해없음,이륜,남,62세,중상
2013091600100114,2013년 9월 16일 07시,월요일,대구광역시 서구 중리동,중상사고,0,1,0,0,차대차 - 기타,안전운전불이행,건조,맑음,교차로 - 교차로부근,승용,여,51세,상해없음,이륜,남,63세,중상
2013091600100168,2013년 9월 16일 08시,월요일,대구광역시 달성군 화원읍,중상사고,0,1,0,0,차대차 - 측면직각충돌,안전운전불이행,건조,맑음,단일로 - 기타,승용,남,46세,상해없음,자전거,남,67세,중상
2013091600100169,2013년 9월 16일 08시,월요일,대구광역시 달성군 현풍면,경상사고,0,0,3,0,차대차 - 기타,안전운전불이행,건조,맑음,단일로 - 기타,화물,남,57세,경상,승용,남,23세,경상
2013091600100170,2013년 9월 16일 08시,월요일,대구광역시 서구 중리동,경상사고,0,0,4,0,차대차 - 정면충돌,중앙선침범,건조,맑음,교차로 - 교차로부근,화물,남,61세,상해없음,승용,남,40세,경상
2013091600100171,2013년 9월 16일 08시,월요일,대구광역시 북구 태전동,경상사고,0,0,1,0,차대차 - 측면직각충돌,안전운전불이행,건조,맑음,단일로 - 기타,원동기,남,50세,상해없음,자전거,남,76세,경상
2013091600100204,2013년 9월 16일 09시,월요일,대구광역시 남구 대명동,경상사고,0,0,1,0,차대차 - 추돌 - 진행중,안전거리미확보,건조,맑음,단일로 - 기타,승용,남,76세,상해없음,승용,남,30세,경상
2013091600100205,2013년 9월 16일 09시,월요일,대구광역시 달성군 구지면,중상사고,0,1,0,0,차대차 - 기타,안전운전불이행,건조,맑음,교차로 - 교차로안,농기계,남,74세,상해없음,승용,남,38세,상해없음
2013091600100206,2013년 9월 16일 09시,월요일,대구광역시 달성군 화원읍,경상사고,0,0,2,0,차대차 - 기타,안전운전불이행,건조,맑음,단일로 - 기타,승용,남,58세,상해없음,승용,남,63세,경상
2013091600100207,2013년 9월 16일 09시,월요일,대구광역시 서구 이현동,경상사고,0,0,2,0,차대차 - 측면직각충돌,교차로운행방법위반,건조,맑음,교차로 - 교차로부근,화물,남,26세,상해없음,특수,남,55세,상해없음
2013091600100208,2013년 9월 16일 09시,월요일,대구광역시 중구 동인동3가,경상사고,0,0,1,0,차대차 - 기타,안전운전불이행,건조,맑음,단일로 - 기타,승용,여,57세,상해없음,승용,남,54세,경상
2013091600100249,2013년 9월 16일 10시,월요일,대구광역시 남구 봉덕동,경상사고,0,0,1,0,차대사람 - 기타,안전운전불이행,건조,맑음,단일로 - 기타,승용,여,54세,상해없음,보행자,여,63세,경상
2013091600100250,2013년 9월 16일 10시,월요일,대구광역시 동구 용계동,부상신고사고,0,0,0,1,차대사람 - 횡단중,보행자보호의무위반,건조,맑음,교차로 - 교차로부근,기타불명,기타불명,기타불명,기타불명,보행자,남,76세,부상신고
2013091600100288,2013년 9월 16일 11시,월요일,대구광역시 남구 대명동,경상사고,0,0,1,0,차대차 - 추돌 - 진행중,안전운전불이행,건조,맑음,교차로 - 교차로부근,승용,여,63세,상해없음,이륜,남,26세,경상
2013091600100289,2013년 9월 16일 11시,월요일,대구광역시 수성구 범어동,경상사고,0,0,3,0,차대차 - 측면직각충돌,안전운전불이행,건조,맑음,단일로 - 기타,승용,남,56세,상해없음,승용,여,46세,상해없음
2013091600100314,2013년 9월 16일 12시,월요일,대구광역시 서구 내당동,경상사고,0,0,1,0,차대차 - 기타,기타,건조,맑음,단일로 - 기타,승용,남,44세,상해없음,승용,여,52세,경상
2013091600100315,2013년 9월 16일 12시,월요일,대구광역시 달서구 신당동,경상사고,0,0,1,0,차대사람 - 보도통행중,기타,건조,맑음,단일로 - 기타,자전거,남,23세,상해없음,보행자,여,21세,경상
2013091600100352,2013년 9월 16일 13시,월요일,대구광역시 수성구 황금동,경상사고,0,0,1,0,차대사람 - 기타,안전운전불이행,건조,맑음,단일로 - 기타,승용,여,58세,상해없음,보행자,여,38세,경상
2013091600100353,2013년 9월 16일 13시,월요일,대구광역시 달서구 진천동,경상사고,0,0,1,0,차대차 - 추돌 - 주정차중,안전운전불이행,건조,맑음,교차로 - 교차로부근,승용,여,59세,상해없음,승합,남,48세,경상
2013091600100354,2013년 9월 16일 13시,월요일,대구광역시 북구 칠성동1가,경상사고,0,0,1,0,차대사람 - 기타,안전운전불이행,건조,맑음,단일로 - 기타,승합,남,51세,상해없음,보행자,여,41세,경상
2013091600100355,2013년 9월 16일 13시,월요일,대구광역시 서구 내당동,경상사고,0,0,1,0,차대차 - 기타,안전거리미확보,건조,맑음,단일로 - 기타,승용,남,72세,상해없음,승용,남,26세,경상
2013091600100389,2013년 9월 16일 14시,월요일,대구광역시 북구 침산동,경상사고,0,0,1,0,차대차 - 기타,신호위반,건조,맑음,교차로 - 교차로안,승용,여,41세,상해없음,승용,여,54세,경상
2013091600100390,2013년 9월 16일 14시,월요일,대구광역시 북구 태전동,중상사고,0,1,0,0,차대사람 - 차도통행중,안전운전불이행,건조,맑음,단일로 - 기타,승용,남,63세,상해없음,보행자,여,60세,중상
2013091600100433,2013년 9월 16일 15시,월요일,대구광역시 수성구 욱수동,중상사고,0,1,1,1,차대차 - 측면직각충돌,중앙선침범,건조,맑음,단일로 - 기타,승용,여,49세,부상신고,승용,남,60세,중상
2013091600100434,2013년 9월 16일 15시,월요일,대구광역시 수성구 중동,경상사고,0,0,1,1,차대차 - 추돌 - 진행중,불법유턴,건조,맑음,단일로 - 기타,승용,여,53세,부상신고,승용,남,66세,경상
2013091600100435,2013년 9월 16일 15시,월요일,대구광역시 달서구 송현동,경상사고,0,0,1,0,차대차 - 측면직각충돌,중앙선침범,건조,맑음,단일로 - 기타,자전거,남,60세,경상,승용,남,53세,상해없음
2013091600100436,2013년 9월 16일 15시,월요일,대구광역시 북구 노원동3가,경상사고,0,0,1,0,차대차 - 기타,안전거리미확보,건조,맑음,단일로 - 기타,승용,남,46세,상해없음,승용,남,66세,경상
2013091600100437,2013년 9월 16일 15시,월요일,대구광역시 서구 내당동,중상사고,0,1,0,0,차대차 - 기타,기타,건조,맑음,단일로 - 기타,승용,남,60세,상해없음,이륜,남,61세,중상
2013091600100468,2013년 9월 16일 16시,월요일,대구광역시 남구 대명동,경상사고,0,0,1,0,차대사람 - 기타,안전운전불이행,건조,맑음,기타 - 기타,승용,기타불명,기타불명,기타불명,보행자,남,32세,경상
2013091600100469,2013년 9월 16일 16시,월요일,대구광역시 북구 태전동,중상사고,0,2,0,0,차대차 - 추돌 - 진행중,안전운전불이행,건조,맑음,단일로 - 기타,승용,여,53세,중상,승용,남,53세,중상
2013091600100510,2013년 9월 16일 17시,월요일,대구광역시 동구 신천동,경상사고,0,0,1,0,차대차 - 측면직각충돌,안전운전불이행,건조,맑음,단일로 - 기타,승합,남,65세,상해없음,승용,여,44세,경상
2013091600100511,2013년 9월 16일 17시,월요일,대구광역시 달성군 화원읍,경상사고,0,0,1,0,차대차 - 측면직각충돌,차로위반,건조,맑음,단일로 - 기타,승용,남,61세,경상,승용,남,37세,상해없음
2013091600100512,2013년 9월 16일 17시,월요일,대구광역시 달서구 용산동,중상사고,0,1,2,0,차대차 - 측면직각충돌,안전운전불이행,건조,맑음,단일로 - 기타,화물,남,70세,상해없음,승용,남,53세,중상
2013091600100560,2013년 9월 16일 18시,월요일,대구광역시 동구 방촌동,경상사고,0,0,1,0,차대차 - 측면직각충돌,안전운전불이행,건조,맑음,교차로 - 교차로안,승용,남,79세,상해없음,승용,남,62세,경상
2013091600100561,2013년 9월 16일 18시,월요일,대구광역시 수성구 황금동,중상사고,0,1,0,0,차대차 - 추돌 - 진행중,안전운전불이행,건조,맑음,기타 - 기타,승용,여,55세,상해없음,자전거,남,44세,중상
2013091600100562,2013년 9월 16일 18시,월요일,대구광역시 북구 칠성동1가,경상사고,0,0,1,0,차대사람 - 횡단중,안전운전불이행,건조,맑음,교차로 - 교차로부근,기타불명,기타불명,기타불명,기타불명,보행자,여,81세,경상
2013091600100563,2013년 9월 16일 18시,월요일,대구광역시 중구 공평동,경상사고,0,0,1,0,차대사람 - 기타,안전운전불이행,건조,맑음,단일로 - 기타,승용,여,25세,상해없음,보행자,남,43세,경상