사고번호,사고일시,요일,시군구,사고내용,사망자수,중상자수,경상자수,부상신고자수,사고유형,법규위반,노면상태,기상상태,도로형태,가해운전자 차종,가해운전자 성별,가해운전자 연령,가해운전자 상해정도,피해운전자 차종,피해운전자 성별,피해운전자 연령,피해운전자 상해정도
2013092400100332,2013년 9월 24일 16시,화요일,대구광역시 중구 덕산동,경상사고,0,0,1,0,차대사람 - 기타,보행자보호의무위반,건조,맑음,단일로 - 횡단보도상,승용,남,65세,상해없음,보행자,여,64세,경상
2013092400100363,2013년 9월 24일 17시,화요일,대구광역시 달성군 논공읍,경상사고,0,0,1,0,차대차 - 기타,안전운전불이행,건조,맑음,단일로 - 기타,승합,남,38세,상해없음,이륜,남,51세,경상
2013092400100396,2013년 9월 24일 18시,화요일,대구광역시 달서구 본동,경상사고,0,0,1,0,차대차 - 기타,안전거리미확보,건조,맑음,단일로 - 기타,승합,남,64세,상해없음,승용,남,58세,상해없음
2013092400100397,2013년 9월 24일 18시,화요일,대구광역시 북구 노원동1가,경상사고,0,0,1,0,차대차 - 측면직각충돌,안전운전불이행,건조,맑음,단일로 - 기타,승용,남,39세,상해없음,자전거,남,13세,경상
2013092400100398,2013년 9월 24일 18시,화요일,대구광역시 북구 동천동,경상사고,0,0,1,0,차대사람 - 횡단중,보행자보호의무위반,건조,맑음,단일로 - 횡단보도상,승용,여,33세,상해없음,보행자,남,38세,경상
2013092400100438,2013년 9월 24일 19시,화요일,대구광역시 달성군 다사읍,중상사고,0,1,1,0,차대차 - 추돌 - 주정차중,안전운전불이행,건조,맑음,단일로 - 기타,이륜,남,23세,중상,승용,여,36세,경상
2013092400100465,2013년 9월 24일 20시,화요일,대구광역시 달서구 신당동,경상사고,0,0,1,0,차대사람 - 기타,안전운전불이행,건조,맑음,단일로 - 기타,자전거,남,31세,상해없음,보행자,남,78세,경상
2013092400100466,2013년 9월 24일 20시,화요일,대구광역시 북구 읍내동,경상사고,0,0,1,0,차대차 - 측면직각충돌,안전운전불이행,습기,비,교차로 - 교차로안,승용,여,43세,상해없음,자전거,남,56세,경상
2013092400100516,2013년 9월 24일 22시,화요일,대구광역시 남구 봉덕동,부상신고사고,0,0,0,1,차대차 - 기타,신호위반,습기,비,교차로 - 교차로안,이륜,남,15세,부상신고,승합,남,38세,상해없음
2013092400100517,2013년 9월 24일 22시,화요일,대구광역시 남구 대명동,경상사고,0,0,1,0,차대사람 - 기타,안전운전불이행,습기,흐림,단일로 - 기타,승용,남,23세,상해없음,보행자,남,25세,경상
2013092400100518,2013년 9월 24일 22시,화요일,대구광역시 동구 불로동,중상사고,0,1,0,0,차대사람 - 기타,안전운전불이행,습기,비,단일로 - 기타,원동기,남,25세,상해없음,보행자,남,62세,중상
2013092400100519,2013년 9월 24일 22시,화요일,대구광역시 수성구 중동,경상사고,0,0,1,0,차대차 - 측면직각충돌,안전운전불이행,건조,흐림,교차로 - 교차로부근,승용,남,65세,상해없음,자전거,남,27세,경상
2013092400100520,2013년 9월 24일 22시,화요일,대구광역시 달서구 진천동,부상신고사고,0,0,0,1,차대차 - 추돌 - 주정차중,안전운전불이행,습기,흐림,교차로 - 교차로부근,자전거,남,46세,부상신고,승용,남,45세,상해없음
2013092400100521,2013년 9월 24일 22시,화요일,대구광역시 중구 동인동4가,중상사고,0,1,0,0,차대차 - 기타,교차로운행방법위반,건조,맑음,교차로 - 교차로안,승용,남,24세,상해없음,이륜,남,68세,중상
2013092400100546,2013년 9월 24일 23시,화요일,대구광역시 수성구 범어동,중상사고,0,1,0,0,차대차 - 측면직각충돌,교차로운행방법위반,습기,비,교차로 - 교차로안,승용,남,38세,상해없음,이륜,남,47세,중상
2013092400100547,2013년 9월 24일 23시,화요일,대구광역시 중구 대봉동,경상사고,0,0,2,0,차대차 - 기타,안전거리미확보,건조,맑음,단일로 - 기타,승용,남,41세,상해없음,이륜,남,44세,경상
2013092500100015,2013년 9월 25일 00시,수요일,대구광역시 북구 칠성동2가,경상사고,0,0,1,1,차대차 - 기타,차로위반,습기,비,교차로 - 교차로부근,화물,남,33세,부상신고,승용,남,51세,경상
2013092500100016,2013년 9월 25일 00시,수요일,대구광역시 달서구 이곡동,경상사고,0,0,1,0,차대차 - 기타,안전거리미확보,습기,비,교차로 - 교차로부근,승용,남,51세,상해없음,이륜,남,27세,경상
2013092500100028,2013년 9월 25일 01시,수요일,대구광역시 달서구 본동,경상사고,0,0,1,0,차대사람 - 기타,안전운전불이행,건조,맑음,단일로 - 기타,승용,남,31세,상해없음,보행자,남,18세,경상
2013092500100029,2013년 9월 25일 01시,수요일,대구광역시 달서구 호림동,경상사고,0,0,2,0,차대차 - 측면직각충돌,교차로운행방법위반,습기,맑음,교차로 - 교차로안,승용,남,34세,경상,승용,남,57세,경상
2013092500100039,2013년 9월 25일 02시,수요일,대구광역시 달서구 상인동,중상사고,0,1,1,0,차대차 - 추돌 - 진행중,안전운전불이행,건조,맑음,교차로 - 교차로안,승용,남,24세,상해없음,승용,남,50세,경상
2013092500100049,2013년 9월 25일 03시,수요일,대구광역시 수성구 상동,중상사고,0,1,0,0,차대차 - 기타,안전운전불이행,건조,맑음,교차로 - 교차로안,승용,여,29세,상해없음,자전거,남,18세,중상
2013092500100050,2013년 9월 25일 03시,수요일,대구광역시 중구 남산동,경상사고,0,0,2,0,차대차 - 추돌 - 진행중,안전거리미확보,건조,맑음,단일로 - 기타,승용,남,55세,상해없음,승용,남,55세,경상
2013092500100054,2013년 9월 25일 04시,수요일,대구광역시 서구 내당동,경상사고,0,0,1,0,차대차 - 추돌 - 주정차중,안전운전불이행,건조,맑음,단일로 - 기타,승용,남,32세,상해없음,승용,남,47세,경상
2013092500100098,2013년 9월 25일 07시,수요일,대구광역시 남구 대명동,중상사고,0,1,0,0,차대차 - 추돌 - 진행중,안전운전불이행,건조,맑음,단일로 - 기타,승용,여,50세,상해없음,승용,여,48세,중상
2013092500100099,2013년 9월 25일 07시,수요일,대구광역시 북구 동천동,경상사고,0,0,1,0,차대차 - 기타,직진우회전진행방해,건조,맑음,단일로 - 기타,승용,남,57세,상해없음,승용,남,33세,경상
2013092500100173,2013년 9월 25일 09시,수요일,대구광역시 수성구 범어동,경상사고,0,0,2,0,차대차 - 측면직각충돌,안전거리미확보,건조,맑음,단일로 - 기타,승용,남,57세,상해없음,승용,남,61세,경상
2013092500100174,2013년 9월 25일 09시,수요일,대구광역시 중구 달성동,경상사고,0,0,1,0,차대차 - 기타,교차로운행방법위반,습기,비,교차로 - 교차로안,화물,남,49세,상해없음,이륜,남,45세,경상
2013092500100204,2013년 9월 25일 10시,수요일,대구광역시 수성구 지산동,경상사고,0,0,2,0,차대차 - 측면직각충돌,교차로운행방법위반,건조,맑음,교차로 - 교차로안,승용,여,22세,경상,원동기,남,42세,경상
2013092500100205,2013년 9월 25일 10시,수요일,대구광역시 북구 침산동,경상사고,0,0,1,0,차대차 - 기타,안전거리미확보,건조,맑음,교차로 - 교차로부근,승용,남,52세,상해없음,승용,여,63세,경상
2013092500100206,2013년 9월 25일 10시,수요일,대구광역시 달서구 장기동,경상사고,0,0,3,0,차대차 - 측면직각충돌,안전거리미확보,건조,맑음,교차로 - 교차로부근,승용,남,26세,상해없음,원동기,남,18세,경상
2013092500100229,2013년 9월 25일 11시,수요일,대구광역시 동구 율하동,중상사고,0,1,0,0,차대차 - 기타,안전운전불이행,건조,맑음,단일로 - 기타,승용,남,58세,상해없음,원동기,여,54세,중상
2013092500100255,2013년 9월 25일 12시,수요일,대구광역시 달성군 화원읍,경상사고,0,0,1,0,차량단독 - 전도전복,안전운전불이행,기타,맑음,단일로 - 기타,이륜,남,59세,경상,,,,
2013092500100256,2013년 9월 25일 12시,수요일,대구광역시 서구 평리동,중상사고,0,1,0,0,차대사람 - 차도통행중,안전운전불이행,건조,맑음,단일로 - 기타,화물,남,40세,상해없음,보행자,남,49세,중상
2013092500100287,2013년 9월 25일 13시,수요일,대구광역시 북구 복현동,경상사고,0,0,5,0,차대차 - 기타,안전거리미확보,건조,맑음,단일로 - 기타,화물,남,33세,경상,승용,여,49세,상해없음
2013092500100312,2013년 9월 25일 14시,수요일,대구광역시 북구 동천동,부상신고사고,0,0,0,1,차대차 - 측면직각충돌,안전운전불이행,건조,맑음,단일로 - 기타,자전거,여,49세,부상신고,이륜,남,36세,상해없음
2013092500100342,2013년 9월 25일 15시,수요일,대구광역시 남구 봉덕동,경상사고,0,0,1,0,차대사람 - 길가장자리구역통행중,안전운전불이행,건조,맑음,단일로 - 기타,승용,여,29세,상해없음,보행자,여,14세,경상
2013092500100343,2013년 9월 25일 15시,수요일,대구광역시 달서구 본동,중상사고,0,1,3,0,차대차 - 기타,안전운전불이행,습기,비,단일로 - 기타,화물,남,55세,상해없음,승용,여,52세,경상
2013092500100344,2013년 9월 25일 15시,수요일,대구광역시 북구 팔달동,중상사고,0,1,0,0,차대차 - 기타,직진우회전진행방해,건조,맑음,단일로 - 기타,승용,남,52세,상해없음,승용,여,42세,중상
2013092500100381,2013년 9월 25일 16시,수요일,대구광역시 남구 봉덕동,경상사고,0,0,2,0,차대사람 - 기타,안전운전불이행,건조,맑음,단일로 - 기타,승용,여,58세,상해없음,보행자,여,42세,경상
2013092500100382,2013년 9월 25일 16시,수요일,대구광역시 북구 침산동,경상사고,0,0,1,0,차대차 - 기타,안전운전불이행,건조,맑음,단일로 - 기타,승용,남,68세,상해없음,자전거,여,66세,경상
2013092500100383,2013년 9월 25일 16시,수요일,대구광역시 중구 남산동,경상사고,0,0,1,0,차대차 - 기타,안전거리미확보,건조,맑음,단일로 - 기타,승용,남,58세,상해없음,기타불명,기타불명,기타불명,기타불명
2013092500100422,2013년 9월 25일 17시,수요일,대구광역시 남구 대명동,중상사고,0,1,1,0,차대사람 - 기타,안전운전불이행,건조,맑음,단일로 - 기타,승용,남,65세,상해없음,보행자,남,46세,중상
2013092500100423,2013년 9월 25일 17시,수요일,대구광역시 달서구 송현동,경상사고,0,0,1,0,차대차 - 측면직각충돌,안전운전불이행,건조,맑음,교차로 - 교차로안,승용,남,64세,상해없음,원동기,남,17세,경상
2013092500100424,2013년 9월 25일 17시,수요일,대구광역시 서구 평리동,경상사고,0,0,1,0,차대차 - 기타,안전운전불이행,건조,맑음,교차로 - 교차로안,승용,여,39세,상해없음,자전거,남,77세,경상
2013092500100461,2013년 9월 25일 18시,수요일,대구광역시 달서구 용산동,경상사고,0,0,1,0,차대차 - 기타,차로위반,건조,맑음,단일로 - 기타,승용,여,52세,상해없음,승용,남,58세,경상
2013092500100462,2013년 9월 25일 18시,수요일,대구광역시 북구 읍내동,중상사고,0,1,0,0,차대사람 - 횡단중,보행자보호의무위반,건조,맑음,단일로 - 횡단보도상,승용,남,47세,상해없음,보행자,여,52세,중상
2013092500100505,2013년 9월 25일 19시,수요일,대구광역시 동구 신천동,경상사고,0,0,1,0,차대차 - 측면직각충돌,안전운전불이행,건조,맑음,단일로 - 기타,승용,남,47세,상해없음,이륜,남,19세,경상
2013092500100506,2013년 9월 25일 19시,수요일,대구광역시 북구 칠성동2가,경상사고,0,0,1,0,차대차 - 기타,기타,건조,맑음,단일로 - 기타,승용,남,60세,상해없음,자전거,여,55세,경상
2013092500100507,2013년 9월 25일 19시,수요일,대구광역시 서구 이현동,부상신고사고,0,0,0,1,차대차 - 측면직각충돌,신호위반,건조,맑음,단일로 - 기타,이륜,남,31세,부상신고,승용,남,29세,상해없음
2013092500100545,2013년 9월 25일 20시,수요일,대구광역시 서구 내당동,중상사고,0,1,1,0,차대차 - 추돌 - 주정차중,안전운전불이행,건조,맑음,교차로 - 교차로부근,승용,남,49세,상해없음,승용,남,66세,경상
2013092500100572,2013년 9월 25일 21시,수요일,대구광역시 북구 침산동,부상신고사고,0,0,0,1,차대차 - 기타,안전운전불이행,건조,맑음,단일로 - 기타,원동기,남,66세,부상신고,승용,남,39세,상해없음
2013092500100573,2013년 9월 25일 21시,수요일,대구광역시 달서구 이곡동,경상사고,0,0,1,1,차대차 - 측면직각충돌,안전거리미확보,건조,맑음,단일로 - 기타,승용,여,29세,부상신고,이륜,남,24세,경상
2013092500100602,2013년 9월 25일 22시,수요일,대구광역시 수성구 범어동,부상신고사고,0,0,0,1,차대차 - 측면직각충돌,차로위반,건조,맑음,단일로 - 기타,이륜,남,29세,부상신고,승용,남,59세,상해없음
2013092500100603,2013년 9월 25일 22시,수요일,대구광역시 서구 내당동,경상사고,0,0,1,0,차대차 - 기타,안전운전불이행,건조,맑음,교차로 - 교차로부근,승용,여,31세,상해없음,이륜,남,22세,경상
2013092500100629,2013년 9월 25일 23시,수요일,대구광역시 남구 대명동,경상사고,0,0,1,0,차대차 - 측면직각충돌,안전거리미확보,건조,맑음,단일로 - 기타,승용,남,45세,상해없음,승용,남,23세,경상
2013092500100630,2013년 9월 25일 23시,수요일,대구광역시 북구 칠성동2가,경상사고,0,0,1,0,차대사람 - 횡단중,안전운전불이행,건조,맑음,단일로 - 기타,승용,남,52세,상해없음,보행자,남,29세,경상
2013092600100019,2013년 9월 26일 00시,목요일,대구광역시 수성구 두산동,중상사고,0,1,0,0,차대사람 - 횡단중,보행자보호의무위반,건조,맑음,교차로 - 교차로부근,승용,여,56세,상해없음,보행자,여,21세,중상
2013092600100020,2013년 9월 26일 00시,목요일,대구광역시 북구 읍내동,경상사고,0,0,2,0,차대차 - 측면직각충돌,직진우회전진행방해,건조,맑음,교차로 - 교차로안,승용,남,46세,경상,이륜,남,39세,경상
2013092600100046,2013년 9월 26일 02시,목요일,대구광역시 서구 내당동,경상사고,0,0,2,0,차대차 - 추돌 - 주정차중,안전운전불이행,건조,맑음,교차로 - 교차로부근,승용,여,45세,상해없음,승용,남,22세,경상
2013092600100053,2013년 9월 26일 03시,목요일,대구광역시 중구 봉산동,부상신고사고,0,0,0,1,차대차 - 기타,기타,건조,맑음,단일로 - 기타,승용,남,21세,부상신고,승용,남,51세,상해없음
2013092600100060,2013년 9월 26일 04시,목요일,대구광역시 중구 동인동4가,중상사고,0,1,0,0,차대차 - 기타,안전거리미확보,건조,맑음,교차로 - 교차로안,기타불명,기타불명,기타불명,기타불명,이륜,여,58세,중상
2013092600100075,2013년 9월 26일 05시,목요일,대구광역시 동구 용계동,중상사고,0,1,0,0,차대차 - 기타,신호위반,건조,맑음,교차로 - 교차로안,승용,기타불명,기타불명,기타불명,자전거,남,73세,중상
2013092600100121,2013년 9월 26일 07시,목요일,대구광역시 수성구 수성동1가,중상사고,0,1,0,0,차대사람 - 차도통행중,안전운전불이행,건조,맑음,단일로 - 기타,승용,남,46세,상해없음,보행자,여,16세,중상
2013092600100162,2013년 9월 26일 08시,목요일,대구광역시 달서구 송현동,경상사고,0,0,1,0,차대차 - 기타,신호위반,건조,맑음,교차로 - 교차로안,승용,여,58세,상해없음,승용,남,74세,경상
2013092600100163,2013년 9월 26일 08시,목요일,대구광역시 달서구 두류동,중상사고,0,1,0,0,차대차 - 추돌 - 진행중,중앙선침범,건조,맑음,교차로 - 교차로안,자전거,남,13세,중상,화물,남,61세,상해없음
2013092600100164,2013년 9월 26일 08시,목요일,대구광역시 북구 국우동,경상사고,0,0,1,0,차대차 - 정면충돌,안전운전불이행,건조,맑음,교차로 - 교차로안,화물,남,57세,상해없음,승용,여,38세,경상
2013092600100193,2013년 9월 26일 09시,목요일,대구광역시 중구 봉산동,부상신고사고,0,0,0,1,차대사람 - 기타,안전운전불이행,기타,맑음,기타 - 기타,자전거,남,18세,부상신고,보행자,남,52세,상해없음
2013092600100226,2013년 9월 26일 10시,목요일,대구광역시 북구 칠성동1가,경상사고,0,0,1,0,차대차 - 기타,안전운전불이행,건조,맑음,단일로 - 기타,화물,남,29세,상해없음,원동기,남,71세,상해없음
2013092600100227,2013년 9월 26일 10시,목요일,대구광역시 중구 태평로2가,중상사고,0,1,0,0,차대사람 - 기타,안전운전불이행,건조,맑음,단일로 - 기타,승용,남,67세,상해없음,보행자,여,71세,중상
2013092600100228,2013년 9월 26일 10시,목요일,대구광역시 달서구 성당동,중상사고,0,1,0,0,차대사람 - 기타,기타,건조,맑음,단일로 - 기타,승용,여,66세,상해없음,보행자,여,66세,중상
2013092600100250,2013년 9월 26일 11시,목요일,대구광역시 서구 내당동,경상사고,0,0,1,0,차대차 - 측면직각충돌,안전거리미확보,건조,맑음,단일로 - 기타,승용,남,74세,상해없음,이륜,남,21세,경상
2013092600100268,2013년 9월 26일 12시,목요일,대구광역시 달서구 장동,경상사고,0,0,1,0,차대차 - 추돌 - 진행중,안전운전불이행,건조,맑음,교차로 - 교차로부근,건설기계,남,63세,기타불명,승용,남,64세,경상
2013092600100324,2013년 9월 26일 14시,목요일,대구광역시 동구 용계동,경상사고,0,0,1,0,차대사람 - 기타,안전운전불이행,건조,맑음,기타 - 기타,화물,남,40세,상해없음,보행자,남,39세,경상
2013092600100372,2013년 9월 26일 15시,목요일,대구광역시 달서구 월성동,경상사고,0,0,1,0,차대차 - 기타,안전운전불이행,건조,맑음,교차로 - 교차로부근,승합,남,68세,상해없음,승용,여,45세,상해없음
2013092600100373,2013년 9월 26일 15시,목요일,대구광역시 달성군 논공읍,경상사고,0,0,1,0,차대차 - 기타,안전운전불이행,건조,맑음,교차로 - 교차로안,승용,남,48세,상해없음,승용,남,63세,상해없음
2013092600100398,2013년 9월 26일 16시,목요일,대구광역시 달서구 송현동,중상사고,0,1,0,0,차대차 - 정면충돌,중앙선침범,건조,맑음,단일로 - 기타,승용,여,42세,상해없음,이륜,남,51세,중상
2013092600100399,2013년 9월 26일 16시,목요일,대구광역시 달서구 진천동,경상사고,0,0,1,0,차대차 - 추돌 - 진행중,기타,건조,맑음,교차로 - 교차로부근,화물,남,56세,상해없음,승용,여,61세,경상
2013092600100400,2013년 9월 26일 16시,목요일,대구광역시 중구 삼덕동3가,경상사고,0,0,2,1,차대차 - 측면직각충돌,안전운전불이행,건조,맑음,단일로 - 기타,승용,남,64세,부상신고,승용,남,26세,경상
2013092600100449,2013년 9월 26일 17시,목요일,대구광역시 동구 지저동,중상사고,0,1,0,0,차대차 - 기타,안전운전불이행,건조,맑음,단일로 - 기타,승용,남,23세,상해없음,자전거,여,63세,중상
2013092600100450,2013년 9월 26일 17시,목요일,대구광역시 수성구 신매동,중상사고,0,1,0,0,차대차 - 기타,안전운전불이행,건조,맑음,단일로 - 횡단보도상,승합,남,54세,상해없음,자전거,남,13세,중상
2013092600100451,2013년 9월 26일 17시,목요일,대구광역시 중구 동인동4가,경상사고,0,0,1,0,차대차 - 기타,기타,건조,맑음,단일로 - 기타,승용,남,40세,상해없음,이륜,남,58세,경상
2013092600100493,2013년 9월 26일 18시,목요일,대구광역시 남구 대명동,경상사고,0,0,1,1,차대사람 - 기타,기타,건조,맑음,기타 - 기타,자전거,남,23세,부상신고,보행자,여,52세,경상
2013092600100536,2013년 9월 26일 19시,목요일,대구광역시 달서구 본리동,경상사고,0,0,2,1,차대차 - 측면직각충돌,안전운전불이행,건조,맑음,단일로 - 기타,이륜,남,16세,부상신고,승용,여,58세,경상
2013092600100573,2013년 9월 26일 20시,목요일,대구광역시 동구 효목동,경상사고,0,0,3,0,차대차 - 기타,안전운전불이행,건조,맑음,단일로 - 기타,승용,남,71세,상해없음,승용,남,31세,경상
2013092600100575,2013년 9월 26일 20시,목요일,대구광역시 북구 침산동,경상사고,0,0,1,0,차대차 - 추돌 - 주정차중,안전운전불이행,건조,맑음,교차로 - 교차로부근,승용,남,24세,상해없음,자전거,여,47세,경상
2013092600100599,2013년 9월 26일 21시,목요일,대구광역시 수성구 중동,부상신고사고,0,0,0,1,차대차 - 기타,안전운전불이행,건조,맑음,단일로 - 기타,원동기,남,58세,상해없음,자전거,남,21세,부상신고
2013092600100600,2013년 9월 26일 21시,목요일,대구광역시 수성구 범어동,경상사고,0,0,1,0,차대차 - 기타,기타,건조,맑음,단일로 - 기타,승용,여,52세,상해없음,승합,여,46세,상해없음
2013092600100601,2013년 9월 26일 21시,목요일,대구광역시 수성구 중동,중상사고,0,1,0,0,차대차 - 측면직각충돌,안전운전불이행,건조,맑음,단일로 - 기타,승용,남,27세,상해없음,자전거,여,49세,중상
2013092600100602,2013년 9월 26일 21시,목요일,대구광역시 북구 칠성동1가,중상사고,0,1,0,0,차대사람 - 횡단중,신호위반,건조,맑음,단일로 - 횡단보도상,승용,남,64세,상해없음,보행자,남,61세,중상
2013092600100603,2013년 9월 26일 21시,목요일,대구광역시 서구 비산동,경상사고,0,0,1,0,차대차 - 기타,직진우회전진행방해,건조,맑음,교차로 - 교차로안,승합,남,65세,상해없음,승용,남,45세,경상
2013092600100628,2013년 9월 26일 22시,목요일,대구광역시 달서구 본동,경상사고,0,0,2,0,차대차 - 기타,안전운전불이행,건조,맑음,단일로 - 기타,승용,남,40세,상해없음,승용,여,53세,경상
2013092700100010,2013년 9월 27일 00시,금요일,대구광역시 남구 봉덕동,중상사고,0,1,1,0,차대차 - 기타,안전운전불이행,건조,맑음,교차로 - 교차로안,승용,남,23세,상해없음,승용,남,46세,기타불명
2013092700100011,2013년 9월 27일 00시,금요일,대구광역시 북구 태전동,경상사고,0,0,1,0,차대차 - 측면직각충돌,안전거리미확보,건조,맑음,단일로 - 교량,승용,남,56세,상해없음,승용,남,31세,경상
2013092700100116,2013년 9월 27일 07시,금요일,대구광역시 동구 신암동,경상사고,0,0,1,0,차대차 - 기타,교차로운행방법위반,건조,맑음,교차로 - 교차로안,승용,남,48세,상해없음,승용,남,55세,경상
2013092700100117,2013년 9월 27일 07시,금요일,대구광역시 수성구 고모동,중상사고,0,2,0,0,차대차 - 추돌 - 진행중,안전거리미확보,건조,맑음,단일로 - 기타,승용,남,53세,중상,승용,남,28세,상해없음
2013092700100118,2013년 9월 27일 07시,금요일,대구광역시 달성군 현풍면,중상사고,0,1,1,0,차대차 - 측면직각충돌,중앙선침범,건조,맑음,단일로 - 기타,승용,남,33세,중상,승합,남,64세,경상
2013092700100119,2013년 9월 27일 07시,금요일,대구광역시 북구 구암동,중상사고,0,1,0,0,차대사람 - 횡단중,보행자보호의무위반,건조,맑음,교차로 - 교차로부근,승용,남,56세,상해없음,보행자,남,45세,중상
2013092700100218,2013년 9월 27일 10시,금요일,대구광역시 동구 입석동,중상사고,0,1,0,0,차대차 - 기타,교차로운행방법위반,건조,맑음,교차로 - 교차로안,화물,남,56세,상해없음,원동기,남,58세,중상
2013092700100219,2013년 9월 27일 10시,금요일,대구광역시 북구 대현동,경상사고,0,0,1,0,차대사람 - 보도통행중,기타,건조,맑음,단일로 - 기타,이륜,남,53세,상해없음,보행자,여,55세,경상
2013092700100308,2013년 9월 27일 13시,금요일,대구광역시 달서구 본동,중상사고,0,1,0,0,차대차 - 측면직각충돌,안전거리미확보,건조,맑음,교차로 - 교차로부근,승용,여,31세,상해없음,이륜,남,36세,중상
2013092700100309,2013년 9월 27일 13시,금요일,대구광역시 달서구 진천동,경상사고,0,0,2,0,차대차 - 추돌 - 진행중,안전운전불이행,건조,맑음,교차로 - 교차로부근,승용,남,49세,상해없음,승용,남,23세,경상
2013092700100332,2013년 9월 27일 14시,금요일,대구광역시 북구 침산동,중상사고,0,1,0,0,차대차 - 기타,기타,건조,맑음,단일로 - 기타,화물,남,47세,상해없음,자전거,남,59세,중상
2013092700100378,2013년 9월 27일 15시,금요일,대구광역시 북구 칠성동2가,중상사고,0,1,0,0,차대차 - 측면직각충돌,차로위반,건조,맑음,단일로 - 기타,승용,남,79세,상해없음,원동기,남,19세,중상
2013092700100379,2013년 9월 27일 15시,금요일,대구광역시 달서구 죽전동,경상사고,0,0,2,0,차대차 - 기타,안전운전불이행,건조,맑음,단일로 - 기타,승용,남,58세,상해없음,승용,여,57세,경상
2013092700100412,2013년 9월 27일 16시,금요일,대구광역시 동구 입석동,경상사고,0,0,1,0,차대차 - 추돌 - 주정차중,안전운전불이행,건조,맑음,단일로 - 교량,승용,여,40세,상해없음,승용,여,50세,상해없음
2013092700100450,2013년 9월 27일 17시,금요일,대구광역시 동구 효목동,경상사고,0,0,1,0,차대사람 - 기타,안전운전불이행,건조,맑음,단일로 - 기타,원동기,남,53세,상해없음,보행자,남,22세,경상
2013092700100451,2013년 9월 27일 17시,금요일,대구광역시 달서구 월성동,경상사고,0,0,1,0,차대차 - 추돌 - 진행중,안전운전불이행,건조,맑음,교차로 - 교차로부근,승용,여,38세,상해없음,이륜,남,58세,경상
2013092700100452,2013년 9월 27일 17시,금요일,대구광역시 북구 칠성동2가,중상사고,0,1,1,0,차대차 - 기타,안전운전불이행,건조,맑음,교차로 - 교차로부근,화물,남,50세,상해없음,승용,여,43세,중상
2013092700100453,2013년 9월 27일 17시,금요일,대구광역시 서구 평리동,경상사고,0,0,1,0,차대차 - 측면직각충돌,안전거리미확보,건조,맑음,단일로 - 기타,승용,여,56세,경상,승합,남,47세,상해없음
2013092700100516,2013년 9월 27일 18시,금요일,대구광역시 북구 서변동,경상사고,0,0,1,0,차대차 - 측면직각충돌,신호위반,건조,맑음,교차로 - 교차로부근,승용,남,55세,상해없음,자전거,남,35세,경상
2013092700100558,2013년 9월 27일 19시,금요일,대구광역시 달서구 대곡동,경상사고,0,0,1,0,차대사람 - 기타,안전운전불이행,건조,맑음,단일로 - 기타,승용,남,71세,상해없음,보행자,여,83세,경상
2013092700100559,2013년 9월 27일 19시,금요일,대구광역시 북구 복현동,중상사고,0,2,4,0,차대차 - 추돌 - 주정차중,안전운전불이행,건조,맑음,단일로 - 교량,승합,남,22세,상해없음,화물,남,64세,중상
2013092700100560,2013년 9월 27일 19시,금요일,대구광역시 서구 원대동1가,경상사고,0,0,2,0,차대차 - 측면직각충돌,교차로운행방법위반,건조,맑음,교차로 - 교차로안,승용,남,51세,경상,승용,여,44세,경상
2013092700100561,2013년 9월 27일 19시,금요일,대구광역시 중구 태평로3가,중상사고,0,1,0,0,차대차 - 측면직각충돌,안전거리미확보,건조,맑음,단일로 - 기타,승합,남,60세,상해없음,원동기,남,41세,중상
2013092700100562,2013년 9월 27일 19시,금요일,대구광역시 달서구 장동,경상사고,0,0,1,0,차대차 - 추돌 - 주정차중,안전운전불이행,건조,맑음,단일로 - 기타,화물,남,59세,상해없음,화물,남,53세,경상
2013092700100563,2013년 9월 27일 19시,금요일,대구광역시 북구 국우동,부상신고사고,0,0,0,1,차대차 - 측면직각충돌,안전운전불이행,건조,맑음,단일로 - 기타,승용,남,70세,상해없음,이륜,남,16세,부상신고
2013092700100603,2013년 9월 27일 20시,금요일,대구광역시 달서구 송현동,경상사고,0,0,1,0,차대차 - 기타,안전거리미확보,건조,맑음,단일로 - 기타,승용,남,28세,상해없음,승용,남,44세,경상
2013092700100604,2013년 9월 27일 20시,금요일,대구광역시 중구 대신동,경상사고,0,0,2,0,차대차 - 추돌 - 주정차중,안전운전불이행,건조,맑음,단일로 - 기타,승용,남,63세,상해없음,승용,남,58세,경상
2013092700100645,2013년 9월 27일 21시,금요일,대구광역시 동구 신암동,경상사고,0,0,1,0,차대차 - 측면직각충돌,신호위반,건조,맑음,단일로 - 횡단보도상,승용,여,28세,상해없음,이륜,남,17세,경상
2013092700100646,2013년 9월 27일 21시,금요일,대구광역시 북구 침산동,중상사고,0,1,2,1,차대차 - 추돌 - 주정차중,안전운전불이행,건조,맑음,단일로 - 기타,이륜,남,28세,부상신고,승용,여,42세,중상
2013092700100647,2013년 9월 27일 21시,금요일,대구광역시 서구 중리동,경상사고,0,0,1,0,차대차 - 측면직각충돌,중앙선침범,건조,맑음,교차로 - 교차로안,승용,남,33세,상해없음,승용,여,52세,경상