사고번호,사고일시,요일,시군구,사고내용,사망자수,중상자수,경상자수,부상신고자수,사고유형,법규위반,노면상태,기상상태,도로형태,가해운전자 차종,가해운전자 성별,가해운전자 연령,가해운전자 상해정도,피해운전자 차종,피해운전자 성별,피해운전자 연령,피해운전자 상해정도
2013092700100648,2013년 9월 27일 21시,금요일,대구광역시 중구 동인동3가,경상사고,0,0,2,1,차대차 - 추돌 - 주정차중,안전거리미확보,건조,맑음,단일로 - 기타,승용,남,38세,부상신고,승용,여,44세,경상
2013092700100649,2013년 9월 27일 21시,금요일,대구광역시 북구 구암동,경상사고,0,0,1,0,차량단독 - 기타,안전운전불이행,건조,맑음,단일로 - 기타,승합,남,42세,기타불명,,,,
2013092700100706,2013년 9월 27일 23시,금요일,대구광역시 서구 내당동,경상사고,0,0,1,0,차대차 - 추돌 - 주정차중,안전거리미확보,건조,맑음,단일로 - 기타,승용,남,56세,상해없음,승용,남,51세,경상
2013092800100020,2013년 9월 28일 00시,토요일,대구광역시 수성구 두산동,경상사고,0,0,1,0,차대차 - 기타,교차로운행방법위반,건조,맑음,교차로 - 교차로안,화물,남,53세,상해없음,승용,남,51세,상해없음
2013092800100063,2013년 9월 28일 02시,토요일,대구광역시 수성구 두산동,경상사고,0,0,1,0,차대차 - 기타,안전운전불이행,건조,맑음,단일로 - 기타,승용,기타불명,기타불명,기타불명,승용,남,56세,경상
2013092800100064,2013년 9월 28일 02시,토요일,대구광역시 수성구 두산동,중상사고,0,1,1,0,차대차 - 추돌 - 진행중,안전운전불이행,건조,맑음,단일로 - 기타,승용,남,27세,상해없음,승용,남,44세,경상
2013092800100081,2013년 9월 28일 03시,토요일,대구광역시 수성구 신매동,경상사고,0,0,4,0,차대차 - 추돌 - 진행중,안전운전불이행,건조,맑음,단일로 - 기타,승용,남,30세,상해없음,승용,남,61세,경상
2013092800100082,2013년 9월 28일 03시,토요일,대구광역시 달서구 송현동,경상사고,0,0,3,0,차대차 - 기타,교차로운행방법위반,건조,맑음,교차로 - 교차로안,승용,남,50세,경상,승용,남,54세,경상
2013092800100099,2013년 9월 28일 04시,토요일,대구광역시 달서구 갈산동,경상사고,0,0,2,0,차대차 - 기타,교차로운행방법위반,건조,맑음,교차로 - 교차로안,승용,남,28세,경상,화물,남,36세,경상
2013092800100100,2013년 9월 28일 04시,토요일,대구광역시 달서구 두류동,중상사고,0,2,0,0,차대차 - 추돌 - 진행중,안전운전불이행,건조,맑음,교차로 - 교차로부근,승용,남,59세,상해없음,승용,남,64세,중상
2013092800100128,2013년 9월 28일 06시,토요일,대구광역시 북구 산격동,경상사고,0,0,1,0,차대사람 - 기타,안전운전불이행,건조,맑음,단일로 - 기타,승용,남,58세,상해없음,보행자,남,53세,경상
2013092800100143,2013년 9월 28일 07시,토요일,대구광역시 북구 노원동2가,경상사고,0,0,1,0,차대차 - 기타,안전운전불이행,건조,맑음,단일로 - 횡단보도부근,승용,남,41세,상해없음,자전거,남,43세,경상
2013092800100144,2013년 9월 28일 07시,토요일,대구광역시 달서구 용산동,경상사고,0,0,1,0,차대차 - 측면직각충돌,불법유턴,건조,맑음,교차로 - 교차로부근,승용,남,24세,상해없음,승합,남,50세,경상
2013092800100167,2013년 9월 28일 08시,토요일,대구광역시 동구 지저동,경상사고,0,0,3,0,차대차 - 기타,교차로운행방법위반,건조,맑음,교차로 - 교차로안,승용,여,44세,상해없음,승용,남,43세,경상
2013092800100185,2013년 9월 28일 09시,토요일,대구광역시 남구 이천동,경상사고,0,0,1,0,차대차 - 추돌 - 주정차중,안전운전불이행,건조,맑음,단일로 - 기타,승용,여,69세,상해없음,승용,남,66세,경상
2013092800100186,2013년 9월 28일 09시,토요일,대구광역시 동구 지묘동,중상사고,0,2,0,0,차대차 - 기타,신호위반,건조,맑음,교차로 - 교차로안,승합,여,43세,중상,승용,여,57세,중상
2013092800100187,2013년 9월 28일 09시,토요일,대구광역시 북구 산격동,경상사고,0,0,1,0,차대차 - 정면충돌,안전운전불이행,건조,맑음,교차로 - 교차로안,화물,남,54세,상해없음,이륜,남,47세,경상
2013092800100188,2013년 9월 28일 09시,토요일,대구광역시 달서구 성당동,경상사고,0,0,1,0,차대사람 - 횡단중,보행자보호의무위반,건조,흐림,단일로 - 횡단보도상,승용,여,61세,상해없음,보행자,남,18세,경상
2013092800100214,2013년 9월 28일 10시,토요일,대구광역시 동구 율하동,부상신고사고,0,0,0,1,차대차 - 측면직각충돌,안전운전불이행,건조,맑음,단일로 - 횡단보도상,승용,여,48세,상해없음,이륜,여,30세,부상신고
2013092800100215,2013년 9월 28일 10시,토요일,대구광역시 수성구 지산동,사망사고,1,0,0,0,차대사람 - 차도통행중,안전운전불이행,건조,맑음,교차로 - 교차로안,승용,여,38세,상해없음,보행자,여,65세,사망
2013092800100216,2013년 9월 28일 10시,토요일,대구광역시 북구 복현동,중상사고,0,1,0,0,차대사람 - 기타,안전운전불이행,건조,맑음,단일로 - 기타,승합,남,47세,상해없음,보행자,여,68세,중상
2013092800100217,2013년 9월 28일 10시,토요일,대구광역시 중구 대봉동,경상사고,0,0,1,1,차대차 - 기타,교차로운행방법위반,건조,맑음,교차로 - 교차로안,승용,남,44세,부상신고,승용,남,37세,경상
2013092800100218,2013년 9월 28일 10시,토요일,대구광역시 중구 대봉동,중상사고,0,1,0,0,차대사람 - 기타,안전운전불이행,건조,맑음,단일로 - 기타,승용,여,42세,상해없음,보행자,여,18세,중상
2013092800100220,2013년 9월 28일 10시,토요일,대구광역시 북구 동천동,중상사고,0,2,0,0,차대차 - 정면충돌,신호위반,건조,맑음,교차로 - 교차로안,화물,여,44세,중상,승용,여,34세,중상
2013092800100246,2013년 9월 28일 11시,토요일,대구광역시 북구 태전동,경상사고,0,0,1,0,차대차 - 추돌 - 진행중,안전운전불이행,건조,맑음,단일로 - 기타,승용,남,32세,상해없음,자전거,여,65세,경상
2013092800100290,2013년 9월 28일 13시,토요일,대구광역시 동구 방촌동,부상신고사고,0,0,0,1,차대차 - 기타,교차로운행방법위반,건조,맑음,교차로 - 교차로안,승용,여,49세,상해없음,자전거,남,94세,부상신고
2013092800100315,2013년 9월 28일 14시,토요일,대구광역시 동구 효목동,중상사고,0,1,0,0,차대사람 - 기타,보행자보호의무위반,건조,맑음,단일로 - 횡단보도상,승합,남,53세,상해없음,보행자,여,81세,중상
2013092800100316,2013년 9월 28일 14시,토요일,대구광역시 달서구 상인동,경상사고,0,0,1,0,차대차 - 추돌 - 진행중,안전운전불이행,건조,맑음,단일로 - 기타,승용,남,43세,상해없음,승용,여,57세,경상
2013092800100343,2013년 9월 28일 15시,토요일,대구광역시 동구 신천동,경상사고,0,0,1,0,차대차 - 기타,안전운전불이행,건조,맑음,단일로 - 기타,승용,남,61세,상해없음,승용,남,65세,경상
2013092800100374,2013년 9월 28일 16시,토요일,대구광역시 수성구 수성동4가,중상사고,0,1,0,0,차대차 - 측면직각충돌,안전운전불이행,건조,맑음,단일로 - 기타,승용,남,23세,상해없음,이륜,남,26세,중상
2013092800100375,2013년 9월 28일 16시,토요일,대구광역시 달서구 상인동,경상사고,0,0,2,1,차대차 - 추돌 - 주정차중,안전운전불이행,건조,맑음,단일로 - 기타,승용,여,48세,부상신고,승용,여,54세,기타불명
2013092800100376,2013년 9월 28일 16시,토요일,대구광역시 중구 북성로1가,중상사고,0,1,0,0,차대사람 - 기타,안전운전불이행,건조,맑음,단일로 - 기타,화물,남,51세,상해없음,보행자,남,61세,중상
2013092800100415,2013년 9월 28일 17시,토요일,대구광역시 달서구 대곡동,경상사고,0,0,1,0,차량단독 - 공작물충돌,안전운전불이행,건조,맑음,단일로 - 기타,승용,남,67세,경상,,,,
2013092800100416,2013년 9월 28일 17시,토요일,대구광역시 달서구 본동,경상사고,0,0,1,1,차대차 - 측면직각충돌,차로위반,건조,맑음,단일로 - 기타,승용,남,59세,상해없음,승용,남,36세,부상신고
2013092800100417,2013년 9월 28일 17시,토요일,대구광역시 달서구 두류동,경상사고,0,0,1,0,차대사람 - 차도통행중,안전운전불이행,건조,맑음,교차로 - 교차로부근,승용,남,29세,상해없음,보행자,남,77세,경상
2013092800100471,2013년 9월 28일 18시,토요일,대구광역시 수성구 노변동,중상사고,0,1,0,0,차대차 - 기타,안전운전불이행,건조,맑음,기타 - 기타,승용,여,62세,상해없음,승용,남,27세,중상
2013092800100472,2013년 9월 28일 18시,토요일,대구광역시 달성군 유가면,경상사고,0,0,1,0,차대차 - 측면직각충돌,안전운전불이행,건조,맑음,교차로 - 교차로안,건설기계,남,58세,상해없음,화물,남,35세,경상
2013092800100473,2013년 9월 28일 18시,토요일,대구광역시 달서구 감삼동,경상사고,0,0,4,0,차대차 - 추돌 - 주정차중,안전운전불이행,건조,흐림,단일로 - 기타,승용,남,41세,기타불명,승용,남,46세,경상
2013092800100531,2013년 9월 28일 19시,토요일,대구광역시 달서구 월성동,경상사고,0,0,3,0,차대차 - 추돌 - 주정차중,안전거리미확보,습기,비,단일로 - 기타,승용,남,29세,상해없음,승용,남,40세,경상
2013092800100532,2013년 9월 28일 19시,토요일,대구광역시 달서구 월성동,경상사고,0,0,1,0,차대차 - 측면직각충돌,안전운전불이행,습기,비,교차로 - 교차로안,승용,남,45세,상해없음,자전거,남,15세,경상
2013092800100533,2013년 9월 28일 19시,토요일,대구광역시 중구 대신동,경상사고,0,0,1,0,차대사람 - 횡단중,안전운전불이행,습기,비,단일로 - 기타,이륜,남,17세,상해없음,보행자,남,71세,경상
2013092800100565,2013년 9월 28일 20시,토요일,대구광역시 동구 방촌동,경상사고,0,0,4,0,차대차 - 추돌 - 진행중,안전거리미확보,건조,맑음,단일로 - 기타,화물,남,43세,상해없음,승용,남,38세,경상
2013092800100566,2013년 9월 28일 20시,토요일,대구광역시 수성구 황금동,경상사고,0,0,1,0,차대차 - 측면직각충돌,안전운전불이행,습기,비,단일로 - 기타,승용,남,63세,상해없음,원동기,남,35세,경상
2013092800100567,2013년 9월 28일 20시,토요일,대구광역시 수성구 두산동,경상사고,0,0,4,0,차대차 - 측면직각충돌,안전운전불이행,건조,맑음,단일로 - 기타,승용,여,50세,상해없음,승용,남,19세,경상
2013092800100568,2013년 9월 28일 20시,토요일,대구광역시 북구 동천동,중상사고,0,1,0,0,차대차 - 측면직각충돌,신호위반,습기,비,교차로 - 교차로안,이륜,남,60세,중상,승용,여,42세,상해없음
2013092800100623,2013년 9월 28일 21시,토요일,대구광역시 동구 효목동,경상사고,0,0,1,0,차량단독 - 기타,안전운전불이행,건조,맑음,단일로 - 기타,승용,남,50세,상해없음,,,,
2013092800100624,2013년 9월 28일 21시,토요일,대구광역시 북구 복현동,경상사고,0,0,1,0,차대차 - 기타,안전운전불이행,습기,비,교차로 - 교차로부근,승용,여,44세,상해없음,이륜,남,19세,경상
2013092800100625,2013년 9월 28일 21시,토요일,대구광역시 달서구 호산동,경상사고,0,0,1,0,차대차 - 기타,안전운전불이행,습기,비,단일로 - 기타,승용,남,49세,상해없음,승용,여,22세,경상
2013092800100626,2013년 9월 28일 21시,토요일,대구광역시 북구 동천동,중상사고,0,1,0,0,차대차 - 기타,교차로운행방법위반,습기,비,교차로 - 교차로안,승용,남,44세,상해없음,이륜,남,21세,중상
2013092800100661,2013년 9월 28일 22시,토요일,대구광역시 동구 입석동,중상사고,0,1,0,0,차대사람 - 횡단중,안전운전불이행,건조,맑음,단일로 - 기타,승용,남,65세,상해없음,보행자,남,59세,중상
2013092800100662,2013년 9월 28일 22시,토요일,대구광역시 수성구 만촌동,중상사고,0,1,0,0,차대차 - 추돌 - 주정차중,안전운전불이행,건조,맑음,단일로 - 기타,원동기,남,25세,중상,승합,남,62세,상해없음
2013092800100663,2013년 9월 28일 22시,토요일,대구광역시 달성군 화원읍,경상사고,0,0,1,0,차대사람 - 횡단중,안전운전불이행,습기,비,단일로 - 기타,승용,남,40세,상해없음,보행자,남,22세,경상
2013092800100664,2013년 9월 28일 22시,토요일,대구광역시 북구 동천동,중상사고,0,1,0,0,차대차 - 측면직각충돌,안전운전불이행,습기,비,기타 - 기타,이륜,남,44세,중상,승용,남,40세,상해없음
2013092800100698,2013년 9월 28일 23시,토요일,대구광역시 북구 침산동,경상사고,0,0,1,0,차대차 - 기타,불법유턴,적설,흐림,교차로 - 교차로부근,승용,남,65세,상해없음,원동기,남,16세,경상
2013092900100028,2013년 9월 29일 00시,일요일,대구광역시 북구 복현동,경상사고,0,0,2,0,차대차 - 측면직각충돌,안전운전불이행,습기,비,단일로 - 기타,승용,남,22세,상해없음,승용,남,52세,경상
2013092900100029,2013년 9월 29일 00시,일요일,대구광역시 중구 삼덕동1가,경상사고,0,0,3,0,차대차 - 추돌 - 진행중,안전운전불이행,습기,비,단일로 - 기타,승용,남,60세,상해없음,승용,남,30세,경상
2013092900100060,2013년 9월 29일 01시,일요일,대구광역시 북구 서변동,중상사고,0,1,1,0,차대차 - 측면직각충돌,신호위반,습기,비,교차로 - 교차로안,승용,남,46세,경상,화물,남,40세,중상
2013092900100093,2013년 9월 29일 02시,일요일,대구광역시 수성구 수성동2가,경상사고,0,0,3,0,차대차 - 기타,안전운전불이행,건조,맑음,교차로 - 교차로부근,승용,남,29세,상해없음,승용,남,52세,경상
2013092900100132,2013년 9월 29일 04시,일요일,대구광역시 달서구 두류동,경상사고,0,0,1,0,차대사람 - 기타,안전운전불이행,건조,맑음,단일로 - 기타,승용,남,30세,상해없음,보행자,남,43세,경상
2013092900100151,2013년 9월 29일 05시,일요일,대구광역시 달서구 본리동,경상사고,0,0,1,0,차대차 - 기타,안전거리미확보,건조,맑음,기타 - 기타,승용,남,26세,상해없음,승용,여,29세,경상
2013092900100165,2013년 9월 29일 06시,일요일,대구광역시 북구 태전동,경상사고,0,0,1,0,차대차 - 추돌 - 주정차중,안전운전불이행,건조,맑음,단일로 - 기타,승용,여,55세,기타불명,승용,남,19세,경상
2013092900100194,2013년 9월 29일 08시,일요일,대구광역시 달서구 감삼동,중상사고,0,1,0,0,차대차 - 측면직각충돌,안전운전불이행,습기,흐림,교차로 - 교차로부근,승용,남,53세,상해없음,이륜,남,74세,중상
2013092900100267,2013년 9월 29일 12시,일요일,대구광역시 남구 대명동,부상신고사고,0,0,0,1,차대차 - 측면직각충돌,교차로운행방법위반,건조,맑음,교차로 - 교차로안,승용,남,47세,상해없음,이륜,남,17세,부상신고
2013092900100289,2013년 9월 29일 13시,일요일,대구광역시 동구 검사동,중상사고,0,1,0,0,차대차 - 기타,안전거리미확보,습기,비,단일로 - 기타,승합,남,44세,상해없음,원동기,남,68세,중상
2013092900100290,2013년 9월 29일 13시,일요일,대구광역시 동구 신천동,경상사고,0,0,1,0,차대차 - 기타,안전운전불이행,습기,비,단일로 - 기타,승용,남,60세,경상,승용,남,46세,상해없음
2013092900100322,2013년 9월 29일 14시,일요일,대구광역시 수성구 황금동,부상신고사고,0,0,0,1,차대차 - 기타,안전운전불이행,습기,비,교차로 - 교차로안,이륜,남,18세,부상신고,승용,남,39세,상해없음
2013092900100323,2013년 9월 29일 14시,일요일,대구광역시 서구 중리동,경상사고,0,0,1,0,차대차 - 측면직각충돌,신호위반,습기,비,교차로 - 교차로안,승용,여,50세,상해없음,승용,남,51세,경상
2013092900100324,2013년 9월 29일 14시,일요일,대구광역시 달서구 본리동,경상사고,0,0,2,0,차대차 - 측면직각충돌,안전운전불이행,습기,비,단일로 - 기타,승용,남,28세,상해없음,승용,여,44세,경상
2013092900100352,2013년 9월 29일 15시,일요일,대구광역시 동구 신암동,경상사고,0,0,1,0,차대사람 - 기타,안전운전불이행,건조,맑음,단일로 - 기타,화물,남,40세,상해없음,보행자,남,10세,경상
2013092900100375,2013년 9월 29일 16시,일요일,대구광역시 중구 남산동,경상사고,0,0,1,0,차대차 - 기타,안전운전불이행,습기,비,교차로 - 교차로부근,기타불명,기타불명,기타불명,기타불명,승용,남,32세,상해없음
2013092900100376,2013년 9월 29일 16시,일요일,대구광역시 북구 금호동,부상신고사고,0,0,0,1,차량단독 - 공작물충돌,안전운전불이행,습기,비,단일로 - 기타,화물,남,47세,상해없음,,,,
2013092900100403,2013년 9월 29일 17시,일요일,대구광역시 달성군 화원읍,경상사고,0,0,1,0,차량단독 - 기타,기타,습기,흐림,단일로 - 기타,승합,남,60세,상해없음,,,,
2013092900100404,2013년 9월 29일 17시,일요일,대구광역시 서구 내당동,경상사고,0,0,1,0,차대차 - 추돌 - 진행중,안전운전불이행,건조,맑음,교차로 - 교차로안,승용,남,41세,상해없음,이륜,남,30세,경상
2013092900100441,2013년 9월 29일 18시,일요일,대구광역시 동구 효목동,경상사고,0,0,1,0,차대사람 - 기타,안전운전불이행,습기,비,단일로 - 기타,승용,여,45세,상해없음,보행자,남,57세,경상
2013092900100442,2013년 9월 29일 18시,일요일,대구광역시 동구 신암동,중상사고,0,2,0,0,차대차 - 추돌 - 주정차중,안전거리미확보,습기,비,단일로 - 기타,승용,남,29세,상해없음,승용,남,33세,중상
2013092900100480,2013년 9월 29일 19시,일요일,대구광역시 동구 불로동,경상사고,0,0,1,0,차대차 - 측면직각충돌,안전운전불이행,습기,비,단일로 - 기타,승용,남,44세,상해없음,승용,남,26세,경상
2013092900100489,2013년 9월 29일 19시,일요일,대구광역시 달서구 용산동,경상사고,0,0,2,0,차대차 - 기타,중앙선침범,습기,비,단일로 - 기타,승용,여,49세,상해없음,화물,남,47세,경상
2013092900100523,2013년 9월 29일 20시,일요일,대구광역시 동구 입석동,경상사고,0,0,1,0,차대사람 - 횡단중,안전운전불이행,습기,비,단일로 - 기타,승용,남,28세,상해없음,보행자,남,79세,경상
2013092900100524,2013년 9월 29일 20시,일요일,대구광역시 달서구 용산동,부상신고사고,0,0,0,1,차대차 - 기타,안전거리미확보,건조,맑음,단일로 - 기타,승용,기타불명,기타불명,기타불명,이륜,남,18세,부상신고
2013092900100545,2013년 9월 29일 21시,일요일,대구광역시 동구 율하동,경상사고,0,0,2,0,차대차 - 추돌 - 진행중,교차로운행방법위반,건조,맑음,교차로 - 교차로부근,승용,남,32세,상해없음,승용,남,30세,경상
2013092900100546,2013년 9월 29일 21시,일요일,대구광역시 수성구 황금동,경상사고,0,0,1,0,차대차 - 추돌 - 진행중,안전운전불이행,습기,비,교차로 - 교차로부근,승용,남,43세,상해없음,승용,남,53세,경상
2013093000100022,2013년 9월 30일 01시,월요일,대구광역시 수성구 범어동,경상사고,0,0,1,0,차대차 - 측면직각충돌,신호위반,건조,맑음,교차로 - 교차로안,승용,남,57세,상해없음,승용,남,37세,경상
2013093000100033,2013년 9월 30일 05시,월요일,대구광역시 동구 신암동,경상사고,0,0,1,0,차대차 - 기타,안전운전불이행,습기,비,교차로 - 교차로부근,승용,남,71세,상해없음,승용,남,62세,경상
2013093000100049,2013년 9월 30일 06시,월요일,대구광역시 동구 신암동,중상사고,0,1,0,0,차대사람 - 기타,안전운전불이행,습기,비,단일로 - 횡단보도상,승용,남,45세,상해없음,보행자,여,77세,중상
2013093000100066,2013년 9월 30일 07시,월요일,대구광역시 동구 용계동,중상사고,0,2,0,0,차대차 - 정면충돌,중앙선침범,습기,비,단일로 - 기타,화물,남,26세,중상,승용,남,51세,중상
2013093000100067,2013년 9월 30일 07시,월요일,대구광역시 남구 대명동,경상사고,0,0,1,0,차대차 - 측면직각충돌,교차로운행방법위반,습기,비,교차로 - 교차로안,이륜,남,66세,경상,승용,남,52세,상해없음
2013093000100068,2013년 9월 30일 07시,월요일,대구광역시 달서구 대천동,중상사고,0,1,0,0,차대차 - 측면직각충돌,안전운전불이행,건조,맑음,단일로 - 기타,승용,여,50세,상해없음,원동기,남,53세,중상
2013093000100069,2013년 9월 30일 07시,월요일,대구광역시 북구 침산동,경상사고,0,0,2,0,차대차 - 기타,안전거리미확보,건조,맑음,단일로 - 기타,화물,남,43세,상해없음,승용,여,60세,경상
2013093000100123,2013년 9월 30일 08시,월요일,대구광역시 수성구 황금동,경상사고,0,0,2,0,차대차 - 기타,안전운전불이행,건조,맑음,단일로 - 기타,승용,남,49세,상해없음,승용,여,42세,경상
2013093000100124,2013년 9월 30일 08시,월요일,대구광역시 중구 태평로1가,경상사고,0,0,1,0,차대차 - 기타,안전거리미확보,건조,맑음,단일로 - 기타,승용,남,29세,상해없음,승용,여,33세,경상
2013093000100125,2013년 9월 30일 08시,월요일,대구광역시 북구 태전동,중상사고,0,1,0,0,차대차 - 측면직각충돌,안전운전불이행,건조,맑음,기타 - 기타,승용,여,23세,상해없음,자전거,남,31세,중상
2013093000100155,2013년 9월 30일 09시,월요일,대구광역시 남구 대명동,중상사고,0,1,2,0,차대차 - 추돌 - 주정차중,안전운전불이행,건조,맑음,단일로 - 기타,승용,남,42세,경상,승용,남,49세,중상
2013093000100156,2013년 9월 30일 09시,월요일,대구광역시 달성군 화원읍,경상사고,0,0,1,0,차대차 - 기타,신호위반,건조,맑음,교차로 - 교차로안,승용,남,55세,상해없음,승용,여,41세,경상
2013093000100175,2013년 9월 30일 10시,월요일,대구광역시 남구 대명동,중상사고,0,1,0,0,차대사람 - 기타,안전운전불이행,건조,맑음,교차로 - 교차로부근,승용,여,44세,상해없음,보행자,남,64세,중상
2013093000100176,2013년 9월 30일 10시,월요일,대구광역시 달서구 신당동,경상사고,0,0,1,0,차대사람 - 차도통행중,안전운전불이행,건조,맑음,교차로 - 교차로안,화물,남,44세,상해없음,보행자,여,78세,경상
2013093000100231,2013년 9월 30일 12시,월요일,대구광역시 달서구 송현동,중상사고,0,1,5,0,차대차 - 측면직각충돌,중앙선침범,건조,맑음,단일로 - 기타,승용,남,57세,중상,승용,남,23세,경상
2013093000100254,2013년 9월 30일 13시,월요일,대구광역시 달서구 상인동,사망사고,1,0,0,0,차대차 - 기타,불법유턴,건조,맑음,교차로 - 교차로부근,자전거,남,76세,사망,승용,여,38세,상해없음
2013093000100255,2013년 9월 30일 13시,월요일,대구광역시 달성군 현풍면,중상사고,0,1,0,0,차대차 - 측면직각충돌,안전운전불이행,건조,맑음,교차로 - 교차로안,건설기계,남,52세,상해없음,승합,남,55세,중상
2013093000100281,2013년 9월 30일 14시,월요일,대구광역시 북구 칠성동1가,중상사고,0,1,0,0,차대사람 - 기타,안전운전불이행,건조,맑음,기타 - 기타,화물,남,57세,상해없음,보행자,남,65세,중상
2013093000100309,2013년 9월 30일 15시,월요일,대구광역시 수성구 범물동,중상사고,0,1,0,0,차량단독 - 기타,안전운전불이행,건조,맑음,단일로 - 기타,승합,남,54세,상해없음,,,,
2013093000100310,2013년 9월 30일 15시,월요일,대구광역시 달서구 진천동,경상사고,0,0,1,0,차대차 - 측면직각충돌,안전운전불이행,건조,맑음,기타 - 기타,승용,남,53세,상해없음,승용,남,31세,경상
2013093000100311,2013년 9월 30일 15시,월요일,대구광역시 달서구 상인동,경상사고,0,0,1,0,차대차 - 측면직각충돌,차로위반,건조,맑음,교차로 - 교차로안,승용,남,36세,상해없음,이륜,남,39세,경상
2013093000100312,2013년 9월 30일 15시,월요일,대구광역시 달성군 다사읍,중상사고,0,1,1,0,차대차 - 기타,안전운전불이행,건조,맑음,단일로 - 기타,승용,남,47세,상해없음,승용,남,44세,경상
2013093000100338,2013년 9월 30일 16시,월요일,대구광역시 동구 신기동,중상사고,0,1,0,0,차대차 - 측면직각충돌,신호위반,건조,맑음,교차로 - 교차로안,화물,남,75세,상해없음,이륜,남,46세,중상
2013093000100339,2013년 9월 30일 16시,월요일,대구광역시 동구 방촌동,중상사고,0,1,0,0,차대차 - 기타,중앙선침범,건조,맑음,단일로 - 기타,승용,여,41세,상해없음,이륜,남,62세,중상
2013093000100340,2013년 9월 30일 16시,월요일,대구광역시 북구 칠성동1가,중상사고,0,1,0,0,차대사람 - 횡단중,안전운전불이행,건조,맑음,단일로 - 횡단보도상,승용,남,44세,상해없음,보행자,남,65세,중상
2013093000100341,2013년 9월 30일 16시,월요일,대구광역시 서구 이현동,경상사고,0,0,1,0,차대차 - 정면충돌,안전운전불이행,건조,맑음,단일로 - 기타,화물,남,44세,상해없음,화물,남,57세,경상
2013093000100379,2013년 9월 30일 17시,월요일,대구광역시 달서구 송현동,경상사고,0,0,1,0,차대차 - 측면직각충돌,안전운전불이행,건조,맑음,교차로 - 교차로안,화물,남,54세,상해없음,승용,여,33세,경상
2013093000100380,2013년 9월 30일 17시,월요일,대구광역시 북구 침산동,중상사고,0,1,0,0,차대차 - 측면직각충돌,신호위반,건조,맑음,교차로 - 교차로안,화물,남,43세,상해없음,원동기,남,71세,중상
2013093000100465,2013년 9월 30일 19시,월요일,대구광역시 달서구 진천동,경상사고,0,0,1,0,차대차 - 기타,차로위반,건조,맑음,교차로 - 교차로부근,승용,남,28세,상해없음,원동기,남,30세,경상
2013093000100466,2013년 9월 30일 19시,월요일,대구광역시 북구 칠성동1가,중상사고,0,1,1,0,차대차 - 기타,차로위반,건조,맑음,교차로 - 교차로부근,승용,남,43세,중상,승용,여,42세,경상
2013093000100503,2013년 9월 30일 20시,월요일,대구광역시 달서구 진천동,경상사고,0,0,1,0,차대차 - 기타,신호위반,건조,맑음,교차로 - 교차로안,자전거,남,14세,경상,승용,남,62세,상해없음
2013093000100504,2013년 9월 30일 20시,월요일,대구광역시 서구 평리동,중상사고,0,1,0,0,차대차 - 기타,안전운전불이행,건조,맑음,단일로 - 기타,승용,남,58세,상해없음,자전거,남,48세,중상
2013093000100505,2013년 9월 30일 20시,월요일,대구광역시 중구 교동,경상사고,0,0,1,0,차대사람 - 기타,안전운전불이행,건조,맑음,단일로 - 기타,승용,남,41세,상해없음,보행자,남,65세,경상
2013093000100525,2013년 9월 30일 21시,월요일,대구광역시 수성구 노변동,중상사고,0,1,0,0,차대사람 - 횡단중,보행자보호의무위반,건조,맑음,단일로 - 기타,승용,여,44세,기타불명,보행자,남,56세,중상
2013093000100526,2013년 9월 30일 21시,월요일,대구광역시 달서구 두류동,경상사고,0,0,3,0,차대차 - 추돌 - 진행중,안전거리미확보,건조,맑음,단일로 - 기타,승용,남,47세,상해없음,승용,남,36세,경상
2013093000100576,2013년 9월 30일 23시,월요일,대구광역시 달서구 진천동,경상사고,0,0,2,0,차대차 - 기타,차로위반,건조,맑음,단일로 - 기타,이륜,남,18세,경상,이륜,남,16세,경상
2013100100100017,2013년 10월 1일 00시,화요일,대구광역시 달성군 논공읍,중상사고,0,1,0,0,차량단독 - 공작물충돌,안전운전불이행,건조,맑음,단일로 - 기타,이륜,남,28세,중상,,,,
2013100100100029,2013년 10월 1일 01시,화요일,대구광역시 수성구 황금동,중상사고,0,1,1,0,차대차 - 기타,신호위반,습기,비,교차로 - 교차로안,승용,여,46세,상해없음,승용,남,62세,중상
2013100100100034,2013년 10월 1일 02시,화요일,대구광역시 수성구 범어동,중상사고,0,1,1,0,차대차 - 측면직각충돌,과속,건조,맑음,교차로 - 교차로안,승용,남,38세,상해없음,이륜,남,16세,경상
2013100100100041,2013년 10월 1일 03시,화요일,대구광역시 수성구 중동,중상사고,0,1,0,0,차대차 - 기타,안전운전불이행,건조,맑음,교차로 - 교차로안,승용,남,48세,상해없음,승용,남,24세,중상
2013100100100051,2013년 10월 1일 04시,화요일,대구광역시 동구 신기동,경상사고,0,0,2,0,차대차 - 기타,안전운전불이행,건조,맑음,단일로 - 기타,화물,남,60세,상해없음,승용,여,56세,경상
2013100100100052,2013년 10월 1일 04시,화요일,대구광역시 달서구 신당동,중상사고,0,1,1,0,차대차 - 측면직각충돌,안전운전불이행,건조,맑음,단일로 - 기타,승용,남,49세,상해없음,이륜,남,18세,경상