사고번호,사고일시,요일,시군구,사고내용,사망자수,중상자수,경상자수,부상신고자수,사고유형,법규위반,노면상태,기상상태,도로형태,가해운전자 차종,가해운전자 성별,가해운전자 연령,가해운전자 상해정도,피해운전자 차종,피해운전자 성별,피해운전자 연령,피해운전자 상해정도
2013100100100066,2013년 10월 1일 05시,화요일,대구광역시 달서구 신당동,부상신고사고,0,0,0,1,차대차 - 기타,안전운전불이행,건조,맑음,단일로 - 기타,승용,남,41세,상해없음,자전거,남,19세,부상신고
2013100100100151,2013년 10월 1일 08시,화요일,대구광역시 수성구 지산동,경상사고,0,0,1,0,차대사람 - 횡단중,안전운전불이행,건조,맑음,교차로 - 교차로안,승용,남,35세,상해없음,보행자,여,33세,경상
2013100100100180,2013년 10월 1일 09시,화요일,대구광역시 수성구 수성동4가,경상사고,0,0,1,0,차대차 - 추돌 - 주정차중,안전거리미확보,건조,맑음,단일로 - 기타,원동기,남,24세,상해없음,승용,남,36세,경상
2013100100100181,2013년 10월 1일 09시,화요일,대구광역시 수성구 지산동,경상사고,0,0,1,0,차대차 - 측면직각충돌,안전운전불이행,건조,맑음,단일로 - 기타,자전거,여,45세,경상,승용,남,59세,상해없음
2013100100100182,2013년 10월 1일 09시,화요일,대구광역시 북구 대현동,경상사고,0,0,1,0,차대차 - 추돌 - 진행중,안전운전불이행,건조,맑음,교차로 - 교차로부근,승용,남,79세,상해없음,승용,여,42세,경상
2013100100100183,2013년 10월 1일 09시,화요일,대구광역시 북구 노원동3가,중상사고,0,1,3,0,차대차 - 추돌 - 진행중,안전운전불이행,건조,맑음,단일로 - 기타,화물,기타불명,기타불명,기타불명,승용,남,54세,상해없음
2013100100100184,2013년 10월 1일 09시,화요일,대구광역시 서구 내당동,경상사고,0,0,1,0,차대사람 - 횡단중,보행자보호의무위반,건조,맑음,교차로 - 교차로부근,승용,남,61세,상해없음,보행자,여,81세,경상
2013100100100260,2013년 10월 1일 12시,화요일,대구광역시 달서구 이곡동,경상사고,0,0,1,0,차대차 - 기타,신호위반,건조,맑음,교차로 - 교차로안,이륜,남,22세,경상,승용,남,49세,상해없음
2013100100100321,2013년 10월 1일 14시,화요일,대구광역시 수성구 중동,경상사고,0,0,1,0,차량단독 - 기타,안전운전불이행,건조,맑음,단일로 - 기타,승합,남,51세,상해없음,,,,
2013100100100356,2013년 10월 1일 15시,화요일,대구광역시 달서구 월성동,경상사고,0,0,1,0,차대차 - 기타,안전운전불이행,건조,맑음,교차로 - 교차로안,승용,여,55세,상해없음,승용,여,45세,경상
2013100100100357,2013년 10월 1일 15시,화요일,대구광역시 달서구 신당동,경상사고,0,0,1,0,차대사람 - 기타,안전운전불이행,건조,맑음,단일로 - 횡단보도부근,승용,남,70세,상해없음,보행자,남,53세,경상
2013100100100382,2013년 10월 1일 16시,화요일,대구광역시 동구 신암동,경상사고,0,0,2,0,차대차 - 기타,교차로운행방법위반,건조,맑음,교차로 - 교차로안,승용,여,53세,경상,승합,여,40세,경상
2013100100100383,2013년 10월 1일 16시,화요일,대구광역시 달서구 진천동,중상사고,0,2,1,0,차대사람 - 기타,안전운전불이행,건조,맑음,단일로 - 기타,승용,남,80세,상해없음,보행자,여,34세,중상
2013100100100467,2013년 10월 1일 18시,화요일,대구광역시 달서구 월성동,경상사고,0,0,1,0,차대차 - 기타,안전거리미확보,건조,맑음,단일로 - 기타,화물,남,53세,상해없음,화물,남,57세,경상
2013100100100508,2013년 10월 1일 19시,화요일,대구광역시 달서구 대천동,경상사고,0,0,2,0,차대차 - 기타,중앙선침범,건조,맑음,단일로 - 기타,승용,여,29세,상해없음,이륜,남,38세,경상
2013100100100509,2013년 10월 1일 19시,화요일,대구광역시 북구 칠성동1가,경상사고,0,0,1,0,차대차 - 추돌 - 주정차중,안전운전불이행,건조,맑음,단일로 - 횡단보도상,승용,남,59세,상해없음,자전거,여,18세,경상
2013100100100510,2013년 10월 1일 19시,화요일,대구광역시 북구 복현동,경상사고,0,0,1,0,차대차 - 추돌 - 주정차중,안전운전불이행,건조,맑음,단일로 - 기타,승용,남,39세,상해없음,승용,남,51세,경상
2013100100100511,2013년 10월 1일 19시,화요일,대구광역시 북구 매천동,경상사고,0,0,3,0,차대차 - 추돌 - 주정차중,안전거리미확보,건조,맑음,단일로 - 기타,승용,여,23세,상해없음,승용,남,51세,경상
2013100100100546,2013년 10월 1일 20시,화요일,대구광역시 동구 효목동,경상사고,0,0,1,0,차대사람 - 길가장자리구역통행중,안전운전불이행,건조,맑음,단일로 - 기타,승용,남,34세,상해없음,보행자,남,38세,경상
2013100100100547,2013년 10월 1일 20시,화요일,대구광역시 달성군 다사읍,경상사고,0,0,2,0,차대차 - 기타,중앙선침범,건조,맑음,단일로 - 기타,승용,남,46세,상해없음,승용,남,32세,경상
2013100100100548,2013년 10월 1일 20시,화요일,대구광역시 북구 태전동,경상사고,0,0,1,0,차량단독 - 기타,안전운전불이행,건조,맑음,단일로 - 기타,승용,남,56세,상해없음,,,,
2013100100100623,2013년 10월 1일 23시,화요일,대구광역시 달서구 이곡동,경상사고,0,0,1,0,차대차 - 측면직각충돌,안전운전불이행,건조,맑음,단일로 - 횡단보도상,승용,남,62세,상해없음,자전거,남,28세,경상
2013100200100028,2013년 10월 2일 01시,수요일,대구광역시 수성구 수성동2가,중상사고,0,1,0,0,차대사람 - 횡단중,보행자보호의무위반,건조,맑음,단일로 - 기타,승용,남,33세,상해없음,보행자,남,38세,중상
2013100200100064,2013년 10월 2일 06시,수요일,대구광역시 동구 효목동,중상사고,0,2,0,0,차대차 - 측면직각충돌,안전운전불이행,습기,비,단일로 - 기타,화물,남,51세,중상,승용,남,67세,중상
2013100200100065,2013년 10월 2일 06시,수요일,대구광역시 수성구 범어동,경상사고,0,0,1,0,차대차 - 기타,안전운전불이행,습기,비,단일로 - 기타,승용,여,57세,상해없음,승용,남,47세,경상
2013100200100090,2013년 10월 2일 07시,수요일,대구광역시 서구 비산동,중상사고,0,1,0,0,차대차 - 측면직각충돌,교차로운행방법위반,건조,맑음,교차로 - 교차로안,승용,남,53세,상해없음,이륜,남,69세,중상
2013100200100091,2013년 10월 2일 07시,수요일,대구광역시 달서구 두류동,경상사고,0,0,1,0,차대차 - 측면직각충돌,안전운전불이행,습기,비,교차로 - 교차로부근,화물,남,51세,상해없음,승용,남,51세,경상
2013100200100092,2013년 10월 2일 07시,수요일,대구광역시 달서구 성당동,경상사고,0,0,1,0,차대차 - 측면직각충돌,신호위반,건조,맑음,교차로 - 교차로안,승용,남,55세,상해없음,승용,남,24세,경상
2013100200100109,2013년 10월 2일 08시,수요일,대구광역시 동구 지묘동,중상사고,0,1,0,0,차대차 - 기타,안전운전불이행,습기,비,교차로 - 교차로안,승용,남,75세,상해없음,자전거,남,78세,중상
2013100200100110,2013년 10월 2일 08시,수요일,대구광역시 달서구 죽전동,경상사고,0,0,1,0,차대차 - 기타,차로위반,건조,맑음,단일로 - 기타,승용,기타불명,기타불명,기타불명,기타불명,기타불명,기타불명,기타불명
2013100200100142,2013년 10월 2일 09시,수요일,대구광역시 서구 비산동,경상사고,0,0,1,0,차대사람 - 횡단중,보행자보호의무위반,습기,흐림,단일로 - 횡단보도상,승용,남,71세,상해없음,보행자,남,47세,경상
2013100200100165,2013년 10월 2일 10시,수요일,대구광역시 수성구 범어동,중상사고,0,1,0,0,차대차 - 기타,기타,건조,흐림,단일로 - 기타,승용,남,71세,상해없음,이륜,남,28세,중상
2013100200100190,2013년 10월 2일 11시,수요일,대구광역시 동구 율하동,중상사고,0,1,0,0,차대사람 - 기타,기타,건조,맑음,단일로 - 기타,승합,남,50세,기타불명,보행자,여,38세,중상
2013100200100191,2013년 10월 2일 11시,수요일,대구광역시 달서구 상인동,경상사고,0,0,1,1,차대차 - 기타,교차로운행방법위반,건조,맑음,교차로 - 교차로안,특수,남,33세,상해없음,승용,여,39세,경상
2013100200100192,2013년 10월 2일 11시,수요일,대구광역시 달성군 가창면,경상사고,0,0,1,0,차대차 - 기타,안전거리미확보,건조,맑음,단일로 - 기타,건설기계,남,47세,상해없음,승용,여,45세,경상
2013100200100193,2013년 10월 2일 11시,수요일,대구광역시 서구 내당동,경상사고,0,0,1,0,차대차 - 측면직각충돌,신호위반,건조,맑음,교차로 - 교차로안,승용,남,63세,상해없음,이륜,남,20세,경상
2013100200100194,2013년 10월 2일 11시,수요일,대구광역시 서구 이현동,경상사고,0,0,3,0,차대차 - 측면직각충돌,안전거리미확보,건조,맑음,단일로 - 기타,승용,남,39세,경상,승용,남,38세,경상
2013100200100195,2013년 10월 2일 11시,수요일,대구광역시 중구 달성동,경상사고,0,0,1,0,차대차 - 기타,안전운전불이행,건조,맑음,단일로 - 기타,승용,남,50세,상해없음,이륜,남,52세,경상
2013100200100217,2013년 10월 2일 12시,수요일,대구광역시 북구 매천동,경상사고,0,0,1,0,차대차 - 정면충돌,안전거리미확보,건조,맑음,단일로 - 기타,화물,남,59세,경상,승용,남,71세,상해없음
2013100200100280,2013년 10월 2일 14시,수요일,대구광역시 수성구 범어동,경상사고,0,0,1,0,차대차 - 측면직각충돌,안전운전불이행,건조,맑음,교차로 - 교차로부근,승용,남,51세,상해없음,승용,남,36세,경상
2013100200100281,2013년 10월 2일 14시,수요일,대구광역시 달서구 송현동,경상사고,0,0,1,0,차대사람 - 기타,안전운전불이행,건조,맑음,단일로 - 기타,승용,기타불명,기타불명,기타불명,보행자,여,55세,경상
2013100200100282,2013년 10월 2일 14시,수요일,대구광역시 북구 대현동,경상사고,0,0,1,0,차대차 - 측면직각충돌,안전운전불이행,건조,맑음,교차로 - 교차로부근,승용,남,44세,상해없음,자전거,여,51세,경상
2013100200100315,2013년 10월 2일 15시,수요일,대구광역시 동구 신천동,경상사고,0,0,1,0,차대차 - 기타,교차로운행방법위반,건조,맑음,교차로 - 교차로부근,승용,여,43세,상해없음,이륜,남,19세,경상
2013100200100347,2013년 10월 2일 16시,수요일,대구광역시 서구 내당동,부상신고사고,0,0,0,1,차대차 - 기타,신호위반,건조,맑음,교차로 - 교차로안,이륜,남,52세,부상신고,승합,남,54세,상해없음
2013100200100392,2013년 10월 2일 17시,수요일,대구광역시 수성구 상동,중상사고,0,1,0,0,차대차 - 측면직각충돌,안전운전불이행,건조,맑음,단일로 - 기타,승용,여,60세,상해없음,자전거,여,60세,중상
2013100200100393,2013년 10월 2일 17시,수요일,대구광역시 달서구 월성동,중상사고,0,2,0,0,차대차 - 측면직각충돌,신호위반,건조,맑음,교차로 - 교차로안,승합,남,51세,상해없음,승용,남,40세,중상
2013100200100394,2013년 10월 2일 17시,수요일,대구광역시 서구 비산동,중상사고,0,1,0,0,차대사람 - 횡단중,보행자보호의무위반,건조,맑음,교차로 - 교차로안,화물,여,46세,상해없음,보행자,남,57세,중상
2013100200100395,2013년 10월 2일 17시,수요일,대구광역시 서구 평리동,부상신고사고,0,0,0,1,차대차 - 추돌 - 진행중,안전거리미확보,건조,맑음,단일로 - 기타,이륜,남,37세,부상신고,승용,남,50세,상해없음
2013100200100396,2013년 10월 2일 17시,수요일,대구광역시 달서구 감삼동,경상사고,0,0,1,0,차대차 - 추돌 - 진행중,교차로운행방법위반,건조,맑음,교차로 - 교차로안,화물,남,50세,상해없음,승용,남,57세,경상
2013100200100443,2013년 10월 2일 18시,수요일,대구광역시 달서구 본동,중상사고,0,1,2,0,차대차 - 추돌 - 진행중,안전운전불이행,건조,맑음,단일로 - 기타,승용,남,57세,상해없음,승용,여,35세,중상
2013100200100444,2013년 10월 2일 18시,수요일,대구광역시 달성군 화원읍,중상사고,0,1,0,0,차대차 - 측면직각충돌,안전운전불이행,건조,맑음,교차로 - 교차로부근,이륜,남,18세,상해없음,자전거,남,9세,중상
2013100200100445,2013년 10월 2일 18시,수요일,대구광역시 북구 칠성동1가,경상사고,0,0,3,0,차대차 - 추돌 - 주정차중,안전거리미확보,건조,맑음,단일로 - 기타,승용,남,56세,상해없음,승용,남,46세,경상
2013100200100446,2013년 10월 2일 18시,수요일,대구광역시 북구 노원동1가,부상신고사고,0,0,0,1,차량단독 - 전도전복,안전운전불이행,건조,맑음,단일로 - 기타,이륜,여,55세,부상신고,,,,
2013100200100447,2013년 10월 2일 18시,수요일,대구광역시 서구 내당동,중상사고,0,1,0,0,차대사람 - 횡단중,보행자보호의무위반,건조,맑음,단일로 - 횡단보도상,승용,여,37세,상해없음,보행자,남,54세,중상
2013100200100498,2013년 10월 2일 19시,수요일,대구광역시 동구 효목동,중상사고,0,1,0,0,차대사람 - 기타,안전운전불이행,건조,맑음,교차로 - 교차로안,승용,남,42세,상해없음,보행자,여,58세,중상
2013100200100499,2013년 10월 2일 19시,수요일,대구광역시 북구 칠성동2가,경상사고,0,0,1,0,차대차 - 추돌 - 진행중,안전운전불이행,습기,흐림,미분류 - 미분류,승용,여,28세,상해없음,승용,남,65세,상해없음
2013100200100500,2013년 10월 2일 19시,수요일,대구광역시 중구 공평동,중상사고,0,1,0,0,차대차 - 측면직각충돌,안전운전불이행,건조,맑음,단일로 - 기타,이륜,남,20세,중상,승용,남,57세,상해없음
2013100200100535,2013년 10월 2일 20시,수요일,대구광역시 북구 산격동,경상사고,0,0,1,0,차대차 - 기타,차로위반,건조,맑음,교차로 - 교차로안,승용,남,56세,상해없음,승용,남,26세,상해없음
2013100200100564,2013년 10월 2일 21시,수요일,대구광역시 달서구 용산동,경상사고,0,0,3,0,차대사람 - 기타,안전운전불이행,건조,맑음,교차로 - 교차로안,승용,남,55세,상해없음,보행자,남,43세,경상
2013100200100598,2013년 10월 2일 22시,수요일,대구광역시 동구 신암동,경상사고,0,0,1,0,차대차 - 추돌 - 진행중,안전운전불이행,건조,맑음,단일로 - 기타,승용,남,54세,상해없음,승용,남,26세,경상
2013100200100626,2013년 10월 2일 23시,수요일,대구광역시 서구 내당동,중상사고,0,1,0,0,차대차 - 측면직각충돌,차로위반,건조,맑음,단일로 - 기타,승용,남,66세,상해없음,이륜,남,16세,중상
2013100200100627,2013년 10월 2일 23시,수요일,대구광역시 서구 원대동3가,경상사고,0,0,3,0,차대차 - 추돌 - 주정차중,안전운전불이행,건조,맑음,단일로 - 기타,승용,남,43세,상해없음,승용,남,47세,경상
2013100200100628,2013년 10월 2일 23시,수요일,대구광역시 달서구 감삼동,부상신고사고,0,0,0,1,차대차 - 기타,안전운전불이행,건조,맑음,단일로 - 기타,원동기,남,47세,부상신고,승용,남,30세,상해없음
2013100300100047,2013년 10월 3일 01시,목요일,대구광역시 서구 내당동,경상사고,0,0,1,0,차대사람 - 기타,안전운전불이행,건조,맑음,교차로 - 교차로부근,승용,남,22세,상해없음,보행자,남,32세,경상
2013100300100048,2013년 10월 3일 01시,목요일,대구광역시 서구 평리동,중상사고,0,1,2,0,차대차 - 측면직각충돌,신호위반,건조,맑음,교차로 - 교차로부근,승용,남,45세,상해없음,승용,남,46세,중상
2013100300100083,2013년 10월 3일 03시,목요일,대구광역시 달서구 송현동,경상사고,0,0,2,0,차대차 - 추돌 - 진행중,안전거리미확보,건조,맑음,단일로 - 기타,승용,남,25세,상해없음,승용,남,26세,경상
2013100300100084,2013년 10월 3일 03시,목요일,대구광역시 달서구 본리동,경상사고,0,0,5,0,차대차 - 측면직각충돌,교차로운행방법위반,건조,맑음,교차로 - 교차로안,승용,남,57세,상해없음,승용,남,58세,경상
2013100300100085,2013년 10월 3일 03시,목요일,대구광역시 달서구 성당동,중상사고,0,1,0,0,차대차 - 기타,안전거리미확보,건조,맑음,단일로 - 기타,승용,남,48세,상해없음,승용,남,64세,중상
2013100300100096,2013년 10월 3일 04시,목요일,대구광역시 수성구 만촌동,사망사고,1,0,0,0,차대사람 - 기타,안전운전불이행,건조,맑음,교차로 - 교차로부근,승용,남,34세,상해없음,보행자,여,69세,사망
2013100300100097,2013년 10월 3일 04시,목요일,대구광역시 서구 내당동,중상사고,0,1,0,0,차대차 - 측면직각충돌,안전거리미확보,건조,맑음,단일로 - 기타,원동기,남,17세,상해없음,승용,남,37세,상해없음
2013100300100147,2013년 10월 3일 07시,목요일,대구광역시 북구 노원동1가,경상사고,0,0,4,0,차대차 - 기타,신호위반,건조,맑음,교차로 - 교차로안,승용,여,52세,상해없음,승용,여,47세,경상
2013100300100172,2013년 10월 3일 08시,목요일,대구광역시 달성군 화원읍,경상사고,0,0,1,0,차대차 - 추돌 - 주정차중,안전운전불이행,건조,맑음,교차로 - 교차로부근,승용,여,52세,상해없음,승용,남,29세,경상
2013100300100191,2013년 10월 3일 09시,목요일,대구광역시 수성구 만촌동,경상사고,0,0,1,0,차대차 - 기타,안전운전불이행,건조,맑음,단일로 - 기타,승용,여,56세,상해없음,자전거,남,73세,경상
2013100300100213,2013년 10월 3일 10시,목요일,대구광역시 수성구 매호동,경상사고,0,0,1,0,차대사람 - 횡단중,보행자보호의무위반,건조,맑음,교차로 - 교차로부근,승용,남,66세,상해없음,보행자,남,79세,경상
2013100300100214,2013년 10월 3일 10시,목요일,대구광역시 수성구 가천동,중상사고,0,1,0,0,차대차 - 기타,안전운전불이행,건조,맑음,단일로 - 기타,화물,남,61세,상해없음,승용,남,49세,상해없음
2013100300100241,2013년 10월 3일 11시,목요일,대구광역시 달서구 이곡동,중상사고,0,1,2,0,차대차 - 기타,교차로운행방법위반,건조,맑음,교차로 - 교차로안,승용,여,46세,상해없음,승용,여,58세,경상
2013100300100264,2013년 10월 3일 12시,목요일,대구광역시 북구 복현동,경상사고,0,0,1,0,차대차 - 기타,안전운전불이행,건조,맑음,단일로 - 기타,자전거,남,8세,상해없음,자전거,남,44세,경상
2013100300100265,2013년 10월 3일 12시,목요일,대구광역시 달서구 두류동,중상사고,0,1,0,0,차대사람 - 기타,기타,건조,맑음,단일로 - 기타,승합,남,40세,상해없음,보행자,여,68세,중상
2013100300100284,2013년 10월 3일 13시,목요일,대구광역시 서구 내당동,경상사고,0,0,1,0,차대차 - 기타,안전운전불이행,건조,맑음,교차로 - 교차로부근,승용,여,66세,상해없음,이륜,남,74세,경상
2013100300100314,2013년 10월 3일 14시,목요일,대구광역시 동구 신기동,경상사고,0,0,1,0,차대사람 - 기타,안전운전불이행,건조,맑음,단일로 - 기타,승용,남,65세,상해없음,보행자,여,11세,경상
2013100300100344,2013년 10월 3일 15시,목요일,대구광역시 남구 봉덕동,중상사고,0,1,1,0,차대차 - 측면직각충돌,안전운전불이행,건조,맑음,단일로 - 기타,이륜,여,45세,중상,승용,여,30세,경상
2013100300100345,2013년 10월 3일 15시,목요일,대구광역시 동구 용수동,중상사고,0,1,0,0,차대사람 - 횡단중,보행자보호의무위반,건조,맑음,단일로 - 횡단보도상,승용,여,47세,상해없음,보행자,여,81세,중상
2013100300100346,2013년 10월 3일 15시,목요일,대구광역시 서구 평리동,중상사고,0,1,1,0,차대사람 - 기타,안전운전불이행,건조,맑음,미분류 - 미분류,승합,남,62세,상해없음,보행자,남,58세,중상
2013100300100396,2013년 10월 3일 16시,목요일,대구광역시 동구 방촌동,경상사고,0,0,1,0,차대차 - 기타,안전운전불이행,건조,맑음,단일로 - 기타,승용,여,46세,상해없음,이륜,남,66세,경상
2013100300100397,2013년 10월 3일 16시,목요일,대구광역시 중구 봉산동,사망사고,1,0,0,0,차대사람 - 기타,안전운전불이행,건조,맑음,단일로 - 기타,승용,남,46세,상해없음,보행자,여,85세,사망
2013100300100398,2013년 10월 3일 16시,목요일,대구광역시 달서구 갈산동,경상사고,0,0,1,0,차대차 - 기타,안전운전불이행,건조,맑음,단일로 - 기타,승용,여,23세,상해없음,승용,남,30세,경상
2013100300100429,2013년 10월 3일 17시,목요일,대구광역시 수성구 만촌동,중상사고,0,1,1,0,차대차 - 추돌 - 진행중,안전운전불이행,건조,맑음,단일로 - 기타,승용,여,23세,상해없음,승용,여,69세,경상
2013100300100430,2013년 10월 3일 17시,목요일,대구광역시 달서구 용산동,경상사고,0,0,1,0,차대차 - 추돌 - 주정차중,안전운전불이행,건조,맑음,단일로 - 기타,승용,남,29세,상해없음,승용,여,33세,경상
2013100300100431,2013년 10월 3일 17시,목요일,대구광역시 북구 국우동,중상사고,0,1,0,0,차대사람 - 길가장자리구역통행중,신호위반,건조,맑음,단일로 - 횡단보도상,화물,남,23세,상해없음,보행자,남,52세,중상
2013100300100469,2013년 10월 3일 18시,목요일,대구광역시 동구 신서동,중상사고,0,1,0,1,차대사람 - 횡단중,안전운전불이행,건조,맑음,단일로 - 기타,이륜,남,18세,부상신고,보행자,여,77세,중상
2013100300100470,2013년 10월 3일 18시,목요일,대구광역시 서구 평리동,중상사고,0,1,0,0,차대차 - 기타,안전운전불이행,건조,맑음,단일로 - 기타,기타불명,기타불명,기타불명,기타불명,원동기,남,24세,중상
2013100300100471,2013년 10월 3일 18시,목요일,대구광역시 달서구 성당동,중상사고,0,1,0,0,차대사람 - 기타,기타,건조,맑음,단일로 - 기타,승합,남,55세,기타불명,보행자,여,59세,중상
2013100300100514,2013년 10월 3일 19시,목요일,대구광역시 달성군 다사읍,경상사고,0,0,2,0,차대차 - 측면직각충돌,안전운전불이행,건조,맑음,단일로 - 기타,승용,남,48세,상해없음,승용,남,53세,경상
2013100300100541,2013년 10월 3일 20시,목요일,대구광역시 달서구 용산동,경상사고,0,0,1,0,차대차 - 측면직각충돌,신호위반,건조,맑음,교차로 - 교차로안,승용,남,45세,상해없음,승용,여,29세,경상
2013100300100542,2013년 10월 3일 20시,목요일,대구광역시 달서구 호림동,경상사고,0,0,1,1,차대차 - 측면직각충돌,신호위반,건조,맑음,교차로 - 교차로안,승용,여,37세,부상신고,승용,남,34세,경상
2013100300100543,2013년 10월 3일 20시,목요일,대구광역시 달서구 성당동,경상사고,0,0,1,1,차대차 - 측면직각충돌,안전거리미확보,건조,맑음,단일로 - 기타,화물,남,52세,상해없음,이륜,남,17세,경상
2013100300100577,2013년 10월 3일 21시,목요일,대구광역시 남구 대명동,중상사고,0,1,1,0,차대차 - 측면직각충돌,안전운전불이행,건조,맑음,교차로 - 교차로부근,승용,남,35세,기타불명,승용,여,58세,중상
2013100300100578,2013년 10월 3일 21시,목요일,대구광역시 북구 읍내동,경상사고,0,0,2,0,차대차 - 추돌 - 진행중,안전운전불이행,건조,맑음,단일로 - 기타,승용,기타불명,기타불명,기타불명,승용,남,52세,경상
2013100300100597,2013년 10월 3일 22시,목요일,대구광역시 동구 신암동,중상사고,0,1,0,0,차대사람 - 보도통행중,기타,건조,맑음,기타 - 기타,이륜,남,19세,상해없음,보행자,여,61세,중상
2013100300100598,2013년 10월 3일 22시,목요일,대구광역시 동구 신암동,중상사고,0,1,1,0,차대차 - 추돌 - 주정차중,안전운전불이행,건조,맑음,단일로 - 기타,화물,남,46세,상해없음,화물,남,46세,경상
2013100300100619,2013년 10월 3일 23시,목요일,대구광역시 북구 산격동,중상사고,0,1,0,0,차대사람 - 기타,안전운전불이행,건조,맑음,단일로 - 기타,이륜,남,16세,상해없음,보행자,여,28세,중상
2013100300100620,2013년 10월 3일 23시,목요일,대구광역시 달서구 두류동,중상사고,0,1,0,0,차대차 - 기타,신호위반,건조,맑음,교차로 - 교차로안,승용,여,36세,상해없음,승용,여,55세,중상
2013100400100017,2013년 10월 4일 00시,금요일,대구광역시 서구 내당동,부상신고사고,0,0,0,1,차대사람 - 차도통행중,안전운전불이행,건조,맑음,단일로 - 기타,승용,남,19세,상해없음,보행자,남,35세,부상신고
2013100400100033,2013년 10월 4일 01시,금요일,대구광역시 서구 내당동,부상신고사고,0,0,0,1,차대차 - 추돌 - 주정차중,안전거리미확보,건조,맑음,단일로 - 기타,승용,남,45세,상해없음,이륜,남,43세,부상신고
2013100400100040,2013년 10월 4일 02시,금요일,대구광역시 달서구 월성동,경상사고,0,0,1,0,차대차 - 측면직각충돌,신호위반,건조,맑음,교차로 - 교차로안,승용,남,47세,상해없음,승용,여,36세,경상
2013100400100064,2013년 10월 4일 05시,금요일,대구광역시 북구 구암동,사망사고,1,0,0,0,차대사람 - 횡단중,안전운전불이행,건조,맑음,단일로 - 횡단보도부근,승합,남,60세,상해없음,보행자,여,84세,사망
2013100400100084,2013년 10월 4일 06시,금요일,대구광역시 달서구 용산동,경상사고,0,0,1,0,차량단독 - 공작물충돌,안전운전불이행,건조,맑음,단일로 - 기타,승용,남,23세,경상,,,,
2013100400100101,2013년 10월 4일 07시,금요일,대구광역시 북구 산격동,경상사고,0,0,1,0,차대차 - 추돌 - 진행중,안전운전불이행,건조,맑음,단일로 - 기타,승용,여,64세,기타불명,승용,남,52세,경상
2013100400100102,2013년 10월 4일 07시,금요일,대구광역시 달서구 이곡동,경상사고,0,0,3,0,차대차 - 추돌 - 진행중,안전운전불이행,건조,맑음,교차로 - 교차로부근,승합,남,52세,상해없음,이륜,남,18세,경상
2013100400100103,2013년 10월 4일 07시,금요일,대구광역시 달서구 신당동,경상사고,0,0,1,0,차대차 - 기타,기타,건조,맑음,단일로 - 기타,승용,남,46세,상해없음,이륜,남,24세,경상
2013100400100125,2013년 10월 4일 08시,금요일,대구광역시 동구 용계동,중상사고,0,1,0,0,차대차 - 기타,안전운전불이행,건조,맑음,교차로 - 교차로부근,화물,남,41세,상해없음,자전거,남,71세,중상
2013100400100126,2013년 10월 4일 08시,금요일,대구광역시 달서구 월성동,경상사고,0,0,1,0,차대차 - 기타,안전운전불이행,건조,맑음,단일로 - 기타,승용,남,73세,상해없음,자전거,남,15세,경상
2013100400100162,2013년 10월 4일 09시,금요일,대구광역시 동구 신암동,경상사고,0,0,1,0,차대차 - 추돌 - 진행중,교차로운행방법위반,건조,맑음,교차로 - 교차로부근,승용,여,41세,상해없음,원동기,남,58세,경상
2013100400100163,2013년 10월 4일 09시,금요일,대구광역시 달성군 가창면,중상사고,0,1,0,0,차대차 - 측면직각충돌,안전운전불이행,건조,맑음,교차로 - 교차로안,승용,남,58세,상해없음,승용,여,56세,중상
2013100400100164,2013년 10월 4일 09시,금요일,대구광역시 북구 칠성동1가,중상사고,0,1,0,0,차대차 - 기타,안전운전불이행,건조,맑음,단일로 - 횡단보도상,승용,여,38세,상해없음,자전거,여,60세,중상
2013100400100165,2013년 10월 4일 09시,금요일,대구광역시 서구 평리동,경상사고,0,0,1,0,차대차 - 측면직각충돌,안전운전불이행,건조,맑음,교차로 - 교차로안,자전거,남,48세,경상,승용,여,35세,상해없음
2013100400100166,2013년 10월 4일 09시,금요일,대구광역시 중구 동산동,부상신고사고,0,0,0,1,차대차 - 측면직각충돌,안전운전불이행,건조,맑음,단일로 - 횡단보도부근,원동기,남,24세,부상신고,승용,남,29세,상해없음
2013100400100167,2013년 10월 4일 09시,금요일,대구광역시 북구 읍내동,경상사고,0,0,1,0,차대차 - 측면직각충돌,교차로운행방법위반,건조,맑음,교차로 - 교차로안,승용,남,41세,상해없음,자전거,남,54세,경상
2013100400100191,2013년 10월 4일 10시,금요일,대구광역시 동구 신천동,경상사고,0,0,2,0,차대차 - 추돌 - 진행중,안전거리미확보,건조,맑음,단일로 - 기타,승용,남,38세,경상,승용,남,24세,상해없음
2013100400100192,2013년 10월 4일 10시,금요일,대구광역시 수성구 황금동,중상사고,0,1,0,0,차대차 - 측면직각충돌,안전운전불이행,건조,맑음,단일로 - 기타,승용,여,49세,상해없음,승용,여,73세,중상
2013100400100247,2013년 10월 4일 12시,금요일,대구광역시 서구 평리동,경상사고,0,0,1,0,차대차 - 측면직각충돌,교차로운행방법위반,건조,맑음,교차로 - 교차로안,승용,남,54세,상해없음,자전거,남,56세,경상
2013100400100276,2013년 10월 4일 13시,금요일,대구광역시 동구 방촌동,경상사고,0,0,3,0,차대차 - 추돌 - 진행중,교차로운행방법위반,건조,맑음,교차로 - 교차로안,승합,남,52세,경상,승용,여,24세,경상