사고번호,사고일시,요일,시군구,사고내용,사망자수,중상자수,경상자수,부상신고자수,사고유형,법규위반,노면상태,기상상태,도로형태,가해운전자 차종,가해운전자 성별,가해운전자 연령,가해운전자 상해정도,피해운전자 차종,피해운전자 성별,피해운전자 연령,피해운전자 상해정도
2013100700100546,2013년 10월 7일 21시,월요일,대구광역시 북구 관음동,중상사고,0,1,0,0,차대사람 - 차도통행중,안전운전불이행,건조,흐림,교차로 - 교차로안,승용,남,34세,상해없음,보행자,남,57세,중상
2013100700100583,2013년 10월 7일 22시,월요일,대구광역시 남구 봉덕동,경상사고,0,0,1,0,차대차 - 기타,안전운전불이행,습기,비,단일로 - 기타,승합,남,36세,상해없음,승용,여,27세,경상
2013100700100584,2013년 10월 7일 22시,월요일,대구광역시 서구 중리동,중상사고,0,1,0,0,차대차 - 기타,안전운전불이행,습기,비,단일로 - 기타,승용,남,55세,중상,건설기계,남,36세,기타불명
2013100700100585,2013년 10월 7일 22시,월요일,대구광역시 달서구 죽전동,부상신고사고,0,0,0,1,차대차 - 기타,안전운전불이행,건조,맑음,단일로 - 기타,승용,기타불명,기타불명,기타불명,이륜,남,18세,부상신고
2013100700100613,2013년 10월 7일 23시,월요일,대구광역시 수성구 범어동,경상사고,0,0,1,0,차대차 - 추돌 - 진행중,안전운전불이행,건조,맑음,단일로 - 기타,승합,남,51세,상해없음,승용,남,43세,경상
2013100700100614,2013년 10월 7일 23시,월요일,대구광역시 달서구 상인동,경상사고,0,0,1,0,차대사람 - 기타,안전운전불이행,습기,비,단일로 - 기타,승용,남,63세,상해없음,보행자,남,20세,경상
2013100800100039,2013년 10월 8일 01시,화요일,대구광역시 남구 대명동,부상신고사고,0,0,0,1,차대차 - 추돌 - 주정차중,안전운전불이행,습기,비,단일로 - 기타,자전거,남,34세,부상신고,승용,여,52세,상해없음
2013100800100040,2013년 10월 8일 01시,화요일,대구광역시 남구 대명동,경상사고,0,0,1,0,차대사람 - 기타,안전운전불이행,건조,맑음,단일로 - 기타,승용,남,22세,상해없음,보행자,남,34세,경상
2013100800100041,2013년 10월 8일 01시,화요일,대구광역시 북구 대현동,경상사고,0,0,1,0,차대차 - 측면직각충돌,교차로운행방법위반,습기,비,교차로 - 교차로안,승용,남,56세,상해없음,승용,남,52세,상해없음
2013100800100042,2013년 10월 8일 01시,화요일,대구광역시 서구 평리동,부상신고사고,0,0,0,4,차대차 - 측면직각충돌,안전거리미확보,습기,흐림,단일로 - 기타,승용,남,32세,상해없음,승용,남,19세,부상신고
2013100800100043,2013년 10월 8일 01시,화요일,대구광역시 서구 비산동,경상사고,0,0,1,0,차대차 - 추돌 - 주정차중,안전거리미확보,습기,비,단일로 - 기타,승용,남,44세,상해없음,승용,남,60세,경상
2013100800100052,2013년 10월 8일 02시,화요일,대구광역시 수성구 범물동,중상사고,0,1,0,0,차대차 - 측면직각충돌,안전거리미확보,습기,비,교차로 - 교차로안,화물,남,28세,상해없음,승용,남,62세,중상
2013100800100053,2013년 10월 8일 02시,화요일,대구광역시 북구 칠성동2가,중상사고,0,1,0,0,차대사람 - 기타,안전운전불이행,습기,비,교차로 - 교차로부근,승용,남,28세,상해없음,보행자,남,39세,중상
2013100800100066,2013년 10월 8일 03시,화요일,대구광역시 서구 평리동,중상사고,0,2,1,0,차대차 - 추돌 - 진행중,안전운전불이행,습기,비,단일로 - 횡단보도부근,승용,남,36세,상해없음,승용,남,33세,중상
2013100800100067,2013년 10월 8일 03시,화요일,대구광역시 북구 동천동,중상사고,0,3,0,0,차대차 - 정면충돌,신호위반,습기,비,교차로 - 교차로안,승용,남,50세,중상,승용,남,42세,중상
2013100800100086,2013년 10월 8일 05시,화요일,대구광역시 남구 대명동,경상사고,0,0,3,0,차대차 - 측면직각충돌,안전운전불이행,습기,비,단일로 - 기타,승용,남,19세,경상,승용,남,55세,경상
2013100800100137,2013년 10월 8일 07시,화요일,대구광역시 수성구 수성동4가,경상사고,0,0,1,0,차대차 - 기타,안전운전불이행,건조,맑음,단일로 - 기타,승용,남,42세,상해없음,승용,여,42세,기타불명
2013100800100138,2013년 10월 8일 07시,화요일,대구광역시 달서구 이곡동,중상사고,0,1,0,0,차대사람 - 횡단중,보행자보호의무위반,습기,흐림,교차로 - 교차로부근,승용,남,24세,상해없음,보행자,여,53세,중상
2013100800100172,2013년 10월 8일 08시,화요일,대구광역시 수성구 범어동,경상사고,0,0,1,0,차대차 - 측면직각충돌,교차로운행방법위반,습기,비,교차로 - 교차로안,승합,남,22세,경상,승용,남,40세,상해없음
2013100800100173,2013년 10월 8일 08시,화요일,대구광역시 달서구 상인동,경상사고,0,0,1,0,차량단독 - 기타,기타,건조,맑음,단일로 - 기타,승합,남,54세,상해없음,,,,
2013100800100174,2013년 10월 8일 08시,화요일,대구광역시 북구 금호동,경상사고,0,0,1,0,차대차 - 측면직각충돌,안전운전불이행,습기,비,단일로 - 기타,승용,기타불명,기타불명,기타불명,승용,남,59세,경상
2013100800100229,2013년 10월 8일 10시,화요일,대구광역시 수성구 지산동,경상사고,0,0,1,0,차대사람 - 횡단중,보행자보호의무위반,습기,비,단일로 - 횡단보도상,승용,여,33세,상해없음,보행자,여,62세,경상
2013100800100230,2013년 10월 8일 10시,화요일,대구광역시 중구 삼덕동3가,중상사고,0,1,0,0,차대차 - 측면직각충돌,안전운전불이행,습기,비,단일로 - 기타,승용,남,63세,상해없음,원동기,남,45세,중상
2013100800100270,2013년 10월 8일 11시,화요일,대구광역시 북구 침산동,경상사고,0,0,1,0,차대차 - 기타,안전운전불이행,습기,비,단일로 - 횡단보도상,승용,여,36세,상해없음,자전거,남,60세,경상
2013100800100271,2013년 10월 8일 11시,화요일,대구광역시 북구 산격동,중상사고,0,1,0,0,차대사람 - 기타,안전운전불이행,습기,흐림,단일로 - 기타,승합,남,58세,상해없음,보행자,여,60세,중상
2013100800100305,2013년 10월 8일 12시,화요일,대구광역시 동구 방촌동,중상사고,0,1,0,0,차대차 - 측면직각충돌,안전운전불이행,건조,맑음,단일로 - 기타,기타불명,기타불명,기타불명,기타불명,자전거,여,68세,중상
2013100800100333,2013년 10월 8일 13시,화요일,대구광역시 수성구 황금동,경상사고,0,0,1,0,차대차 - 측면직각충돌,안전거리미확보,습기,비,단일로 - 기타,승용,남,75세,상해없음,이륜,남,32세,경상
2013100800100334,2013년 10월 8일 13시,화요일,대구광역시 북구 동천동,경상사고,0,0,1,0,차대사람 - 횡단중,보행자보호의무위반,습기,비,교차로 - 교차로부근,승용,남,48세,상해없음,보행자,여,40세,경상
2013100800100369,2013년 10월 8일 14시,화요일,대구광역시 동구 각산동,경상사고,0,0,1,0,차대차 - 측면직각충돌,교차로운행방법위반,습기,비,교차로 - 교차로안,승용,여,32세,상해없음,건설기계,남,43세,상해없음
2013100800100437,2013년 10월 8일 16시,화요일,대구광역시 북구 복현동,경상사고,0,0,1,0,차대차 - 기타,불법유턴,습기,비,단일로 - 기타,승합,남,74세,상해없음,이륜,남,58세,경상
2013100800100438,2013년 10월 8일 16시,화요일,대구광역시 서구 중리동,중상사고,0,1,0,0,차대사람 - 기타,안전운전불이행,습기,비,교차로 - 교차로안,승합,남,57세,상해없음,보행자,여,13세,중상
2013100800100439,2013년 10월 8일 16시,화요일,대구광역시 달서구 감삼동,경상사고,0,0,1,0,차대사람 - 기타,안전운전불이행,습기,비,교차로 - 교차로부근,승용,남,63세,상해없음,보행자,남,59세,경상
2013100800100440,2013년 10월 8일 16시,화요일,대구광역시 달서구 감삼동,경상사고,0,0,4,0,차대차 - 측면직각충돌,안전운전불이행,습기,비,단일로 - 기타,승용,여,31세,경상,승용,여,42세,경상
2013100800100475,2013년 10월 8일 17시,화요일,대구광역시 동구 불로동,경상사고,0,0,1,0,차대차 - 기타,교차로운행방법위반,습기,비,교차로 - 교차로안,승용,남,55세,상해없음,승용,여,60세,경상
2013100800100476,2013년 10월 8일 17시,화요일,대구광역시 달서구 상인동,경상사고,0,0,1,0,차대차 - 측면직각충돌,교차로운행방법위반,습기,비,교차로 - 교차로안,승용,여,35세,상해없음,승용,남,66세,경상
2013100800100477,2013년 10월 8일 17시,화요일,대구광역시 서구 비산동,중상사고,0,3,0,0,차대차 - 기타,안전운전불이행,습기,비,교차로 - 교차로부근,승용,남,65세,중상,승용,여,30세,중상
2013100800100478,2013년 10월 8일 17시,화요일,대구광역시 서구 원대동1가,경상사고,0,0,1,0,차대차 - 기타,안전운전불이행,건조,맑음,교차로 - 교차로안,승용,여,37세,상해없음,승용,여,52세,경상
2013100800100479,2013년 10월 8일 17시,화요일,대구광역시 달서구 본리동,중상사고,0,1,0,0,차량단독 - 기타,안전운전불이행,습기,비,교차로 - 교차로부근,승합,남,41세,상해없음,,,,
2013100800100544,2013년 10월 8일 18시,화요일,대구광역시 수성구 수성동2가,경상사고,0,0,1,0,차대차 - 기타,안전거리미확보,습기,비,교차로 - 교차로안,승합,남,48세,상해없음,승용,여,30세,경상
2013100800100584,2013년 10월 8일 19시,화요일,대구광역시 달성군 화원읍,경상사고,0,0,1,0,차대차 - 추돌 - 진행중,안전운전불이행,습기,비,단일로 - 기타,화물,남,43세,상해없음,승용,남,25세,경상
2013100800100585,2013년 10월 8일 19시,화요일,대구광역시 동구 율하동,경상사고,0,0,2,0,차대차 - 추돌 - 진행중,안전거리미확보,습기,비,단일로 - 기타,화물,남,35세,상해없음,승용,남,53세,경상
2013100800100586,2013년 10월 8일 19시,화요일,대구광역시 동구 미대동,중상사고,0,1,0,0,차량단독 - 공작물충돌,안전운전불이행,습기,비,교차로 - 교차로부근,승용,남,65세,중상,,,,
2013100800100587,2013년 10월 8일 19시,화요일,대구광역시 달서구 대천동,경상사고,0,0,1,0,차대차 - 측면직각충돌,안전운전불이행,습기,비,교차로 - 교차로안,이륜,남,42세,경상,화물,남,53세,상해없음
2013100800100588,2013년 10월 8일 19시,화요일,대구광역시 북구 노원동1가,중상사고,0,1,0,0,차대차 - 기타,안전운전불이행,적설,비,단일로 - 기타,원동기,남,32세,중상,승용,남,56세,상해없음
2013100800100589,2013년 10월 8일 19시,화요일,대구광역시 서구 내당동,경상사고,0,0,1,0,차대차 - 기타,불법유턴,습기,비,교차로 - 교차로안,화물,남,32세,상해없음,승용,여,44세,경상
2013100800100627,2013년 10월 8일 20시,화요일,대구광역시 동구 신천동,경상사고,0,0,2,0,차대차 - 추돌 - 주정차중,안전거리미확보,습기,비,단일로 - 기타,승용,남,48세,상해없음,승용,남,33세,경상
2013100800100628,2013년 10월 8일 20시,화요일,대구광역시 달서구 진천동,경상사고,0,0,1,0,차대차 - 측면직각충돌,안전운전불이행,건조,맑음,단일로 - 기타,승용,남,49세,상해없음,승용,남,68세,경상
2013100800100629,2013년 10월 8일 20시,화요일,대구광역시 달서구 호림동,중상사고,0,1,1,0,차대차 - 측면직각충돌,교차로운행방법위반,습기,비,교차로 - 교차로안,화물,남,57세,중상,승용,남,36세,상해없음
2013100800100671,2013년 10월 8일 21시,화요일,대구광역시 달성군 다사읍,경상사고,0,0,1,0,차대사람 - 기타,안전운전불이행,습기,비,교차로 - 교차로부근,승합,남,50세,상해없음,보행자,남,18세,경상
2013100800100672,2013년 10월 8일 21시,화요일,대구광역시 달성군 가창면,중상사고,0,1,0,0,차대차 - 기타,안전운전불이행,습기,비,단일로 - 기타,화물,남,50세,기타불명,승용,남,59세,중상
2013100800100673,2013년 10월 8일 21시,화요일,대구광역시 달서구 두류동,경상사고,0,0,5,0,차대차 - 측면직각충돌,안전운전불이행,습기,비,단일로 - 기타,승용,여,55세,상해없음,승합,남,52세,경상
2013100800100674,2013년 10월 8일 21시,화요일,대구광역시 북구 구암동,중상사고,0,1,0,0,차대차 - 기타,안전운전불이행,습기,비,단일로 - 기타,화물,남,48세,상해없음,승용,남,63세,중상
2013100800100710,2013년 10월 8일 22시,화요일,대구광역시 수성구 범어동,경상사고,0,0,1,0,차대사람 - 기타,안전운전불이행,습기,비,단일로 - 기타,승용,남,71세,상해없음,보행자,남,65세,경상
2013100800100711,2013년 10월 8일 22시,화요일,대구광역시 북구 대현동,중상사고,0,1,0,0,차대차 - 측면직각충돌,안전거리미확보,건조,맑음,단일로 - 기타,승용,남,55세,상해없음,원동기,남,24세,중상
2013100800100712,2013년 10월 8일 22시,화요일,대구광역시 중구 봉산동,경상사고,0,0,2,0,차대차 - 기타,안전운전불이행,건조,맑음,교차로 - 교차로부근,승용,여,42세,경상,승용,남,38세,경상
2013100800100741,2013년 10월 8일 23시,화요일,대구광역시 동구 신암동,경상사고,0,0,2,0,차대차 - 기타,안전운전불이행,건조,맑음,단일로 - 기타,승용,남,52세,상해없음,승용,남,41세,경상
2013100800100742,2013년 10월 8일 23시,화요일,대구광역시 수성구 두산동,중상사고,0,2,0,0,차대차 - 추돌 - 주정차중,안전운전불이행,습기,비,단일로 - 기타,승용,남,46세,상해없음,승용,남,38세,중상
2013100800100743,2013년 10월 8일 23시,화요일,대구광역시 달서구 감삼동,중상사고,0,1,0,0,차대사람 - 보도통행중,신호위반,습기,흐림,단일로 - 횡단보도상,승용,남,47세,상해없음,보행자,남,21세,중상
2013100800100744,2013년 10월 8일 23시,화요일,대구광역시 달서구 감삼동,중상사고,0,1,0,0,차대사람 - 기타,안전운전불이행,습기,맑음,단일로 - 기타,승용,남,42세,상해없음,보행자,여,53세,중상
2013100900100027,2013년 10월 9일 00시,수요일,대구광역시 수성구 수성동3가,경상사고,0,0,1,0,차대차 - 측면직각충돌,신호위반,건조,맑음,교차로 - 교차로안,이륜,남,23세,상해없음,승용,남,21세,경상
2013100900100028,2013년 10월 9일 00시,수요일,대구광역시 북구 침산동,중상사고,0,1,0,0,차대차 - 측면직각충돌,안전운전불이행,건조,흐림,단일로 - 기타,승용,기타불명,기타불명,기타불명,승용,여,42세,중상
2013100900100029,2013년 10월 9일 00시,수요일,대구광역시 서구 내당동,경상사고,0,0,2,0,차대차 - 추돌 - 주정차중,안전운전불이행,건조,맑음,단일로 - 기타,승용,남,27세,상해없음,화물,남,56세,경상
2013100900100042,2013년 10월 9일 01시,수요일,대구광역시 수성구 수성동2가,경상사고,0,0,1,0,차대차 - 추돌 - 주정차중,안전거리미확보,습기,흐림,단일로 - 기타,화물,남,47세,상해없음,승용,남,48세,상해없음
2013100900100057,2013년 10월 9일 02시,수요일,대구광역시 서구 비산동,경상사고,0,0,2,0,차대차 - 기타,교차로운행방법위반,건조,맑음,교차로 - 교차로부근,승용,남,63세,상해없음,승용,여,53세,경상
2013100900100058,2013년 10월 9일 02시,수요일,대구광역시 중구 동인동1가,경상사고,0,0,1,0,차대차 - 기타,안전운전불이행,건조,기타,단일로 - 기타,승합,남,56세,기타불명,승용,남,61세,경상
2013100900100059,2013년 10월 9일 02시,수요일,대구광역시 중구 동인동4가,사망사고,1,0,0,0,차량단독 - 기타,안전운전불이행,건조,기타,기타 - 기타,원동기,남,22세,사망,,,,
2013100900100070,2013년 10월 9일 03시,수요일,대구광역시 서구 평리동,경상사고,0,0,1,0,차대사람 - 횡단중,안전운전불이행,건조,흐림,교차로 - 교차로부근,승용,남,57세,상해없음,보행자,남,16세,경상
2013100900100091,2013년 10월 9일 05시,수요일,대구광역시 달서구 상인동,중상사고,0,1,0,0,차대사람 - 횡단중,안전운전불이행,습기,비,단일로 - 기타,승용,남,55세,상해없음,보행자,남,46세,중상
2013100900100102,2013년 10월 9일 06시,수요일,대구광역시 달서구 이곡동,경상사고,0,0,2,0,차대차 - 추돌 - 진행중,안전거리미확보,습기,비,교차로 - 교차로부근,승용,남,33세,상해없음,승용,남,63세,경상
2013100900100103,2013년 10월 9일 06시,수요일,대구광역시 북구 매천동,경상사고,0,0,1,1,차대차 - 기타,불법유턴,습기,비,단일로 - 기타,화물,남,65세,상해없음,승용,남,54세,부상신고
2013100900100217,2013년 10월 9일 11시,수요일,대구광역시 수성구 만촌동,경상사고,0,0,1,0,차량단독 - 공작물충돌,안전운전불이행,건조,맑음,기타 - 기타,자전거,남,59세,경상,,,,
2013100900100244,2013년 10월 9일 12시,수요일,대구광역시 북구 산격동,중상사고,0,1,0,0,차대차 - 기타,안전운전불이행,건조,맑음,교차로 - 교차로안,승용,남,60세,상해없음,승용,남,40세,중상
2013100900100245,2013년 10월 9일 12시,수요일,대구광역시 중구 공평동,경상사고,0,0,1,0,차대사람 - 기타,안전운전불이행,건조,맑음,단일로 - 기타,승용,남,50세,상해없음,보행자,남,22세,경상
2013100900100299,2013년 10월 9일 14시,수요일,대구광역시 서구 평리동,중상사고,0,1,0,0,차대차 - 기타,교차로운행방법위반,건조,맑음,교차로 - 교차로부근,승합,남,28세,상해없음,이륜,남,68세,중상
2013100900100345,2013년 10월 9일 16시,수요일,대구광역시 달성군 논공읍,부상신고사고,0,0,0,1,차대차 - 측면직각충돌,안전운전불이행,건조,맑음,교차로 - 교차로부근,승용,남,79세,부상신고,화물,남,42세,상해없음
2013100900100346,2013년 10월 9일 16시,수요일,대구광역시 북구 침산동,중상사고,0,1,0,0,차대차 - 측면직각충돌,안전운전불이행,건조,맑음,단일로 - 기타,승용,남,55세,상해없음,원동기,남,73세,중상
2013100900100347,2013년 10월 9일 16시,수요일,대구광역시 서구 평리동,중상사고,0,1,0,0,차대차 - 기타,안전운전불이행,건조,맑음,교차로 - 교차로부근,승용,기타불명,기타불명,기타불명,원동기,남,45세,중상
2013100900100348,2013년 10월 9일 16시,수요일,대구광역시 중구 대신동,중상사고,0,1,0,0,차대차 - 측면직각충돌,안전거리미확보,건조,흐림,단일로 - 기타,승용,남,54세,상해없음,이륜,여,39세,중상
2013100900100375,2013년 10월 9일 17시,수요일,대구광역시 동구 율하동,경상사고,0,0,1,0,차대차 - 측면직각충돌,중앙선침범,건조,맑음,교차로 - 교차로안,자전거,여,61세,경상,승용,남,22세,상해없음
2013100900100376,2013년 10월 9일 17시,수요일,대구광역시 북구 노원동3가,경상사고,0,0,1,0,차대차 - 추돌 - 진행중,안전거리미확보,건조,맑음,교차로 - 교차로부근,승용,여,47세,상해없음,승용,남,45세,상해없음
2013100900100451,2013년 10월 9일 19시,수요일,대구광역시 달성군 논공읍,사망사고,1,0,0,0,차량단독 - 공작물충돌,안전운전불이행,건조,맑음,단일로 - 기타,승용,여,61세,사망,,,,
2013100900100452,2013년 10월 9일 19시,수요일,대구광역시 북구 노원동1가,경상사고,0,0,1,0,차대차 - 측면직각충돌,신호위반,습기,맑음,교차로 - 교차로안,승용,남,66세,상해없음,승용,남,31세,상해없음
2013100900100453,2013년 10월 9일 19시,수요일,대구광역시 달서구 두류동,경상사고,0,0,1,0,차대차 - 기타,직진우회전진행방해,건조,맑음,교차로 - 교차로안,승용,남,66세,상해없음,자전거,남,19세,경상
2013100900100454,2013년 10월 9일 19시,수요일,대구광역시 달서구 두류동,경상사고,0,0,1,0,차대사람 - 기타,안전운전불이행,건조,흐림,단일로 - 기타,승용,남,32세,상해없음,보행자,남,43세,경상
2013100900100455,2013년 10월 9일 19시,수요일,대구광역시 달서구 감삼동,경상사고,0,0,2,0,차대차 - 기타,안전운전불이행,건조,맑음,단일로 - 기타,승용,여,50세,상해없음,승용,남,30세,경상
2013100900100456,2013년 10월 9일 19시,수요일,대구광역시 달서구 감삼동,경상사고,0,0,1,0,차대차 - 추돌 - 주정차중,안전운전불이행,건조,맑음,단일로 - 기타,승용,남,54세,상해없음,승용,여,51세,경상
2013100900100484,2013년 10월 9일 20시,수요일,대구광역시 달서구 본동,경상사고,0,0,1,0,차대차 - 측면직각충돌,안전거리미확보,건조,맑음,교차로 - 교차로부근,승용,남,66세,상해없음,이륜,남,30세,경상
2013100900100485,2013년 10월 9일 20시,수요일,대구광역시 서구 비산동,경상사고,0,0,1,0,차대사람 - 횡단중,안전운전불이행,건조,맑음,단일로 - 기타,승용,남,57세,상해없음,보행자,남,55세,경상
2013100900100510,2013년 10월 9일 21시,수요일,대구광역시 수성구 만촌동,경상사고,0,0,3,0,차대차 - 기타,안전운전불이행,건조,맑음,단일로 - 기타,승용,여,47세,상해없음,승용,남,33세,경상
2013100900100511,2013년 10월 9일 21시,수요일,대구광역시 달서구 호산동,경상사고,0,0,1,0,차대사람 - 길가장자리구역통행중,안전운전불이행,건조,맑음,기타 - 기타,승용,남,43세,상해없음,보행자,남,34세,경상
2013101000100022,2013년 10월 10일 01시,목요일,대구광역시 중구 삼덕동1가,중상사고,0,1,0,0,차대사람 - 길가장자리구역통행중,안전운전불이행,건조,맑음,단일로 - 기타,승용,남,24세,상해없음,보행자,남,20세,중상
2013101000100023,2013년 10월 10일 01시,목요일,대구광역시 북구 동천동,중상사고,0,1,2,0,차대차 - 측면직각충돌,교차로운행방법위반,건조,맑음,교차로 - 교차로안,승용,남,63세,상해없음,승용,남,69세,경상
2013101000100032,2013년 10월 10일 02시,목요일,대구광역시 남구 대명동,중상사고,0,1,0,0,차대차 - 기타,안전운전불이행,건조,맑음,교차로 - 교차로안,승용,남,21세,상해없음,이륜,남,53세,중상
2013101000100033,2013년 10월 10일 02시,목요일,대구광역시 서구 평리동,경상사고,0,0,1,0,차대차 - 기타,신호위반,건조,맑음,교차로 - 교차로안,이륜,남,46세,경상,승용,남,45세,상해없음
2013101000100036,2013년 10월 10일 03시,목요일,대구광역시 수성구 범어동,중상사고,0,2,0,0,차대차 - 추돌 - 주정차중,안전거리미확보,건조,맑음,단일로 - 기타,승용,남,37세,상해없음,승용,여,46세,중상
2013101000100044,2013년 10월 10일 04시,목요일,대구광역시 북구 노원동3가,중상사고,0,1,0,0,차대차 - 기타,안전운전불이행,건조,맑음,단일로 - 기타,승용,남,20세,상해없음,자전거,남,65세,중상
2013101000100091,2013년 10월 10일 07시,목요일,대구광역시 남구 대명동,경상사고,0,0,5,0,차대차 - 기타,안전운전불이행,건조,맑음,단일로 - 기타,승용,남,65세,상해없음,화물,남,59세,경상
2013101000100092,2013년 10월 10일 07시,목요일,대구광역시 수성구 만촌동,경상사고,0,0,2,0,차대차 - 측면직각충돌,불법유턴,건조,맑음,교차로 - 교차로부근,승용,여,50세,상해없음,승용,남,56세,상해없음
2013101000100129,2013년 10월 10일 08시,목요일,대구광역시 달서구 본동,중상사고,0,1,0,0,차대사람 - 횡단중,안전운전불이행,건조,맑음,단일로 - 횡단보도부근,승용,남,56세,상해없음,보행자,여,18세,중상
2013101000100130,2013년 10월 10일 08시,목요일,대구광역시 북구 복현동,경상사고,0,0,1,0,차대차 - 측면직각충돌,안전운전불이행,건조,맑음,단일로 - 기타,승합,남,67세,상해없음,승용,여,45세,경상
2013101000100131,2013년 10월 10일 08시,목요일,대구광역시 달서구 장동,중상사고,0,1,0,0,차대차 - 기타,안전운전불이행,건조,맑음,단일로 - 기타,화물,남,46세,상해없음,자전거,여,56세,중상
2013101000100161,2013년 10월 10일 09시,목요일,대구광역시 동구 서호동,경상사고,0,0,1,0,차대차 - 기타,안전운전불이행,건조,맑음,교차로 - 교차로안,승용,남,78세,상해없음,화물,남,55세,경상
2013101000100162,2013년 10월 10일 09시,목요일,대구광역시 수성구 만촌동,중상사고,0,1,0,0,차대차 - 기타,안전운전불이행,건조,맑음,교차로 - 교차로안,화물,남,44세,상해없음,자전거,남,85세,중상
2013101000100163,2013년 10월 10일 09시,목요일,대구광역시 북구 노원동3가,경상사고,0,0,1,0,차대차 - 기타,안전거리미확보,건조,맑음,단일로 - 기타,화물,남,57세,상해없음,승용,남,35세,경상
2013101000100241,2013년 10월 10일 12시,목요일,대구광역시 수성구 만촌동,경상사고,0,0,1,0,차대차 - 기타,안전운전불이행,건조,맑음,단일로 - 기타,화물,남,57세,상해없음,자전거,남,54세,경상
2013101000100274,2013년 10월 10일 13시,목요일,대구광역시 동구 신천동,중상사고,0,1,0,0,차대사람 - 기타,안전운전불이행,건조,맑음,단일로 - 기타,승용,남,55세,상해없음,보행자,여,76세,중상
2013101000100293,2013년 10월 10일 14시,목요일,대구광역시 달서구 상인동,경상사고,0,0,1,0,차대차 - 기타,안전운전불이행,건조,맑음,교차로 - 교차로부근,승용,남,57세,상해없음,승용,여,49세,경상
2013101000100315,2013년 10월 10일 15시,목요일,대구광역시 달성군 화원읍,경상사고,0,0,1,0,차대차 - 기타,안전운전불이행,건조,맑음,단일로 - 기타,화물,남,52세,상해없음,승용,여,34세,경상
2013101000100348,2013년 10월 10일 16시,목요일,대구광역시 수성구 범어동,경상사고,0,0,1,0,차대사람 - 횡단중,보행자보호의무위반,습기,비,단일로 - 횡단보도상,화물,남,67세,상해없음,보행자,남,23세,경상
2013101000100349,2013년 10월 10일 16시,목요일,대구광역시 수성구 만촌동,경상사고,0,0,1,0,차대차 - 측면직각충돌,안전운전불이행,습기,비,단일로 - 기타,승용,여,46세,상해없음,승용,남,51세,경상
2013101000100350,2013년 10월 10일 16시,목요일,대구광역시 달서구 상인동,경상사고,0,0,1,0,차대사람 - 기타,기타,습기,비,단일로 - 기타,이륜,남,51세,상해없음,보행자,여,61세,경상
2013101000100351,2013년 10월 10일 16시,목요일,대구광역시 달성군 다사읍,경상사고,0,0,1,0,차대차 - 추돌 - 주정차중,안전운전불이행,습기,비,교차로 - 교차로부근,화물,남,52세,상해없음,승용,남,34세,경상
2013101000100379,2013년 10월 10일 17시,목요일,대구광역시 북구 산격동,부상신고사고,0,0,0,1,차대차 - 측면직각충돌,중앙선침범,습기,비,단일로 - 기타,승용,남,50세,상해없음,승용,남,32세,부상신고
2013101000100437,2013년 10월 10일 18시,목요일,대구광역시 동구 불로동,경상사고,0,0,2,0,차대차 - 측면직각충돌,안전거리미확보,습기,비,단일로 - 기타,승용,남,55세,상해없음,승용,남,60세,경상
2013101000100438,2013년 10월 10일 18시,목요일,대구광역시 동구 신천동,경상사고,0,0,1,0,차대차 - 기타,차로위반,건조,맑음,단일로 - 기타,승용,남,24세,상해없음,승용,여,31세,경상
2013101000100439,2013년 10월 10일 18시,목요일,대구광역시 수성구 만촌동,중상사고,0,1,0,0,차대사람 - 횡단중,보행자보호의무위반,습기,비,교차로 - 교차로부근,승용,남,73세,상해없음,보행자,남,62세,중상
2013101000100440,2013년 10월 10일 18시,목요일,대구광역시 달서구 진천동,경상사고,0,0,1,0,차대사람 - 보도통행중,기타,습기,비,단일로 - 기타,승용,여,45세,상해없음,보행자,여,22세,경상
2013101000100441,2013년 10월 10일 18시,목요일,대구광역시 달성군 화원읍,경상사고,0,0,1,0,차대사람 - 횡단중,안전운전불이행,습기,비,교차로 - 교차로부근,승용,남,45세,상해없음,보행자,남,44세,경상
2013101000100442,2013년 10월 10일 18시,목요일,대구광역시 북구 침산동,경상사고,0,0,1,0,차대차 - 기타,안전운전불이행,건조,맑음,단일로 - 기타,승용,남,75세,상해없음,승용,남,23세,경상
2013101000100443,2013년 10월 10일 18시,목요일,대구광역시 서구 비산동,경상사고,0,0,1,0,차대사람 - 기타,안전운전불이행,습기,비,교차로 - 교차로안,승용,남,64세,상해없음,보행자,남,74세,경상
2013101000100444,2013년 10월 10일 18시,목요일,대구광역시 중구 태평로3가,중상사고,0,1,0,0,차량단독 - 기타,기타,습기,비,단일로 - 기타,승합,남,55세,상해없음,,,,
2013101000100445,2013년 10월 10일 18시,목요일,대구광역시 북구 태전동,중상사고,0,1,0,0,차대차 - 측면직각충돌,안전거리미확보,습기,비,단일로 - 기타,승용,남,59세,상해없음,승용,남,66세,상해없음