사고번호,사고일시,요일,시군구,사고내용,사망자수,중상자수,경상자수,부상신고자수,사고유형,법규위반,노면상태,기상상태,도로형태,가해운전자 차종,가해운전자 성별,가해운전자 연령,가해운전자 상해정도,피해운전자 차종,피해운전자 성별,피해운전자 연령,피해운전자 상해정도
2013101000100446,2013년 10월 10일 18시,목요일,대구광역시 북구 동변동,경상사고,0,0,1,0,차대사람 - 횡단중,신호위반,습기,비,단일로 - 횡단보도상,승용,남,50세,상해없음,보행자,여,22세,경상
2013101000100484,2013년 10월 10일 19시,목요일,대구광역시 동구 신암동,중상사고,0,1,0,0,차대사람 - 횡단중,신호위반,습기,비,단일로 - 횡단보도상,승용,여,53세,상해없음,보행자,여,19세,중상
2013101000100485,2013년 10월 10일 19시,목요일,대구광역시 동구 신암동,경상사고,0,0,1,0,차대차 - 추돌 - 주정차중,안전운전불이행,건조,맑음,기타 - 기타,승용,남,32세,상해없음,이륜,남,51세,경상
2013101000100486,2013년 10월 10일 19시,목요일,대구광역시 동구 방촌동,경상사고,0,0,3,0,차대차 - 기타,안전운전불이행,습기,비,교차로 - 교차로부근,승용,남,44세,상해없음,승용,여,43세,경상
2013101000100487,2013년 10월 10일 19시,목요일,대구광역시 중구 달성동,경상사고,0,0,1,0,차대사람 - 기타,안전운전불이행,습기,비,단일로 - 횡단보도부근,승용,남,46세,상해없음,보행자,여,53세,경상
2013101000100525,2013년 10월 10일 20시,목요일,대구광역시 남구 대명동,부상신고사고,0,0,0,1,차대차 - 기타,안전거리미확보,습기,비,단일로 - 기타,이륜,남,17세,부상신고,승용,남,29세,상해없음
2013101000100526,2013년 10월 10일 20시,목요일,대구광역시 서구 평리동,중상사고,0,1,0,0,차대사람 - 횡단중,보행자보호의무위반,습기,비,교차로 - 교차로부근,승용,남,36세,상해없음,보행자,남,53세,중상
2013101000100564,2013년 10월 10일 21시,목요일,대구광역시 남구 대명동,경상사고,0,0,1,0,차대차 - 기타,안전운전불이행,습기,비,단일로 - 기타,이륜,남,18세,상해없음,자전거,남,26세,경상
2013101000100565,2013년 10월 10일 21시,목요일,대구광역시 달서구 본동,중상사고,0,2,0,0,차대차 - 측면직각충돌,안전운전불이행,건조,맑음,단일로 - 기타,승용,남,56세,중상,승용,남,32세,중상
2013101000100566,2013년 10월 10일 21시,목요일,대구광역시 북구 산격동,경상사고,0,0,3,0,차대차 - 추돌 - 진행중,안전거리미확보,습기,비,교차로 - 교차로부근,승용,남,65세,상해없음,승용,남,43세,경상
2013101000100567,2013년 10월 10일 21시,목요일,대구광역시 북구 복현동,경상사고,0,0,1,0,차대차 - 추돌 - 진행중,안전거리미확보,습기,비,교차로 - 교차로부근,승용,남,25세,상해없음,승용,여,36세,경상
2013101000100598,2013년 10월 10일 22시,목요일,대구광역시 남구 대명동,중상사고,0,1,0,0,차대사람 - 기타,안전운전불이행,습기,흐림,단일로 - 기타,승용,여,46세,상해없음,보행자,남,19세,중상
2013101000100599,2013년 10월 10일 22시,목요일,대구광역시 달성군 화원읍,경상사고,0,0,1,0,차대차 - 추돌 - 주정차중,안전운전불이행,건조,맑음,단일로 - 기타,화물,남,54세,상해없음,승합,남,41세,경상
2013101000100600,2013년 10월 10일 22시,목요일,대구광역시 달서구 장동,중상사고,0,1,1,0,차대차 - 기타,안전운전불이행,습기,비,교차로 - 교차로안,승용,여,65세,상해없음,승용,남,60세,중상
2013101000100629,2013년 10월 10일 23시,목요일,대구광역시 동구 방촌동,경상사고,0,0,1,0,차대사람 - 횡단중,안전운전불이행,습기,비,단일로 - 기타,화물,남,65세,상해없음,보행자,남,56세,경상
2013101000100630,2013년 10월 10일 23시,목요일,대구광역시 중구 봉산동,경상사고,0,0,1,0,차대사람 - 기타,안전운전불이행,건조,기타,교차로 - 교차로부근,승용,남,64세,상해없음,보행자,여,21세,경상
2013101100100023,2013년 10월 11일 00시,금요일,대구광역시 남구 봉덕동,경상사고,0,0,1,0,차대차 - 추돌 - 진행중,안전운전불이행,습기,비,교차로 - 교차로안,승용,남,43세,상해없음,승용,남,23세,경상
2013101100100024,2013년 10월 11일 00시,금요일,대구광역시 북구 침산동,중상사고,0,1,0,0,차대차 - 추돌 - 주정차중,안전운전불이행,습기,비,교차로 - 교차로부근,승용,여,48세,상해없음,화물,남,50세,중상
2013101100100042,2013년 10월 11일 01시,금요일,대구광역시 중구 삼덕동1가,경상사고,0,0,1,0,차대사람 - 기타,안전운전불이행,습기,비,단일로 - 기타,승용,남,34세,상해없음,보행자,여,56세,경상
2013101100100059,2013년 10월 11일 02시,금요일,대구광역시 수성구 상동,경상사고,0,0,2,0,차대차 - 측면직각충돌,교차로운행방법위반,건조,맑음,교차로 - 교차로안,기타불명,기타불명,기타불명,기타불명,승용,남,57세,경상
2013101100100071,2013년 10월 11일 03시,금요일,대구광역시 수성구 만촌동,경상사고,0,0,1,0,차대차 - 추돌 - 주정차중,안전운전불이행,건조,맑음,교차로 - 교차로부근,승용,여,35세,상해없음,승용,남,33세,경상
2013101100100082,2013년 10월 11일 04시,금요일,대구광역시 남구 대명동,중상사고,0,1,0,0,차대사람 - 기타,안전운전불이행,건조,맑음,단일로 - 기타,승용,남,33세,상해없음,보행자,여,34세,중상
2013101100100083,2013년 10월 11일 04시,금요일,대구광역시 수성구 황금동,경상사고,0,0,1,0,차대차 - 추돌 - 주정차중,안전운전불이행,건조,맑음,교차로 - 교차로부근,승용,남,26세,상해없음,승용,남,63세,경상
2013101100100103,2013년 10월 11일 05시,금요일,대구광역시 동구 신천동,부상신고사고,0,0,0,1,차대차 - 측면직각충돌,불법유턴,건조,맑음,단일로 - 기타,자전거,남,74세,부상신고,이륜,남,58세,상해없음
2013101100100104,2013년 10월 11일 05시,금요일,대구광역시 동구 방촌동,경상사고,0,0,2,0,차대차 - 기타,안전거리미확보,건조,맑음,단일로 - 기타,화물,남,59세,경상,화물,남,39세,경상
2013101100100140,2013년 10월 11일 07시,금요일,대구광역시 동구 도학동,중상사고,0,1,0,0,차대사람 - 길가장자리구역통행중,안전운전불이행,건조,맑음,단일로 - 기타,승용,남,64세,상해없음,보행자,남,61세,중상
2013101100100141,2013년 10월 11일 07시,금요일,대구광역시 북구 관음동,경상사고,0,0,1,0,차대차 - 추돌 - 진행중,안전운전불이행,건조,맑음,교차로 - 교차로안,승용,남,45세,상해없음,승용,여,32세,경상
2013101100100190,2013년 10월 11일 08시,금요일,대구광역시 남구 대명동,경상사고,0,0,1,0,차대차 - 추돌 - 진행중,안전거리미확보,건조,맑음,교차로 - 교차로안,화물,남,56세,상해없음,승용,남,65세,경상
2013101100100191,2013년 10월 11일 08시,금요일,대구광역시 수성구 가천동,경상사고,0,0,1,0,차대차 - 추돌 - 진행중,안전운전불이행,건조,맑음,단일로 - 기타,승용,여,57세,상해없음,승용,남,40세,경상
2013101100100192,2013년 10월 11일 08시,금요일,대구광역시 수성구 상동,경상사고,0,0,1,0,차대차 - 기타,교차로운행방법위반,건조,맑음,교차로 - 교차로안,승용,남,63세,상해없음,승용,여,36세,경상
2013101100100233,2013년 10월 11일 09시,금요일,대구광역시 서구 평리동,중상사고,0,1,1,0,차대차 - 기타,안전거리미확보,건조,맑음,단일로 - 기타,승용,남,24세,상해없음,승합,여,56세,상해없음
2013101100100254,2013년 10월 11일 10시,금요일,대구광역시 북구 칠성동1가,중상사고,0,1,0,0,차대차 - 측면직각충돌,안전거리미확보,건조,맑음,기타 - 기타,화물,남,41세,상해없음,원동기,여,43세,중상
2013101100100280,2013년 10월 11일 11시,금요일,대구광역시 동구 신기동,경상사고,0,0,1,0,차대차 - 측면직각충돌,안전운전불이행,건조,맑음,교차로 - 교차로안,승용,여,46세,상해없음,원동기,남,19세,경상
2013101100100281,2013년 10월 11일 11시,금요일,대구광역시 수성구 황금동,경상사고,0,0,1,0,차대사람 - 기타,안전운전불이행,건조,맑음,단일로 - 기타,승용,남,64세,상해없음,보행자,여,71세,경상
2013101100100282,2013년 10월 11일 11시,금요일,대구광역시 북구 산격동,사망사고,1,0,0,0,차대차 - 측면직각충돌,교차로운행방법위반,건조,맑음,교차로 - 교차로안,자전거,남,56세,사망,승용,남,32세,상해없음
2013101100100283,2013년 10월 11일 11시,금요일,대구광역시 달서구 호림동,중상사고,0,1,0,0,차대차 - 측면직각충돌,안전운전불이행,건조,맑음,교차로 - 교차로안,승용,여,36세,상해없음,화물,남,47세,중상
2013101100100317,2013년 10월 11일 12시,금요일,대구광역시 동구 신천동,중상사고,0,1,0,0,차대차 - 기타,안전거리미확보,건조,맑음,단일로 - 기타,승용,여,43세,상해없음,승용,여,67세,중상
2013101100100318,2013년 10월 11일 12시,금요일,대구광역시 달서구 감삼동,경상사고,0,0,1,0,차대차 - 측면직각충돌,안전운전불이행,건조,맑음,단일로 - 기타,승용,남,30세,상해없음,승용,남,55세,경상
2013101100100351,2013년 10월 11일 13시,금요일,대구광역시 수성구 만촌동,중상사고,0,1,1,0,차대차 - 기타,안전거리미확보,건조,맑음,단일로 - 기타,승용,남,61세,상해없음,승용,남,51세,경상
2013101100100352,2013년 10월 11일 13시,금요일,대구광역시 달서구 진천동,경상사고,0,0,1,0,차대사람 - 횡단중,보행자보호의무위반,건조,맑음,단일로 - 횡단보도상,화물,남,48세,상해없음,보행자,여,81세,경상
2013101100100353,2013년 10월 11일 13시,금요일,대구광역시 중구 대신동,경상사고,0,0,1,0,차대사람 - 기타,안전운전불이행,건조,맑음,단일로 - 기타,승용,남,57세,상해없음,보행자,남,65세,경상
2013101100100354,2013년 10월 11일 13시,금요일,대구광역시 북구 관음동,부상신고사고,0,0,0,1,차대차 - 기타,안전운전불이행,건조,맑음,단일로 - 기타,자전거,남,77세,부상신고,승용,여,58세,상해없음
2013101100100386,2013년 10월 11일 14시,금요일,대구광역시 동구 신기동,경상사고,0,0,1,0,차대차 - 기타,안전운전불이행,건조,맑음,단일로 - 기타,이륜,남,55세,경상,승합,남,56세,상해없음
2013101100100418,2013년 10월 11일 15시,금요일,대구광역시 남구 봉덕동,경상사고,0,0,3,0,차대차 - 추돌 - 진행중,안전거리미확보,건조,맑음,단일로 - 기타,승용,여,40세,경상,승용,남,42세,상해없음
2013101100100419,2013년 10월 11일 15시,금요일,대구광역시 달서구 상인동,경상사고,0,0,1,0,차대차 - 측면직각충돌,안전운전불이행,건조,맑음,단일로 - 기타,승용,여,49세,상해없음,원동기,남,22세,경상
2013101100100420,2013년 10월 11일 15시,금요일,대구광역시 북구 칠성동1가,중상사고,0,1,0,0,차대차 - 기타,안전운전불이행,건조,맑음,미분류 - 미분류,승용,남,47세,상해없음,승용,남,59세,중상
2013101100100458,2013년 10월 11일 16시,금요일,대구광역시 수성구 수성동1가,경상사고,0,0,1,0,차대차 - 기타,안전운전불이행,건조,맑음,단일로 - 기타,승용,남,44세,상해없음,승용,남,24세,경상
2013101100100459,2013년 10월 11일 16시,금요일,대구광역시 달서구 월성동,경상사고,0,0,1,0,차대차 - 기타,기타,건조,맑음,단일로 - 기타,이륜,여,51세,상해없음,자전거,남,14세,경상
2013101100100543,2013년 10월 11일 18시,금요일,대구광역시 동구 신암동,부상신고사고,0,0,0,1,차대차 - 기타,안전운전불이행,건조,맑음,단일로 - 기타,자전거,남,60세,부상신고,승합,남,42세,상해없음
2013101100100544,2013년 10월 11일 18시,금요일,대구광역시 동구 용계동,중상사고,0,1,0,0,차대사람 - 기타,보행자보호의무위반,습기,맑음,단일로 - 횡단보도상,승용,남,63세,상해없음,보행자,남,57세,중상
2013101100100545,2013년 10월 11일 18시,금요일,대구광역시 수성구 상동,중상사고,0,1,0,0,차대사람 - 횡단중,안전운전불이행,건조,맑음,단일로 - 기타,승용,남,74세,상해없음,보행자,남,46세,중상
2013101100100546,2013년 10월 11일 18시,금요일,대구광역시 달서구 이곡동,중상사고,0,1,0,0,차대차 - 측면직각충돌,안전운전불이행,건조,맑음,교차로 - 교차로부근,자전거,남,18세,중상,승용,남,46세,상해없음
2013101100100583,2013년 10월 11일 19시,금요일,대구광역시 수성구 대흥동,경상사고,0,0,1,0,차대차 - 측면직각충돌,신호위반,건조,맑음,교차로 - 교차로안,승용,남,21세,상해없음,승용,여,27세,경상
2013101100100584,2013년 10월 11일 19시,금요일,대구광역시 달서구 성당동,경상사고,0,0,1,0,차대사람 - 길가장자리구역통행중,안전운전불이행,건조,맑음,단일로 - 기타,승용,남,54세,상해없음,보행자,여,50세,경상
2013101100100615,2013년 10월 11일 20시,금요일,대구광역시 동구 입석동,경상사고,0,0,3,0,차대차 - 추돌 - 진행중,안전거리미확보,건조,맑음,단일로 - 기타,승용,남,57세,상해없음,승용,남,52세,경상
2013101100100616,2013년 10월 11일 20시,금요일,대구광역시 수성구 매호동,중상사고,0,1,0,0,차대사람 - 횡단중,안전운전불이행,건조,맑음,단일로 - 기타,승용,여,49세,상해없음,보행자,남,13세,중상
2013101100100617,2013년 10월 11일 20시,금요일,대구광역시 북구 노원동1가,경상사고,0,0,1,0,차대차 - 추돌 - 주정차중,안전운전불이행,건조,맑음,교차로 - 교차로부근,승용,여,62세,상해없음,승용,남,34세,경상
2013101100100685,2013년 10월 11일 22시,금요일,대구광역시 달서구 본동,중상사고,0,1,1,0,차대차 - 측면직각충돌,직진우회전진행방해,건조,맑음,교차로 - 교차로부근,승용,남,26세,상해없음,승용,남,34세,중상
2013101100100686,2013년 10월 11일 22시,금요일,대구광역시 달서구 두류동,경상사고,0,0,1,0,차대사람 - 보도통행중,기타,건조,맑음,기타 - 기타,승용,남,32세,상해없음,보행자,여,49세,경상
2013101100100709,2013년 10월 11일 23시,금요일,대구광역시 서구 평리동,경상사고,0,0,1,0,차대차 - 추돌 - 진행중,안전운전불이행,건조,맑음,교차로 - 교차로부근,화물,남,66세,상해없음,승용,남,28세,경상
2013101200100016,2013년 10월 12일 00시,토요일,대구광역시 달서구 본동,경상사고,0,0,1,0,차대차 - 정면충돌,중앙선침범,건조,맑음,단일로 - 기타,승용,남,44세,상해없음,승용,남,36세,경상
2013101200100017,2013년 10월 12일 00시,토요일,대구광역시 서구 내당동,중상사고,0,1,1,0,차대차 - 측면직각충돌,직진우회전진행방해,건조,흐림,교차로 - 교차로안,승용,남,52세,상해없음,승용,남,29세,중상
2013101200100036,2013년 10월 12일 01시,토요일,대구광역시 달서구 본리동,경상사고,0,0,1,0,차대차 - 측면직각충돌,안전운전불이행,건조,맑음,단일로 - 기타,승용,남,29세,상해없음,승용,남,45세,경상
2013101200100051,2013년 10월 12일 02시,토요일,대구광역시 수성구 대흥동,중상사고,0,1,0,0,차대차 - 측면직각충돌,안전운전불이행,건조,맑음,단일로 - 기타,이륜,남,16세,상해없음,승용,남,25세,상해없음
2013101200100052,2013년 10월 12일 02시,토요일,대구광역시 달서구 월성동,경상사고,0,0,2,0,차대차 - 추돌 - 주정차중,안전운전불이행,건조,맑음,교차로 - 교차로부근,승용,기타불명,기타불명,기타불명,승용,남,29세,경상
2013101200100097,2013년 10월 12일 05시,토요일,대구광역시 남구 대명동,경상사고,0,0,2,0,차대차 - 측면직각충돌,신호위반,건조,맑음,교차로 - 교차로안,승용,여,18세,상해없음,승용,남,62세,경상
2013101200100121,2013년 10월 12일 06시,토요일,대구광역시 달서구 용산동,중상사고,0,1,0,0,차대차 - 추돌 - 주정차중,안전거리미확보,건조,맑음,단일로 - 기타,승용,남,53세,상해없음,승용,남,27세,중상
2013101200100145,2013년 10월 12일 07시,토요일,대구광역시 북구 산격동,중상사고,0,1,0,0,차대차 - 추돌 - 진행중,안전운전불이행,건조,맑음,단일로 - 기타,승용,남,42세,상해없음,기타불명,남,65세,중상
2013101200100172,2013년 10월 12일 08시,토요일,대구광역시 수성구 범어동,중상사고,0,1,0,0,차대차 - 측면직각충돌,안전운전불이행,건조,맑음,단일로 - 기타,승용,여,39세,상해없음,자전거,여,52세,중상
2013101200100173,2013년 10월 12일 08시,토요일,대구광역시 북구 칠성동1가,중상사고,0,1,0,0,차대차 - 기타,안전운전불이행,건조,맑음,단일로 - 기타,승용,남,61세,상해없음,자전거,남,11세,중상
2013101200100174,2013년 10월 12일 08시,토요일,대구광역시 북구 학정동,부상신고사고,0,0,0,1,차량단독 - 전도전복,안전운전불이행,건조,맑음,단일로 - 기타,원동기,남,21세,부상신고,,,,
2013101200100205,2013년 10월 12일 09시,토요일,대구광역시 달서구 죽전동,경상사고,0,0,1,0,차대사람 - 기타,안전운전불이행,건조,맑음,단일로 - 기타,승용,여,47세,상해없음,보행자,남,33세,경상
2013101200100230,2013년 10월 12일 10시,토요일,대구광역시 수성구 범물동,경상사고,0,0,1,0,차대차 - 기타,중앙선침범,건조,맑음,단일로 - 기타,승용,남,23세,기타불명,승용,여,33세,경상
2013101200100231,2013년 10월 12일 10시,토요일,대구광역시 북구 복현동,부상신고사고,0,0,0,1,차대사람 - 기타,안전운전불이행,건조,맑음,단일로 - 기타,승용,여,49세,기타불명,보행자,남,59세,부상신고
2013101200100260,2013년 10월 12일 11시,토요일,대구광역시 남구 대명동,경상사고,0,0,1,0,차대차 - 기타,안전운전불이행,건조,맑음,단일로 - 기타,승합,남,57세,상해없음,승용,남,32세,경상
2013101200100261,2013년 10월 12일 11시,토요일,대구광역시 남구 이천동,경상사고,0,0,1,0,차량단독 - 기타,안전운전불이행,건조,맑음,단일로 - 기타,승합,남,52세,상해없음,,,,
2013101200100262,2013년 10월 12일 11시,토요일,대구광역시 수성구 범물동,중상사고,0,1,0,0,차대사람 - 횡단중,보행자보호의무위반,건조,맑음,단일로 - 횡단보도상,승용,남,60세,상해없음,보행자,여,11세,중상
2013101200100263,2013년 10월 12일 11시,토요일,대구광역시 서구 이현동,중상사고,0,1,0,0,차량단독 - 기타,안전운전불이행,건조,맑음,단일로 - 기타,자전거,남,43세,중상,,,,
2013101200100299,2013년 10월 12일 12시,토요일,대구광역시 달서구 본동,경상사고,0,0,1,0,차대차 - 기타,안전운전불이행,건조,맑음,교차로 - 교차로안,승용,여,54세,상해없음,승용,남,64세,경상
2013101200100323,2013년 10월 12일 13시,토요일,대구광역시 북구 침산동,중상사고,0,1,0,0,차대차 - 기타,교차로운행방법위반,건조,맑음,단일로 - 기타,이륜,남,75세,중상,승용,남,61세,상해없음
2013101200100324,2013년 10월 12일 13시,토요일,대구광역시 북구 서변동,경상사고,0,0,1,0,차량단독 - 공작물충돌,안전운전불이행,건조,맑음,단일로 - 기타,승용,남,60세,상해없음,,,,
2013101200100368,2013년 10월 12일 14시,토요일,대구광역시 수성구 지산동,중상사고,0,1,0,0,차대사람 - 보도통행중,보행자보호의무위반,건조,맑음,단일로 - 기타,승용,남,27세,상해없음,보행자,남,13세,중상
2013101200100369,2013년 10월 12일 14시,토요일,대구광역시 북구 침산동,경상사고,0,0,2,0,차대차 - 추돌 - 주정차중,안전운전불이행,건조,맑음,단일로 - 기타,승용,여,55세,상해없음,승용,남,55세,경상
2013101200100370,2013년 10월 12일 14시,토요일,대구광역시 달서구 두류동,경상사고,0,0,1,0,차대사람 - 차도통행중,안전운전불이행,건조,맑음,단일로 - 기타,승용,여,56세,상해없음,보행자,남,12세,경상
2013101200100415,2013년 10월 12일 15시,토요일,대구광역시 중구 대신동,경상사고,0,0,3,0,차대차 - 기타,안전운전불이행,건조,맑음,단일로 - 기타,승용,남,48세,상해없음,승용,여,31세,경상
2013101200100455,2013년 10월 12일 16시,토요일,대구광역시 달서구 송현동,경상사고,0,0,1,0,차대차 - 추돌 - 주정차중,안전운전불이행,건조,맑음,단일로 - 기타,자전거,남,21세,경상,승용,여,52세,기타불명
2013101200100488,2013년 10월 12일 17시,토요일,대구광역시 중구 동인동4가,경상사고,0,0,2,0,차대차 - 추돌 - 진행중,안전거리미확보,건조,맑음,단일로 - 기타,승용,남,57세,상해없음,승용,여,53세,경상
2013101200100489,2013년 10월 12일 17시,토요일,대구광역시 북구 태전동,경상사고,0,0,1,0,차대차 - 추돌 - 진행중,안전운전불이행,건조,맑음,단일로 - 기타,승용,남,29세,상해없음,승용,남,47세,경상
2013101200100517,2013년 10월 12일 18시,토요일,대구광역시 북구 노곡동,중상사고,0,1,7,0,차대차 - 추돌 - 진행중,안전운전불이행,건조,맑음,단일로 - 기타,승합,남,52세,상해없음,승용,남,68세,경상
2013101200100525,2013년 10월 12일 18시,토요일,대구광역시 동구 신천동,경상사고,0,0,2,1,차대차 - 기타,신호위반,건조,맑음,교차로 - 교차로안,승용,남,63세,상해없음,승용,남,32세,경상
2013101200100526,2013년 10월 12일 18시,토요일,대구광역시 달서구 본동,경상사고,0,0,1,0,차대사람 - 기타,안전운전불이행,건조,맑음,단일로 - 기타,승용,남,38세,상해없음,보행자,여,9세,경상
2013101200100527,2013년 10월 12일 18시,토요일,대구광역시 달성군 다사읍,중상사고,0,1,1,0,차대사람 - 기타,안전운전불이행,건조,맑음,교차로 - 교차로안,승용,여,36세,상해없음,보행자,여,34세,중상
2013101200100528,2013년 10월 12일 18시,토요일,대구광역시 북구 관음동,중상사고,0,1,0,0,차대사람 - 횡단중,안전운전불이행,건조,맑음,단일로 - 기타,승용,남,54세,상해없음,보행자,남,38세,중상
2013101200100580,2013년 10월 12일 19시,토요일,대구광역시 동구 입석동,중상사고,0,1,0,0,차대차 - 기타,안전운전불이행,건조,맑음,단일로 - 기타,승용,남,32세,상해없음,자전거,남,53세,중상
2013101200100581,2013년 10월 12일 19시,토요일,대구광역시 북구 산격동,경상사고,0,0,1,0,차대차 - 측면직각충돌,기타,건조,맑음,교차로 - 교차로부근,승용,남,43세,상해없음,이륜,남,32세,경상
2013101200100582,2013년 10월 12일 19시,토요일,대구광역시 달서구 용산동,경상사고,0,0,1,0,차대차 - 기타,안전운전불이행,건조,맑음,교차로 - 교차로부근,승용,남,51세,상해없음,이륜,여,43세,기타불명
2013101200100617,2013년 10월 12일 20시,토요일,대구광역시 남구 봉덕동,경상사고,0,0,2,0,차대차 - 측면직각충돌,안전운전불이행,건조,맑음,교차로 - 교차로부근,승용,여,30세,상해없음,승용,여,58세,상해없음
2013101200100618,2013년 10월 12일 20시,토요일,대구광역시 달서구 신당동,중상사고,0,1,0,0,차대차 - 정면충돌,신호위반,건조,맑음,교차로 - 교차로안,승용,여,43세,상해없음,원동기,남,17세,중상
2013101200100653,2013년 10월 12일 21시,토요일,대구광역시 동구 신천동,경상사고,0,0,1,0,차대차 - 기타,안전거리미확보,건조,맑음,단일로 - 기타,승용,남,31세,상해없음,승용,남,71세,경상
2013101200100654,2013년 10월 12일 21시,토요일,대구광역시 서구 비산동,경상사고,0,0,1,0,차대차 - 측면직각충돌,안전거리미확보,건조,맑음,단일로 - 기타,승용,남,47세,상해없음,승용,남,27세,경상
2013101200100655,2013년 10월 12일 21시,토요일,대구광역시 달서구 이곡동,경상사고,0,0,1,0,차대차 - 추돌 - 주정차중,안전운전불이행,건조,맑음,교차로 - 교차로부근,승합,남,50세,상해없음,승용,남,41세,경상
2013101200100656,2013년 10월 12일 21시,토요일,대구광역시 달서구 죽전동,경상사고,0,0,1,1,차대차 - 측면직각충돌,불법유턴,건조,맑음,단일로 - 횡단보도상,이륜,남,16세,부상신고,승용,남,58세,상해없음
2013101200100681,2013년 10월 12일 22시,토요일,대구광역시 동구 방촌동,경상사고,0,0,1,0,차대사람 - 기타,안전운전불이행,건조,맑음,단일로 - 기타,원동기,남,42세,상해없음,보행자,남,38세,경상
2013101200100682,2013년 10월 12일 22시,토요일,대구광역시 달서구 상인동,중상사고,0,1,0,0,차대차 - 측면직각충돌,신호위반,건조,맑음,교차로 - 교차로안,이륜,남,17세,중상,승용,남,49세,상해없음
2013101200100708,2013년 10월 12일 23시,토요일,대구광역시 달성군 논공읍,중상사고,0,1,0,0,차대사람 - 기타,안전운전불이행,건조,맑음,교차로 - 교차로안,승용,남,26세,상해없음,보행자,남,43세,중상
2013101300100045,2013년 10월 13일 01시,일요일,대구광역시 서구 평리동,경상사고,0,0,1,0,차대차 - 추돌 - 주정차중,안전운전불이행,건조,맑음,단일로 - 기타,승용,여,44세,상해없음,승용,남,37세,경상
2013101300100061,2013년 10월 13일 02시,일요일,대구광역시 남구 대명동,경상사고,0,0,2,0,차대차 - 추돌 - 주정차중,안전운전불이행,건조,맑음,단일로 - 기타,승용,남,28세,상해없음,승용,남,55세,경상
2013101300100110,2013년 10월 13일 06시,일요일,대구광역시 수성구 매호동,중상사고,0,1,0,0,차대사람 - 기타,안전운전불이행,건조,맑음,단일로 - 기타,승용,여,32세,상해없음,보행자,여,45세,중상
2013101300100125,2013년 10월 13일 07시,일요일,대구광역시 수성구 황금동,경상사고,0,0,7,0,차대차 - 추돌 - 진행중,안전운전불이행,건조,맑음,교차로 - 교차로부근,승용,여,33세,상해없음,승용,여,25세,경상
2013101300100126,2013년 10월 13일 07시,일요일,대구광역시 달성군 하빈면,중상사고,0,1,0,0,차량단독 - 공작물충돌,안전운전불이행,습기,안개,교차로 - 교차로안,승용,남,32세,중상,,,,
2013101300100142,2013년 10월 13일 08시,일요일,대구광역시 중구 삼덕동2가,경상사고,0,0,4,0,차대차 - 기타,안전운전불이행,건조,맑음,단일로 - 기타,승용,남,28세,상해없음,승용,남,24세,경상
2013101300100182,2013년 10월 13일 10시,일요일,대구광역시 수성구 신매동,중상사고,0,1,1,0,차대차 - 측면직각충돌,신호위반,건조,맑음,교차로 - 교차로부근,화물,남,66세,상해없음,승용,여,22세,경상
2013101300100183,2013년 10월 13일 10시,일요일,대구광역시 수성구 상동,경상사고,0,0,1,0,차대차 - 추돌 - 주정차중,안전운전불이행,건조,맑음,단일로 - 기타,기타불명,기타불명,기타불명,기타불명,승용,여,63세,경상
2013101300100184,2013년 10월 13일 10시,일요일,대구광역시 달서구 죽전동,사망사고,1,0,0,0,차대차 - 기타,안전운전불이행,건조,맑음,단일로 - 횡단보도상,자전거,남,84세,사망,승용,남,47세,상해없음
2013101300100203,2013년 10월 13일 11시,일요일,대구광역시 달성군 옥포면,중상사고,0,3,0,0,차대차 - 측면직각충돌,신호위반,건조,맑음,교차로 - 교차로안,이륜,남,60세,중상,승용,남,44세,중상
2013101300100223,2013년 10월 13일 12시,일요일,대구광역시 서구 내당동,부상신고사고,0,0,0,1,차대차 - 측면직각충돌,안전거리미확보,건조,맑음,단일로 - 기타,승용,남,48세,상해없음,이륜,남,71세,부상신고
2013101300100248,2013년 10월 13일 13시,일요일,대구광역시 중구 삼덕동2가,경상사고,0,0,1,0,차대차 - 기타,안전운전불이행,건조,맑음,단일로 - 기타,승용,남,69세,상해없음,승용,남,42세,경상
2013101300100275,2013년 10월 13일 14시,일요일,대구광역시 동구 방촌동,경상사고,0,0,2,0,차대차 - 기타,안전운전불이행,건조,맑음,단일로 - 기타,화물,남,40세,상해없음,승용,남,30세,경상
2013101300100276,2013년 10월 13일 14시,일요일,대구광역시 동구 신암동,경상사고,0,0,2,0,차대차 - 기타,안전거리미확보,건조,맑음,단일로 - 교량,승용,남,52세,상해없음,승용,남,50세,경상
2013101300100277,2013년 10월 13일 14시,일요일,대구광역시 수성구 두산동,경상사고,0,0,1,0,차대차 - 기타,교차로운행방법위반,건조,맑음,교차로 - 교차로안,이륜,남,21세,상해없음,자전거,남,12세,경상
2013101300100278,2013년 10월 13일 14시,일요일,대구광역시 북구 칠성동1가,경상사고,0,0,3,0,차대차 - 추돌 - 주정차중,안전운전불이행,건조,맑음,교차로 - 교차로부근,승용,남,57세,상해없음,승용,남,32세,경상
2013101300100279,2013년 10월 13일 14시,일요일,대구광역시 중구 동성로3가,경상사고,0,0,1,0,차대사람 - 기타,안전운전불이행,건조,맑음,단일로 - 기타,이륜,남,28세,상해없음,보행자,남,38세,상해없음