사고번호,사고일시,요일,시군구,사고내용,사망자수,중상자수,경상자수,부상신고자수,사고유형,법규위반,노면상태,기상상태,도로형태,가해운전자 차종,가해운전자 성별,가해운전자 연령,가해운전자 상해정도,피해운전자 차종,피해운전자 성별,피해운전자 연령,피해운전자 상해정도
2013101300100309,2013년 10월 13일 15시,일요일,대구광역시 동구 효목동,경상사고,0,0,1,0,차대차 - 추돌 - 진행중,안전거리미확보,건조,맑음,단일로 - 기타,화물,여,64세,상해없음,승용,남,26세,경상
2013101300100310,2013년 10월 13일 15시,일요일,대구광역시 달성군 가창면,중상사고,0,1,0,0,차대사람 - 기타,안전운전불이행,건조,맑음,단일로 - 기타,승용,남,81세,상해없음,보행자,남,79세,중상
2013101300100352,2013년 10월 13일 17시,일요일,대구광역시 동구 백안동,경상사고,0,0,1,0,차대차 - 기타,안전운전불이행,건조,맑음,단일로 - 기타,승용,남,47세,상해없음,승용,남,23세,경상
2013101300100353,2013년 10월 13일 17시,일요일,대구광역시 수성구 만촌동,중상사고,0,1,0,0,차대사람 - 기타,보행자보호의무위반,건조,맑음,단일로 - 횡단보도상,승용,여,59세,상해없음,보행자,남,58세,중상
2013101300100354,2013년 10월 13일 17시,일요일,대구광역시 북구 팔달동,경상사고,0,0,1,0,차대차 - 추돌 - 진행중,안전운전불이행,건조,맑음,단일로 - 횡단보도부근,승용,남,48세,상해없음,자전거,남,70세,경상
2013101300100391,2013년 10월 13일 18시,일요일,대구광역시 달서구 대곡동,경상사고,0,0,3,0,차대차 - 추돌 - 진행중,안전거리미확보,건조,맑음,단일로 - 기타,승용,남,34세,상해없음,승용,여,49세,경상
2013101300100392,2013년 10월 13일 18시,일요일,대구광역시 달서구 상인동,경상사고,0,0,1,0,차대사람 - 기타,안전운전불이행,건조,맑음,기타 - 기타,승용,여,51세,상해없음,보행자,남,23세,경상
2013101300100393,2013년 10월 13일 18시,일요일,대구광역시 달서구 신당동,경상사고,0,0,2,0,차대차 - 기타,안전운전불이행,건조,맑음,교차로 - 교차로안,승용,남,52세,상해없음,승용,남,23세,경상
2013101300100442,2013년 10월 13일 20시,일요일,대구광역시 달서구 진천동,경상사고,0,0,1,0,차대차 - 정면충돌,신호위반,건조,맑음,단일로 - 횡단보도상,승용,남,64세,상해없음,자전거,남,23세,경상
2013101300100443,2013년 10월 13일 20시,일요일,대구광역시 서구 내당동,경상사고,0,0,3,0,차대차 - 추돌 - 주정차중,안전운전불이행,건조,맑음,교차로 - 교차로부근,승용,남,50세,상해없음,승용,남,30세,경상
2013101300100463,2013년 10월 13일 21시,일요일,대구광역시 동구 율하동,경상사고,0,0,1,0,차대차 - 측면직각충돌,안전운전불이행,건조,맑음,교차로 - 교차로안,이륜,남,41세,경상,승용,남,63세,상해없음
2013101300100487,2013년 10월 13일 22시,일요일,대구광역시 달서구 송현동,중상사고,0,1,0,0,차대차 - 추돌 - 진행중,안전거리미확보,건조,맑음,단일로 - 기타,이륜,남,17세,상해없음,승용,여,28세,상해없음
2013101300100498,2013년 10월 13일 23시,일요일,대구광역시 동구 방촌동,경상사고,0,0,1,0,차대사람 - 길가장자리구역통행중,안전운전불이행,건조,맑음,단일로 - 기타,승용,남,23세,상해없음,보행자,남,50세,경상
2013101300100499,2013년 10월 13일 23시,일요일,대구광역시 서구 내당동,중상사고,0,1,0,0,차대사람 - 횡단중,안전운전불이행,건조,맑음,단일로 - 기타,승용,남,49세,상해없음,보행자,남,49세,중상
2013101400100044,2013년 10월 14일 05시,월요일,대구광역시 동구 신암동,경상사고,0,0,1,1,차대차 - 측면직각충돌,신호위반,건조,맑음,교차로 - 교차로안,승용,여,62세,부상신고,화물,남,59세,경상
2013101400100045,2013년 10월 14일 05시,월요일,대구광역시 동구 지저동,경상사고,0,0,1,0,차대차 - 측면직각충돌,교차로운행방법위반,건조,맑음,교차로 - 교차로안,승용,여,44세,상해없음,승용,남,63세,경상
2013101400100046,2013년 10월 14일 05시,월요일,대구광역시 북구 노원동1가,경상사고,0,0,1,0,차대차 - 추돌 - 진행중,차로위반,건조,맑음,단일로 - 기타,화물,남,53세,상해없음,화물,남,54세,경상
2013101400100090,2013년 10월 14일 07시,월요일,대구광역시 동구 지묘동,경상사고,0,0,1,0,차대차 - 정면충돌,중앙선침범,건조,맑음,단일로 - 기타,승용,남,32세,상해없음,승용,남,40세,경상
2013101400100091,2013년 10월 14일 07시,월요일,대구광역시 달서구 월성동,경상사고,0,0,6,0,차대차 - 기타,안전운전불이행,건조,맑음,교차로 - 교차로부근,승용,여,68세,상해없음,승용,남,30세,경상
2013101400100092,2013년 10월 14일 07시,월요일,대구광역시 달서구 용산동,경상사고,0,0,1,1,차대차 - 측면직각충돌,안전거리미확보,건조,맑음,단일로 - 기타,화물,남,58세,부상신고,승용,여,66세,경상
2013101400100138,2013년 10월 14일 08시,월요일,대구광역시 남구 대명동,경상사고,0,0,1,0,차대차 - 추돌 - 진행중,안전운전불이행,건조,맑음,교차로 - 교차로부근,승용,남,47세,상해없음,자전거,남,40세,경상
2013101400100139,2013년 10월 14일 08시,월요일,대구광역시 동구 동호동,경상사고,0,0,1,0,차대차 - 추돌 - 주정차중,안전운전불이행,건조,맑음,교차로 - 교차로부근,승합,남,41세,상해없음,승용,여,44세,경상
2013101400100140,2013년 10월 14일 08시,월요일,대구광역시 달서구 용산동,부상신고사고,0,0,0,1,차대차 - 측면직각충돌,안전운전불이행,건조,맑음,교차로 - 교차로부근,승용,남,45세,부상신고,승용,남,42세,상해없음
2013101400100141,2013년 10월 14일 08시,월요일,대구광역시 북구 서변동,중상사고,0,1,0,0,차대사람 - 횡단중,안전운전불이행,건조,맑음,교차로 - 교차로부근,승합,남,61세,상해없음,보행자,여,73세,중상
2013101400100179,2013년 10월 14일 09시,월요일,대구광역시 동구 신천동,중상사고,0,1,0,0,차대사람 - 횡단중,안전운전불이행,건조,맑음,교차로 - 교차로안,승용,남,36세,상해없음,보행자,남,59세,중상
2013101400100180,2013년 10월 14일 09시,월요일,대구광역시 달서구 유천동,경상사고,0,0,1,0,차대차 - 추돌 - 진행중,안전운전불이행,건조,맑음,단일로 - 기타,승용,남,56세,상해없음,화물,남,52세,경상
2013101400100181,2013년 10월 14일 09시,월요일,대구광역시 달성군 다사읍,경상사고,0,0,3,0,차대차 - 기타,안전운전불이행,건조,맑음,교차로 - 교차로안,승용,여,54세,상해없음,승용,남,37세,경상
2013101400100182,2013년 10월 14일 09시,월요일,대구광역시 북구 고성동1가,중상사고,0,1,0,0,차대차 - 측면직각충돌,안전운전불이행,건조,맑음,기타 - 기타,승용,남,75세,상해없음,자전거,남,66세,중상
2013101400100234,2013년 10월 14일 11시,월요일,대구광역시 동구 검사동,경상사고,0,0,2,1,차대차 - 추돌 - 진행중,안전운전불이행,건조,맑음,교차로 - 교차로안,승용,남,53세,경상,화물,남,24세,부상신고
2013101400100235,2013년 10월 14일 11시,월요일,대구광역시 수성구 신매동,경상사고,0,0,1,0,차대차 - 측면직각충돌,안전운전불이행,건조,맑음,교차로 - 교차로안,승용,남,43세,상해없음,자전거,남,16세,경상
2013101400100269,2013년 10월 14일 12시,월요일,대구광역시 중구 삼덕동2가,경상사고,0,0,1,0,차대차 - 기타,안전운전불이행,건조,맑음,단일로 - 기타,승용,여,50세,상해없음,승용,여,37세,경상
2013101400100270,2013년 10월 14일 12시,월요일,대구광역시 달서구 용산동,경상사고,0,0,1,0,차대차 - 측면직각충돌,안전운전불이행,건조,맑음,단일로 - 기타,승용,남,48세,상해없음,승용,남,38세,경상
2013101400100295,2013년 10월 14일 13시,월요일,대구광역시 수성구 대흥동,경상사고,0,0,1,0,차대차 - 측면직각충돌,안전거리미확보,건조,맑음,단일로 - 기타,건설기계,남,51세,상해없음,승용,남,26세,경상
2013101400100296,2013년 10월 14일 13시,월요일,대구광역시 수성구 두산동,중상사고,0,1,0,0,차대사람 - 보도통행중,보행자보호의무위반,건조,맑음,단일로 - 횡단보도상,승합,여,42세,상해없음,보행자,여,82세,중상
2013101400100297,2013년 10월 14일 13시,월요일,대구광역시 달성군 화원읍,경상사고,0,0,1,0,차대차 - 기타,신호위반,건조,맑음,교차로 - 교차로안,승용,남,37세,기타불명,승용,남,38세,경상
2013101400100326,2013년 10월 14일 14시,월요일,대구광역시 북구 노원동1가,부상신고사고,0,0,0,1,차대차 - 측면직각충돌,안전운전불이행,건조,맑음,단일로 - 기타,화물,기타불명,기타불명,기타불명,자전거,남,43세,부상신고
2013101400100327,2013년 10월 14일 14시,월요일,대구광역시 중구 동인동3가,경상사고,0,0,1,0,차대차 - 측면직각충돌,안전거리미확보,건조,맑음,단일로 - 기타,승용,여,57세,상해없음,화물,남,33세,경상
2013101400100378,2013년 10월 14일 15시,월요일,대구광역시 수성구 황금동,중상사고,0,1,0,0,차대차 - 기타,안전운전불이행,건조,맑음,단일로 - 기타,승용,여,43세,상해없음,자전거,남,78세,중상
2013101400100379,2013년 10월 14일 15시,월요일,대구광역시 수성구 범어동,경상사고,0,0,2,0,차대차 - 측면직각충돌,안전운전불이행,건조,맑음,단일로 - 기타,승용,여,55세,상해없음,승용,여,35세,경상
2013101400100380,2013년 10월 14일 15시,월요일,대구광역시 달성군 화원읍,경상사고,0,0,1,0,차대차 - 측면직각충돌,안전운전불이행,건조,맑음,단일로 - 기타,자전거,여,52세,경상,승용,여,54세,상해없음
2013101400100381,2013년 10월 14일 15시,월요일,대구광역시 달서구 본리동,중상사고,0,1,0,0,차대차 - 측면직각충돌,신호위반,건조,맑음,교차로 - 교차로안,승용,남,40세,상해없음,이륜,남,74세,중상
2013101400100382,2013년 10월 14일 15시,월요일,대구광역시 북구 태전동,중상사고,0,1,0,0,차대차 - 추돌 - 진행중,안전운전불이행,건조,맑음,기타 - 기타,승합,남,60세,상해없음,승용,남,47세,중상
2013101400100414,2013년 10월 14일 16시,월요일,대구광역시 달서구 본동,경상사고,0,0,1,0,차대차 - 기타,안전운전불이행,건조,맑음,단일로 - 기타,이륜,남,17세,상해없음,화물,남,67세,상해없음
2013101400100415,2013년 10월 14일 16시,월요일,대구광역시 중구 봉산동,중상사고,0,1,0,0,차대차 - 기타,안전운전불이행,건조,맑음,단일로 - 기타,승용,남,31세,상해없음,이륜,남,17세,중상
2013101400100454,2013년 10월 14일 17시,월요일,대구광역시 수성구 중동,중상사고,0,1,0,0,차대사람 - 횡단중,보행자보호의무위반,건조,맑음,단일로 - 횡단보도상,승용,남,44세,상해없음,보행자,여,68세,중상
2013101400100455,2013년 10월 14일 17시,월요일,대구광역시 달성군 유가면,경상사고,0,0,1,0,차량단독 - 공작물충돌,안전운전불이행,건조,맑음,단일로 - 기타,승용,여,44세,경상,,,,
2013101400100519,2013년 10월 14일 18시,월요일,대구광역시 동구 불로동,중상사고,0,1,0,0,차대차 - 측면직각충돌,교차로운행방법위반,건조,맑음,교차로 - 교차로안,승용,남,55세,상해없음,승용,여,44세,중상
2013101400100520,2013년 10월 14일 18시,월요일,대구광역시 서구 이현동,중상사고,0,1,0,0,차대차 - 측면직각충돌,교차로운행방법위반,건조,맑음,교차로 - 교차로부근,화물,남,51세,기타불명,이륜,남,54세,중상
2013101400100569,2013년 10월 14일 19시,월요일,대구광역시 수성구 만촌동,경상사고,0,0,1,0,차대차 - 추돌 - 주정차중,안전운전불이행,건조,맑음,단일로 - 기타,승용,남,54세,상해없음,승용,여,42세,경상
2013101400100570,2013년 10월 14일 19시,월요일,대구광역시 수성구 범물동,경상사고,0,0,1,0,차대차 - 기타,중앙선침범,건조,맑음,단일로 - 기타,승용,남,41세,상해없음,승용,남,46세,경상
2013101400100571,2013년 10월 14일 19시,월요일,대구광역시 달서구 대천동,중상사고,0,1,2,1,차대차 - 추돌 - 주정차중,안전거리미확보,건조,맑음,단일로 - 기타,건설기계,남,39세,상해없음,승용,남,28세,경상
2013101400100572,2013년 10월 14일 19시,월요일,대구광역시 서구 비산동,중상사고,0,1,0,0,차대차 - 측면직각충돌,신호위반,건조,맑음,단일로 - 횡단보도상,승용,여,60세,상해없음,원동기,남,41세,중상
2013101400100605,2013년 10월 14일 20시,월요일,대구광역시 북구 구암동,부상신고사고,0,0,0,1,차대차 - 측면직각충돌,기타,건조,맑음,단일로 - 기타,원동기,남,17세,부상신고,화물,남,50세,상해없음
2013101400100630,2013년 10월 14일 21시,월요일,대구광역시 수성구 수성동2가,경상사고,0,0,1,0,차대차 - 추돌 - 주정차중,안전운전불이행,건조,맑음,단일로 - 기타,화물,남,53세,상해없음,승용,남,28세,경상
2013101400100686,2013년 10월 14일 23시,월요일,대구광역시 수성구 상동,경상사고,0,0,2,0,차대차 - 추돌 - 주정차중,안전운전불이행,건조,맑음,교차로 - 교차로부근,승용,남,53세,상해없음,승용,남,43세,상해없음
2013101500100032,2013년 10월 15일 02시,화요일,대구광역시 북구 침산동,중상사고,0,4,0,1,차대차 - 측면직각충돌,신호위반,건조,맑음,교차로 - 교차로안,화물,남,33세,부상신고,승용,남,24세,중상
2013101500100054,2013년 10월 15일 05시,화요일,대구광역시 달서구 상인동,중상사고,0,1,0,0,차대사람 - 횡단중,중앙선침범,건조,맑음,교차로 - 교차로부근,승합,남,46세,상해없음,보행자,남,58세,중상
2013101500100067,2013년 10월 15일 06시,화요일,대구광역시 서구 비산동,경상사고,0,0,2,0,차대차 - 측면직각충돌,신호위반,건조,맑음,교차로 - 교차로안,승용,남,40세,상해없음,승용,남,59세,경상
2013101500100086,2013년 10월 15일 07시,화요일,대구광역시 달성군 다사읍,중상사고,0,1,1,0,차대차 - 측면직각충돌,안전운전불이행,건조,맑음,교차로 - 교차로안,승용,남,27세,상해없음,승합,남,44세,상해없음
2013101500100087,2013년 10월 15일 07시,화요일,대구광역시 서구 내당동,경상사고,0,0,1,0,차대사람 - 횡단중,보행자보호의무위반,건조,맑음,단일로 - 횡단보도상,원동기,남,47세,상해없음,보행자,여,15세,경상
2013101500100115,2013년 10월 15일 08시,화요일,대구광역시 달서구 진천동,경상사고,0,0,1,0,차대차 - 측면직각충돌,안전운전불이행,건조,맑음,단일로 - 기타,승용,여,39세,상해없음,자전거,여,71세,경상
2013101500100189,2013년 10월 15일 11시,화요일,대구광역시 수성구 수성동1가,중상사고,0,1,0,0,차대차 - 측면직각충돌,안전운전불이행,건조,맑음,교차로 - 교차로부근,승용,여,52세,상해없음,이륜,남,33세,중상
2013101500100190,2013년 10월 15일 11시,화요일,대구광역시 달성군 하빈면,경상사고,0,0,1,0,차대차 - 기타,중앙선침범,건조,맑음,단일로 - 기타,건설기계,남,65세,상해없음,승용,남,53세,경상
2013101500100191,2013년 10월 15일 11시,화요일,대구광역시 서구 원대동1가,중상사고,0,1,0,0,차대사람 - 차도통행중,안전운전불이행,건조,맑음,교차로 - 교차로부근,화물,남,62세,상해없음,보행자,남,62세,중상
2013101500100192,2013년 10월 15일 11시,화요일,대구광역시 북구 매천동,경상사고,0,0,1,0,차대차 - 측면직각충돌,차로위반,건조,맑음,단일로 - 기타,화물,남,76세,상해없음,승용,여,52세,경상
2013101500100212,2013년 10월 15일 12시,화요일,대구광역시 북구 산격동,경상사고,0,0,1,0,차대차 - 측면직각충돌,안전거리미확보,건조,맑음,단일로 - 기타,승용,여,38세,상해없음,원동기,남,30세,경상
2013101500100213,2013년 10월 15일 12시,화요일,대구광역시 북구 서변동,경상사고,0,0,2,3,차대차 - 기타,안전운전불이행,건조,흐림,단일로 - 기타,승용,남,51세,상해없음,승합,남,52세,경상
2013101500100245,2013년 10월 15일 13시,화요일,대구광역시 수성구 범어동,경상사고,0,0,1,0,차대차 - 측면직각충돌,안전운전불이행,건조,맑음,교차로 - 교차로부근,승용,기타불명,기타불명,기타불명,승용,남,32세,경상
2013101500100246,2013년 10월 15일 13시,화요일,대구광역시 수성구 만촌동,중상사고,0,1,0,0,차대차 - 측면직각충돌,안전운전불이행,건조,맑음,교차로 - 교차로안,승용,여,51세,상해없음,자전거,여,52세,중상
2013101500100247,2013년 10월 15일 13시,화요일,대구광역시 달서구 진천동,경상사고,0,0,1,0,차대사람 - 횡단중,신호위반,건조,흐림,단일로 - 횡단보도상,승용,남,50세,상해없음,보행자,여,8세,경상
2013101500100277,2013년 10월 15일 14시,화요일,대구광역시 달성군 옥포면,중상사고,0,1,0,0,차량단독 - 공작물충돌,안전운전불이행,건조,맑음,단일로 - 기타,승용,남,58세,중상,,,,
2013101500100278,2013년 10월 15일 14시,화요일,대구광역시 중구 삼덕동3가,경상사고,0,0,1,0,차대차 - 측면직각충돌,안전거리미확보,건조,맑음,단일로 - 기타,승용,여,59세,상해없음,승용,남,30세,상해없음
2013101500100279,2013년 10월 15일 14시,화요일,대구광역시 중구 계산동1가,중상사고,0,3,0,0,차대차 - 추돌 - 주정차중,중앙선침범,건조,맑음,단일로 - 기타,승용,남,70세,상해없음,승용,남,49세,상해없음
2013101500100303,2013년 10월 15일 15시,화요일,대구광역시 달서구 갈산동,경상사고,0,0,1,0,차대차 - 측면직각충돌,안전운전불이행,건조,맑음,단일로 - 기타,승용,남,59세,상해없음,원동기,남,34세,경상
2013101500100304,2013년 10월 15일 15시,화요일,대구광역시 달서구 대곡동,경상사고,0,0,1,0,차대사람 - 횡단중,안전운전불이행,건조,맑음,단일로 - 기타,승용,남,48세,상해없음,보행자,남,12세,경상
2013101500100305,2013년 10월 15일 15시,화요일,대구광역시 달서구 도원동,경상사고,0,0,1,0,차대차 - 측면직각충돌,교차로운행방법위반,건조,맑음,교차로 - 교차로안,승용,남,32세,기타불명,자전거,여,7세,경상
2013101500100329,2013년 10월 15일 16시,화요일,대구광역시 달성군 유가면,중상사고,0,2,0,0,차대차 - 측면직각충돌,직진우회전진행방해,건조,맑음,교차로 - 교차로안,화물,남,55세,중상,화물,남,64세,중상
2013101500100352,2013년 10월 15일 17시,화요일,대구광역시 동구 신천동,중상사고,0,1,0,0,차대차 - 기타,안전운전불이행,건조,맑음,단일로 - 기타,승용,남,39세,상해없음,이륜,남,36세,중상
2013101500100353,2013년 10월 15일 17시,화요일,대구광역시 달서구 대천동,경상사고,0,0,1,0,차대차 - 측면직각충돌,안전운전불이행,건조,맑음,단일로 - 기타,화물,남,43세,상해없음,자전거,남,12세,경상
2013101500100354,2013년 10월 15일 17시,화요일,대구광역시 달성군 논공읍,경상사고,0,0,1,0,차대차 - 기타,안전거리미확보,건조,맑음,단일로 - 기타,승합,남,57세,상해없음,승용,남,70세,상해없음
2013101500100355,2013년 10월 15일 17시,화요일,대구광역시 서구 이현동,중상사고,0,1,0,0,차대차 - 기타,안전운전불이행,건조,맑음,단일로 - 기타,화물,남,66세,상해없음,승용,남,57세,상해없음
2013101500100417,2013년 10월 15일 18시,화요일,대구광역시 동구 효목동,경상사고,0,0,1,0,차대차 - 추돌 - 진행중,안전거리미확보,건조,맑음,단일로 - 기타,승용,남,57세,상해없음,승용,남,32세,상해없음
2013101500100418,2013년 10월 15일 18시,화요일,대구광역시 달서구 죽전동,경상사고,0,0,1,0,차대차 - 추돌 - 진행중,안전거리미확보,건조,맑음,단일로 - 기타,승용,남,43세,상해없음,이륜,남,42세,경상
2013101500100419,2013년 10월 15일 18시,화요일,대구광역시 달서구 감삼동,경상사고,0,0,1,0,차대차 - 추돌 - 진행중,안전운전불이행,건조,맑음,단일로 - 기타,승용,남,44세,상해없음,승용,남,38세,경상
2013101500100468,2013년 10월 15일 19시,화요일,대구광역시 동구 신암동,경상사고,0,0,2,0,차대차 - 추돌 - 진행중,안전운전불이행,건조,흐림,단일로 - 기타,승용,남,54세,상해없음,승용,남,63세,경상
2013101500100469,2013년 10월 15일 19시,화요일,대구광역시 북구 산격동,중상사고,0,1,1,0,차대차 - 측면직각충돌,안전운전불이행,건조,맑음,단일로 - 기타,원동기,남,32세,중상,승용,남,52세,경상
2013101500100504,2013년 10월 15일 20시,화요일,대구광역시 수성구 수성동2가,부상신고사고,0,0,0,1,차대차 - 기타,교차로운행방법위반,건조,맑음,교차로 - 교차로안,자전거,여,61세,부상신고,자전거,남,45세,상해없음
2013101500100505,2013년 10월 15일 20시,화요일,대구광역시 달서구 월성동,경상사고,0,0,1,0,차대차 - 측면직각충돌,안전운전불이행,습기,비,교차로 - 교차로안,기타불명,기타불명,기타불명,기타불명,승용,남,30세,경상
2013101500100506,2013년 10월 15일 20시,화요일,대구광역시 서구 비산동,중상사고,0,1,0,0,차대사람 - 길가장자리구역통행중,안전운전불이행,건조,맑음,단일로 - 기타,이륜,남,39세,상해없음,보행자,남,50세,중상
2013101500100507,2013년 10월 15일 20시,화요일,대구광역시 달서구 장기동,경상사고,0,0,1,0,차대사람 - 보도통행중,안전운전불이행,건조,맑음,기타 - 기타,자전거,남,25세,상해없음,보행자,여,3세,경상
2013101500100537,2013년 10월 15일 21시,화요일,대구광역시 동구 신천동,중상사고,0,2,2,0,차대차 - 추돌 - 진행중,안전운전불이행,건조,맑음,단일로 - 기타,승용,남,31세,상해없음,승용,여,24세,중상
2013101500100538,2013년 10월 15일 21시,화요일,대구광역시 수성구 황금동,경상사고,0,0,1,0,차대사람 - 횡단중,안전운전불이행,습기,비,단일로 - 기타,승용,남,33세,상해없음,보행자,남,13세,경상
2013101500100539,2013년 10월 15일 21시,화요일,대구광역시 서구 평리동,중상사고,0,1,0,0,차대사람 - 기타,중앙선침범,습기,비,교차로 - 교차로부근,이륜,남,18세,상해없음,보행자,남,45세,중상
2013101500100540,2013년 10월 15일 21시,화요일,대구광역시 달서구 이곡동,부상신고사고,0,0,0,1,차대차 - 측면직각충돌,신호위반,습기,흐림,교차로 - 교차로안,이륜,남,20세,부상신고,승용,여,49세,상해없음
2013101500100541,2013년 10월 15일 21시,화요일,대구광역시 북구 동천동,경상사고,0,0,2,0,차대차 - 측면직각충돌,차로위반,습기,비,단일로 - 기타,승용,여,38세,경상,승합,남,50세,경상
2013101500100561,2013년 10월 15일 22시,화요일,대구광역시 달서구 감삼동,경상사고,0,0,1,0,차대사람 - 횡단중,안전운전불이행,습기,비,단일로 - 기타,승용,남,24세,상해없음,보행자,여,53세,경상
2013101500100586,2013년 10월 15일 23시,화요일,대구광역시 중구 북성로1가,중상사고,0,4,1,0,차대차 - 추돌 - 주정차중,안전운전불이행,건조,맑음,단일로 - 기타,승용,남,26세,상해없음,승용,남,72세,중상
2013101600100045,2013년 10월 16일 03시,수요일,대구광역시 중구 대봉동,경상사고,0,0,1,0,차대차 - 추돌 - 진행중,안전운전불이행,건조,맑음,단일로 - 기타,승용,여,31세,상해없음,승용,남,47세,경상
2013101600100046,2013년 10월 16일 03시,수요일,대구광역시 달서구 본리동,경상사고,0,0,1,0,차대차 - 측면직각충돌,안전운전불이행,건조,맑음,교차로 - 교차로부근,승용,남,46세,상해없음,승용,남,20세,상해없음
2013101600100066,2013년 10월 16일 05시,수요일,대구광역시 동구 신천동,경상사고,0,0,4,0,차대차 - 추돌 - 진행중,안전운전불이행,건조,맑음,교차로 - 교차로부근,승용,남,27세,상해없음,승용,남,45세,경상
2013101600100085,2013년 10월 16일 06시,수요일,대구광역시 달성군 현풍면,중상사고,0,1,1,0,차대차 - 기타,신호위반,건조,맑음,교차로 - 교차로안,화물,남,67세,상해없음,승용,여,35세,경상
2013101600100118,2013년 10월 16일 07시,수요일,대구광역시 남구 봉덕동,경상사고,0,0,1,0,차대사람 - 기타,안전운전불이행,건조,맑음,단일로 - 기타,승용,여,51세,상해없음,보행자,여,86세,경상
2013101600100176,2013년 10월 16일 08시,수요일,대구광역시 수성구 수성동2가,경상사고,0,0,2,0,차대차 - 측면직각충돌,안전거리미확보,건조,맑음,단일로 - 기타,승용,남,52세,상해없음,승용,남,57세,경상
2013101600100177,2013년 10월 16일 08시,수요일,대구광역시 북구 노원동2가,중상사고,0,1,0,0,차대차 - 측면직각충돌,안전운전불이행,건조,맑음,교차로 - 교차로안,승용,여,50세,상해없음,자전거,여,30세,중상
2013101600100244,2013년 10월 16일 10시,수요일,대구광역시 수성구 범어동,경상사고,0,0,3,0,차대차 - 기타,안전운전불이행,건조,맑음,단일로 - 기타,승합,여,61세,상해없음,승합,남,34세,상해없음
2013101600100245,2013년 10월 16일 10시,수요일,대구광역시 북구 국우동,중상사고,0,3,1,0,차대차 - 측면직각충돌,신호위반,건조,맑음,교차로 - 교차로안,승합,남,26세,상해없음,승용,여,41세,경상
2013101600100281,2013년 10월 16일 11시,수요일,대구광역시 북구 산격동,경상사고,0,0,1,0,차대사람 - 기타,안전운전불이행,건조,맑음,단일로 - 기타,자전거,남,32세,상해없음,보행자,여,66세,경상
2013101600100282,2013년 10월 16일 11시,수요일,대구광역시 중구 대봉동,중상사고,0,1,0,0,차대사람 - 횡단중,보행자보호의무위반,건조,맑음,단일로 - 횡단보도상,승용,남,46세,상해없음,보행자,여,58세,중상
2013101600100283,2013년 10월 16일 11시,수요일,대구광역시 북구 서변동,중상사고,0,1,0,0,차대차 - 기타,안전운전불이행,건조,맑음,단일로 - 기타,승용,남,47세,상해없음,자전거,남,61세,중상
2013101600100336,2013년 10월 16일 13시,수요일,대구광역시 남구 대명동,부상신고사고,0,0,0,1,차대차 - 기타,차로위반,건조,맑음,단일로 - 기타,이륜,남,56세,부상신고,승용,남,69세,상해없음
2013101600100337,2013년 10월 16일 13시,수요일,대구광역시 북구 태전동,중상사고,0,1,0,0,차량단독 - 기타,안전운전불이행,건조,맑음,단일로 - 기타,승합,남,45세,상해없음,,,,
2013101600100363,2013년 10월 16일 14시,수요일,대구광역시 수성구 수성동1가,중상사고,0,1,0,0,차대차 - 기타,안전운전불이행,건조,맑음,단일로 - 기타,승용,남,31세,상해없음,원동기,남,47세,중상
2013101600100364,2013년 10월 16일 14시,수요일,대구광역시 중구 봉산동,중상사고,0,1,1,0,차대차 - 기타,중앙선침범,건조,맑음,단일로 - 횡단보도상,이륜,남,55세,경상,이륜,남,27세,중상
2013101600100394,2013년 10월 16일 15시,수요일,대구광역시 동구 중대동,경상사고,0,0,1,0,차대사람 - 기타,안전운전불이행,건조,맑음,기타 - 기타,승용,여,54세,상해없음,보행자,여,72세,경상
2013101600100432,2013년 10월 16일 16시,수요일,대구광역시 동구 율하동,경상사고,0,0,1,0,차대차 - 측면직각충돌,안전운전불이행,건조,맑음,교차로 - 교차로부근,자전거,여,68세,경상,화물,남,61세,상해없음
2013101600100433,2013년 10월 16일 16시,수요일,대구광역시 달서구 월성동,경상사고,0,0,1,0,차대차 - 측면직각충돌,안전거리미확보,건조,맑음,단일로 - 기타,화물,남,53세,상해없음,승용,남,27세,경상
2013101600100434,2013년 10월 16일 16시,수요일,대구광역시 달성군 옥포면,경상사고,0,0,1,0,차대차 - 측면직각충돌,안전운전불이행,건조,맑음,교차로 - 교차로부근,승용,남,41세,상해없음,건설기계,남,59세,경상
2013101600100435,2013년 10월 16일 16시,수요일,대구광역시 북구 칠성동1가,중상사고,0,1,0,0,차대사람 - 횡단중,보행자보호의무위반,건조,맑음,교차로 - 교차로부근,화물,남,42세,상해없음,보행자,남,53세,중상
2013101600100436,2013년 10월 16일 16시,수요일,대구광역시 중구 남일동,중상사고,0,1,0,0,차대사람 - 보도통행중,보행자보호의무위반,건조,맑음,단일로 - 기타,승합,남,46세,상해없음,보행자,여,60세,중상
2013101600100472,2013년 10월 16일 17시,수요일,대구광역시 서구 상리동,경상사고,0,0,3,2,차대차 - 기타,기타,건조,맑음,단일로 - 기타,화물,남,35세,상해없음,승용,남,51세,경상