사고번호,사고일시,요일,시군구,사고내용,사망자수,중상자수,경상자수,부상신고자수,사고유형,법규위반,노면상태,기상상태,도로형태,가해운전자 차종,가해운전자 성별,가해운전자 연령,가해운전자 상해정도,피해운전자 차종,피해운전자 성별,피해운전자 연령,피해운전자 상해정도
2013101600100473,2013년 10월 16일 17시,수요일,대구광역시 중구 삼덕동2가,경상사고,0,0,1,0,차대차 - 기타,안전거리미확보,건조,맑음,단일로 - 기타,승용,남,63세,상해없음,승용,여,44세,경상
2013101600100511,2013년 10월 16일 18시,수요일,대구광역시 북구 노곡동,중상사고,0,1,2,0,차대차 - 추돌 - 진행중,안전운전불이행,건조,맑음,단일로 - 기타,승용,남,48세,경상,승용,남,25세,중상
2013101600100519,2013년 10월 16일 18시,수요일,대구광역시 수성구 만촌동,경상사고,0,0,1,0,차대차 - 측면직각충돌,안전운전불이행,건조,맑음,단일로 - 기타,승용,남,25세,상해없음,이륜,남,15세,경상
2013101600100520,2013년 10월 16일 18시,수요일,대구광역시 수성구 범어동,경상사고,0,0,1,0,차대차 - 측면직각충돌,안전거리미확보,건조,맑음,단일로 - 기타,승용,여,43세,기타불명,승용,남,58세,경상
2013101600100521,2013년 10월 16일 18시,수요일,대구광역시 달서구 도원동,중상사고,0,1,0,0,차대차 - 추돌 - 주정차중,안전운전불이행,건조,맑음,단일로 - 기타,이륜,남,64세,중상,농기계,남,63세,기타불명
2013101600100522,2013년 10월 16일 18시,수요일,대구광역시 달서구 상인동,경상사고,0,0,1,0,차대차 - 기타,교차로운행방법위반,건조,맑음,교차로 - 교차로안,승용,여,39세,상해없음,이륜,남,24세,경상
2013101600100523,2013년 10월 16일 18시,수요일,대구광역시 달서구 월성동,중상사고,0,1,0,0,차대차 - 기타,안전운전불이행,건조,맑음,단일로 - 기타,승용,기타불명,기타불명,기타불명,자전거,남,14세,중상
2013101600100558,2013년 10월 16일 19시,수요일,대구광역시 달서구 송현동,경상사고,0,0,1,0,차대차 - 측면직각충돌,차로위반,건조,맑음,단일로 - 기타,승용,남,27세,상해없음,원동기,남,34세,경상
2013101600100559,2013년 10월 16일 19시,수요일,대구광역시 북구 태전동,부상신고사고,0,0,0,1,차대차 - 정면충돌,신호위반,건조,맑음,교차로 - 교차로안,승용,여,41세,상해없음,승용,남,49세,상해없음
2013101600100604,2013년 10월 16일 20시,수요일,대구광역시 수성구 황금동,중상사고,0,1,0,0,차대차 - 기타,안전운전불이행,건조,맑음,교차로 - 교차로부근,승용,남,50세,상해없음,승용,여,45세,중상
2013101600100605,2013년 10월 16일 20시,수요일,대구광역시 달서구 신당동,경상사고,0,0,1,0,차대사람 - 길가장자리구역통행중,안전운전불이행,건조,맑음,교차로 - 교차로안,승용,남,27세,상해없음,보행자,남,38세,경상
2013101600100606,2013년 10월 16일 20시,수요일,대구광역시 북구 동천동,경상사고,0,0,1,0,차대차 - 추돌 - 주정차중,안전운전불이행,건조,맑음,단일로 - 기타,승용,남,20세,상해없음,원동기,남,18세,경상
2013101600100630,2013년 10월 16일 21시,수요일,대구광역시 달성군 다사읍,중상사고,0,1,0,0,차대차 - 측면직각충돌,안전운전불이행,건조,맑음,교차로 - 교차로안,화물,남,21세,상해없음,자전거,여,26세,중상
2013101600100659,2013년 10월 16일 22시,수요일,대구광역시 달서구 월성동,경상사고,0,0,1,0,차대차 - 측면직각충돌,안전운전불이행,건조,맑음,단일로 - 기타,승용,여,51세,상해없음,원동기,남,18세,경상
2013101600100660,2013년 10월 16일 22시,수요일,대구광역시 서구 이현동,중상사고,0,1,2,0,차대차 - 추돌 - 주정차중,안전운전불이행,건조,맑음,단일로 - 기타,승용,남,48세,상해없음,승용,남,34세,기타불명
2013101600100661,2013년 10월 16일 22시,수요일,대구광역시 중구 삼덕동2가,중상사고,0,1,0,0,차대사람 - 차도통행중,안전운전불이행,건조,기타,교차로 - 교차로부근,승합,남,44세,상해없음,보행자,남,59세,중상
2013101600100662,2013년 10월 16일 22시,수요일,대구광역시 달서구 본리동,경상사고,0,0,1,0,차대차 - 측면직각충돌,안전운전불이행,건조,맑음,단일로 - 기타,승용,남,31세,상해없음,이륜,남,16세,경상
2013101600100681,2013년 10월 16일 23시,수요일,대구광역시 동구 신천동,경상사고,0,0,2,0,차대차 - 기타,안전운전불이행,건조,맑음,단일로 - 기타,승용,여,56세,상해없음,승용,남,63세,경상
2013101600100682,2013년 10월 16일 23시,수요일,대구광역시 수성구 황금동,경상사고,0,0,1,0,차량단독 - 전도전복,안전운전불이행,건조,맑음,단일로 - 기타,이륜,남,17세,상해없음,,,,
2013101600100683,2013년 10월 16일 23시,수요일,대구광역시 달서구 송현동,경상사고,0,0,1,0,차대차 - 측면직각충돌,안전운전불이행,건조,맑음,교차로 - 교차로안,승용,여,49세,상해없음,원동기,남,19세,경상
2013101700100046,2013년 10월 17일 03시,목요일,대구광역시 동구 신천동,경상사고,0,0,1,0,차대차 - 기타,안전운전불이행,건조,맑음,단일로 - 기타,승용,남,31세,상해없음,승용,남,62세,경상
2013101700100081,2013년 10월 17일 06시,목요일,대구광역시 서구 내당동,경상사고,0,0,1,0,차대차 - 추돌 - 주정차중,안전운전불이행,건조,맑음,교차로 - 교차로부근,승용,여,34세,상해없음,승용,남,63세,경상
2013101700100107,2013년 10월 17일 07시,목요일,대구광역시 북구 침산동,경상사고,0,0,1,0,차대차 - 추돌 - 진행중,안전거리미확보,건조,맑음,단일로 - 기타,승용,남,57세,상해없음,화물,남,43세,경상
2013101700100145,2013년 10월 17일 08시,목요일,대구광역시 수성구 신매동,중상사고,0,1,0,0,차대사람 - 차도통행중,안전운전불이행,건조,맑음,기타 - 기타,승용,남,37세,상해없음,보행자,남,67세,중상
2013101700100146,2013년 10월 17일 08시,목요일,대구광역시 북구 대현동,중상사고,0,1,0,0,차대사람 - 기타,안전운전불이행,건조,맑음,교차로 - 교차로안,승용,남,63세,상해없음,보행자,여,20세,중상
2013101700100171,2013년 10월 17일 09시,목요일,대구광역시 수성구 수성동1가,중상사고,0,1,0,0,차대차 - 측면직각충돌,안전운전불이행,건조,맑음,교차로 - 교차로부근,승용,여,36세,상해없음,자전거,여,48세,중상
2013101700100172,2013년 10월 17일 09시,목요일,대구광역시 수성구 범어동,중상사고,0,1,0,0,차대차 - 기타,안전운전불이행,건조,맑음,단일로 - 기타,승용,남,65세,상해없음,자전거,남,70세,중상
2013101700100173,2013년 10월 17일 09시,목요일,대구광역시 달성군 논공읍,경상사고,0,0,1,0,차대차 - 측면직각충돌,안전운전불이행,건조,맑음,단일로 - 기타,승합,남,55세,상해없음,승용,여,40세,상해없음
2013101700100174,2013년 10월 17일 09시,목요일,대구광역시 달서구 두류동,중상사고,0,1,0,0,차대차 - 기타,안전운전불이행,건조,맑음,교차로 - 교차로안,화물,남,59세,상해없음,자전거,여,57세,중상
2013101700100196,2013년 10월 17일 10시,목요일,대구광역시 북구 대현동,경상사고,0,0,4,0,차대차 - 추돌 - 주정차중,안전운전불이행,건조,맑음,단일로 - 횡단보도부근,화물,남,57세,상해없음,승용,여,36세,경상
2013101700100197,2013년 10월 17일 10시,목요일,대구광역시 북구 침산동,중상사고,0,1,0,0,차대차 - 측면직각충돌,교차로운행방법위반,건조,맑음,교차로 - 교차로안,승용,여,51세,상해없음,원동기,남,52세,중상
2013101700100198,2013년 10월 17일 10시,목요일,대구광역시 중구 동성로2가,중상사고,0,1,0,0,차대사람 - 기타,안전운전불이행,건조,맑음,단일로 - 기타,승용,남,29세,상해없음,보행자,여,48세,중상
2013101700100220,2013년 10월 17일 11시,목요일,대구광역시 달서구 두류동,중상사고,0,1,2,0,차대차 - 측면직각충돌,안전운전불이행,건조,맑음,단일로 - 기타,승용,남,45세,상해없음,원동기,남,58세,경상
2013101700100240,2013년 10월 17일 12시,목요일,대구광역시 북구 고성동1가,경상사고,0,0,1,1,차대차 - 기타,안전운전불이행,건조,맑음,교차로 - 교차로부근,승용,남,55세,부상신고,승용,남,55세,경상
2013101700100287,2013년 10월 17일 14시,목요일,대구광역시 수성구 성동,경상사고,0,0,2,0,차대차 - 기타,안전거리미확보,건조,맑음,단일로 - 기타,화물,남,47세,상해없음,승용,남,61세,경상
2013101700100343,2013년 10월 17일 16시,목요일,대구광역시 달서구 상인동,경상사고,0,0,1,0,차대차 - 측면직각충돌,교차로운행방법위반,건조,맑음,교차로 - 교차로안,승용,여,34세,상해없음,승용,남,42세,경상
2013101700100344,2013년 10월 17일 16시,목요일,대구광역시 북구 읍내동,경상사고,0,0,1,0,차대차 - 측면직각충돌,교차로운행방법위반,건조,맑음,교차로 - 교차로안,승용,여,32세,상해없음,승용,남,63세,경상
2013101700100417,2013년 10월 17일 18시,목요일,대구광역시 동구 신천동,경상사고,0,0,1,0,차대차 - 기타,안전운전불이행,건조,맑음,단일로 - 기타,승용,남,36세,상해없음,이륜,남,53세,경상
2013101700100418,2013년 10월 17일 18시,목요일,대구광역시 수성구 황금동,경상사고,0,0,4,0,차대차 - 기타,안전거리미확보,건조,맑음,단일로 - 기타,승용,남,62세,상해없음,승용,남,28세,경상
2013101700100419,2013년 10월 17일 18시,목요일,대구광역시 서구 평리동,중상사고,0,1,0,0,차대사람 - 횡단중,안전운전불이행,건조,맑음,단일로 - 기타,승용,여,44세,상해없음,보행자,여,61세,중상
2013101700100420,2013년 10월 17일 18시,목요일,대구광역시 중구 삼덕동1가,중상사고,0,1,0,0,차대차 - 기타,안전운전불이행,건조,맑음,단일로 - 기타,승용,남,49세,상해없음,자전거,여,64세,중상
2013101700100451,2013년 10월 17일 19시,목요일,대구광역시 수성구 만촌동,중상사고,0,1,0,0,차대차 - 기타,안전운전불이행,건조,맑음,단일로 - 기타,기타불명,기타불명,기타불명,기타불명,승합,남,58세,상해없음
2013101700100475,2013년 10월 17일 20시,목요일,대구광역시 달서구 상인동,경상사고,0,0,1,0,차대차 - 측면직각충돌,기타,건조,맑음,단일로 - 기타,승용,여,45세,상해없음,자전거,남,14세,경상
2013101700100510,2013년 10월 17일 21시,목요일,대구광역시 수성구 만촌동,중상사고,0,1,3,0,차대차 - 추돌 - 주정차중,안전운전불이행,건조,맑음,단일로 - 기타,화물,남,41세,상해없음,승용,남,31세,경상
2013101700100511,2013년 10월 17일 21시,목요일,대구광역시 수성구 중동,경상사고,0,0,2,0,차대차 - 추돌 - 진행중,안전운전불이행,건조,맑음,교차로 - 교차로부근,승용,여,44세,상해없음,승용,남,57세,경상
2013101700100512,2013년 10월 17일 21시,목요일,대구광역시 달서구 대천동,중상사고,0,1,0,0,차대차 - 기타,불법유턴,건조,맑음,단일로 - 기타,자전거,남,18세,중상,화물,남,57세,상해없음
2013101700100513,2013년 10월 17일 21시,목요일,대구광역시 북구 칠성동1가,중상사고,0,1,1,0,차대사람 - 기타,안전운전불이행,건조,맑음,단일로 - 기타,원동기,남,16세,경상,보행자,남,38세,중상
2013101700100514,2013년 10월 17일 21시,목요일,대구광역시 서구 평리동,경상사고,0,0,1,0,차대차 - 기타,교차로운행방법위반,건조,맑음,교차로 - 교차로안,승용,여,36세,상해없음,자전거,남,52세,경상
2013101700100515,2013년 10월 17일 21시,목요일,대구광역시 서구 평리동,중상사고,0,1,0,0,차대사람 - 횡단중,보행자보호의무위반,건조,맑음,교차로 - 교차로안,승용,남,19세,상해없음,보행자,여,50세,중상
2013101700100516,2013년 10월 17일 21시,목요일,대구광역시 달서구 장기동,경상사고,0,0,6,0,차대차 - 측면직각충돌,중앙선침범,건조,맑음,교차로 - 교차로부근,승용,남,42세,상해없음,승용,남,38세,경상
2013101700100540,2013년 10월 17일 22시,목요일,대구광역시 동구 신암동,부상신고사고,0,0,0,1,차대차 - 측면직각충돌,교차로운행방법위반,건조,맑음,교차로 - 교차로안,이륜,남,17세,상해없음,승용,남,35세,상해없음
2013101700100541,2013년 10월 17일 22시,목요일,대구광역시 달성군 다사읍,경상사고,0,0,1,0,차대사람 - 기타,안전운전불이행,건조,맑음,기타 - 기타,승용,여,30세,상해없음,보행자,남,50세,경상
2013101700100564,2013년 10월 17일 23시,목요일,대구광역시 동구 방촌동,사망사고,1,0,0,0,차대차 - 기타,안전운전불이행,건조,맑음,단일로 - 기타,승합,남,47세,상해없음,승용,남,33세,상해없음
2013101800100028,2013년 10월 18일 01시,금요일,대구광역시 북구 검단동,경상사고,0,0,1,0,차대사람 - 기타,안전운전불이행,건조,맑음,단일로 - 횡단보도상,승용,남,50세,상해없음,보행자,남,53세,경상
2013101800100029,2013년 10월 18일 01시,금요일,대구광역시 북구 대현동,경상사고,0,0,1,0,차대차 - 측면직각충돌,안전운전불이행,건조,맑음,교차로 - 교차로부근,승용,남,40세,상해없음,승용,남,23세,경상
2013101800100052,2013년 10월 18일 04시,금요일,대구광역시 수성구 두산동,경상사고,0,0,2,0,차대차 - 추돌 - 진행중,안전운전불이행,건조,맑음,교차로 - 교차로부근,승용,남,28세,상해없음,승용,남,48세,경상
2013101800100053,2013년 10월 18일 04시,금요일,대구광역시 달서구 호림동,경상사고,0,0,2,0,차대차 - 기타,불법유턴,건조,맑음,단일로 - 기타,승용,남,53세,상해없음,이륜,남,18세,경상
2013101800100059,2013년 10월 18일 05시,금요일,대구광역시 북구 복현동,사망사고,1,0,0,0,차대사람 - 기타,안전운전불이행,건조,맑음,단일로 - 기타,화물,남,37세,상해없음,보행자,남,22세,사망
2013101800100112,2013년 10월 18일 07시,금요일,대구광역시 수성구 수성동1가,경상사고,0,0,1,0,차대차 - 추돌 - 주정차중,안전운전불이행,건조,맑음,단일로 - 기타,승용,남,54세,상해없음,승용,여,54세,경상
2013101800100113,2013년 10월 18일 07시,금요일,대구광역시 수성구 범어동,중상사고,0,1,0,0,차대차 - 기타,안전운전불이행,건조,맑음,단일로 - 기타,승용,남,42세,상해없음,자전거,여,60세,중상
2013101800100114,2013년 10월 18일 07시,금요일,대구광역시 달성군 구지면,경상사고,0,0,1,0,차대차 - 추돌 - 주정차중,안전운전불이행,건조,맑음,단일로 - 기타,승용,남,59세,상해없음,승용,남,45세,경상
2013101800100115,2013년 10월 18일 07시,금요일,대구광역시 달서구 감삼동,경상사고,0,0,2,0,차대차 - 측면직각충돌,안전거리미확보,건조,맑음,단일로 - 기타,승용,남,53세,상해없음,승용,여,47세,경상
2013101800100158,2013년 10월 18일 08시,금요일,대구광역시 동구 봉무동,경상사고,0,0,1,0,차대차 - 추돌 - 주정차중,안전운전불이행,건조,맑음,단일로 - 기타,승용,남,49세,상해없음,승합,남,52세,상해없음
2013101800100159,2013년 10월 18일 08시,금요일,대구광역시 수성구 파동,중상사고,0,1,0,0,차대차 - 측면직각충돌,교차로운행방법위반,건조,맑음,교차로 - 교차로안,승용,남,32세,상해없음,자전거,남,60세,중상
2013101800100160,2013년 10월 18일 08시,금요일,대구광역시 달서구 두류동,경상사고,0,0,1,0,차량단독 - 기타,기타,건조,맑음,단일로 - 기타,승합,남,53세,상해없음,,,,
2013101800100161,2013년 10월 18일 08시,금요일,대구광역시 북구 구암동,경상사고,0,0,1,0,차대차 - 정면충돌,안전운전불이행,건조,맑음,기타 - 기타,승용,여,49세,상해없음,자전거,여,53세,경상
2013101800100224,2013년 10월 18일 10시,금요일,대구광역시 북구 복현동,경상사고,0,0,1,0,차대차 - 측면직각충돌,안전운전불이행,건조,맑음,교차로 - 교차로안,승용,여,32세,상해없음,승용,여,31세,경상
2013101800100256,2013년 10월 18일 11시,금요일,대구광역시 동구 효목동,중상사고,0,1,2,0,차대차 - 측면직각충돌,안전운전불이행,건조,맑음,단일로 - 기타,승용,남,56세,상해없음,승용,남,55세,중상
2013101800100257,2013년 10월 18일 11시,금요일,대구광역시 달서구 호산동,경상사고,0,0,1,0,차대차 - 측면직각충돌,안전거리미확보,건조,맑음,단일로 - 기타,화물,남,37세,상해없음,승용,남,54세,경상
2013101800100276,2013년 10월 18일 12시,금요일,대구광역시 수성구 범어동,경상사고,0,0,1,0,차대차 - 추돌 - 주정차중,안전운전불이행,건조,맑음,교차로 - 교차로안,승용,남,46세,상해없음,승용,남,62세,경상
2013101800100277,2013년 10월 18일 12시,금요일,대구광역시 달서구 상인동,경상사고,0,0,1,0,차대차 - 측면직각충돌,안전운전불이행,건조,맑음,단일로 - 기타,승용,남,62세,상해없음,승용,여,54세,경상
2013101800100337,2013년 10월 18일 14시,금요일,대구광역시 남구 대명동,경상사고,0,0,1,0,차대차 - 추돌 - 주정차중,안전운전불이행,건조,맑음,단일로 - 기타,승용,남,47세,상해없음,승용,남,33세,상해없음
2013101800100338,2013년 10월 18일 14시,금요일,대구광역시 달서구 월성동,중상사고,0,1,2,0,차대차 - 추돌 - 주정차중,안전운전불이행,건조,맑음,단일로 - 기타,화물,남,57세,상해없음,승용,여,50세,중상
2013101800100339,2013년 10월 18일 14시,금요일,대구광역시 북구 대현동,경상사고,0,0,1,0,차대차 - 측면직각충돌,안전운전불이행,건조,맑음,단일로 - 기타,승용,여,24세,상해없음,승용,남,59세,경상
2013101800100340,2013년 10월 18일 14시,금요일,대구광역시 북구 복현동,경상사고,0,0,1,0,차대차 - 기타,기타,건조,맑음,교차로 - 교차로부근,승용,남,21세,상해없음,승용,여,53세,경상
2013101800100378,2013년 10월 18일 15시,금요일,대구광역시 동구 불로동,경상사고,0,0,1,1,차대차 - 추돌 - 진행중,안전거리미확보,건조,맑음,단일로 - 기타,승용,남,48세,상해없음,화물,남,54세,경상
2013101800100379,2013년 10월 18일 15시,금요일,대구광역시 수성구 범어동,경상사고,0,0,2,0,차대차 - 측면직각충돌,안전운전불이행,건조,맑음,교차로 - 교차로부근,화물,남,48세,상해없음,승합,남,69세,경상
2013101800100380,2013년 10월 18일 15시,금요일,대구광역시 달서구 상인동,경상사고,0,0,1,0,차대차 - 측면직각충돌,교차로운행방법위반,건조,맑음,교차로 - 교차로부근,승용,여,46세,상해없음,이륜,남,17세,경상
2013101800100414,2013년 10월 18일 16시,금요일,대구광역시 달서구 월성동,중상사고,0,1,1,0,차대차 - 기타,안전거리미확보,건조,맑음,단일로 - 기타,승용,여,52세,중상,승합,남,63세,경상
2013101800100415,2013년 10월 18일 16시,금요일,대구광역시 북구 고성동1가,경상사고,0,0,1,0,차대사람 - 횡단중,신호위반,건조,맑음,교차로 - 교차로부근,원동기,남,72세,상해없음,보행자,남,3세,경상
2013101800100416,2013년 10월 18일 16시,금요일,대구광역시 서구 중리동,경상사고,0,0,1,0,차대차 - 추돌 - 진행중,안전운전불이행,건조,맑음,단일로 - 기타,이륜,남,16세,상해없음,승용,남,50세,경상
2013101800100417,2013년 10월 18일 16시,금요일,대구광역시 달서구 신당동,경상사고,0,0,1,0,차대사람 - 기타,안전운전불이행,건조,흐림,단일로 - 기타,승용,남,66세,상해없음,보행자,여,11세,경상
2013101800100418,2013년 10월 18일 16시,금요일,대구광역시 달서구 신당동,부상신고사고,0,0,0,1,차대사람 - 기타,안전운전불이행,건조,맑음,교차로 - 교차로부근,승용,기타불명,기타불명,기타불명,보행자,남,19세,부상신고
2013101800100464,2013년 10월 18일 17시,금요일,대구광역시 동구 신암동,중상사고,0,1,0,0,차대차 - 기타,안전운전불이행,건조,맑음,단일로 - 기타,화물,남,70세,상해없음,원동기,남,35세,중상
2013101800100465,2013년 10월 18일 17시,금요일,대구광역시 달성군 하빈면,중상사고,0,1,0,0,차량단독 - 기타,안전운전불이행,건조,맑음,단일로 - 기타,승용,남,55세,중상,,,,
2013101800100466,2013년 10월 18일 17시,금요일,대구광역시 달서구 이곡동,중상사고,0,1,0,0,차대사람 - 횡단중,보행자보호의무위반,건조,맑음,단일로 - 횡단보도상,승용,여,62세,상해없음,보행자,여,52세,중상
2013101800100467,2013년 10월 18일 17시,금요일,대구광역시 북구 태전동,경상사고,0,0,1,0,차대사람 - 횡단중,안전운전불이행,건조,맑음,단일로 - 기타,승용,여,52세,상해없음,보행자,여,19세,경상
2013101800100531,2013년 10월 18일 18시,금요일,대구광역시 수성구 범어동,중상사고,0,1,0,0,차대차 - 측면직각충돌,신호위반,건조,맑음,단일로 - 기타,승용,여,48세,상해없음,이륜,여,53세,중상
2013101800100532,2013년 10월 18일 18시,금요일,대구광역시 수성구 수성동1가,경상사고,0,0,1,0,차대차 - 측면직각충돌,안전거리미확보,건조,맑음,단일로 - 기타,승용,여,50세,상해없음,승용,남,62세,경상
2013101800100533,2013년 10월 18일 18시,금요일,대구광역시 달서구 송현동,중상사고,0,1,0,0,차대차 - 기타,교차로운행방법위반,건조,맑음,교차로 - 교차로안,화물,남,50세,상해없음,승용,남,45세,중상
2013101800100534,2013년 10월 18일 18시,금요일,대구광역시 달서구 성당동,중상사고,0,1,0,0,차대사람 - 기타,안전운전불이행,건조,맑음,단일로 - 기타,승용,여,41세,상해없음,보행자,여,60세,중상
2013101800100535,2013년 10월 18일 18시,금요일,대구광역시 달서구 감삼동,경상사고,0,0,2,0,차대차 - 추돌 - 주정차중,안전운전불이행,건조,맑음,단일로 - 기타,화물,남,42세,상해없음,승용,남,26세,경상
2013101800100583,2013년 10월 18일 19시,금요일,대구광역시 수성구 범물동,경상사고,0,0,3,0,차대차 - 추돌 - 주정차중,안전운전불이행,건조,맑음,교차로 - 교차로부근,승용,남,37세,상해없음,승용,남,52세,경상
2013101800100628,2013년 10월 18일 20시,금요일,대구광역시 수성구 수성동1가,경상사고,0,0,1,0,차대차 - 기타,안전운전불이행,건조,맑음,단일로 - 기타,승용,남,65세,상해없음,원동기,남,18세,경상
2013101800100629,2013년 10월 18일 20시,금요일,대구광역시 달서구 대곡동,경상사고,0,0,1,0,차대차 - 기타,중앙선침범,건조,맑음,단일로 - 횡단보도상,자전거,남,15세,경상,화물,남,31세,상해없음
2013101800100630,2013년 10월 18일 20시,금요일,대구광역시 달서구 대천동,경상사고,0,0,1,0,차대차 - 추돌 - 진행중,안전거리미확보,건조,맑음,단일로 - 기타,승용,남,45세,상해없음,승용,남,27세,경상
2013101800100631,2013년 10월 18일 20시,금요일,대구광역시 달성군 화원읍,경상사고,0,0,2,0,차대차 - 측면직각충돌,안전운전불이행,건조,맑음,교차로 - 교차로안,승용,여,22세,상해없음,이륜,남,16세,경상
2013101800100632,2013년 10월 18일 20시,금요일,대구광역시 서구 비산동,경상사고,0,0,1,1,차대차 - 추돌 - 진행중,교차로운행방법위반,건조,맑음,교차로 - 교차로안,승용,남,57세,상해없음,승용,남,43세,부상신고
2013101800100633,2013년 10월 18일 20시,금요일,대구광역시 중구 태평로3가,경상사고,0,0,2,0,차대차 - 추돌 - 주정차중,안전운전불이행,건조,맑음,교차로 - 교차로부근,승용,여,57세,상해없음,화물,남,23세,경상
2013101800100672,2013년 10월 18일 21시,금요일,대구광역시 달서구 송현동,경상사고,0,0,2,0,차대사람 - 기타,안전운전불이행,건조,맑음,교차로 - 교차로안,승용,남,62세,상해없음,보행자,여,19세,경상
2013101800100673,2013년 10월 18일 21시,금요일,대구광역시 북구 산격동,사망사고,1,0,0,0,차대차 - 정면충돌,중앙선침범,건조,맑음,단일로 - 기타,승용,남,69세,사망,승합,남,61세,상해없음
2013101800100701,2013년 10월 18일 22시,금요일,대구광역시 동구 효목동,경상사고,0,0,1,0,차대차 - 측면직각충돌,안전운전불이행,건조,맑음,단일로 - 기타,승용,남,57세,상해없음,원동기,남,45세,경상
2013101800100702,2013년 10월 18일 22시,금요일,대구광역시 동구 지묘동,중상사고,0,1,0,0,차대사람 - 횡단중,안전운전불이행,건조,맑음,교차로 - 교차로부근,승용,남,68세,상해없음,보행자,남,47세,중상
2013101800100703,2013년 10월 18일 22시,금요일,대구광역시 수성구 만촌동,경상사고,0,0,1,0,차대차 - 기타,안전운전불이행,건조,맑음,교차로 - 교차로부근,자전거,남,21세,상해없음,이륜,남,51세,경상
2013101800100704,2013년 10월 18일 22시,금요일,대구광역시 중구 동인동2가,경상사고,0,0,2,0,차대차 - 추돌 - 주정차중,안전운전불이행,건조,맑음,단일로 - 기타,승용,여,53세,상해없음,승용,남,37세,경상
2013101800100727,2013년 10월 18일 23시,금요일,대구광역시 동구 괴전동,경상사고,0,0,1,0,차대차 - 측면직각충돌,안전운전불이행,건조,맑음,단일로 - 기타,승용,남,37세,상해없음,승용,남,23세,경상
2013101800100728,2013년 10월 18일 23시,금요일,대구광역시 수성구 이천동,중상사고,0,2,0,0,차대차 - 측면직각충돌,안전거리미확보,건조,맑음,단일로 - 기타,승용,여,41세,상해없음,원동기,남,18세,중상
2013101800100729,2013년 10월 18일 23시,금요일,대구광역시 북구 대현동,경상사고,0,0,1,0,차대차 - 측면직각충돌,신호위반,건조,맑음,교차로 - 교차로부근,승용,여,59세,상해없음,자전거,남,48세,경상
2013101900100021,2013년 10월 19일 00시,토요일,대구광역시 남구 대명동,중상사고,0,1,0,0,차대차 - 정면충돌,중앙선침범,건조,맑음,단일로 - 기타,승용,남,62세,상해없음,승용,여,45세,중상
2013101900100022,2013년 10월 19일 00시,토요일,대구광역시 수성구 범어동,경상사고,0,0,3,0,차대차 - 추돌 - 주정차중,안전운전불이행,건조,맑음,단일로 - 기타,화물,남,47세,상해없음,승용,여,39세,경상
2013101900100023,2013년 10월 19일 00시,토요일,대구광역시 달서구 신당동,중상사고,0,1,0,1,차대차 - 측면직각충돌,안전거리미확보,건조,맑음,교차로 - 교차로부근,승용,여,51세,부상신고,승용,남,34세,중상
2013101900100024,2013년 10월 19일 00시,토요일,대구광역시 북구 구암동,경상사고,0,0,4,0,차대차 - 측면직각충돌,신호위반,건조,맑음,교차로 - 교차로안,승용,남,41세,상해없음,승용,여,23세,경상
2013101900100043,2013년 10월 19일 01시,토요일,대구광역시 남구 봉덕동,경상사고,0,0,1,0,차대차 - 기타,안전거리미확보,건조,맑음,단일로 - 기타,승용,남,28세,상해없음,이륜,남,29세,경상
2013101900100044,2013년 10월 19일 01시,토요일,대구광역시 수성구 상동,중상사고,0,2,1,0,차대차 - 추돌 - 주정차중,안전운전불이행,건조,맑음,교차로 - 교차로부근,화물,남,35세,상해없음,승용,남,48세,경상
2013101900100045,2013년 10월 19일 01시,토요일,대구광역시 달성군 화원읍,중상사고,0,1,1,0,차대차 - 측면직각충돌,중앙선침범,건조,맑음,교차로 - 교차로부근,승용,남,31세,중상,승용,남,52세,경상
2013101900100046,2013년 10월 19일 01시,토요일,대구광역시 달서구 감삼동,경상사고,0,0,1,0,차대차 - 추돌 - 주정차중,안전운전불이행,건조,맑음,교차로 - 교차로부근,승용,남,24세,상해없음,승용,남,48세,경상
2013101900100047,2013년 10월 19일 01시,토요일,대구광역시 달서구 두류동,경상사고,0,0,2,0,차대차 - 추돌 - 진행중,안전운전불이행,건조,맑음,단일로 - 기타,승용,남,42세,상해없음,승용,남,28세,경상
2013101900100108,2013년 10월 19일 05시,토요일,대구광역시 남구 대명동,경상사고,0,0,1,0,차대사람 - 기타,안전운전불이행,건조,맑음,교차로 - 교차로부근,승용,기타불명,기타불명,기타불명,보행자,여,71세,경상
2013101900100109,2013년 10월 19일 05시,토요일,대구광역시 수성구 지산동,중상사고,0,1,0,0,차량단독 - 공작물충돌,안전운전불이행,건조,맑음,단일로 - 기타,승용,남,59세,상해없음,,,,
2013101900100126,2013년 10월 19일 06시,토요일,대구광역시 달서구 이곡동,경상사고,0,0,1,0,차대차 - 측면직각충돌,안전거리미확보,건조,맑음,단일로 - 기타,승용,남,66세,상해없음,승용,남,31세,경상
2013101900100157,2013년 10월 19일 08시,토요일,대구광역시 동구 율암동,경상사고,0,0,1,0,차대사람 - 기타,안전운전불이행,건조,맑음,단일로 - 기타,승용,남,52세,상해없음,보행자,남,49세,경상