사고번호,사고일시,요일,시군구,사고내용,사망자수,중상자수,경상자수,부상신고자수,사고유형,법규위반,노면상태,기상상태,도로형태,가해운전자 차종,가해운전자 성별,가해운전자 연령,가해운전자 상해정도,피해운전자 차종,피해운전자 성별,피해운전자 연령,피해운전자 상해정도
2013101900100158,2013년 10월 19일 08시,토요일,대구광역시 북구 노원동3가,중상사고,0,1,0,0,차대차 - 정면충돌,중앙선침범,건조,맑음,단일로 - 기타,원동기,남,50세,중상,화물,남,51세,상해없음
2013101900100159,2013년 10월 19일 08시,토요일,대구광역시 서구 내당동,중상사고,0,1,0,0,차대사람 - 기타,안전운전불이행,건조,맑음,단일로 - 기타,승용,여,28세,상해없음,보행자,남,30세,중상
2013101900100184,2013년 10월 19일 09시,토요일,대구광역시 달서구 진천동,경상사고,0,0,1,0,차대차 - 기타,안전운전불이행,건조,맑음,단일로 - 기타,화물,남,30세,상해없음,승용,남,61세,상해없음
2013101900100209,2013년 10월 19일 10시,토요일,대구광역시 수성구 상동,중상사고,0,1,0,0,차대사람 - 기타,보행자보호의무위반,건조,맑음,단일로 - 횡단보도상,승용,여,26세,상해없음,보행자,남,5세,중상
2013101900100210,2013년 10월 19일 10시,토요일,대구광역시 수성구 매호동,경상사고,0,0,2,0,차대차 - 기타,교차로운행방법위반,건조,맑음,교차로 - 교차로안,승용,남,41세,상해없음,승용,여,30세,경상
2013101900100235,2013년 10월 19일 11시,토요일,대구광역시 서구 내당동,중상사고,0,1,0,0,차대사람 - 횡단중,안전운전불이행,건조,맑음,단일로 - 기타,승용,남,60세,상해없음,보행자,여,9세,중상
2013101900100236,2013년 10월 19일 11시,토요일,대구광역시 달서구 용산동,경상사고,0,0,2,0,차대차 - 추돌 - 주정차중,안전거리미확보,건조,맑음,단일로 - 기타,승용,남,24세,상해없음,승용,여,32세,경상
2013101900100237,2013년 10월 19일 11시,토요일,대구광역시 달서구 감삼동,부상신고사고,0,0,0,1,차대차 - 측면직각충돌,안전거리미확보,건조,맑음,단일로 - 기타,승용,여,38세,부상신고,건설기계,남,51세,상해없음
2013101900100238,2013년 10월 19일 11시,토요일,대구광역시 달서구 용산동,중상사고,0,1,1,0,차대차 - 측면직각충돌,안전운전불이행,건조,맑음,교차로 - 교차로안,승용,남,61세,경상,승용,여,39세,중상
2013101900100252,2013년 10월 19일 12시,토요일,대구광역시 수성구 매호동,경상사고,0,0,1,0,차대차 - 측면직각충돌,안전거리미확보,건조,맑음,단일로 - 기타,승용,남,37세,상해없음,승용,남,47세,경상
2013101900100299,2013년 10월 19일 13시,토요일,대구광역시 북구 칠성동1가,경상사고,0,0,1,0,차대사람 - 보도통행중,기타,건조,맑음,교차로 - 교차로부근,이륜,여,42세,상해없음,보행자,여,76세,경상
2013101900100300,2013년 10월 19일 13시,토요일,대구광역시 중구 동문동,중상사고,0,1,0,0,차대사람 - 차도통행중,안전운전불이행,건조,맑음,단일로 - 기타,승용,남,64세,상해없음,보행자,남,19세,중상
2013101900100326,2013년 10월 19일 14시,토요일,대구광역시 달성군 구지면,중상사고,0,1,0,0,차대차 - 측면직각충돌,직진우회전진행방해,건조,맑음,교차로 - 교차로안,승용,남,29세,상해없음,승용,남,49세,중상
2013101900100327,2013년 10월 19일 14시,토요일,대구광역시 달성군 논공읍,중상사고,0,1,0,0,차대사람 - 횡단중,안전운전불이행,건조,맑음,단일로 - 기타,이륜,남,17세,상해없음,보행자,남,5세,중상
2013101900100328,2013년 10월 19일 14시,토요일,대구광역시 중구 문화동,경상사고,0,0,2,0,차대차 - 기타,안전운전불이행,건조,맑음,단일로 - 기타,승합,남,51세,상해없음,승용,남,32세,경상
2013101900100358,2013년 10월 19일 15시,토요일,대구광역시 동구 효목동,경상사고,0,0,1,0,차대차 - 기타,안전운전불이행,건조,맑음,교차로 - 교차로부근,승용,여,59세,상해없음,승용,남,42세,경상
2013101900100359,2013년 10월 19일 15시,토요일,대구광역시 동구 신서동,경상사고,0,0,2,0,차대차 - 기타,안전운전불이행,건조,맑음,단일로 - 기타,승용,남,52세,기타불명,승용,남,30세,경상
2013101900100360,2013년 10월 19일 15시,토요일,대구광역시 달성군 하빈면,경상사고,0,0,2,0,차대차 - 측면직각충돌,안전거리미확보,건조,맑음,교차로 - 교차로부근,승용,남,39세,상해없음,승용,남,24세,경상
2013101900100392,2013년 10월 19일 16시,토요일,대구광역시 달성군 하빈면,경상사고,0,0,1,0,차대차 - 기타,안전운전불이행,건조,맑음,교차로 - 교차로안,이륜,남,62세,경상,화물,남,53세,상해없음
2013101900100393,2013년 10월 19일 16시,토요일,대구광역시 달서구 성당동,경상사고,0,0,1,0,차대사람 - 기타,안전운전불이행,건조,맑음,기타 - 기타,이륜,남,69세,상해없음,보행자,남,76세,경상
2013101900100434,2013년 10월 19일 17시,토요일,대구광역시 달서구 두류동,경상사고,0,0,2,0,차대차 - 추돌 - 주정차중,안전거리미확보,건조,맑음,단일로 - 기타,승용,남,57세,상해없음,승용,남,70세,기타불명
2013101900100478,2013년 10월 19일 18시,토요일,대구광역시 중구 삼덕동1가,경상사고,0,0,2,0,차대차 - 추돌 - 주정차중,안전운전불이행,건조,맑음,교차로 - 교차로부근,승용,여,47세,상해없음,승용,남,37세,경상
2013101900100479,2013년 10월 19일 18시,토요일,대구광역시 달서구 이곡동,경상사고,0,0,1,0,차대차 - 기타,안전운전불이행,건조,맑음,단일로 - 기타,원동기,여,26세,상해없음,자전거,남,41세,경상
2013101900100480,2013년 10월 19일 18시,토요일,대구광역시 북구 읍내동,경상사고,0,0,1,0,차대차 - 기타,안전운전불이행,건조,맑음,교차로 - 교차로부근,승용,남,41세,상해없음,자전거,여,56세,경상
2013101900100516,2013년 10월 19일 19시,토요일,대구광역시 수성구 만촌동,중상사고,0,1,0,0,차대차 - 정면충돌,중앙선침범,건조,맑음,교차로 - 교차로안,승용,여,34세,상해없음,승용,여,40세,중상
2013101900100517,2013년 10월 19일 19시,토요일,대구광역시 서구 비산동,중상사고,0,1,0,0,차대차 - 기타,안전운전불이행,건조,맑음,교차로 - 교차로부근,승용,남,36세,상해없음,원동기,남,69세,중상
2013101900100555,2013년 10월 19일 20시,토요일,대구광역시 달서구 월성동,경상사고,0,0,2,0,차대차 - 측면직각충돌,신호위반,건조,맑음,교차로 - 교차로안,원동기,남,16세,상해없음,승용,남,33세,경상
2013101900100556,2013년 10월 19일 20시,토요일,대구광역시 서구 비산동,중상사고,0,1,0,0,차대차 - 측면직각충돌,신호위반,건조,맑음,단일로 - 횡단보도상,승용,남,27세,상해없음,이륜,남,47세,중상
2013101900100589,2013년 10월 19일 21시,토요일,대구광역시 북구 태전동,경상사고,0,0,1,1,차대차 - 측면직각충돌,안전운전불이행,건조,맑음,단일로 - 횡단보도상,원동기,남,21세,부상신고,자전거,남,39세,경상
2013101900100619,2013년 10월 19일 22시,토요일,대구광역시 수성구 두산동,경상사고,0,0,1,0,차대차 - 기타,차로위반,건조,맑음,단일로 - 기타,승용,남,54세,상해없음,승용,남,32세,경상
2013101900100620,2013년 10월 19일 22시,토요일,대구광역시 달서구 유천동,경상사고,0,0,1,0,차대차 - 측면직각충돌,안전운전불이행,건조,맑음,단일로 - 기타,원동기,남,19세,경상,승용,남,29세,상해없음
2013101900100654,2013년 10월 19일 23시,토요일,대구광역시 달서구 신당동,부상신고사고,0,0,0,1,차대차 - 측면직각충돌,신호위반,건조,맑음,교차로 - 교차로부근,이륜,남,17세,부상신고,승용,여,53세,상해없음
2013102000100020,2013년 10월 20일 00시,일요일,대구광역시 수성구 두산동,경상사고,0,0,1,0,차대차 - 측면직각충돌,중앙선침범,건조,맑음,단일로 - 기타,승용,남,41세,상해없음,승용,여,30세,경상
2013102000100021,2013년 10월 20일 00시,일요일,대구광역시 서구 내당동,경상사고,0,0,1,0,차대차 - 측면직각충돌,안전운전불이행,건조,맑음,단일로 - 기타,승용,남,33세,상해없음,승용,남,24세,상해없음
2013102000100041,2013년 10월 20일 01시,일요일,대구광역시 수성구 지산동,경상사고,0,0,1,0,차대차 - 추돌 - 주정차중,안전거리미확보,건조,맑음,교차로 - 교차로부근,이륜,남,16세,상해없음,승용,여,40세,경상
2013102000100042,2013년 10월 20일 01시,일요일,대구광역시 달성군 다사읍,중상사고,0,1,0,0,차대사람 - 기타,안전운전불이행,건조,맑음,단일로 - 기타,승용,남,34세,기타불명,보행자,남,39세,중상
2013102000100043,2013년 10월 20일 01시,일요일,대구광역시 달성군 가창면,중상사고,0,1,0,0,차량단독 - 전도전복,안전운전불이행,건조,맑음,단일로 - 기타,이륜,남,26세,상해없음,,,,
2013102000100055,2013년 10월 20일 02시,일요일,대구광역시 수성구 지산동,중상사고,0,1,0,0,차대사람 - 기타,안전운전불이행,건조,맑음,단일로 - 기타,승용,여,46세,상해없음,보행자,남,52세,중상
2013102000100072,2013년 10월 20일 03시,일요일,대구광역시 동구 신암동,사망사고,1,0,0,0,차대사람 - 횡단중,보행자보호의무위반,건조,맑음,단일로 - 횡단보도상,승용,남,22세,상해없음,보행자,남,41세,사망
2013102000100082,2013년 10월 20일 04시,일요일,대구광역시 남구 대명동,중상사고,0,2,0,0,차량단독 - 전도전복,안전운전불이행,건조,맑음,단일로 - 기타,이륜,남,19세,중상,,,,
2013102000100083,2013년 10월 20일 04시,일요일,대구광역시 달서구 감삼동,경상사고,0,0,2,0,차대차 - 추돌 - 주정차중,안전운전불이행,건조,맑음,교차로 - 교차로부근,승용,여,27세,상해없음,승용,남,19세,경상
2013102000100084,2013년 10월 20일 04시,일요일,대구광역시 달서구 본리동,경상사고,0,0,1,0,차대사람 - 기타,안전운전불이행,건조,맑음,단일로 - 기타,승용,남,30세,상해없음,보행자,남,29세,경상
2013102000100182,2013년 10월 20일 10시,일요일,대구광역시 남구 대명동,경상사고,0,0,1,0,차대차 - 기타,안전운전불이행,건조,맑음,단일로 - 기타,원동기,기타불명,기타불명,기타불명,승용,남,24세,경상
2013102000100204,2013년 10월 20일 11시,일요일,대구광역시 동구 효목동,중상사고,0,1,0,0,차대차 - 측면직각충돌,안전운전불이행,건조,맑음,단일로 - 기타,특수,남,46세,상해없음,승용,남,56세,상해없음
2013102000100205,2013년 10월 20일 11시,일요일,대구광역시 달서구 용산동,경상사고,0,0,1,0,차대차 - 측면직각충돌,신호위반,건조,맑음,교차로 - 교차로안,승용,남,28세,상해없음,승용,남,60세,경상
2013102000100228,2013년 10월 20일 12시,일요일,대구광역시 북구 태전동,경상사고,0,0,1,0,차대차 - 추돌 - 진행중,교차로운행방법위반,건조,맑음,교차로 - 교차로안,이륜,남,28세,경상,승용,여,46세,상해없음
2013102000100261,2013년 10월 20일 13시,일요일,대구광역시 수성구 황금동,경상사고,0,0,1,0,차대차 - 추돌 - 주정차중,안전거리미확보,건조,맑음,교차로 - 교차로부근,승용,남,54세,상해없음,승용,여,30세,경상
2013102000100262,2013년 10월 20일 13시,일요일,대구광역시 달서구 신당동,경상사고,0,0,1,0,차대차 - 기타,신호위반,건조,맑음,교차로 - 교차로안,승용,남,25세,상해없음,이륜,남,25세,경상
2013102000100317,2013년 10월 20일 15시,일요일,대구광역시 북구 칠성동1가,중상사고,0,1,0,0,차대차 - 기타,중앙선침범,건조,맑음,단일로 - 기타,승용,남,53세,상해없음,이륜,남,59세,중상
2013102000100318,2013년 10월 20일 15시,일요일,대구광역시 서구 평리동,경상사고,0,0,1,0,차대차 - 추돌 - 진행중,안전운전불이행,건조,맑음,단일로 - 기타,승용,남,22세,상해없음,자전거,남,81세,경상
2013102000100319,2013년 10월 20일 15시,일요일,대구광역시 서구 평리동,경상사고,0,0,1,0,차대차 - 기타,기타,건조,맑음,단일로 - 기타,승용,남,58세,상해없음,이륜,남,48세,경상
2013102000100320,2013년 10월 20일 15시,일요일,대구광역시 서구 평리동,경상사고,0,0,1,0,차대차 - 측면직각충돌,신호위반,건조,맑음,단일로 - 기타,승용,남,30세,상해없음,이륜,남,31세,경상
2013102000100457,2013년 10월 20일 18시,일요일,대구광역시 수성구 삼덕동,경상사고,0,0,2,0,차대차 - 기타,안전운전불이행,건조,맑음,단일로 - 기타,승용,남,51세,상해없음,승용,남,64세,경상
2013102000100517,2013년 10월 20일 20시,일요일,대구광역시 동구 율하동,경상사고,0,0,1,0,차대차 - 기타,안전운전불이행,건조,맑음,단일로 - 횡단보도상,승용,여,27세,상해없음,자전거,여,76세,경상
2013102000100518,2013년 10월 20일 20시,일요일,대구광역시 서구 평리동,중상사고,0,1,0,0,차대차 - 기타,신호위반,건조,맑음,교차로 - 교차로안,승용,남,62세,상해없음,이륜,여,47세,중상
2013102000100519,2013년 10월 20일 20시,일요일,대구광역시 중구 도원동,경상사고,0,0,1,0,차대차 - 기타,교차로운행방법위반,건조,맑음,교차로 - 교차로안,승합,남,41세,상해없음,승용,남,38세,경상
2013102000100537,2013년 10월 20일 21시,일요일,대구광역시 수성구 신매동,부상신고사고,0,0,0,1,차대사람 - 기타,보행자보호의무위반,건조,맑음,교차로 - 교차로부근,승용,남,53세,상해없음,보행자,여,31세,부상신고
2013102000100538,2013년 10월 20일 21시,일요일,대구광역시 서구 비산동,경상사고,0,0,1,0,차대사람 - 횡단중,보행자보호의무위반,건조,맑음,단일로 - 횡단보도상,승용,남,35세,상해없음,보행자,남,29세,경상
2013102000100539,2013년 10월 20일 21시,일요일,대구광역시 달서구 장기동,중상사고,0,1,1,0,차대차 - 추돌 - 주정차중,안전운전불이행,건조,맑음,단일로 - 기타,승용,남,33세,상해없음,승용,남,28세,중상
2013102000100556,2013년 10월 20일 22시,일요일,대구광역시 달서구 월성동,경상사고,0,0,1,0,차대차 - 측면직각충돌,교차로운행방법위반,건조,맑음,교차로 - 교차로안,승용,남,50세,상해없음,원동기,남,34세,경상
2013102000100557,2013년 10월 20일 22시,일요일,대구광역시 달서구 본리동,경상사고,0,0,1,0,차대사람 - 횡단중,신호위반,건조,맑음,단일로 - 횡단보도상,승용,남,36세,상해없음,보행자,여,22세,경상
2013102000100566,2013년 10월 20일 23시,일요일,대구광역시 북구 대현동,경상사고,0,0,1,1,차대차 - 기타,차로위반,건조,맑음,단일로 - 기타,승용,남,27세,부상신고,승용,남,54세,경상
2013102000100567,2013년 10월 20일 23시,일요일,대구광역시 서구 평리동,경상사고,0,0,4,0,차대차 - 측면직각충돌,신호위반,건조,맑음,교차로 - 교차로안,승용,남,28세,상해없음,승용,남,51세,경상
2013102100100022,2013년 10월 21일 01시,월요일,대구광역시 남구 대명동,사망사고,1,0,0,0,차대사람 - 기타,안전운전불이행,건조,맑음,단일로 - 기타,승용,남,61세,상해없음,보행자,여,47세,사망
2013102100100052,2013년 10월 21일 05시,월요일,대구광역시 달서구 성당동,중상사고,0,1,0,0,차대차 - 측면직각충돌,신호위반,건조,맑음,교차로 - 교차로안,승용,남,42세,상해없음,승용,남,60세,중상
2013102100100073,2013년 10월 21일 06시,월요일,대구광역시 서구 비산동,중상사고,0,1,0,0,차대차 - 기타,교차로운행방법위반,건조,맑음,교차로 - 교차로안,이륜,남,66세,중상,화물,남,62세,상해없음
2013102100100074,2013년 10월 21일 06시,월요일,대구광역시 서구 평리동,경상사고,0,0,1,0,차대차 - 추돌 - 주정차중,안전운전불이행,건조,맑음,단일로 - 기타,승용,남,63세,상해없음,화물,여,40세,경상
2013102100100099,2013년 10월 21일 07시,월요일,대구광역시 동구 불로동,경상사고,0,0,9,0,차대차 - 기타,안전운전불이행,건조,맑음,교차로 - 교차로안,화물,남,46세,상해없음,승합,남,40세,상해없음
2013102100100100,2013년 10월 21일 07시,월요일,대구광역시 수성구 만촌동,경상사고,0,0,1,0,차대차 - 측면직각충돌,신호위반,건조,맑음,교차로 - 교차로안,승용,남,69세,상해없음,승용,남,58세,경상
2013102100100131,2013년 10월 21일 08시,월요일,대구광역시 수성구 만촌동,중상사고,0,1,0,0,차대차 - 기타,안전운전불이행,건조,맑음,단일로 - 기타,화물,남,59세,상해없음,이륜,남,24세,중상
2013102100100132,2013년 10월 21일 08시,월요일,대구광역시 달서구 대천동,중상사고,0,1,0,0,차대차 - 추돌 - 주정차중,안전거리미확보,건조,맑음,교차로 - 교차로부근,승용,남,63세,상해없음,승용,여,47세,중상
2013102100100133,2013년 10월 21일 08시,월요일,대구광역시 달성군 화원읍,경상사고,0,0,2,0,차대차 - 측면직각충돌,교차로운행방법위반,건조,맑음,교차로 - 교차로안,승용,여,44세,경상,승용,여,38세,경상
2013102100100167,2013년 10월 21일 09시,월요일,대구광역시 수성구 시지동,경상사고,0,0,1,0,차대차 - 기타,안전거리미확보,건조,맑음,단일로 - 횡단보도부근,승용,남,30세,상해없음,승용,남,36세,경상
2013102100100224,2013년 10월 21일 11시,월요일,대구광역시 동구 신천동,중상사고,0,1,0,1,차대차 - 측면직각충돌,신호위반,건조,맑음,교차로 - 교차로안,승용,남,71세,부상신고,승용,여,44세,중상
2013102100100225,2013년 10월 21일 11시,월요일,대구광역시 동구 신천동,경상사고,0,0,1,0,차대사람 - 차도통행중,안전운전불이행,건조,맑음,단일로 - 기타,승용,여,57세,상해없음,보행자,여,54세,경상
2013102100100226,2013년 10월 21일 11시,월요일,대구광역시 달서구 상인동,경상사고,0,0,1,0,차대차 - 측면직각충돌,안전운전불이행,건조,맑음,단일로 - 횡단보도부근,화물,남,60세,상해없음,자전거,남,67세,경상
2013102100100227,2013년 10월 21일 11시,월요일,대구광역시 서구 원대동3가,경상사고,0,0,2,0,차대차 - 추돌 - 주정차중,안전운전불이행,건조,맑음,단일로 - 기타,화물,남,28세,상해없음,승용,여,47세,경상
2013102100100228,2013년 10월 21일 11시,월요일,대구광역시 서구 중리동,중상사고,0,1,0,0,차대차 - 측면직각충돌,교차로운행방법위반,건조,맑음,단일로 - 기타,승용,남,16세,상해없음,승용,남,55세,중상
2013102100100260,2013년 10월 21일 12시,월요일,대구광역시 달서구 송현동,경상사고,0,0,1,0,차대차 - 측면직각충돌,안전운전불이행,건조,맑음,교차로 - 교차로안,승용,남,74세,상해없음,이륜,여,51세,경상
2013102100100261,2013년 10월 21일 12시,월요일,대구광역시 북구 대현동,경상사고,0,0,1,0,차대사람 - 횡단중,안전운전불이행,건조,맑음,단일로 - 기타,승용,여,55세,상해없음,보행자,여,28세,경상
2013102100100288,2013년 10월 21일 13시,월요일,대구광역시 남구 대명동,경상사고,0,0,1,0,차대차 - 측면직각충돌,안전운전불이행,건조,맑음,교차로 - 교차로부근,승용,여,46세,상해없음,자전거,여,24세,경상
2013102100100324,2013년 10월 21일 14시,월요일,대구광역시 달서구 상인동,경상사고,0,0,1,0,차대사람 - 횡단중,기타,건조,맑음,단일로 - 기타,승용,남,62세,상해없음,보행자,남,7세,경상
2013102100100325,2013년 10월 21일 14시,월요일,대구광역시 달서구 이곡동,중상사고,0,1,0,0,차대사람 - 기타,안전운전불이행,건조,맑음,단일로 - 기타,승용,남,39세,상해없음,보행자,남,17세,중상
2013102100100327,2013년 10월 21일 14시,월요일,대구광역시 북구 동천동,경상사고,0,0,1,0,차대차 - 측면직각충돌,안전운전불이행,건조,맑음,단일로 - 기타,승용,남,42세,상해없음,이륜,남,40세,경상
2013102100100357,2013년 10월 21일 15시,월요일,대구광역시 달성군 화원읍,중상사고,0,1,0,0,차대차 - 측면직각충돌,안전운전불이행,건조,맑음,교차로 - 교차로안,이륜,여,64세,중상,승용,남,33세,상해없음
2013102100100358,2013년 10월 21일 15시,월요일,대구광역시 북구 칠성동2가,경상사고,0,0,1,1,차대차 - 기타,안전운전불이행,건조,맑음,교차로 - 교차로부근,승용,여,36세,부상신고,원동기,남,23세,경상
2013102100100359,2013년 10월 21일 15시,월요일,대구광역시 북구 대현동,경상사고,0,0,1,0,차대차 - 측면직각충돌,교차로운행방법위반,건조,맑음,교차로 - 교차로안,승용,남,62세,상해없음,승용,남,53세,경상
2013102100100401,2013년 10월 21일 16시,월요일,대구광역시 남구 대명동,경상사고,0,0,1,0,차대사람 - 기타,안전운전불이행,건조,맑음,교차로 - 교차로안,승용,남,63세,상해없음,보행자,남,9세,경상
2013102100100436,2013년 10월 21일 17시,월요일,대구광역시 수성구 범물동,경상사고,0,0,1,0,차대차 - 측면직각충돌,안전거리미확보,건조,맑음,단일로 - 기타,승합,남,54세,상해없음,승용,남,34세,경상
2013102100100437,2013년 10월 21일 17시,월요일,대구광역시 달서구 감삼동,중상사고,0,1,0,0,차대사람 - 차도통행중,안전운전불이행,건조,맑음,교차로 - 교차로안,승용,여,67세,상해없음,보행자,남,54세,중상
2013102100100438,2013년 10월 21일 17시,월요일,대구광역시 달서구 감삼동,경상사고,0,0,1,0,차대사람 - 길가장자리구역통행중,안전운전불이행,건조,맑음,교차로 - 교차로안,기타불명,기타불명,기타불명,기타불명,보행자,여,21세,경상
2013102100100500,2013년 10월 21일 18시,월요일,대구광역시 남구 대명동,중상사고,0,1,0,0,차대차 - 측면직각충돌,안전거리미확보,건조,흐림,단일로 - 기타,승합,남,47세,상해없음,승합,남,43세,상해없음
2013102100100501,2013년 10월 21일 18시,월요일,대구광역시 동구 율하동,중상사고,0,1,0,0,차대차 - 기타,안전운전불이행,건조,맑음,단일로 - 기타,승용,남,54세,상해없음,승용,여,58세,중상
2013102100100502,2013년 10월 21일 18시,월요일,대구광역시 서구 중리동,중상사고,0,1,0,0,차대사람 - 길가장자리구역통행중,안전운전불이행,건조,맑음,교차로 - 교차로안,승용,남,61세,상해없음,보행자,남,49세,중상
2013102100100503,2013년 10월 21일 18시,월요일,대구광역시 달서구 이곡동,중상사고,0,1,0,0,차대사람 - 기타,신호위반,건조,맑음,단일로 - 기타,화물,남,70세,상해없음,보행자,여,68세,중상
2013102100100583,2013년 10월 21일 20시,월요일,대구광역시 동구 지저동,경상사고,0,0,1,0,차대사람 - 기타,안전운전불이행,건조,맑음,교차로 - 교차로안,승용,남,49세,상해없음,보행자,여,59세,경상
2013102100100584,2013년 10월 21일 20시,월요일,대구광역시 북구 침산동,경상사고,0,0,1,0,차대차 - 측면직각충돌,불법유턴,건조,맑음,단일로 - 기타,승용,남,23세,상해없음,승용,남,24세,경상
2013102100100585,2013년 10월 21일 20시,월요일,대구광역시 북구 구암동,경상사고,0,0,1,0,차대차 - 측면직각충돌,신호위반,건조,맑음,교차로 - 교차로부근,승용,남,40세,상해없음,자전거,남,10세,경상
2013102100100586,2013년 10월 21일 20시,월요일,대구광역시 북구 동천동,중상사고,0,1,0,0,차대사람 - 횡단중,신호위반,건조,맑음,단일로 - 횡단보도상,승용,남,59세,상해없음,보행자,남,6세,중상
2013102100100638,2013년 10월 21일 22시,월요일,대구광역시 수성구 두산동,경상사고,0,0,3,0,차대차 - 기타,교차로운행방법위반,건조,맑음,교차로 - 교차로안,승용,남,43세,상해없음,승용,남,54세,경상
2013102100100639,2013년 10월 21일 22시,월요일,대구광역시 달서구 대천동,중상사고,0,1,0,0,차대차 - 측면직각충돌,중앙선침범,건조,맑음,교차로 - 교차로부근,승용,남,25세,상해없음,이륜,남,53세,중상
2013102100100640,2013년 10월 21일 22시,월요일,대구광역시 달서구 호산동,경상사고,0,0,1,0,차대차 - 추돌 - 주정차중,안전운전불이행,건조,맑음,단일로 - 횡단보도부근,화물,남,50세,상해없음,승용,남,33세,경상
2013102100100664,2013년 10월 21일 23시,월요일,대구광역시 동구 신천동,경상사고,0,0,1,0,차대차 - 측면직각충돌,신호위반,건조,맑음,교차로 - 교차로안,승용,남,28세,상해없음,승합,남,46세,경상
2013102100100665,2013년 10월 21일 23시,월요일,대구광역시 달서구 송현동,부상신고사고,0,0,0,1,차대차 - 기타,안전운전불이행,건조,맑음,단일로 - 기타,승용,기타불명,기타불명,기타불명,자전거,남,49세,부상신고
2013102200100015,2013년 10월 22일 00시,화요일,대구광역시 수성구 범어동,중상사고,0,1,0,0,차대차 - 추돌 - 진행중,안전운전불이행,건조,맑음,단일로 - 기타,화물,여,47세,상해없음,승용,남,62세,중상
2013102200100016,2013년 10월 22일 00시,화요일,대구광역시 달서구 이곡동,중상사고,0,2,0,0,차대차 - 추돌 - 주정차중,안전운전불이행,건조,흐림,단일로 - 기타,승용,남,31세,상해없음,승용,여,23세,중상
2013102200100025,2013년 10월 22일 01시,화요일,대구광역시 수성구 파동,경상사고,0,0,2,0,차대차 - 측면직각충돌,중앙선침범,건조,맑음,단일로 - 기타,승합,남,64세,상해없음,화물,남,52세,경상
2013102200100026,2013년 10월 22일 01시,화요일,대구광역시 달서구 송현동,경상사고,0,0,2,0,차대사람 - 기타,중앙선침범,건조,맑음,단일로 - 횡단보도상,이륜,기타불명,기타불명,기타불명,보행자,여,32세,경상
2013102200100027,2013년 10월 22일 01시,화요일,대구광역시 달서구 용산동,중상사고,0,1,4,0,차대차 - 추돌 - 진행중,기타,건조,맑음,기타 - 기타,승용,여,55세,상해없음,승용,남,40세,경상
2013102200100037,2013년 10월 22일 02시,화요일,대구광역시 중구 태평로3가,중상사고,0,2,0,0,차대사람 - 횡단중,안전운전불이행,건조,맑음,교차로 - 교차로부근,승용,남,45세,상해없음,보행자,여,19세,중상
2013102200100132,2013년 10월 22일 08시,화요일,대구광역시 남구 대명동,중상사고,0,1,0,0,차대차 - 기타,안전거리미확보,건조,맑음,단일로 - 기타,승용,여,44세,상해없음,승합,남,40세,상해없음
2013102200100133,2013년 10월 22일 08시,화요일,대구광역시 달성군 다사읍,중상사고,0,1,0,0,차대사람 - 보도통행중,안전운전불이행,건조,맑음,교차로 - 교차로안,승용,여,40세,기타불명,보행자,여,63세,중상
2013102200100134,2013년 10월 22일 08시,화요일,대구광역시 달성군 현풍면,경상사고,0,0,1,0,차대차 - 추돌 - 주정차중,안전운전불이행,건조,맑음,단일로 - 기타,승용,여,53세,상해없음,승용,남,44세,경상
2013102200100166,2013년 10월 22일 09시,화요일,대구광역시 달서구 상인동,경상사고,0,0,1,0,차대사람 - 횡단중,안전운전불이행,건조,맑음,교차로 - 교차로안,승용,여,48세,상해없음,보행자,남,18세,경상
2013102200100167,2013년 10월 22일 09시,화요일,대구광역시 북구 산격동,경상사고,0,0,2,0,차대차 - 측면직각충돌,안전운전불이행,건조,맑음,단일로 - 기타,승용,여,20세,상해없음,승용,여,59세,상해없음
2013102200100168,2013년 10월 22일 09시,화요일,대구광역시 중구 남산동,중상사고,0,1,0,0,차대사람 - 기타,안전운전불이행,건조,맑음,단일로 - 기타,기타불명,기타불명,기타불명,기타불명,보행자,여,49세,중상
2013102200100203,2013년 10월 22일 10시,화요일,대구광역시 북구 침산동,경상사고,0,0,2,0,차대차 - 기타,안전거리미확보,건조,맑음,단일로 - 기타,화물,남,52세,상해없음,승용,여,45세,경상
2013102200100234,2013년 10월 22일 11시,화요일,대구광역시 달서구 갈산동,중상사고,0,2,0,0,차대차 - 정면충돌,중앙선침범,건조,맑음,단일로 - 기타,승용,남,68세,중상,승용,남,51세,중상
2013102200100262,2013년 10월 22일 12시,화요일,대구광역시 달성군 구지면,경상사고,0,0,1,0,차대차 - 기타,교차로운행방법위반,건조,맑음,교차로 - 교차로안,승용,남,34세,상해없음,승용,남,33세,경상
2013102200100303,2013년 10월 22일 13시,화요일,대구광역시 달성군 논공읍,경상사고,0,0,2,0,차대차 - 기타,교차로운행방법위반,건조,맑음,교차로 - 교차로안,승합,남,55세,상해없음,승용,남,26세,상해없음
2013102200100326,2013년 10월 22일 14시,화요일,대구광역시 서구 내당동,경상사고,0,0,1,0,차대차 - 추돌 - 진행중,안전거리미확보,건조,맑음,교차로 - 교차로부근,승용,여,34세,상해없음,승용,남,69세,경상