사고번호,사고일시,요일,시군구,사고내용,사망자수,중상자수,경상자수,부상신고자수,사고유형,법규위반,노면상태,기상상태,도로형태,가해운전자 차종,가해운전자 성별,가해운전자 연령,가해운전자 상해정도,피해운전자 차종,피해운전자 성별,피해운전자 연령,피해운전자 상해정도
2013102200100327,2013년 10월 22일 14시,화요일,대구광역시 중구 교동,경상사고,0,0,1,0,차대차 - 기타,안전운전불이행,건조,맑음,단일로 - 기타,승용,여,60세,상해없음,승용,남,65세,상해없음
2013102200100328,2013년 10월 22일 14시,화요일,대구광역시 북구 읍내동,중상사고,0,2,0,0,차대사람 - 차도통행중,안전운전불이행,기타,맑음,기타 - 기타,승용,남,70세,상해없음,보행자,여,52세,중상
2013102200100381,2013년 10월 22일 16시,화요일,대구광역시 수성구 신매동,중상사고,0,1,0,0,차대사람 - 길가장자리구역통행중,안전운전불이행,건조,흐림,단일로 - 기타,승용,여,27세,상해없음,보행자,여,50세,중상
2013102200100382,2013년 10월 22일 16시,화요일,대구광역시 수성구 수성동1가,중상사고,0,1,0,0,차대차 - 기타,안전운전불이행,건조,맑음,단일로 - 기타,승용,여,37세,상해없음,자전거,여,23세,중상
2013102200100383,2013년 10월 22일 16시,화요일,대구광역시 수성구 삼덕동,중상사고,0,1,0,0,차대차 - 기타,안전운전불이행,건조,맑음,단일로 - 기타,승합,남,60세,상해없음,승용,남,60세,중상
2013102200100384,2013년 10월 22일 16시,화요일,대구광역시 달서구 상인동,경상사고,0,0,3,0,차대차 - 기타,교차로운행방법위반,건조,맑음,교차로 - 교차로안,승용,여,36세,경상,승용,남,57세,경상
2013102200100415,2013년 10월 22일 17시,화요일,대구광역시 달서구 월성동,중상사고,0,1,0,0,차대사람 - 횡단중,안전운전불이행,건조,맑음,교차로 - 교차로안,승용,남,50세,상해없음,보행자,남,39세,중상
2013102200100463,2013년 10월 22일 18시,화요일,대구광역시 달서구 송현동,경상사고,0,0,1,0,차대사람 - 길가장자리구역통행중,안전운전불이행,건조,맑음,교차로 - 교차로부근,승용,여,34세,상해없음,보행자,남,19세,경상
2013102200100464,2013년 10월 22일 18시,화요일,대구광역시 달성군 다사읍,경상사고,0,0,1,0,차대차 - 추돌 - 주정차중,안전운전불이행,건조,맑음,교차로 - 교차로부근,승합,남,54세,상해없음,화물,남,49세,경상
2013102200100465,2013년 10월 22일 18시,화요일,대구광역시 북구 산격동,경상사고,0,0,1,0,차대차 - 측면직각충돌,안전운전불이행,건조,맑음,교차로 - 교차로부근,승용,남,69세,상해없음,원동기,남,16세,경상
2013102200100515,2013년 10월 22일 19시,화요일,대구광역시 수성구 두산동,경상사고,0,0,1,0,차대차 - 기타,안전운전불이행,건조,맑음,교차로 - 교차로안,화물,남,38세,상해없음,승용,남,51세,경상
2013102200100516,2013년 10월 22일 19시,화요일,대구광역시 달서구 신당동,경상사고,0,0,1,0,차대차 - 추돌 - 주정차중,안전운전불이행,건조,맑음,단일로 - 기타,승용,남,45세,상해없음,승용,여,30세,경상
2013102200100545,2013년 10월 22일 20시,화요일,대구광역시 수성구 대흥동,중상사고,0,1,3,0,차대차 - 정면충돌,신호위반,건조,맑음,교차로 - 교차로안,승용,남,41세,상해없음,승용,남,45세,경상
2013102200100546,2013년 10월 22일 20시,화요일,대구광역시 북구 구암동,경상사고,0,0,6,0,차대차 - 추돌 - 진행중,안전운전불이행,건조,맑음,기타 - 기타,승용,여,44세,상해없음,승용,여,37세,경상
2013102200100567,2013년 10월 22일 21시,화요일,대구광역시 동구 신천동,중상사고,0,3,5,1,차량단독 - 공작물충돌,안전운전불이행,건조,맑음,단일로 - 기타,승합,남,57세,상해없음,,,,
2013102200100568,2013년 10월 22일 21시,화요일,대구광역시 달서구 도원동,부상신고사고,0,0,0,1,차대차 - 추돌 - 주정차중,안전운전불이행,건조,맑음,단일로 - 기타,승용,남,52세,상해없음,승용,남,37세,부상신고
2013102200100569,2013년 10월 22일 21시,화요일,대구광역시 달서구 성당동,중상사고,0,1,0,0,차대사람 - 기타,안전운전불이행,건조,맑음,단일로 - 기타,승합,남,53세,상해없음,보행자,여,59세,중상
2013102200100601,2013년 10월 22일 22시,화요일,대구광역시 동구 효목동,중상사고,0,1,0,0,차대사람 - 횡단중,보행자보호의무위반,건조,맑음,단일로 - 횡단보도상,승용,남,49세,상해없음,보행자,남,38세,중상
2013102200100602,2013년 10월 22일 22시,화요일,대구광역시 수성구 지산동,경상사고,0,0,2,0,차대차 - 측면직각충돌,안전운전불이행,건조,맑음,단일로 - 기타,승용,여,49세,상해없음,승용,남,33세,경상
2013102200100603,2013년 10월 22일 22시,화요일,대구광역시 북구 구암동,중상사고,0,1,0,0,차대차 - 정면충돌,교차로운행방법위반,건조,맑음,교차로 - 교차로안,승용,여,48세,상해없음,이륜,남,24세,중상
2013102200100604,2013년 10월 22일 22시,화요일,대구광역시 북구 국우동,중상사고,0,1,0,0,차대차 - 기타,안전거리미확보,건조,맑음,단일로 - 기타,승용,기타불명,기타불명,기타불명,자전거,여,70세,중상
2013102200100624,2013년 10월 22일 23시,화요일,대구광역시 동구 효목동,경상사고,0,0,1,1,차대차 - 기타,안전운전불이행,건조,맑음,교차로 - 교차로부근,승용,남,55세,상해없음,승용,남,69세,상해없음
2013102200100625,2013년 10월 22일 23시,화요일,대구광역시 달서구 진천동,경상사고,0,0,1,0,차대차 - 기타,안전운전불이행,건조,맑음,교차로 - 교차로안,이륜,남,17세,경상,승용,남,39세,상해없음
2013102200100626,2013년 10월 22일 23시,화요일,대구광역시 북구 복현동,경상사고,0,0,2,0,차대차 - 추돌 - 주정차중,안전운전불이행,건조,맑음,단일로 - 기타,승용,남,38세,상해없음,승용,남,52세,경상
2013102300100019,2013년 10월 23일 00시,수요일,대구광역시 동구 신암동,경상사고,0,0,1,1,차대차 - 정면충돌,중앙선침범,건조,맑음,단일로 - 기타,이륜,남,18세,상해없음,승용,남,48세,부상신고
2013102300100020,2013년 10월 23일 00시,수요일,대구광역시 달서구 진천동,부상신고사고,0,0,0,1,차대차 - 추돌 - 주정차중,안전운전불이행,건조,맑음,단일로 - 기타,승용,남,26세,상해없음,승용,여,34세,부상신고
2013102300100021,2013년 10월 23일 00시,수요일,대구광역시 북구 침산동,경상사고,0,0,1,1,차대차 - 기타,차로위반,건조,맑음,단일로 - 기타,승용,여,37세,부상신고,승용,남,38세,경상
2013102300100036,2013년 10월 23일 01시,수요일,대구광역시 남구 대명동,경상사고,0,0,1,0,차대차 - 기타,안전운전불이행,건조,맑음,단일로 - 기타,승용,남,27세,상해없음,승용,남,58세,경상
2013102300100060,2013년 10월 23일 03시,수요일,대구광역시 북구 산격동,중상사고,0,1,0,0,차대차 - 추돌 - 주정차중,안전운전불이행,건조,맑음,단일로 - 기타,원동기,남,16세,상해없음,승용,남,41세,중상
2013102300100082,2013년 10월 23일 05시,수요일,대구광역시 남구 대명동,중상사고,0,1,0,0,차대사람 - 기타,안전운전불이행,건조,맑음,교차로 - 교차로부근,승용,남,45세,상해없음,보행자,남,78세,중상
2013102300100083,2013년 10월 23일 05시,수요일,대구광역시 수성구 범어동,경상사고,0,0,1,0,차대차 - 기타,안전운전불이행,건조,맑음,단일로 - 기타,승합,남,56세,상해없음,자전거,남,16세,경상
2013102300100093,2013년 10월 23일 06시,수요일,대구광역시 남구 대명동,경상사고,0,0,1,0,차대차 - 측면직각충돌,안전운전불이행,건조,맑음,단일로 - 기타,화물,남,41세,상해없음,자전거,남,28세,경상
2013102300100130,2013년 10월 23일 07시,수요일,대구광역시 남구 대명동,경상사고,0,0,1,0,차대차 - 측면직각충돌,안전거리미확보,건조,맑음,단일로 - 기타,승합,남,54세,상해없음,이륜,남,45세,경상
2013102300100131,2013년 10월 23일 07시,수요일,대구광역시 수성구 만촌동,경상사고,0,0,1,0,차대사람 - 차도통행중,안전운전불이행,건조,맑음,교차로 - 교차로안,승용,남,24세,상해없음,보행자,여,24세,경상
2013102300100174,2013년 10월 23일 08시,수요일,대구광역시 중구 동인동1가,중상사고,0,1,0,0,차대차 - 측면직각충돌,안전거리미확보,건조,맑음,기타 - 기타,승용,남,60세,상해없음,승용,여,52세,중상
2013102300100212,2013년 10월 23일 09시,수요일,대구광역시 남구 대명동,부상신고사고,0,0,0,1,차대차 - 기타,차로위반,건조,맑음,교차로 - 교차로안,자전거,남,65세,부상신고,화물,남,54세,상해없음
2013102300100213,2013년 10월 23일 09시,수요일,대구광역시 달서구 두류동,경상사고,0,0,1,0,차대차 - 측면직각충돌,안전운전불이행,건조,맑음,교차로 - 교차로안,승용,여,52세,경상,승용,여,48세,상해없음
2013102300100241,2013년 10월 23일 10시,수요일,대구광역시 달서구 장동,중상사고,0,1,0,0,차대차 - 측면직각충돌,교차로운행방법위반,건조,맑음,교차로 - 교차로안,화물,남,50세,상해없음,이륜,남,48세,중상
2013102300100269,2013년 10월 23일 11시,수요일,대구광역시 동구 신천동,경상사고,0,0,1,0,차대차 - 기타,교차로운행방법위반,건조,맑음,교차로 - 교차로안,승용,남,61세,상해없음,승용,남,48세,경상
2013102300100270,2013년 10월 23일 11시,수요일,대구광역시 수성구 시지동,중상사고,0,2,1,0,차대차 - 측면직각충돌,안전운전불이행,건조,맑음,단일로 - 기타,승용,여,48세,상해없음,승용,남,45세,중상
2013102300100288,2013년 10월 23일 12시,수요일,대구광역시 수성구 범어동,경상사고,0,0,1,0,차대차 - 기타,신호위반,건조,맑음,단일로 - 기타,승용,남,66세,기타불명,자전거,남,78세,경상
2013102300100319,2013년 10월 23일 13시,수요일,대구광역시 달서구 대천동,경상사고,0,0,1,0,차대차 - 추돌 - 주정차중,안전운전불이행,건조,맑음,단일로 - 기타,화물,남,57세,상해없음,승용,남,26세,경상
2013102300100320,2013년 10월 23일 13시,수요일,대구광역시 달서구 월성동,경상사고,0,0,1,0,차대사람 - 횡단중,보행자보호의무위반,건조,맑음,교차로 - 교차로부근,승용,여,36세,상해없음,보행자,여,58세,경상
2013102300100382,2013년 10월 23일 15시,수요일,대구광역시 남구 봉덕동,경상사고,0,0,1,0,차대사람 - 길가장자리구역통행중,안전운전불이행,건조,맑음,교차로 - 교차로안,승용,남,45세,상해없음,보행자,여,34세,경상
2013102300100383,2013년 10월 23일 15시,수요일,대구광역시 동구 신기동,중상사고,0,1,0,0,차대차 - 기타,교차로운행방법위반,건조,맑음,교차로 - 교차로안,원동기,여,39세,상해없음,자전거,여,57세,중상
2013102300100384,2013년 10월 23일 15시,수요일,대구광역시 달서구 도원동,경상사고,0,0,1,0,차대사람 - 횡단중,보행자보호의무위반,건조,맑음,단일로 - 횡단보도상,승용,남,42세,상해없음,보행자,남,24세,경상
2013102300100385,2013년 10월 23일 15시,수요일,대구광역시 서구 평리동,중상사고,0,1,0,0,차대차 - 측면직각충돌,신호위반,건조,맑음,교차로 - 교차로안,이륜,남,39세,중상,승용,남,47세,상해없음
2013102300100416,2013년 10월 23일 16시,수요일,대구광역시 수성구 범어동,경상사고,0,0,2,0,차대차 - 추돌 - 진행중,안전운전불이행,건조,맑음,교차로 - 교차로부근,승용,남,53세,상해없음,승용,여,50세,경상
2013102300100417,2013년 10월 23일 16시,수요일,대구광역시 북구 구암동,중상사고,0,1,0,0,차대차 - 측면직각충돌,안전운전불이행,건조,맑음,교차로 - 교차로안,승용,여,47세,상해없음,자전거,남,77세,중상
2013102300100460,2013년 10월 23일 17시,수요일,대구광역시 달성군 다사읍,중상사고,0,1,0,0,차대사람 - 차도통행중,안전운전불이행,건조,맑음,교차로 - 교차로안,승용,여,41세,상해없음,보행자,여,61세,중상
2013102300100461,2013년 10월 23일 17시,수요일,대구광역시 서구 평리동,부상신고사고,0,0,0,1,차대차 - 기타,기타,건조,맑음,교차로 - 교차로안,원동기,남,60세,부상신고,승합,남,36세,상해없음
2013102300100509,2013년 10월 23일 18시,수요일,대구광역시 달서구 본동,부상신고사고,0,0,0,1,차대차 - 측면직각충돌,안전운전불이행,건조,맑음,교차로 - 교차로안,승용,여,43세,상해없음,승용,여,53세,부상신고
2013102300100510,2013년 10월 23일 18시,수요일,대구광역시 서구 평리동,중상사고,0,1,0,0,차대차 - 측면직각충돌,신호위반,건조,맑음,교차로 - 교차로안,승용,남,39세,상해없음,원동기,남,16세,중상
2013102300100511,2013년 10월 23일 18시,수요일,대구광역시 서구 비산동,경상사고,0,0,1,0,차대차 - 기타,안전운전불이행,건조,맑음,교차로 - 교차로부근,화물,남,32세,상해없음,자전거,남,61세,경상
2013102300100512,2013년 10월 23일 18시,수요일,대구광역시 서구 비산동,경상사고,0,0,1,0,차대차 - 기타,교차로운행방법위반,건조,맑음,교차로 - 교차로부근,승용,남,68세,상해없음,이륜,남,48세,경상
2013102300100513,2013년 10월 23일 18시,수요일,대구광역시 달서구 두류동,중상사고,0,1,0,0,차대사람 - 기타,안전운전불이행,건조,맑음,기타 - 기타,승용,여,44세,상해없음,보행자,남,24세,중상
2013102300100514,2013년 10월 23일 18시,수요일,대구광역시 달서구 이곡동,경상사고,0,0,1,0,차대차 - 측면직각충돌,안전운전불이행,건조,맑음,단일로 - 기타,승용,남,42세,상해없음,승용,남,43세,경상
2013102300100515,2013년 10월 23일 18시,수요일,대구광역시 달서구 신당동,경상사고,0,0,3,0,차대차 - 측면직각충돌,신호위반,건조,맑음,교차로 - 교차로안,승용,여,57세,상해없음,승용,남,36세,경상
2013102300100516,2013년 10월 23일 18시,수요일,대구광역시 달서구 신당동,중상사고,0,1,0,0,차대차 - 측면직각충돌,신호위반,건조,맑음,교차로 - 교차로안,승합,남,48세,상해없음,이륜,남,69세,중상
2013102300100517,2013년 10월 23일 18시,수요일,대구광역시 달서구 용산동,경상사고,0,0,1,0,차대차 - 기타,안전운전불이행,건조,맑음,단일로 - 횡단보도상,승용,남,61세,상해없음,자전거,남,9세,경상
2013102300100518,2013년 10월 23일 18시,수요일,대구광역시 북구 태전동,중상사고,0,1,0,0,차대사람 - 기타,신호위반,건조,맑음,단일로 - 횡단보도상,승합,남,56세,상해없음,보행자,여,46세,중상
2013102300100615,2013년 10월 23일 21시,수요일,대구광역시 동구 신암동,경상사고,0,0,1,0,차대사람 - 기타,안전운전불이행,건조,맑음,교차로 - 교차로안,승용,남,29세,상해없음,보행자,여,76세,경상
2013102300100616,2013년 10월 23일 21시,수요일,대구광역시 달서구 본동,경상사고,0,0,1,0,차대차 - 기타,불법유턴,건조,맑음,단일로 - 기타,승용,남,38세,상해없음,자전거,남,59세,경상
2013102300100647,2013년 10월 23일 22시,수요일,대구광역시 동구 지저동,경상사고,0,0,1,0,차대사람 - 기타,안전운전불이행,건조,맑음,기타 - 기타,승합,남,48세,상해없음,보행자,남,70세,경상
2013102300100648,2013년 10월 23일 22시,수요일,대구광역시 수성구 중동,부상신고사고,0,0,0,1,차대차 - 추돌 - 진행중,안전운전불이행,건조,맑음,단일로 - 기타,승용,남,51세,상해없음,승용,남,30세,부상신고
2013102300100668,2013년 10월 23일 23시,수요일,대구광역시 수성구 범물동,경상사고,0,0,1,0,차대차 - 추돌 - 주정차중,안전운전불이행,건조,맑음,단일로 - 횡단보도부근,승용,남,46세,상해없음,승용,남,24세,경상
2013102300100669,2013년 10월 23일 23시,수요일,대구광역시 달서구 두류동,부상신고사고,0,0,0,1,차대사람 - 기타,안전운전불이행,건조,맑음,단일로 - 기타,승합,기타불명,기타불명,기타불명,보행자,남,24세,부상신고
2013102400100046,2013년 10월 24일 03시,목요일,대구광역시 달성군 옥포면,경상사고,0,0,1,0,차량단독 - 공작물충돌,안전운전불이행,건조,맑음,단일로 - 기타,승용,여,53세,경상,,,,
2013102400100065,2013년 10월 24일 05시,목요일,대구광역시 달서구 송현동,중상사고,0,1,0,0,차대차 - 기타,안전운전불이행,건조,맑음,교차로 - 교차로부근,승용,기타불명,기타불명,기타불명,자전거,남,42세,중상
2013102400100083,2013년 10월 24일 06시,목요일,대구광역시 중구 삼덕동1가,경상사고,0,0,2,0,차대차 - 기타,안전운전불이행,건조,맑음,단일로 - 기타,승용,남,20세,상해없음,승용,남,38세,경상
2013102400100116,2013년 10월 24일 07시,목요일,대구광역시 달서구 상인동,경상사고,0,0,1,0,차대차 - 추돌 - 주정차중,안전운전불이행,건조,맑음,단일로 - 기타,승합,남,71세,상해없음,승합,남,51세,상해없음
2013102400100117,2013년 10월 24일 07시,목요일,대구광역시 달서구 진천동,경상사고,0,0,1,0,차대사람 - 길가장자리구역통행중,안전운전불이행,건조,맑음,단일로 - 기타,승용,남,59세,상해없음,보행자,여,11세,경상
2013102400100118,2013년 10월 24일 07시,목요일,대구광역시 달성군 논공읍,경상사고,0,0,1,0,차대차 - 추돌 - 진행중,안전운전불이행,건조,맑음,교차로 - 교차로부근,승용,남,41세,상해없음,화물,남,52세,경상
2013102400100119,2013년 10월 24일 07시,목요일,대구광역시 북구 검단동,경상사고,0,0,1,0,차대차 - 기타,안전운전불이행,건조,맑음,교차로 - 교차로부근,화물,남,55세,상해없음,승합,남,53세,상해없음
2013102400100120,2013년 10월 24일 07시,목요일,대구광역시 서구 비산동,중상사고,0,1,0,0,차대차 - 측면직각충돌,교차로운행방법위반,건조,맑음,교차로 - 교차로안,승용,여,43세,상해없음,원동기,여,41세,중상
2013102400100121,2013년 10월 24일 07시,목요일,대구광역시 달서구 이곡동,경상사고,0,0,1,0,차대차 - 측면직각충돌,안전거리미확보,건조,맑음,교차로 - 교차로부근,승용,남,59세,상해없음,승용,남,42세,상해없음
2013102400100165,2013년 10월 24일 08시,목요일,대구광역시 남구 봉덕동,중상사고,0,1,1,0,차대차 - 측면직각충돌,안전거리미확보,건조,맑음,단일로 - 기타,승용,여,39세,경상,승용,여,36세,중상
2013102400100166,2013년 10월 24일 08시,목요일,대구광역시 달서구 대천동,경상사고,0,0,1,0,차대차 - 추돌 - 주정차중,안전거리미확보,건조,맑음,단일로 - 기타,이륜,남,20세,경상,승용,남,35세,상해없음
2013102400100167,2013년 10월 24일 08시,목요일,대구광역시 달서구 송현동,경상사고,0,0,1,0,차대차 - 추돌 - 주정차중,안전거리미확보,건조,맑음,단일로 - 기타,승용,남,22세,상해없음,화물,남,32세,경상
2013102400100168,2013년 10월 24일 08시,목요일,대구광역시 달서구 호산동,경상사고,0,0,2,1,차대차 - 측면직각충돌,교차로운행방법위반,건조,맑음,교차로 - 교차로안,승용,여,25세,부상신고,승용,남,46세,경상
2013102400100169,2013년 10월 24일 08시,목요일,대구광역시 북구 관음동,중상사고,0,1,0,0,차대사람 - 기타,안전운전불이행,건조,맑음,단일로 - 기타,승용,남,45세,상해없음,보행자,여,77세,중상
2013102400100201,2013년 10월 24일 09시,목요일,대구광역시 동구 신천동,중상사고,0,1,0,0,차대사람 - 횡단중,안전운전불이행,건조,맑음,단일로 - 기타,승용,남,28세,상해없음,보행자,남,81세,중상
2013102400100202,2013년 10월 24일 09시,목요일,대구광역시 동구 효목동,중상사고,0,1,0,0,차량단독 - 기타,기타,건조,맑음,단일로 - 기타,승합,남,54세,상해없음,,,,
2013102400100227,2013년 10월 24일 10시,목요일,대구광역시 달서구 진천동,경상사고,0,0,1,0,차대차 - 기타,안전운전불이행,건조,맑음,단일로 - 횡단보도부근,승용,여,40세,상해없음,자전거,남,70세,경상
2013102400100228,2013년 10월 24일 10시,목요일,대구광역시 중구 남산동,부상신고사고,0,0,0,1,차대차 - 기타,안전운전불이행,건조,맑음,단일로 - 기타,원동기,남,55세,부상신고,승용,남,62세,상해없음
2013102400100229,2013년 10월 24일 10시,목요일,대구광역시 북구 읍내동,중상사고,0,1,0,0,차대사람 - 횡단중,보행자보호의무위반,건조,맑음,단일로 - 횡단보도상,화물,남,53세,상해없음,보행자,여,71세,중상
2013102400100258,2013년 10월 24일 11시,목요일,대구광역시 북구 칠성동2가,경상사고,0,0,2,1,차대차 - 기타,안전거리미확보,건조,맑음,단일로 - 기타,승용,여,58세,부상신고,승합,남,46세,상해없음
2013102400100259,2013년 10월 24일 11시,목요일,대구광역시 달서구 본리동,경상사고,0,0,1,0,차대차 - 측면직각충돌,중앙선침범,건조,맑음,교차로 - 교차로부근,자전거,남,34세,경상,승용,여,43세,상해없음
2013102400100291,2013년 10월 24일 12시,목요일,대구광역시 동구 능성동,중상사고,0,3,0,0,차대차 - 추돌 - 주정차중,안전운전불이행,건조,맑음,단일로 - 기타,승용,남,56세,상해없음,승용,남,28세,중상
2013102400100292,2013년 10월 24일 12시,목요일,대구광역시 동구 신암동,경상사고,0,0,3,0,차대차 - 추돌 - 주정차중,안전운전불이행,건조,맑음,단일로 - 기타,승용,남,58세,상해없음,승합,여,42세,경상
2013102400100293,2013년 10월 24일 12시,목요일,대구광역시 수성구 범어동,경상사고,0,0,1,0,차대차 - 측면직각충돌,안전운전불이행,건조,맑음,단일로 - 기타,승용,남,29세,상해없음,승용,남,62세,경상
2013102400100294,2013년 10월 24일 12시,목요일,대구광역시 서구 비산동,경상사고,0,0,1,0,차대차 - 기타,안전운전불이행,건조,맑음,단일로 - 기타,이륜,남,56세,경상,화물,남,51세,상해없음
2013102400100317,2013년 10월 24일 13시,목요일,대구광역시 동구 효목동,중상사고,0,1,0,0,차대차 - 측면직각충돌,교차로운행방법위반,건조,맑음,교차로 - 교차로안,이륜,남,42세,중상,승용,남,53세,상해없음
2013102400100376,2013년 10월 24일 15시,목요일,대구광역시 동구 신암동,경상사고,0,0,1,0,차대차 - 기타,안전거리미확보,건조,맑음,단일로 - 기타,승합,남,37세,상해없음,승합,남,59세,기타불명
2013102400100407,2013년 10월 24일 16시,목요일,대구광역시 달서구 상인동,경상사고,0,0,2,0,차대차 - 기타,안전운전불이행,건조,맑음,단일로 - 횡단보도상,이륜,남,52세,경상,자전거,남,14세,경상
2013102400100408,2013년 10월 24일 16시,목요일,대구광역시 달서구 유천동,경상사고,0,0,1,0,차대차 - 기타,중앙선침범,건조,맑음,단일로 - 기타,승용,여,39세,상해없음,이륜,남,17세,경상
2013102400100409,2013년 10월 24일 16시,목요일,대구광역시 서구 비산동,경상사고,0,0,2,0,차대차 - 추돌 - 주정차중,안전운전불이행,건조,맑음,단일로 - 기타,승용,남,41세,상해없음,화물,여,29세,경상
2013102400100410,2013년 10월 24일 16시,목요일,대구광역시 북구 태전동,경상사고,0,0,1,0,차대사람 - 횡단중,안전운전불이행,건조,맑음,단일로 - 횡단보도상,승용,기타불명,기타불명,기타불명,보행자,남,13세,경상
2013102400100443,2013년 10월 24일 17시,목요일,대구광역시 남구 대명동,경상사고,0,0,1,0,차대사람 - 길가장자리구역통행중,안전운전불이행,건조,맑음,단일로 - 기타,승용,남,26세,상해없음,보행자,남,17세,경상
2013102400100444,2013년 10월 24일 17시,목요일,대구광역시 동구 입석동,중상사고,0,1,0,0,차대차 - 측면직각충돌,안전운전불이행,건조,맑음,단일로 - 기타,승합,남,61세,상해없음,자전거,남,12세,중상
2013102400100515,2013년 10월 24일 18시,목요일,대구광역시 수성구 가천동,중상사고,0,1,0,0,차대차 - 기타,안전운전불이행,건조,맑음,기타 - 기타,자전거,남,53세,상해없음,자전거,여,43세,중상
2013102400100516,2013년 10월 24일 18시,목요일,대구광역시 북구 노원동3가,경상사고,0,0,1,0,차대차 - 측면직각충돌,안전운전불이행,건조,맑음,단일로 - 기타,화물,남,50세,상해없음,승용,남,25세,경상
2013102400100517,2013년 10월 24일 18시,목요일,대구광역시 북구 칠성동2가,중상사고,0,1,0,0,차대사람 - 차도통행중,안전운전불이행,건조,맑음,단일로 - 기타,이륜,남,19세,상해없음,보행자,남,78세,중상
2013102400100561,2013년 10월 24일 19시,목요일,대구광역시 남구 대명동,경상사고,0,0,1,0,차대사람 - 길가장자리구역통행중,안전운전불이행,건조,맑음,단일로 - 기타,승용,여,58세,상해없음,보행자,남,19세,경상
2013102400100562,2013년 10월 24일 19시,목요일,대구광역시 서구 중리동,경상사고,0,0,2,0,차대차 - 기타,안전운전불이행,건조,맑음,단일로 - 기타,승용,남,53세,상해없음,승용,남,60세,경상
2013102400100563,2013년 10월 24일 19시,목요일,대구광역시 서구 평리동,경상사고,0,0,1,0,차대차 - 측면직각충돌,신호위반,건조,맑음,교차로 - 교차로안,승용,남,23세,상해없음,승용,남,45세,경상
2013102400100564,2013년 10월 24일 19시,목요일,대구광역시 달서구 본리동,중상사고,0,1,0,0,차대차 - 측면직각충돌,안전운전불이행,건조,맑음,단일로 - 기타,승용,남,57세,상해없음,승용,남,27세,중상
2013102400100594,2013년 10월 24일 20시,목요일,대구광역시 달성군 논공읍,경상사고,0,0,2,0,차대차 - 기타,안전운전불이행,건조,맑음,단일로 - 기타,승용,여,50세,경상,승용,남,55세,상해없음
2013102400100652,2013년 10월 24일 22시,목요일,대구광역시 서구 내당동,경상사고,0,0,2,0,차대차 - 기타,안전거리미확보,건조,맑음,교차로 - 교차로부근,승용,여,43세,상해없음,승용,남,30세,상해없음
2013102400100653,2013년 10월 24일 22시,목요일,대구광역시 달서구 두류동,경상사고,0,0,2,0,차대차 - 측면직각충돌,교차로운행방법위반,건조,맑음,교차로 - 교차로안,승용,남,53세,기타불명,승용,남,56세,기타불명
2013102400100685,2013년 10월 24일 23시,목요일,대구광역시 달서구 신당동,중상사고,0,1,0,0,차대사람 - 기타,안전운전불이행,건조,맑음,단일로 - 기타,이륜,남,36세,상해없음,보행자,남,45세,중상
2013102500100012,2013년 10월 25일 00시,금요일,대구광역시 수성구 지산동,경상사고,0,0,2,0,차대차 - 기타,안전운전불이행,건조,맑음,단일로 - 기타,승용,남,35세,상해없음,승용,남,65세,경상
2013102500100056,2013년 10월 25일 03시,금요일,대구광역시 북구 대현동,중상사고,0,1,0,0,차량단독 - 기타,안전운전불이행,기타,맑음,교차로 - 교차로부근,승용,남,55세,상해없음,,,,
2013102500100057,2013년 10월 25일 03시,금요일,대구광역시 북구 검단동,중상사고,0,1,1,0,차대차 - 측면직각충돌,안전운전불이행,건조,맑음,교차로 - 교차로안,승용,남,49세,상해없음,이륜,남,18세,중상
2013102500100067,2013년 10월 25일 04시,금요일,대구광역시 북구 서변동,경상사고,0,0,4,0,차대차 - 측면직각충돌,차로위반,건조,맑음,단일로 - 기타,승용,남,45세,상해없음,승용,여,20세,경상
2013102500100102,2013년 10월 25일 06시,금요일,대구광역시 수성구 수성동2가,경상사고,0,0,1,0,차대차 - 기타,안전운전불이행,건조,맑음,교차로 - 교차로부근,승용,남,55세,상해없음,자전거,남,46세,경상
2013102500100123,2013년 10월 25일 07시,금요일,대구광역시 동구 신천동,중상사고,0,1,0,0,차대차 - 기타,신호위반,건조,맑음,교차로 - 교차로안,건설기계,남,55세,상해없음,원동기,남,77세,중상
2013102500100124,2013년 10월 25일 07시,금요일,대구광역시 수성구 만촌동,경상사고,0,0,1,0,차대사람 - 횡단중,안전운전불이행,건조,맑음,단일로 - 기타,승용,남,70세,상해없음,보행자,여,12세,경상
2013102500100125,2013년 10월 25일 07시,금요일,대구광역시 북구 팔달동,중상사고,0,1,0,0,차대차 - 측면직각충돌,안전운전불이행,건조,맑음,단일로 - 기타,승용,남,53세,상해없음,자전거,남,37세,중상
2013102500100164,2013년 10월 25일 08시,금요일,대구광역시 수성구 수성동3가,경상사고,0,0,1,0,차대차 - 추돌 - 주정차중,안전운전불이행,건조,맑음,단일로 - 기타,이륜,기타불명,기타불명,기타불명,승용,여,54세,경상