사고번호,사고일시,요일,시군구,사고내용,사망자수,중상자수,경상자수,부상신고자수,사고유형,법규위반,노면상태,기상상태,도로형태,가해운전자 차종,가해운전자 성별,가해운전자 연령,가해운전자 상해정도,피해운전자 차종,피해운전자 성별,피해운전자 연령,피해운전자 상해정도
2013102700100289,2013년 10월 27일 14시,일요일,대구광역시 달서구 도원동,경상사고,0,0,1,0,차대차 - 측면직각충돌,중앙선침범,건조,맑음,교차로 - 교차로부근,승용,남,35세,상해없음,승용,여,42세,상해없음
2013102700100324,2013년 10월 27일 15시,일요일,대구광역시 달성군 가창면,중상사고,0,1,0,0,차량단독 - 기타,기타,건조,맑음,단일로 - 기타,승합,남,52세,상해없음,,,,
2013102700100325,2013년 10월 27일 15시,일요일,대구광역시 북구 태전동,부상신고사고,0,0,0,1,차대차 - 측면직각충돌,직진우회전진행방해,건조,맑음,교차로 - 교차로안,원동기,남,21세,부상신고,승용,남,26세,상해없음
2013102700100364,2013년 10월 27일 16시,일요일,대구광역시 동구 방촌동,중상사고,0,1,0,0,차대차 - 측면직각충돌,안전운전불이행,건조,맑음,단일로 - 기타,승용,남,69세,상해없음,원동기,남,25세,중상
2013102700100365,2013년 10월 27일 16시,일요일,대구광역시 달서구 송현동,경상사고,0,0,2,0,차대차 - 기타,안전거리미확보,건조,맑음,단일로 - 기타,승용,남,66세,상해없음,승용,여,39세,경상
2013102700100366,2013년 10월 27일 16시,일요일,대구광역시 중구 동인동2가,중상사고,0,1,0,0,차대차 - 기타,기타,건조,맑음,단일로 - 기타,승용,남,58세,상해없음,이륜,남,65세,중상
2013102700100399,2013년 10월 27일 17시,일요일,대구광역시 수성구 상동,경상사고,0,0,1,1,차대차 - 측면직각충돌,안전운전불이행,건조,맑음,단일로 - 기타,승용,남,47세,상해없음,승용,남,40세,경상
2013102700100400,2013년 10월 27일 17시,일요일,대구광역시 달성군 화원읍,경상사고,0,0,1,0,차대차 - 추돌 - 주정차중,안전운전불이행,건조,맑음,단일로 - 기타,승용,기타불명,기타불명,기타불명,승용,남,32세,경상
2013102700100452,2013년 10월 27일 18시,일요일,대구광역시 중구 태평로1가,중상사고,0,1,0,0,차대사람 - 기타,안전운전불이행,건조,맑음,기타 - 기타,승합,남,41세,상해없음,보행자,여,59세,중상
2013102700100488,2013년 10월 27일 19시,일요일,대구광역시 달서구 송현동,경상사고,0,0,1,0,차대사람 - 기타,안전운전불이행,건조,맑음,단일로 - 기타,승용,여,33세,상해없음,보행자,남,29세,경상
2013102700100489,2013년 10월 27일 19시,일요일,대구광역시 달서구 갈산동,경상사고,0,0,1,0,차대사람 - 기타,안전운전불이행,건조,맑음,교차로 - 교차로부근,기타불명,기타불명,기타불명,기타불명,보행자,여,17세,경상
2013102700100490,2013년 10월 27일 19시,일요일,대구광역시 북구 동천동,경상사고,0,0,2,0,차대차 - 정면충돌,중앙선침범,건조,맑음,교차로 - 교차로부근,이륜,남,23세,경상,이륜,남,52세,경상
2013102700100511,2013년 10월 27일 20시,일요일,대구광역시 중구 남산동,부상신고사고,0,0,0,1,차대차 - 기타,안전거리미확보,건조,맑음,단일로 - 기타,승용,남,44세,기타불명,승합,남,59세,상해없음
2013102700100541,2013년 10월 27일 21시,일요일,대구광역시 달서구 용산동,중상사고,0,1,0,0,차대차 - 기타,안전거리미확보,건조,맑음,교차로 - 교차로안,승용,남,23세,상해없음,이륜,남,51세,중상
2013102700100559,2013년 10월 27일 22시,일요일,대구광역시 북구 칠성동2가,중상사고,0,1,0,0,차대차 - 측면직각충돌,안전운전불이행,건조,맑음,교차로 - 교차로안,승용,남,28세,상해없음,자전거,남,44세,중상
2013102700100560,2013년 10월 27일 22시,일요일,대구광역시 북구 읍내동,경상사고,0,0,1,0,차대차 - 측면직각충돌,교차로운행방법위반,건조,맑음,교차로 - 교차로안,승용,여,33세,경상,승용,남,33세,상해없음
2013102700100584,2013년 10월 27일 23시,일요일,대구광역시 서구 평리동,중상사고,0,1,0,0,차대사람 - 횡단중,안전운전불이행,건조,맑음,교차로 - 교차로안,이륜,남,34세,상해없음,보행자,남,40세,중상
2013102700100585,2013년 10월 27일 23시,일요일,대구광역시 달서구 이곡동,경상사고,0,0,1,0,차대차 - 측면직각충돌,안전거리미확보,건조,맑음,교차로 - 교차로안,승용,남,35세,상해없음,이륜,남,18세,경상
2013102800100011,2013년 10월 28일 00시,월요일,대구광역시 달서구 용산동,중상사고,0,1,0,0,차대차 - 측면직각충돌,안전운전불이행,건조,맑음,단일로 - 기타,화물,남,62세,상해없음,승용,남,41세,중상
2013102800100026,2013년 10월 28일 02시,월요일,대구광역시 수성구 두산동,경상사고,0,0,1,0,차대차 - 측면직각충돌,안전운전불이행,건조,맑음,단일로 - 기타,승용,남,26세,상해없음,승용,여,30세,경상
2013102800100041,2013년 10월 28일 04시,월요일,대구광역시 수성구 만촌동,중상사고,0,1,0,0,차대차 - 기타,신호위반,건조,맑음,교차로 - 교차로안,화물,남,24세,상해없음,이륜,남,38세,중상
2013102800100061,2013년 10월 28일 06시,월요일,대구광역시 동구 율하동,경상사고,0,0,1,0,차대차 - 측면직각충돌,교차로운행방법위반,건조,맑음,교차로 - 교차로안,화물,남,57세,상해없음,화물,남,51세,경상
2013102800100084,2013년 10월 28일 07시,월요일,대구광역시 중구 삼덕동1가,경상사고,0,0,1,0,차대차 - 측면직각충돌,안전거리미확보,건조,맑음,교차로 - 교차로부근,승용,남,49세,상해없음,승용,여,52세,경상
2013102800100118,2013년 10월 28일 08시,월요일,대구광역시 동구 신암동,경상사고,0,0,1,0,차대사람 - 기타,보행자보호의무위반,건조,맑음,단일로 - 횡단보도상,승용,남,72세,상해없음,보행자,남,54세,경상
2013102800100119,2013년 10월 28일 08시,월요일,대구광역시 수성구 수성동3가,경상사고,0,0,1,0,차대사람 - 기타,안전운전불이행,건조,맑음,단일로 - 기타,승용,여,40세,상해없음,보행자,남,12세,경상
2013102800100120,2013년 10월 28일 08시,월요일,대구광역시 서구 평리동,중상사고,0,1,0,0,차대차 - 측면직각충돌,안전운전불이행,건조,맑음,단일로 - 횡단보도상,화물,남,47세,상해없음,자전거,남,14세,중상
2013102800100121,2013년 10월 28일 08시,월요일,대구광역시 서구 평리동,중상사고,0,1,0,0,차대차 - 기타,안전거리미확보,건조,맑음,단일로 - 기타,이륜,남,67세,중상,승용,남,41세,상해없음
2013102800100122,2013년 10월 28일 08시,월요일,대구광역시 서구 평리동,경상사고,0,0,2,0,차대차 - 측면직각충돌,안전거리미확보,건조,맑음,단일로 - 기타,승용,남,18세,상해없음,승용,남,72세,경상
2013102800100123,2013년 10월 28일 08시,월요일,대구광역시 북구 태전동,경상사고,0,0,1,0,차대차 - 기타,안전운전불이행,기타,맑음,단일로 - 기타,승용,기타불명,기타불명,기타불명,자전거,남,15세,경상
2013102800100149,2013년 10월 28일 09시,월요일,대구광역시 달서구 송현동,경상사고,0,0,1,0,차대차 - 기타,신호위반,건조,맑음,단일로 - 횡단보도상,승용,여,52세,상해없음,이륜,남,41세,경상
2013102800100181,2013년 10월 28일 10시,월요일,대구광역시 동구 효목동,중상사고,0,1,1,0,차대차 - 추돌 - 진행중,안전거리미확보,건조,맑음,단일로 - 기타,승용,여,46세,상해없음,승용,여,34세,중상
2013102800100182,2013년 10월 28일 10시,월요일,대구광역시 달서구 두류동,경상사고,0,0,3,0,차대차 - 측면직각충돌,안전거리미확보,건조,맑음,단일로 - 기타,승합,남,41세,상해없음,승용,남,45세,상해없음
2013102800100234,2013년 10월 28일 12시,월요일,대구광역시 동구 동호동,중상사고,0,1,0,0,차대차 - 기타,안전운전불이행,건조,맑음,단일로 - 횡단보도상,승용,남,24세,상해없음,자전거,남,64세,중상
2013102800100235,2013년 10월 28일 12시,월요일,대구광역시 수성구 수성동1가,경상사고,0,0,1,0,차대사람 - 횡단중,안전운전불이행,건조,맑음,단일로 - 기타,승용,남,67세,상해없음,보행자,여,69세,경상
2013102800100236,2013년 10월 28일 12시,월요일,대구광역시 달성군 하빈면,경상사고,0,0,1,0,차대차 - 기타,안전운전불이행,건조,맑음,교차로 - 교차로부근,승용,여,63세,상해없음,화물,남,53세,경상
2013102800100237,2013년 10월 28일 12시,월요일,대구광역시 북구 노원동2가,중상사고,0,1,0,0,차대사람 - 횡단중,안전운전불이행,건조,맑음,단일로 - 기타,승용,여,41세,상해없음,보행자,남,18세,중상
2013102800100238,2013년 10월 28일 12시,월요일,대구광역시 중구 교동,중상사고,0,1,3,0,차대차 - 측면직각충돌,안전운전불이행,건조,맑음,단일로 - 기타,승용,남,40세,상해없음,승합,남,50세,경상
2013102800100272,2013년 10월 28일 13시,월요일,대구광역시 동구 신암동,중상사고,0,1,1,0,차대차 - 측면직각충돌,신호위반,건조,맑음,교차로 - 교차로안,승용,여,43세,경상,이륜,남,53세,중상
2013102800100273,2013년 10월 28일 13시,월요일,대구광역시 수성구 고모동,경상사고,0,0,1,0,차대차 - 추돌 - 주정차중,안전거리미확보,건조,맑음,교차로 - 교차로부근,화물,남,55세,상해없음,승용,여,38세,경상
2013102800100296,2013년 10월 28일 14시,월요일,대구광역시 달성군 논공읍,중상사고,0,1,0,0,차대사람 - 기타,안전운전불이행,건조,맑음,단일로 - 기타,화물,남,42세,상해없음,보행자,남,28세,중상
2013102800100321,2013년 10월 28일 15시,월요일,대구광역시 달서구 신당동,경상사고,0,0,1,0,차대사람 - 보도통행중,기타,건조,맑음,단일로 - 기타,승용,남,22세,상해없음,보행자,여,20세,경상
2013102800100348,2013년 10월 28일 16시,월요일,대구광역시 동구 동호동,경상사고,0,0,2,0,차대차 - 측면직각충돌,교차로운행방법위반,건조,맑음,교차로 - 교차로안,화물,여,46세,상해없음,승용,남,34세,경상
2013102800100382,2013년 10월 28일 17시,월요일,대구광역시 남구 대명동,중상사고,0,1,0,0,차대사람 - 기타,안전운전불이행,건조,맑음,단일로 - 기타,승합,남,53세,상해없음,보행자,남,42세,중상
2013102800100383,2013년 10월 28일 17시,월요일,대구광역시 수성구 상동,경상사고,0,0,1,0,차대차 - 기타,안전운전불이행,건조,맑음,단일로 - 횡단보도상,승용,남,33세,상해없음,자전거,남,83세,경상
2013102800100384,2013년 10월 28일 17시,월요일,대구광역시 달성군 현풍면,중상사고,0,1,0,0,차대사람 - 기타,안전운전불이행,건조,맑음,단일로 - 기타,승용,여,60세,상해없음,보행자,남,87세,중상
2013102800100385,2013년 10월 28일 17시,월요일,대구광역시 북구 복현동,중상사고,0,1,0,0,차대사람 - 횡단중,보행자보호의무위반,건조,맑음,교차로 - 교차로안,화물,남,29세,상해없음,보행자,남,60세,중상
2013102800100451,2013년 10월 28일 18시,월요일,대구광역시 달서구 상인동,경상사고,0,0,2,0,차대차 - 추돌 - 주정차중,안전운전불이행,건조,맑음,단일로 - 기타,화물,남,66세,상해없음,승용,여,50세,경상
2013102800100452,2013년 10월 28일 18시,월요일,대구광역시 중구 대봉동,경상사고,0,0,1,0,차대사람 - 기타,안전운전불이행,건조,맑음,단일로 - 기타,자전거,남,25세,상해없음,보행자,여,60세,경상
2013102800100487,2013년 10월 28일 19시,월요일,대구광역시 수성구 수성동4가,중상사고,0,1,0,0,차대차 - 측면직각충돌,안전운전불이행,건조,맑음,단일로 - 기타,이륜,남,51세,중상,승용,남,57세,상해없음
2013102800100488,2013년 10월 28일 19시,월요일,대구광역시 달서구 대곡동,중상사고,0,1,6,2,차대차 - 추돌 - 주정차중,안전운전불이행,건조,맑음,단일로 - 기타,승용,남,52세,상해없음,승용,여,42세,경상
2013102800100489,2013년 10월 28일 19시,월요일,대구광역시 서구 비산동,경상사고,0,0,1,0,차대사람 - 기타,안전운전불이행,건조,맑음,단일로 - 기타,승용,기타불명,기타불명,기타불명,보행자,여,56세,경상
2013102800100490,2013년 10월 28일 19시,월요일,대구광역시 달서구 이곡동,경상사고,0,0,1,0,차대사람 - 보도통행중,안전운전불이행,건조,맑음,단일로 - 기타,원동기,남,50세,상해없음,보행자,여,45세,경상
2013102800100491,2013년 10월 28일 19시,월요일,대구광역시 달서구 두류동,경상사고,0,0,1,0,차대차 - 기타,안전운전불이행,건조,맑음,단일로 - 기타,승용,남,47세,상해없음,자전거,남,24세,경상
2013102800100492,2013년 10월 28일 19시,월요일,대구광역시 북구 동천동,경상사고,0,0,2,0,차대차 - 기타,교차로운행방법위반,건조,맑음,교차로 - 교차로안,승용,여,40세,경상,승용,여,56세,경상
2013102800100548,2013년 10월 28일 21시,월요일,대구광역시 동구 신기동,중상사고,0,1,0,0,차대사람 - 기타,안전운전불이행,건조,맑음,교차로 - 교차로부근,승용,남,35세,상해없음,보행자,여,47세,중상
2013102800100549,2013년 10월 28일 21시,월요일,대구광역시 달서구 진천동,중상사고,0,1,0,0,차대사람 - 횡단중,보행자보호의무위반,건조,맑음,단일로 - 기타,승용,남,28세,상해없음,보행자,여,50세,중상
2013102800100550,2013년 10월 28일 21시,월요일,대구광역시 달서구 두류동,부상신고사고,0,0,0,1,차대차 - 측면직각충돌,안전운전불이행,건조,맑음,교차로 - 교차로부근,이륜,남,38세,부상신고,승용,남,26세,상해없음
2013102900100047,2013년 10월 29일 02시,화요일,대구광역시 북구 동천동,경상사고,0,0,1,0,차대사람 - 보도통행중,안전운전불이행,건조,맑음,단일로 - 기타,승용,남,33세,기타불명,보행자,남,19세,경상
2013102900100079,2013년 10월 29일 06시,화요일,대구광역시 달서구 이곡동,중상사고,0,1,0,0,차대차 - 측면직각충돌,교차로운행방법위반,건조,맑음,교차로 - 교차로안,이륜,남,69세,중상,승용,남,53세,상해없음
2013102900100105,2013년 10월 29일 07시,화요일,대구광역시 서구 원대동1가,경상사고,0,0,1,0,차대사람 - 기타,기타,건조,맑음,단일로 - 기타,승합,남,43세,상해없음,보행자,여,75세,경상
2013102900100148,2013년 10월 29일 08시,화요일,대구광역시 서구 비산동,경상사고,0,0,1,0,차대차 - 측면직각충돌,안전운전불이행,건조,맑음,교차로 - 교차로부근,화물,남,39세,상해없음,원동기,남,47세,경상
2013102900100174,2013년 10월 29일 09시,화요일,대구광역시 북구 산격동,경상사고,0,0,1,0,차대차 - 기타,안전거리미확보,건조,맑음,단일로 - 기타,승용,남,55세,기타불명,승용,남,48세,경상
2013102900100197,2013년 10월 29일 10시,화요일,대구광역시 북구 칠성동1가,경상사고,0,0,2,0,차대차 - 기타,안전운전불이행,건조,맑음,교차로 - 교차로부근,화물,남,42세,상해없음,원동기,남,66세,경상
2013102900100198,2013년 10월 29일 10시,화요일,대구광역시 서구 내당동,경상사고,0,0,1,0,차대차 - 측면직각충돌,안전운전불이행,건조,맑음,단일로 - 기타,승용,여,41세,상해없음,승용,남,63세,경상
2013102900100199,2013년 10월 29일 10시,화요일,대구광역시 중구 남산동,사망사고,1,0,0,0,차대차 - 측면직각충돌,기타,건조,맑음,단일로 - 기타,승용,남,35세,상해없음,승용,남,70세,상해없음
2013102900100221,2013년 10월 29일 11시,화요일,대구광역시 달서구 본동,중상사고,0,1,0,0,차대사람 - 기타,교차로운행방법위반,건조,맑음,교차로 - 교차로안,승용,여,38세,상해없음,보행자,여,54세,중상
2013102900100222,2013년 10월 29일 11시,화요일,대구광역시 북구 산격동,중상사고,0,2,4,0,차대차 - 측면직각충돌,과속,건조,맑음,단일로 - 교량,승합,남,38세,상해없음,승용,남,31세,상해없음
2013102900100245,2013년 10월 29일 12시,화요일,대구광역시 달서구 대천동,부상신고사고,0,0,0,1,차대차 - 추돌 - 주정차중,안전운전불이행,건조,맑음,교차로 - 교차로부근,승용,여,51세,부상신고,승용,남,38세,상해없음
2013102900100246,2013년 10월 29일 12시,화요일,대구광역시 북구 산격동,중상사고,0,1,0,0,차대차 - 기타,안전운전불이행,건조,맑음,교차로 - 교차로부근,건설기계,남,47세,상해없음,원동기,남,55세,중상
2013102900100278,2013년 10월 29일 13시,화요일,대구광역시 달성군 현풍면,중상사고,0,1,1,0,차대차 - 추돌 - 주정차중,안전운전불이행,건조,맑음,교차로 - 교차로부근,화물,남,67세,상해없음,승용,남,50세,중상
2013102900100279,2013년 10월 29일 13시,화요일,대구광역시 중구 대신동,경상사고,0,0,1,0,차대사람 - 길가장자리구역통행중,안전운전불이행,건조,맑음,교차로 - 교차로부근,승용,여,57세,상해없음,보행자,남,30세,경상
2013102900100280,2013년 10월 29일 13시,화요일,대구광역시 북구 태전동,경상사고,0,0,1,0,차대사람 - 기타,안전운전불이행,건조,맑음,기타 - 기타,화물,기타불명,기타불명,기타불명,보행자,여,21세,경상
2013102900100304,2013년 10월 29일 14시,화요일,대구광역시 달서구 본리동,경상사고,0,0,1,0,차대사람 - 기타,보행자보호의무위반,건조,맑음,단일로 - 횡단보도상,원동기,여,56세,상해없음,보행자,여,8세,경상
2013102900100305,2013년 10월 29일 14시,화요일,대구광역시 달서구 감삼동,경상사고,0,0,1,0,차대차 - 기타,안전운전불이행,건조,맑음,단일로 - 기타,승용,여,48세,상해없음,원동기,남,18세,경상
2013102900100327,2013년 10월 29일 15시,화요일,대구광역시 남구 대명동,중상사고,0,1,0,0,차대사람 - 보도통행중,기타,건조,맑음,단일로 - 기타,승용,남,54세,상해없음,보행자,여,71세,중상
2013102900100328,2013년 10월 29일 15시,화요일,대구광역시 동구 방촌동,부상신고사고,0,0,0,1,차량단독 - 기타,안전운전불이행,건조,맑음,단일로 - 기타,자전거,여,56세,부상신고,,,,
2013102900100329,2013년 10월 29일 15시,화요일,대구광역시 중구 봉산동,경상사고,0,0,2,0,차대차 - 측면직각충돌,안전운전불이행,건조,맑음,단일로 - 기타,승용,여,37세,경상,승용,여,52세,상해없음
2013102900100365,2013년 10월 29일 16시,화요일,대구광역시 북구 노원동2가,부상신고사고,0,0,0,1,차대차 - 기타,안전운전불이행,건조,맑음,교차로 - 교차로안,원동기,남,30세,부상신고,화물,남,31세,상해없음
2013102900100366,2013년 10월 29일 16시,화요일,대구광역시 북구 태전동,경상사고,0,0,1,0,차대차 - 측면직각충돌,차로위반,건조,맑음,단일로 - 기타,화물,남,52세,상해없음,승용,여,26세,경상
2013102900100415,2013년 10월 29일 17시,화요일,대구광역시 수성구 신매동,경상사고,0,0,1,0,차대차 - 측면직각충돌,교차로운행방법위반,건조,맑음,교차로 - 교차로안,승용,여,26세,상해없음,승용,여,41세,경상
2013102900100471,2013년 10월 29일 18시,화요일,대구광역시 남구 대명동,부상신고사고,0,0,0,2,차대차 - 기타,안전운전불이행,건조,맑음,단일로 - 기타,승용,남,45세,상해없음,원동기,남,17세,부상신고
2013102900100472,2013년 10월 29일 18시,화요일,대구광역시 북구 노원동1가,경상사고,0,0,1,0,차대차 - 측면직각충돌,안전운전불이행,건조,맑음,단일로 - 기타,승합,남,64세,상해없음,자전거,남,44세,경상
2013102900100473,2013년 10월 29일 18시,화요일,대구광역시 서구 내당동,중상사고,0,1,0,0,차대사람 - 길가장자리구역통행중,안전운전불이행,건조,맑음,단일로 - 기타,승용,여,44세,상해없음,보행자,남,50세,중상
2013102900100474,2013년 10월 29일 18시,화요일,대구광역시 서구 평리동,경상사고,0,0,1,0,차대차 - 기타,안전운전불이행,건조,맑음,교차로 - 교차로안,승용,남,64세,상해없음,자전거,남,70세,경상
2013102900100475,2013년 10월 29일 18시,화요일,대구광역시 서구 비산동,경상사고,0,0,2,0,차대차 - 추돌 - 진행중,안전운전불이행,건조,맑음,단일로 - 기타,승용,남,51세,상해없음,승용,여,54세,경상
2013102900100512,2013년 10월 29일 19시,화요일,대구광역시 서구 평리동,경상사고,0,0,1,0,차대사람 - 차도통행중,안전운전불이행,건조,맑음,교차로 - 교차로안,승용,남,52세,상해없음,보행자,남,13세,경상
2013102900100553,2013년 10월 29일 20시,화요일,대구광역시 남구 대명동,중상사고,0,1,0,0,차대차 - 기타,교차로운행방법위반,건조,맑음,교차로 - 교차로안,승용,남,30세,상해없음,자전거,남,14세,중상
2013102900100554,2013년 10월 29일 20시,화요일,대구광역시 북구 노원동3가,중상사고,0,1,0,0,차량단독 - 공작물충돌,안전운전불이행,건조,맑음,단일로 - 기타,승용,남,57세,중상,,,,
2013102900100555,2013년 10월 29일 20시,화요일,대구광역시 북구 산격동,중상사고,0,1,1,0,차량단독 - 공작물충돌,안전운전불이행,건조,맑음,단일로 - 기타,승용,남,59세,상해없음,,,,
2013102900100556,2013년 10월 29일 20시,화요일,대구광역시 중구 동인동4가,경상사고,0,0,1,0,차대차 - 기타,안전운전불이행,건조,맑음,단일로 - 횡단보도상,승용,남,45세,상해없음,자전거,남,12세,경상
2013102900100580,2013년 10월 29일 21시,화요일,대구광역시 동구 신암동,중상사고,0,1,0,0,차대사람 - 기타,안전운전불이행,건조,맑음,교차로 - 교차로부근,화물,남,43세,상해없음,보행자,남,68세,중상
2013102900100611,2013년 10월 29일 22시,화요일,대구광역시 동구 신천동,경상사고,0,0,1,0,차대차 - 측면직각충돌,안전운전불이행,건조,맑음,단일로 - 기타,승용,여,54세,상해없음,자전거,남,50세,경상
2013102900100612,2013년 10월 29일 22시,화요일,대구광역시 달서구 송현동,경상사고,0,0,1,0,차대사람 - 기타,보행자보호의무위반,건조,맑음,단일로 - 횡단보도상,화물,남,33세,상해없음,보행자,여,18세,경상
2013102900100628,2013년 10월 29일 23시,화요일,대구광역시 동구 신천동,중상사고,0,1,0,0,차대차 - 추돌 - 주정차중,안전운전불이행,건조,맑음,단일로 - 기타,승용,남,35세,상해없음,승용,남,49세,기타불명
2013102900100629,2013년 10월 29일 23시,화요일,대구광역시 달서구 도원동,경상사고,0,0,2,0,차대차 - 추돌 - 주정차중,안전운전불이행,건조,맑음,교차로 - 교차로부근,승용,여,58세,상해없음,승용,남,27세,경상
2013103000100018,2013년 10월 30일 00시,수요일,대구광역시 달서구 감삼동,중상사고,0,1,0,0,차대사람 - 횡단중,안전운전불이행,건조,맑음,단일로 - 횡단보도상,승용,남,52세,상해없음,보행자,남,41세,중상
2013103000100042,2013년 10월 30일 02시,수요일,대구광역시 수성구 황금동,경상사고,0,0,1,0,차대차 - 측면직각충돌,안전운전불이행,건조,맑음,단일로 - 기타,승용,남,27세,상해없음,이륜,남,29세,경상
2013103000100079,2013년 10월 30일 06시,수요일,대구광역시 달서구 이곡동,경상사고,0,0,2,0,차대차 - 측면직각충돌,신호위반,기타,안개,교차로 - 교차로안,승용,남,72세,상해없음,승용,여,54세,경상
2013103000100106,2013년 10월 30일 07시,수요일,대구광역시 동구 율하동,중상사고,0,3,4,1,차대차 - 측면직각충돌,교차로운행방법위반,건조,맑음,교차로 - 교차로안,화물,남,56세,부상신고,화물,남,30세,경상
2013103000100107,2013년 10월 30일 07시,수요일,대구광역시 달서구 신당동,경상사고,0,0,1,0,차대차 - 측면직각충돌,안전거리미확보,건조,맑음,단일로 - 기타,승합,남,32세,상해없음,승용,남,54세,경상
2013103000100151,2013년 10월 30일 08시,수요일,대구광역시 수성구 중동,중상사고,0,1,0,0,차대사람 - 횡단중,보행자보호의무위반,건조,맑음,단일로 - 횡단보도상,승합,남,50세,상해없음,보행자,여,70세,중상
2013103000100152,2013년 10월 30일 08시,수요일,대구광역시 북구 태전동,경상사고,0,0,3,0,차대차 - 추돌 - 진행중,안전거리미확보,건조,맑음,단일로 - 기타,승용,남,69세,경상,승용,남,43세,경상
2013103000100192,2013년 10월 30일 09시,수요일,대구광역시 북구 태전동,중상사고,0,1,0,0,차대차 - 추돌 - 진행중,안전거리미확보,건조,맑음,단일로 - 기타,승용,남,40세,상해없음,원동기,남,56세,중상
2013103000100222,2013년 10월 30일 10시,수요일,대구광역시 남구 봉덕동,경상사고,0,0,1,0,차대사람 - 차도통행중,안전운전불이행,건조,맑음,단일로 - 기타,승용,남,52세,상해없음,보행자,남,44세,경상
2013103000100223,2013년 10월 30일 10시,수요일,대구광역시 수성구 범물동,경상사고,0,0,1,0,차대사람 - 횡단중,안전운전불이행,건조,맑음,단일로 - 횡단보도상,화물,남,63세,상해없음,보행자,여,72세,경상
2013103000100255,2013년 10월 30일 11시,수요일,대구광역시 달서구 장동,중상사고,0,1,0,0,차대차 - 추돌 - 진행중,안전거리미확보,건조,맑음,교차로 - 교차로부근,화물,남,27세,상해없음,승용,남,48세,중상
2013103000100279,2013년 10월 30일 12시,수요일,대구광역시 남구 대명동,경상사고,0,0,1,0,차대차 - 측면직각충돌,안전거리미확보,건조,맑음,단일로 - 기타,승용,여,54세,상해없음,승용,여,29세,경상
2013103000100280,2013년 10월 30일 12시,수요일,대구광역시 중구 삼덕동2가,경상사고,0,0,1,0,차대사람 - 기타,안전운전불이행,건조,맑음,단일로 - 기타,화물,남,37세,상해없음,보행자,여,22세,경상
2013103000100308,2013년 10월 30일 13시,수요일,대구광역시 달성군 현풍면,중상사고,0,1,0,0,차대차 - 측면직각충돌,신호위반,건조,맑음,교차로 - 교차로안,승용,남,31세,상해없음,이륜,남,73세,중상
2013103000100309,2013년 10월 30일 13시,수요일,대구광역시 북구 노원동3가,경상사고,0,0,1,0,차대차 - 기타,안전운전불이행,건조,맑음,단일로 - 기타,화물,남,63세,상해없음,자전거,남,31세,경상
2013103000100344,2013년 10월 30일 14시,수요일,대구광역시 동구 신암동,경상사고,0,0,1,1,차대차 - 측면직각충돌,교차로운행방법위반,건조,맑음,교차로 - 교차로안,승용,여,36세,상해없음,원동기,여,45세,경상
2013103000100345,2013년 10월 30일 14시,수요일,대구광역시 수성구 수성동1가,중상사고,0,1,0,0,차대차 - 측면직각충돌,신호위반,건조,맑음,단일로 - 횡단보도상,승용,여,21세,상해없음,이륜,남,43세,중상
2013103000100346,2013년 10월 30일 14시,수요일,대구광역시 서구 이현동,경상사고,0,0,1,0,차대차 - 측면직각충돌,안전운전불이행,건조,맑음,단일로 - 기타,승용,남,62세,상해없음,승합,남,24세,경상
2013103000100347,2013년 10월 30일 14시,수요일,대구광역시 달서구 본리동,중상사고,0,1,0,0,차대차 - 추돌 - 진행중,안전운전불이행,건조,맑음,교차로 - 교차로부근,자전거,기타불명,기타불명,기타불명,자전거,남,65세,중상
2013103000100373,2013년 10월 30일 15시,수요일,대구광역시 달성군 가창면,중상사고,0,1,0,0,차대차 - 기타,안전운전불이행,건조,맑음,단일로 - 기타,화물,남,28세,상해없음,승합,남,45세,상해없음
2013103000100374,2013년 10월 30일 15시,수요일,대구광역시 중구 태평로1가,중상사고,0,1,0,0,차대사람 - 차도통행중,안전운전불이행,건조,맑음,단일로 - 기타,승용,남,58세,상해없음,보행자,남,85세,중상
2013103000100375,2013년 10월 30일 15시,수요일,대구광역시 중구 덕산동,경상사고,0,0,1,0,차량단독 - 기타,안전운전불이행,건조,맑음,교차로 - 교차로부근,승합,남,42세,상해없음,,,,
2013103000100376,2013년 10월 30일 15시,수요일,대구광역시 북구 읍내동,중상사고,0,1,0,0,차대사람 - 길가장자리구역통행중,기타,건조,맑음,단일로 - 기타,승용,여,42세,상해없음,보행자,여,7세,중상
2013103000100410,2013년 10월 30일 16시,수요일,대구광역시 남구 봉덕동,경상사고,0,0,1,0,차대차 - 측면직각충돌,교차로운행방법위반,건조,맑음,교차로 - 교차로안,승용,여,36세,상해없음,자전거,남,12세,경상
2013103000100411,2013년 10월 30일 16시,수요일,대구광역시 동구 신기동,경상사고,0,0,1,0,차대차 - 기타,안전거리미확보,건조,맑음,교차로 - 교차로부근,승용,남,62세,상해없음,승용,여,31세,경상
2013103000100412,2013년 10월 30일 16시,수요일,대구광역시 수성구 신매동,중상사고,0,1,0,0,차대사람 - 기타,안전운전불이행,건조,맑음,기타 - 기타,화물,남,56세,상해없음,보행자,남,71세,중상