사고번호,사고일시,요일,시군구,사고내용,사망자수,중상자수,경상자수,부상신고자수,사고유형,법규위반,노면상태,기상상태,도로형태,가해운전자 차종,가해운전자 성별,가해운전자 연령,가해운전자 상해정도,피해운전자 차종,피해운전자 성별,피해운전자 연령,피해운전자 상해정도
2013103000100413,2013년 10월 30일 16시,수요일,대구광역시 중구 동인동2가,경상사고,0,0,1,0,차대사람 - 횡단중,신호위반,건조,맑음,단일로 - 횡단보도상,이륜,남,60세,상해없음,보행자,여,37세,경상
2013103000100436,2013년 10월 30일 17시,수요일,대구광역시 동구 숙천동,중상사고,0,1,0,0,차대차 - 추돌 - 진행중,안전운전불이행,건조,맑음,교차로 - 교차로부근,특수,남,51세,상해없음,자전거,남,76세,중상
2013103000100486,2013년 10월 30일 18시,수요일,대구광역시 동구 각산동,경상사고,0,0,1,0,차대차 - 추돌 - 진행중,안전운전불이행,건조,맑음,교차로 - 교차로부근,승용,여,28세,상해없음,승용,남,51세,경상
2013103000100487,2013년 10월 30일 18시,수요일,대구광역시 달서구 본동,경상사고,0,0,1,0,차대차 - 추돌 - 주정차중,중앙선침범,건조,맑음,단일로 - 기타,원동기,남,15세,상해없음,승용,남,62세,상해없음
2013103000100488,2013년 10월 30일 18시,수요일,대구광역시 북구 서변동,경상사고,0,0,1,0,차대차 - 추돌 - 진행중,안전운전불이행,건조,맑음,단일로 - 기타,승용,여,47세,상해없음,승용,남,65세,상해없음
2013103000100535,2013년 10월 30일 19시,수요일,대구광역시 달성군 현풍면,경상사고,0,0,1,0,차대차 - 측면직각충돌,안전운전불이행,건조,맑음,단일로 - 기타,승용,남,52세,상해없음,화물,남,47세,경상
2013103000100536,2013년 10월 30일 19시,수요일,대구광역시 달성군 화원읍,경상사고,0,0,3,0,차대차 - 추돌 - 진행중,안전거리미확보,건조,맑음,단일로 - 기타,화물,남,61세,상해없음,승용,남,36세,경상
2013103000100537,2013년 10월 30일 19시,수요일,대구광역시 북구 노원동2가,중상사고,0,1,0,0,차대차 - 기타,기타,건조,맑음,교차로 - 교차로부근,승용,남,48세,상해없음,자전거,여,52세,중상
2013103000100538,2013년 10월 30일 19시,수요일,대구광역시 중구 대신동,경상사고,0,0,1,0,차대차 - 기타,안전운전불이행,건조,맑음,단일로 - 기타,승용,남,64세,상해없음,승용,남,34세,경상
2013103000100565,2013년 10월 30일 20시,수요일,대구광역시 달서구 두류동,경상사고,0,0,1,0,차대차 - 기타,안전거리미확보,건조,맑음,단일로 - 기타,승용,남,29세,상해없음,승용,남,63세,경상
2013103000100605,2013년 10월 30일 21시,수요일,대구광역시 달성군 논공읍,경상사고,0,0,1,0,차대차 - 추돌 - 주정차중,안전운전불이행,건조,맑음,단일로 - 기타,승용,남,46세,상해없음,승용,여,53세,경상
2013103000100606,2013년 10월 30일 21시,수요일,대구광역시 북구 검단동,중상사고,0,2,0,0,차량단독 - 공작물충돌,안전운전불이행,건조,맑음,교차로 - 교차로부근,승용,남,49세,상해없음,,,,
2013103000100637,2013년 10월 30일 22시,수요일,대구광역시 동구 입석동,경상사고,0,0,2,0,차대차 - 정면충돌,신호위반,건조,맑음,교차로 - 교차로안,승용,여,40세,상해없음,승용,남,61세,경상
2013103000100638,2013년 10월 30일 22시,수요일,대구광역시 수성구 두산동,중상사고,0,1,0,0,차대사람 - 횡단중,신호위반,건조,맑음,단일로 - 횡단보도상,승용,여,38세,상해없음,보행자,남,15세,중상
2013103000100639,2013년 10월 30일 22시,수요일,대구광역시 수성구 만촌동,경상사고,0,0,1,0,차대사람 - 길가장자리구역통행중,안전운전불이행,건조,맑음,단일로 - 기타,승용,기타불명,기타불명,기타불명,보행자,여,25세,경상
2013103000100640,2013년 10월 30일 22시,수요일,대구광역시 서구 내당동,중상사고,0,1,0,0,차대사람 - 횡단중,안전운전불이행,건조,맑음,단일로 - 횡단보도상,승용,남,68세,상해없음,보행자,남,66세,중상
2013103000100641,2013년 10월 30일 22시,수요일,대구광역시 서구 비산동,중상사고,0,1,0,0,차대차 - 측면직각충돌,신호위반,건조,맑음,교차로 - 교차로안,화물,남,46세,상해없음,이륜,남,61세,중상
2013103000100666,2013년 10월 30일 23시,수요일,대구광역시 서구 내당동,중상사고,0,1,0,0,차대사람 - 횡단중,안전운전불이행,건조,맑음,교차로 - 교차로안,승용,남,66세,상해없음,보행자,남,35세,중상
2013103000100667,2013년 10월 30일 23시,수요일,대구광역시 달서구 호산동,경상사고,0,0,3,0,차대차 - 측면직각충돌,교차로운행방법위반,건조,맑음,교차로 - 교차로안,승용,남,27세,상해없음,승용,남,22세,경상
2013103000100668,2013년 10월 30일 23시,수요일,대구광역시 달서구 이곡동,중상사고,0,1,0,0,차량단독 - 기타,안전운전불이행,건조,맑음,단일로 - 기타,승용,남,50세,상해없음,,,,
2013103100100017,2013년 10월 31일 00시,목요일,대구광역시 서구 중리동,경상사고,0,0,1,0,차대차 - 추돌 - 주정차중,안전운전불이행,건조,맑음,단일로 - 기타,승용,남,38세,상해없음,승용,여,50세,경상
2013103100100037,2013년 10월 31일 01시,목요일,대구광역시 북구 산격동,중상사고,0,1,0,0,차대차 - 측면직각충돌,중앙선침범,건조,맑음,단일로 - 기타,자전거,남,37세,중상,승용,남,60세,상해없음
2013103100100115,2013년 10월 31일 07시,목요일,대구광역시 달서구 용산동,중상사고,0,1,0,0,차대사람 - 횡단중,신호위반,건조,맑음,단일로 - 횡단보도상,이륜,기타불명,기타불명,기타불명,보행자,여,53세,중상
2013103100100177,2013년 10월 31일 09시,목요일,대구광역시 동구 검사동,중상사고,0,1,0,0,차대차 - 기타,안전거리미확보,건조,맑음,단일로 - 기타,승용,남,63세,상해없음,승합,남,62세,상해없음
2013103100100178,2013년 10월 31일 09시,목요일,대구광역시 수성구 만촌동,중상사고,0,1,0,0,차대차 - 측면직각충돌,교차로운행방법위반,건조,맑음,교차로 - 교차로안,건설기계,남,60세,상해없음,승용,여,35세,중상
2013103100100179,2013년 10월 31일 09시,목요일,대구광역시 북구 대현동,경상사고,0,0,1,0,차대차 - 기타,안전운전불이행,건조,맑음,단일로 - 기타,원동기,여,29세,경상,화물,남,36세,상해없음
2013103100100180,2013년 10월 31일 09시,목요일,대구광역시 달서구 이곡동,중상사고,0,1,0,0,차대차 - 측면직각충돌,안전운전불이행,건조,맑음,단일로 - 기타,승용,여,54세,상해없음,자전거,여,61세,중상
2013103100100181,2013년 10월 31일 09시,목요일,대구광역시 달서구 두류동,경상사고,0,0,2,0,차대차 - 측면직각충돌,신호위반,건조,맑음,교차로 - 교차로안,승용,남,57세,상해없음,승용,남,28세,경상
2013103100100214,2013년 10월 31일 10시,목요일,대구광역시 북구 읍내동,경상사고,0,0,1,0,차대차 - 측면직각충돌,안전운전불이행,건조,맑음,단일로 - 횡단보도상,승용,남,51세,상해없음,자전거,남,51세,경상
2013103100100281,2013년 10월 31일 13시,목요일,대구광역시 수성구 수성동1가,경상사고,0,0,1,0,차대차 - 측면직각충돌,안전운전불이행,건조,맑음,단일로 - 기타,승용,남,75세,상해없음,자전거,남,70세,경상
2013103100100282,2013년 10월 31일 13시,목요일,대구광역시 북구 산격동,경상사고,0,0,1,0,차대차 - 기타,안전운전불이행,건조,맑음,단일로 - 기타,화물,남,47세,상해없음,원동기,남,34세,경상
2013103100100307,2013년 10월 31일 14시,목요일,대구광역시 남구 대명동,중상사고,0,1,0,0,차대차 - 추돌 - 주정차중,안전운전불이행,건조,맑음,교차로 - 교차로부근,승용,여,33세,상해없음,승용,여,40세,중상
2013103100100308,2013년 10월 31일 14시,목요일,대구광역시 남구 대명동,경상사고,0,0,1,0,차대차 - 기타,차로위반,건조,맑음,단일로 - 기타,승용,남,27세,상해없음,승합,남,52세,상해없음
2013103100100309,2013년 10월 31일 14시,목요일,대구광역시 수성구 상동,중상사고,0,1,0,0,차대차 - 측면직각충돌,안전거리미확보,건조,맑음,교차로 - 교차로부근,승용,남,67세,상해없음,이륜,여,48세,중상
2013103100100310,2013년 10월 31일 14시,목요일,대구광역시 달성군 다사읍,중상사고,0,2,0,0,차대차 - 측면직각충돌,신호위반,건조,맑음,교차로 - 교차로안,승용,남,70세,중상,승용,남,66세,중상
2013103100100347,2013년 10월 31일 15시,목요일,대구광역시 북구 노원동1가,중상사고,0,1,0,0,차대차 - 기타,안전거리미확보,건조,맑음,단일로 - 기타,건설기계,남,53세,상해없음,원동기,남,45세,중상
2013103100100348,2013년 10월 31일 15시,목요일,대구광역시 달서구 이곡동,중상사고,0,1,0,0,차대사람 - 기타,안전운전불이행,건조,맑음,단일로 - 기타,승용,여,41세,상해없음,보행자,남,79세,중상
2013103100100393,2013년 10월 31일 16시,목요일,대구광역시 동구 신서동,경상사고,0,0,1,0,차대사람 - 기타,안전운전불이행,건조,맑음,기타 - 기타,자전거,남,14세,상해없음,보행자,여,34세,경상
2013103100100394,2013년 10월 31일 16시,목요일,대구광역시 서구 내당동,경상사고,0,0,1,0,차대사람 - 보도통행중,기타,건조,맑음,기타 - 기타,화물,남,50세,상해없음,보행자,여,64세,경상
2013103100100438,2013년 10월 31일 17시,목요일,대구광역시 남구 봉덕동,경상사고,0,0,2,0,차대차 - 추돌 - 주정차중,안전운전불이행,건조,맑음,단일로 - 기타,승용,여,44세,상해없음,승용,남,41세,경상
2013103100100439,2013년 10월 31일 17시,목요일,대구광역시 동구 율암동,경상사고,0,0,1,0,차대차 - 기타,교차로운행방법위반,건조,맑음,교차로 - 교차로안,화물,남,61세,상해없음,화물,남,41세,경상
2013103100100440,2013년 10월 31일 17시,목요일,대구광역시 북구 대현동,경상사고,0,0,1,0,차대사람 - 기타,안전운전불이행,건조,맑음,단일로 - 기타,승용,남,69세,상해없음,보행자,남,10세,경상
2013103100100441,2013년 10월 31일 17시,목요일,대구광역시 서구 비산동,중상사고,0,1,1,0,차대차 - 기타,안전운전불이행,건조,맑음,단일로 - 기타,화물,남,53세,상해없음,원동기,남,49세,경상
2013103100100485,2013년 10월 31일 18시,목요일,대구광역시 남구 대명동,경상사고,0,0,1,0,차대사람 - 기타,안전운전불이행,건조,맑음,교차로 - 교차로안,승용,남,55세,상해없음,보행자,남,51세,경상
2013103100100486,2013년 10월 31일 18시,목요일,대구광역시 달서구 본동,중상사고,0,1,0,0,차대사람 - 횡단중,안전운전불이행,건조,맑음,교차로 - 교차로부근,승용,남,31세,상해없음,보행자,여,59세,중상
2013103100100487,2013년 10월 31일 18시,목요일,대구광역시 달성군 화원읍,경상사고,0,0,2,0,차대차 - 측면직각충돌,신호위반,건조,맑음,교차로 - 교차로부근,이륜,남,16세,상해없음,이륜,남,16세,경상
2013103100100554,2013년 10월 31일 20시,목요일,대구광역시 중구 동인동4가,경상사고,0,0,3,0,차대차 - 기타,안전운전불이행,건조,맑음,단일로 - 기타,승용,남,24세,상해없음,승용,남,58세,경상
2013103100100555,2013년 10월 31일 20시,목요일,대구광역시 달서구 용산동,경상사고,0,0,1,0,차대사람 - 기타,안전운전불이행,건조,맑음,단일로 - 기타,승용,남,34세,상해없음,보행자,남,6세,경상
2013103100100556,2013년 10월 31일 20시,목요일,대구광역시 달서구 두류동,중상사고,0,1,0,0,차대차 - 측면직각충돌,신호위반,건조,맑음,교차로 - 교차로안,이륜,남,61세,상해없음,이륜,남,36세,중상
2013103100100587,2013년 10월 31일 21시,목요일,대구광역시 중구 대봉동,경상사고,0,0,1,0,차대차 - 추돌 - 주정차중,안전운전불이행,건조,맑음,단일로 - 기타,승용,남,44세,상해없음,승용,남,25세,경상
2013103100100615,2013년 10월 31일 22시,목요일,대구광역시 남구 봉덕동,경상사고,0,0,1,0,차대차 - 정면충돌,교차로운행방법위반,건조,맑음,교차로 - 교차로안,승용,남,53세,상해없음,승용,남,56세,경상
2013103100100616,2013년 10월 31일 22시,목요일,대구광역시 달서구 월성동,경상사고,0,0,2,0,차대사람 - 기타,안전운전불이행,건조,맑음,단일로 - 기타,이륜,남,18세,경상,보행자,남,20세,경상
2013103100100648,2013년 10월 31일 23시,목요일,대구광역시 수성구 수성동2가,중상사고,0,1,0,0,차대사람 - 차도통행중,안전운전불이행,건조,맑음,단일로 - 기타,승용,남,71세,상해없음,보행자,남,54세,중상
2013103100100649,2013년 10월 31일 23시,목요일,대구광역시 달서구 유천동,경상사고,0,0,1,0,차대사람 - 기타,안전운전불이행,건조,맑음,교차로 - 교차로안,승용,기타불명,기타불명,기타불명,보행자,남,53세,경상
2013103100100650,2013년 10월 31일 23시,목요일,대구광역시 달서구 파호동,사망사고,1,0,0,0,차대차 - 측면직각충돌,신호위반,건조,맑음,교차로 - 교차로안,이륜,남,69세,사망,승용,남,58세,상해없음
2013110100100019,2013년 11월 1일 00시,금요일,대구광역시 중구 삼덕동1가,경상사고,0,0,1,0,차대사람 - 기타,기타,건조,맑음,단일로 - 기타,승용,남,25세,상해없음,보행자,여,20세,경상
2013110100100036,2013년 11월 1일 01시,금요일,대구광역시 달서구 감삼동,중상사고,0,1,1,0,차대차 - 기타,안전거리미확보,건조,맑음,단일로 - 기타,원동기,남,18세,중상,이륜,남,23세,경상
2013110100100050,2013년 11월 1일 02시,금요일,대구광역시 중구 남산동,중상사고,0,1,0,0,차대차 - 기타,안전운전불이행,건조,맑음,교차로 - 교차로부근,승용,남,66세,상해없음,자전거,남,22세,중상
2013110100100076,2013년 11월 1일 05시,금요일,대구광역시 달서구 두류동,중상사고,0,1,0,1,차대차 - 정면충돌,중앙선침범,건조,맑음,단일로 - 기타,이륜,남,68세,부상신고,승용,남,30세,상해없음
2013110100100120,2013년 11월 1일 07시,금요일,대구광역시 동구 신천동,중상사고,0,1,2,0,차대차 - 기타,신호위반,건조,맑음,교차로 - 교차로안,승용,남,64세,상해없음,승용,남,47세,경상
2013110100100161,2013년 11월 1일 08시,금요일,대구광역시 남구 대명동,경상사고,0,0,1,0,차대사람 - 기타,안전운전불이행,건조,맑음,단일로 - 기타,승용,남,63세,상해없음,보행자,남,16세,경상
2013110100100162,2013년 11월 1일 08시,금요일,대구광역시 동구 신암동,부상신고사고,0,0,0,1,차대차 - 추돌 - 주정차중,안전운전불이행,건조,맑음,교차로 - 교차로안,자전거,남,13세,부상신고,기타불명,기타불명,기타불명,기타불명
2013110100100205,2013년 11월 1일 09시,금요일,대구광역시 달성군 다사읍,경상사고,0,0,1,0,차대차 - 기타,기타,건조,맑음,단일로 - 기타,승합,남,57세,상해없음,승합,남,35세,상해없음
2013110100100206,2013년 11월 1일 09시,금요일,대구광역시 달서구 두류동,중상사고,0,1,0,0,차대차 - 추돌 - 진행중,교차로운행방법위반,건조,맑음,교차로 - 교차로안,승용,여,28세,상해없음,이륜,남,78세,중상
2013110100100207,2013년 11월 1일 09시,금요일,대구광역시 달서구 용산동,경상사고,0,0,1,0,차대차 - 측면직각충돌,안전거리미확보,건조,맑음,단일로 - 기타,건설기계,남,36세,상해없음,승용,여,42세,경상
2013110100100225,2013년 11월 1일 10시,금요일,대구광역시 북구 산격동,중상사고,0,1,0,0,차대차 - 기타,안전운전불이행,건조,맑음,교차로 - 교차로부근,건설기계,남,48세,상해없음,승용,여,39세,중상
2013110100100242,2013년 11월 1일 11시,금요일,대구광역시 달서구 상인동,경상사고,0,0,1,0,차대차 - 정면충돌,신호위반,건조,맑음,교차로 - 교차로안,이륜,남,71세,경상,승용,남,62세,상해없음
2013110100100243,2013년 11월 1일 11시,금요일,대구광역시 달서구 송현동,중상사고,0,1,0,0,차대사람 - 기타,안전운전불이행,건조,맑음,교차로 - 교차로부근,승용,남,65세,상해없음,보행자,여,68세,중상
2013110100100244,2013년 11월 1일 11시,금요일,대구광역시 북구 노원동3가,중상사고,0,1,0,0,차대차 - 기타,안전운전불이행,건조,맑음,단일로 - 기타,승합,남,54세,상해없음,자전거,남,64세,중상
2013110100100245,2013년 11월 1일 11시,금요일,대구광역시 서구 평리동,중상사고,0,1,0,0,차대사람 - 기타,안전운전불이행,건조,맑음,단일로 - 기타,승용,여,55세,상해없음,보행자,여,71세,중상
2013110100100277,2013년 11월 1일 12시,금요일,대구광역시 남구 대명동,경상사고,0,0,5,0,차대차 - 추돌 - 주정차중,안전운전불이행,건조,맑음,단일로 - 기타,승용,남,61세,상해없음,승용,남,41세,경상
2013110100100278,2013년 11월 1일 12시,금요일,대구광역시 수성구 두산동,경상사고,0,0,1,0,차대사람 - 보도통행중,기타,건조,맑음,단일로 - 기타,승용,남,64세,상해없음,보행자,남,50세,경상
2013110100100279,2013년 11월 1일 12시,금요일,대구광역시 북구 산격동,경상사고,0,0,3,0,차대차 - 측면직각충돌,안전운전불이행,건조,맑음,단일로 - 횡단보도상,화물,남,34세,상해없음,승용,남,26세,경상
2013110100100280,2013년 11월 1일 12시,금요일,대구광역시 중구 인교동,경상사고,0,0,1,0,차대차 - 기타,안전거리미확보,건조,맑음,단일로 - 기타,승용,여,53세,상해없음,승용,남,50세,경상
2013110100100302,2013년 11월 1일 13시,금요일,대구광역시 서구 평리동,경상사고,0,0,1,0,차대차 - 측면직각충돌,교차로운행방법위반,건조,맑음,교차로 - 교차로안,승용,남,48세,상해없음,이륜,남,40세,경상
2013110100100303,2013년 11월 1일 13시,금요일,대구광역시 북구 태전동,부상신고사고,0,0,0,1,차대차 - 추돌 - 주정차중,안전운전불이행,건조,맑음,단일로 - 기타,이륜,남,18세,부상신고,승용,남,57세,기타불명
2013110100100344,2013년 11월 1일 14시,금요일,대구광역시 동구 효목동,중상사고,0,1,0,0,차대차 - 기타,안전운전불이행,건조,맑음,단일로 - 기타,승용,여,38세,상해없음,승용,여,47세,중상
2013110100100345,2013년 11월 1일 14시,금요일,대구광역시 달서구 이곡동,경상사고,0,0,1,0,차대차 - 측면직각충돌,안전운전불이행,건조,맑음,단일로 - 횡단보도상,승용,남,44세,상해없음,자전거,남,30세,경상
2013110100100367,2013년 11월 1일 15시,금요일,대구광역시 수성구 범어동,경상사고,0,0,1,0,차대차 - 기타,안전운전불이행,건조,맑음,기타 - 기타,승용,남,35세,상해없음,승용,여,40세,경상
2013110100100368,2013년 11월 1일 15시,금요일,대구광역시 달서구 월성동,중상사고,0,1,0,0,차대차 - 측면직각충돌,신호위반,건조,맑음,교차로 - 교차로안,승용,남,60세,상해없음,승용,여,33세,중상
2013110100100369,2013년 11월 1일 15시,금요일,대구광역시 달서구 송현동,부상신고사고,0,0,0,1,차대사람 - 기타,안전운전불이행,건조,맑음,교차로 - 교차로부근,승합,남,52세,상해없음,보행자,여,10세,부상신고
2013110100100370,2013년 11월 1일 15시,금요일,대구광역시 달성군 하빈면,경상사고,0,0,2,0,차대차 - 기타,안전운전불이행,건조,맑음,단일로 - 기타,화물,남,23세,경상,화물,남,41세,경상
2013110100100371,2013년 11월 1일 15시,금요일,대구광역시 북구 산격동,경상사고,0,0,1,0,차대사람 - 횡단중,신호위반,건조,맑음,단일로 - 기타,승용,남,64세,상해없음,보행자,여,58세,경상
2013110100100372,2013년 11월 1일 15시,금요일,대구광역시 북구 산격동,경상사고,0,0,1,0,차대차 - 기타,안전운전불이행,건조,맑음,단일로 - 기타,화물,남,65세,상해없음,승용,남,47세,상해없음
2013110100100373,2013년 11월 1일 15시,금요일,대구광역시 중구 수창동,경상사고,0,0,2,0,차대차 - 측면직각충돌,안전운전불이행,건조,맑음,교차로 - 교차로안,승용,여,32세,상해없음,승용,남,58세,경상
2013110100100374,2013년 11월 1일 15시,금요일,대구광역시 달서구 이곡동,경상사고,0,0,3,0,차대차 - 기타,교차로운행방법위반,건조,맑음,교차로 - 교차로안,승용,남,30세,상해없음,승용,남,64세,상해없음
2013110100100437,2013년 11월 1일 17시,금요일,대구광역시 동구 지저동,경상사고,0,0,2,11,차대차 - 추돌 - 진행중,안전운전불이행,건조,맑음,단일로 - 기타,승용,여,56세,상해없음,승용,남,58세,경상
2013110100100438,2013년 11월 1일 17시,금요일,대구광역시 달서구 송현동,경상사고,0,0,1,0,차대차 - 측면직각충돌,안전운전불이행,건조,맑음,교차로 - 교차로안,승용,남,69세,상해없음,자전거,남,87세,경상
2013110100100439,2013년 11월 1일 17시,금요일,대구광역시 달서구 도원동,경상사고,0,0,2,0,차대차 - 추돌 - 주정차중,안전운전불이행,건조,맑음,단일로 - 기타,승용,남,46세,상해없음,승용,남,33세,경상
2013110100100440,2013년 11월 1일 17시,금요일,대구광역시 달서구 월성동,중상사고,0,1,0,0,차대사람 - 횡단중,안전운전불이행,건조,맑음,단일로 - 기타,승용,남,36세,상해없음,보행자,남,16세,중상
2013110100100441,2013년 11월 1일 17시,금요일,대구광역시 북구 서변동,경상사고,0,0,2,0,차대차 - 측면직각충돌,교차로운행방법위반,건조,맑음,교차로 - 교차로부근,승합,남,60세,상해없음,자전거,남,9세,경상
2013110100100505,2013년 11월 1일 18시,금요일,대구광역시 동구 신천동,경상사고,0,0,4,0,차대차 - 추돌 - 주정차중,안전운전불이행,건조,맑음,단일로 - 기타,승용,남,46세,상해없음,승용,여,39세,경상
2013110100100506,2013년 11월 1일 18시,금요일,대구광역시 동구 신천동,경상사고,0,0,1,0,차대차 - 추돌 - 진행중,안전거리미확보,건조,맑음,단일로 - 기타,승용,남,32세,상해없음,승용,남,54세,경상
2013110100100507,2013년 11월 1일 18시,금요일,대구광역시 달성군 가창면,경상사고,0,0,1,0,차대차 - 측면직각충돌,안전운전불이행,건조,맑음,단일로 - 기타,건설기계,남,50세,상해없음,승용,남,51세,경상
2013110100100508,2013년 11월 1일 18시,금요일,대구광역시 북구 침산동,경상사고,0,0,1,0,차대차 - 기타,교차로운행방법위반,건조,맑음,교차로 - 교차로안,승용,남,32세,상해없음,이륜,남,39세,경상
2013110100100509,2013년 11월 1일 18시,금요일,대구광역시 북구 노원동3가,경상사고,0,0,1,0,차대차 - 추돌 - 진행중,안전운전불이행,건조,맑음,단일로 - 기타,승용,남,54세,상해없음,화물,여,56세,경상
2013110100100549,2013년 11월 1일 19시,금요일,대구광역시 수성구 고모동,경상사고,0,0,1,0,차대차 - 측면직각충돌,안전거리미확보,건조,맑음,단일로 - 기타,승용,남,48세,상해없음,승용,남,30세,상해없음
2013110100100550,2013년 11월 1일 19시,금요일,대구광역시 북구 노원동2가,경상사고,0,0,1,0,차대차 - 기타,안전거리미확보,건조,맑음,단일로 - 기타,승용,남,28세,상해없음,승합,남,44세,상해없음
2013110100100551,2013년 11월 1일 19시,금요일,대구광역시 서구 평리동,경상사고,0,0,1,0,차대차 - 기타,안전운전불이행,건조,맑음,단일로 - 기타,화물,남,47세,상해없음,승용,여,37세,경상
2013110100100552,2013년 11월 1일 19시,금요일,대구광역시 달서구 호산동,중상사고,0,1,0,0,차대차 - 기타,안전운전불이행,건조,흐림,교차로 - 교차로부근,이륜,남,40세,상해없음,자전거,남,21세,중상
2013110100100553,2013년 11월 1일 19시,금요일,대구광역시 달서구 장기동,경상사고,0,0,5,0,차대차 - 추돌 - 진행중,안전운전불이행,건조,맑음,단일로 - 기타,승용,남,33세,상해없음,승용,여,40세,경상
2013110100100584,2013년 11월 1일 20시,금요일,대구광역시 북구 고성동1가,중상사고,0,1,0,0,차대차 - 기타,안전운전불이행,건조,맑음,기타 - 기타,자전거,남,34세,중상,원동기,남,17세,기타불명
2013110100100585,2013년 11월 1일 20시,금요일,대구광역시 서구 내당동,경상사고,0,0,1,0,차대차 - 측면직각충돌,기타,건조,맑음,단일로 - 기타,승용,남,33세,상해없음,이륜,남,20세,경상
2013110100100586,2013년 11월 1일 20시,금요일,대구광역시 북구 읍내동,경상사고,0,0,1,0,차대사람 - 기타,불법유턴,건조,맑음,단일로 - 기타,승용,남,51세,상해없음,보행자,남,61세,경상
2013110100100619,2013년 11월 1일 21시,금요일,대구광역시 달서구 진천동,경상사고,0,0,2,0,차대차 - 측면직각충돌,안전운전불이행,건조,맑음,단일로 - 기타,승용,여,25세,상해없음,원동기,남,16세,경상
2013110100100620,2013년 11월 1일 21시,금요일,대구광역시 서구 비산동,경상사고,0,0,2,0,차대차 - 추돌 - 주정차중,안전운전불이행,건조,맑음,단일로 - 기타,원동기,남,50세,상해없음,승용,여,27세,경상
2013110100100638,2013년 11월 1일 22시,금요일,대구광역시 달성군 화원읍,중상사고,0,1,0,0,차대사람 - 횡단중,안전운전불이행,건조,맑음,교차로 - 교차로안,승용,여,46세,상해없음,보행자,남,39세,중상
2013110100100639,2013년 11월 1일 22시,금요일,대구광역시 북구 칠성동2가,경상사고,0,0,1,0,차대차 - 측면직각충돌,안전운전불이행,건조,맑음,교차로 - 교차로안,승용,남,27세,상해없음,승용,남,62세,경상
2013110100100640,2013년 11월 1일 22시,금요일,대구광역시 중구 대봉동,경상사고,0,0,1,0,차대차 - 추돌 - 진행중,안전운전불이행,건조,맑음,단일로 - 기타,승용,남,33세,상해없음,승용,남,23세,경상
2013110100100641,2013년 11월 1일 22시,금요일,대구광역시 달서구 본리동,경상사고,0,0,1,0,차대차 - 측면직각충돌,교차로운행방법위반,건조,맑음,교차로 - 교차로안,승용,남,72세,상해없음,승용,남,53세,상해없음
2013110100100642,2013년 11월 1일 22시,금요일,대구광역시 달서구 성당동,경상사고,0,0,1,0,차대차 - 기타,신호위반,건조,맑음,교차로 - 교차로안,승용,남,50세,기타불명,이륜,남,19세,경상
2013110100100665,2013년 11월 1일 23시,금요일,대구광역시 수성구 두산동,중상사고,0,2,1,0,차대차 - 측면직각충돌,안전운전불이행,건조,맑음,단일로 - 기타,승용,남,25세,상해없음,승용,여,30세,경상
2013110100100666,2013년 11월 1일 23시,금요일,대구광역시 달성군 다사읍,중상사고,0,1,1,0,차량단독 - 도로외이탈 - 추락,안전운전불이행,건조,맑음,단일로 - 기타,승용,남,24세,상해없음,,,,
2013110200100018,2013년 11월 2일 00시,토요일,대구광역시 수성구 황금동,경상사고,0,0,7,0,차대차 - 기타,안전운전불이행,건조,맑음,교차로 - 교차로부근,승용,남,26세,상해없음,승용,남,48세,경상
2013110200100019,2013년 11월 2일 00시,토요일,대구광역시 달서구 송현동,중상사고,0,1,1,0,차대차 - 측면직각충돌,신호위반,건조,맑음,교차로 - 교차로안,승용,남,59세,상해없음,승용,여,58세,중상
2013110200100020,2013년 11월 2일 00시,토요일,대구광역시 북구 칠성동2가,경상사고,0,0,3,0,차대차 - 추돌 - 진행중,안전거리미확보,건조,맑음,단일로 - 기타,승용,남,43세,상해없음,승용,남,64세,경상
2013110200100021,2013년 11월 2일 00시,토요일,대구광역시 중구 동인동1가,경상사고,0,0,2,0,차대차 - 기타,안전거리미확보,건조,기타,기타 - 기타,승용,남,42세,상해없음,승용,남,48세,경상
2013110200100040,2013년 11월 2일 01시,토요일,대구광역시 서구 내당동,경상사고,0,0,1,0,차대차 - 기타,신호위반,건조,맑음,교차로 - 교차로안,승용,여,20세,상해없음,승용,남,25세,경상
2013110200100041,2013년 11월 2일 01시,토요일,대구광역시 중구 봉산동,경상사고,0,0,1,1,차대차 - 측면직각충돌,신호위반,건조,맑음,교차로 - 교차로안,이륜,남,17세,상해없음,승용,남,59세,경상
2013110200100061,2013년 11월 2일 02시,토요일,대구광역시 수성구 지산동,경상사고,0,0,2,0,차대차 - 추돌 - 주정차중,안전운전불이행,건조,맑음,단일로 - 기타,승용,남,29세,상해없음,승용,여,48세,경상
2013110200100062,2013년 11월 2일 02시,토요일,대구광역시 달서구 진천동,중상사고,0,1,0,0,차대사람 - 횡단중,안전운전불이행,건조,맑음,교차로 - 교차로안,승용,남,27세,상해없음,보행자,여,61세,중상
2013110200100084,2013년 11월 2일 04시,토요일,대구광역시 중구 동인동1가,경상사고,0,0,1,0,차대차 - 측면직각충돌,안전거리미확보,건조,맑음,단일로 - 기타,승용,여,37세,상해없음,승용,남,55세,경상