사고번호,사고일시,요일,시군구,사고내용,사망자수,중상자수,경상자수,부상신고자수,사고유형,법규위반,노면상태,기상상태,도로형태,가해운전자 차종,가해운전자 성별,가해운전자 연령,가해운전자 상해정도,피해운전자 차종,피해운전자 성별,피해운전자 연령,피해운전자 상해정도
2013111000100144,2013년 11월 10일 06시,일요일,대구광역시 북구 산격동,경상사고,0,0,1,0,차대차 - 측면직각충돌,중앙선침범,건조,맑음,교차로 - 교차로안,승용,남,31세,기타불명,승용,남,40세,경상
2013111000100145,2013년 11월 10일 06시,일요일,대구광역시 북구 칠성동1가,경상사고,0,0,8,0,차대차 - 기타,안전거리미확보,건조,맑음,단일로 - 기타,승합,남,56세,경상,승합,남,64세,경상
2013111000100178,2013년 11월 10일 08시,일요일,대구광역시 달성군 논공읍,경상사고,0,0,2,0,차대차 - 추돌 - 주정차중,신호위반,건조,맑음,교차로 - 교차로안,승용,남,56세,상해없음,승용,남,48세,경상
2013111000100201,2013년 11월 10일 09시,일요일,대구광역시 동구 용계동,중상사고,0,1,0,0,차대차 - 추돌 - 진행중,안전거리미확보,건조,맑음,단일로 - 기타,승용,남,54세,상해없음,승용,남,73세,상해없음
2013111000100254,2013년 11월 10일 11시,일요일,대구광역시 동구 율하동,중상사고,0,1,0,0,차대차 - 측면직각충돌,불법유턴,건조,맑음,교차로 - 교차로부근,승용,여,29세,기타불명,이륜,남,69세,중상
2013111000100255,2013년 11월 10일 11시,일요일,대구광역시 북구 산격동,경상사고,0,0,2,0,차대차 - 추돌 - 주정차중,안전거리미확보,건조,맑음,교차로 - 교차로부근,승용,여,23세,상해없음,승용,남,51세,상해없음
2013111000100318,2013년 11월 10일 13시,일요일,대구광역시 수성구 두산동,경상사고,0,0,1,0,차대차 - 기타,교차로운행방법위반,건조,맑음,교차로 - 교차로안,승용,남,30세,상해없음,승용,여,56세,경상
2013111000100319,2013년 11월 10일 13시,일요일,대구광역시 달성군 유가면,중상사고,0,1,3,0,차대차 - 측면직각충돌,교차로운행방법위반,건조,맑음,교차로 - 교차로안,화물,남,50세,경상,승용,남,46세,경상
2013111000100320,2013년 11월 10일 13시,일요일,대구광역시 서구 비산동,경상사고,0,0,3,0,차대차 - 추돌 - 주정차중,안전거리미확보,건조,맑음,교차로 - 교차로부근,승용,남,49세,상해없음,승용,남,57세,경상
2013111000100321,2013년 11월 10일 13시,일요일,대구광역시 달서구 성당동,경상사고,0,0,1,0,차대차 - 기타,교차로운행방법위반,건조,맑음,교차로 - 교차로부근,승용,여,59세,상해없음,이륜,남,44세,경상
2013111000100353,2013년 11월 10일 14시,일요일,대구광역시 동구 지묘동,경상사고,0,0,3,0,차대차 - 기타,안전거리미확보,건조,흐림,단일로 - 기타,승용,남,65세,상해없음,승용,여,52세,경상
2013111000100354,2013년 11월 10일 14시,일요일,대구광역시 달서구 월성동,중상사고,0,2,6,1,차대차 - 추돌 - 주정차중,안전거리미확보,건조,맑음,단일로 - 기타,승용,남,34세,경상,승용,여,42세,상해없음
2013111000100355,2013년 11월 10일 14시,일요일,대구광역시 달서구 월성동,경상사고,0,0,1,0,차대사람 - 기타,안전운전불이행,건조,맑음,단일로 - 기타,승용,남,18세,상해없음,보행자,여,53세,경상
2013111000100356,2013년 11월 10일 14시,일요일,대구광역시 달성군 옥포면,중상사고,0,1,1,0,차대차 - 기타,안전운전불이행,건조,맑음,단일로 - 기타,이륜,남,47세,상해없음,이륜,남,72세,중상
2013111000100357,2013년 11월 10일 14시,일요일,대구광역시 달서구 신당동,경상사고,0,0,1,0,차대차 - 기타,안전운전불이행,건조,맑음,교차로 - 교차로안,이륜,기타불명,기타불명,기타불명,이륜,남,84세,경상
2013111000100381,2013년 11월 10일 15시,일요일,대구광역시 수성구 상동,경상사고,0,0,2,0,차대차 - 기타,안전운전불이행,건조,맑음,단일로 - 기타,화물,남,49세,상해없음,승용,남,42세,경상
2013111000100382,2013년 11월 10일 15시,일요일,대구광역시 서구 비산동,중상사고,0,1,0,0,차대차 - 추돌 - 주정차중,안전운전불이행,건조,맑음,단일로 - 기타,승용,남,33세,기타불명,승합,남,55세,상해없음
2013111000100449,2013년 11월 10일 17시,일요일,대구광역시 서구 비산동,경상사고,0,0,2,0,차대차 - 측면직각충돌,직진우회전진행방해,건조,맑음,교차로 - 교차로안,이륜,남,29세,상해없음,승용,남,59세,경상
2013111000100496,2013년 11월 10일 18시,일요일,대구광역시 수성구 범어동,경상사고,0,0,1,0,차대차 - 측면직각충돌,안전거리미확보,건조,맑음,단일로 - 기타,승용,남,43세,상해없음,이륜,남,47세,경상
2013111000100497,2013년 11월 10일 18시,일요일,대구광역시 수성구 두산동,중상사고,0,1,0,0,차대차 - 측면직각충돌,불법유턴,건조,맑음,단일로 - 기타,이륜,남,23세,중상,승용,남,32세,상해없음
2013111000100498,2013년 11월 10일 18시,일요일,대구광역시 북구 고성동2가,경상사고,0,0,1,0,차대차 - 측면직각충돌,차로위반,건조,맑음,단일로 - 기타,승용,남,25세,상해없음,승용,여,53세,경상
2013111000100564,2013년 11월 10일 20시,일요일,대구광역시 동구 신천동,경상사고,0,0,1,0,차대사람 - 횡단중,안전운전불이행,건조,맑음,단일로 - 기타,이륜,남,52세,상해없음,보행자,남,7세,경상
2013111000100565,2013년 11월 10일 20시,일요일,대구광역시 달서구 갈산동,중상사고,0,1,0,0,차대차 - 측면직각충돌,교차로운행방법위반,건조,맑음,교차로 - 교차로안,승용,남,42세,상해없음,이륜,남,49세,중상
2013111000100625,2013년 11월 10일 22시,일요일,대구광역시 수성구 두산동,중상사고,0,1,0,0,차대차 - 추돌 - 주정차중,안전운전불이행,건조,맑음,단일로 - 기타,승용,남,61세,상해없음,승용,남,56세,상해없음
2013111000100638,2013년 11월 10일 23시,일요일,대구광역시 남구 대명동,경상사고,0,0,1,0,차대차 - 기타,교차로운행방법위반,건조,맑음,교차로 - 교차로안,승용,남,64세,상해없음,자전거,남,21세,경상
2013111000100639,2013년 11월 10일 23시,일요일,대구광역시 수성구 신매동,중상사고,0,3,0,0,차대차 - 기타,중앙선침범,건조,맑음,단일로 - 기타,화물,남,41세,상해없음,원동기,남,16세,상해없음
2013111100100012,2013년 11월 11일 00시,월요일,대구광역시 중구 동성로1가,경상사고,0,0,2,0,차대차 - 측면직각충돌,안전운전불이행,건조,맑음,단일로 - 기타,승용,남,19세,상해없음,이륜,남,17세,경상
2013111100100044,2013년 11월 11일 05시,월요일,대구광역시 북구 국우동,부상신고사고,0,0,0,1,차량단독 - 기타,안전운전불이행,건조,맑음,단일로 - 기타,화물,남,52세,부상신고,,,,
2013111100100059,2013년 11월 11일 06시,월요일,대구광역시 동구 용계동,경상사고,0,0,4,0,차대차 - 추돌 - 진행중,안전운전불이행,건조,맑음,교차로 - 교차로부근,승합,남,56세,상해없음,승용,남,42세,경상
2013111100100060,2013년 11월 11일 06시,월요일,대구광역시 서구 내당동,경상사고,0,0,1,0,차대사람 - 차도통행중,안전운전불이행,건조,맑음,교차로 - 교차로안,승용,남,30세,상해없음,보행자,남,22세,경상
2013111100100085,2013년 11월 11일 07시,월요일,대구광역시 서구 비산동,경상사고,0,0,1,0,차대차 - 기타,안전운전불이행,건조,맑음,단일로 - 기타,승용,남,68세,상해없음,승용,남,46세,경상
2013111100100086,2013년 11월 11일 07시,월요일,대구광역시 달서구 이곡동,경상사고,0,0,1,0,차대차 - 기타,안전운전불이행,건조,맑음,교차로 - 교차로안,승용,남,63세,상해없음,자전거,여,51세,경상
2013111100100141,2013년 11월 11일 08시,월요일,대구광역시 북구 대현동,중상사고,0,1,0,0,차대차 - 측면직각충돌,안전운전불이행,건조,맑음,단일로 - 기타,승용,남,36세,상해없음,자전거,남,75세,중상
2013111100100172,2013년 11월 11일 09시,월요일,대구광역시 달서구 월암동,경상사고,0,0,1,0,차대사람 - 기타,안전운전불이행,건조,맑음,단일로 - 기타,승용,여,40세,상해없음,보행자,남,46세,경상
2013111100100173,2013년 11월 11일 09시,월요일,대구광역시 북구 노원동1가,경상사고,0,0,2,0,차대차 - 기타,신호위반,건조,맑음,교차로 - 교차로안,승용,남,36세,경상,승용,남,50세,경상
2013111100100223,2013년 11월 11일 11시,월요일,대구광역시 달성군 논공읍,중상사고,0,1,0,0,차대차 - 기타,안전거리미확보,건조,맑음,단일로 - 기타,건설기계,남,67세,상해없음,농기계,남,75세,중상
2013111100100224,2013년 11월 11일 11시,월요일,대구광역시 북구 노원동2가,경상사고,0,0,1,0,차대차 - 추돌 - 진행중,안전운전불이행,건조,맑음,단일로 - 기타,화물,남,34세,상해없음,이륜,남,57세,경상
2013111100100225,2013년 11월 11일 11시,월요일,대구광역시 달서구 용산동,경상사고,0,0,1,0,차대차 - 측면직각충돌,신호위반,건조,맑음,교차로 - 교차로안,승용,남,38세,상해없음,이륜,남,47세,경상
2013111100100254,2013년 11월 11일 12시,월요일,대구광역시 수성구 지산동,중상사고,0,1,0,0,차대차 - 측면직각충돌,교차로운행방법위반,건조,맑음,교차로 - 교차로안,승용,남,60세,상해없음,이륜,남,52세,중상
2013111100100255,2013년 11월 11일 12시,월요일,대구광역시 북구 산격동,경상사고,0,0,1,0,차대차 - 측면직각충돌,안전운전불이행,건조,맑음,단일로 - 기타,승용,남,45세,상해없음,자전거,남,18세,경상
2013111100100290,2013년 11월 11일 13시,월요일,대구광역시 동구 숙천동,경상사고,0,0,2,0,차대차 - 측면직각충돌,신호위반,건조,맑음,교차로 - 교차로안,승용,남,27세,상해없음,화물,남,57세,경상
2013111100100291,2013년 11월 11일 13시,월요일,대구광역시 동구 신천동,경상사고,0,0,3,0,차대차 - 기타,안전거리미확보,건조,맑음,단일로 - 기타,승용,여,61세,기타불명,승용,여,28세,경상
2013111100100292,2013년 11월 11일 13시,월요일,대구광역시 달서구 성당동,중상사고,0,1,0,0,차대차 - 기타,안전거리미확보,건조,맑음,단일로 - 기타,승용,남,70세,상해없음,이륜,남,53세,중상
2013111100100293,2013년 11월 11일 13시,월요일,대구광역시 달서구 장동,중상사고,0,1,1,0,차대차 - 측면직각충돌,직진우회전진행방해,건조,맑음,교차로 - 교차로안,건설기계,남,51세,상해없음,승용,여,55세,중상
2013111100100331,2013년 11월 11일 14시,월요일,대구광역시 달서구 월성동,사망사고,1,1,0,0,차대차 - 측면직각충돌,안전운전불이행,건조,맑음,단일로 - 기타,이륜,남,42세,중상,자전거,남,78세,사망
2013111100100364,2013년 11월 11일 15시,월요일,대구광역시 동구 신천동,중상사고,0,1,0,0,차대차 - 측면직각충돌,신호위반,건조,맑음,교차로 - 교차로안,승용,남,61세,상해없음,이륜,남,63세,중상
2013111100100365,2013년 11월 11일 15시,월요일,대구광역시 서구 내당동,경상사고,0,0,1,0,차대차 - 추돌 - 주정차중,안전거리미확보,건조,맑음,교차로 - 교차로부근,승용,남,22세,상해없음,승용,남,48세,경상
2013111100100366,2013년 11월 11일 15시,월요일,대구광역시 서구 중리동,중상사고,0,1,0,0,차대차 - 측면직각충돌,안전운전불이행,건조,맑음,단일로 - 기타,승용,여,55세,상해없음,이륜,남,17세,중상
2013111100100367,2013년 11월 11일 15시,월요일,대구광역시 중구 남산동,중상사고,0,1,0,0,차대차 - 기타,안전거리미확보,건조,맑음,단일로 - 기타,기타불명,기타불명,기타불명,기타불명,승용,남,48세,상해없음
2013111100100368,2013년 11월 11일 15시,월요일,대구광역시 중구 동인동3가,경상사고,0,0,1,0,차대차 - 기타,신호위반,건조,맑음,교차로 - 교차로안,화물,남,61세,상해없음,승용,여,45세,경상
2013111100100403,2013년 11월 11일 16시,월요일,대구광역시 달서구 송현동,중상사고,0,1,0,0,차대사람 - 기타,안전운전불이행,건조,맑음,교차로 - 교차로안,승용,여,50세,상해없음,보행자,남,52세,중상
2013111100100500,2013년 11월 11일 18시,월요일,대구광역시 북구 노원동2가,중상사고,0,1,0,0,차대사람 - 차도통행중,안전운전불이행,건조,맑음,기타 - 기타,승합,남,50세,상해없음,보행자,남,63세,중상
2013111100100501,2013년 11월 11일 18시,월요일,대구광역시 달서구 성당동,중상사고,0,1,1,0,차대차 - 추돌 - 진행중,안전운전불이행,건조,맑음,단일로 - 기타,승용,남,47세,상해없음,승용,남,35세,상해없음
2013111100100502,2013년 11월 11일 18시,월요일,대구광역시 북구 태전동,경상사고,0,0,1,0,차대사람 - 길가장자리구역통행중,안전운전불이행,건조,맑음,교차로 - 교차로안,승용,남,67세,기타불명,보행자,남,22세,경상
2013111100100531,2013년 11월 11일 19시,월요일,대구광역시 수성구 범어동,경상사고,0,0,1,0,차대차 - 기타,신호위반,건조,맑음,단일로 - 횡단보도부근,자전거,남,14세,경상,이륜,남,45세,상해없음
2013111100100532,2013년 11월 11일 19시,월요일,대구광역시 북구 노원동2가,경상사고,0,0,1,0,차대차 - 측면직각충돌,교차로운행방법위반,건조,맑음,교차로 - 교차로안,승용,남,51세,상해없음,원동기,남,29세,경상
2013111100100566,2013년 11월 11일 20시,월요일,대구광역시 수성구 범어동,경상사고,0,0,1,0,차대차 - 측면직각충돌,불법유턴,건조,맑음,단일로 - 기타,자전거,여,59세,경상,승용,여,49세,상해없음
2013111100100567,2013년 11월 11일 20시,월요일,대구광역시 북구 산격동,경상사고,0,0,1,0,차대사람 - 기타,안전운전불이행,건조,맑음,단일로 - 기타,승용,여,31세,기타불명,보행자,여,59세,경상
2013111100100568,2013년 11월 11일 20시,월요일,대구광역시 서구 내당동,중상사고,0,2,0,0,차대차 - 기타,신호위반,건조,맑음,교차로 - 교차로안,이륜,남,21세,중상,화물,남,28세,상해없음
2013111100100596,2013년 11월 11일 21시,월요일,대구광역시 달성군 현풍면,중상사고,0,1,0,0,차대차 - 정면충돌,중앙선침범,건조,맑음,단일로 - 기타,승용,남,34세,상해없음,승용,여,37세,중상
2013111100100597,2013년 11월 11일 21시,월요일,대구광역시 서구 평리동,중상사고,0,1,0,0,차량단독 - 기타,안전운전불이행,건조,맑음,단일로 - 기타,승합,남,40세,상해없음,,,,
2013111100100626,2013년 11월 11일 22시,월요일,대구광역시 서구 비산동,경상사고,0,0,3,0,차대차 - 기타,안전운전불이행,건조,맑음,교차로 - 교차로부근,승용,여,53세,상해없음,승용,여,51세,경상
2013111100100627,2013년 11월 11일 22시,월요일,대구광역시 서구 상리동,경상사고,0,0,6,0,차대차 - 추돌 - 주정차중,안전운전불이행,건조,맑음,교차로 - 교차로부근,승용,남,34세,상해없음,승용,남,54세,경상
2013111100100655,2013년 11월 11일 23시,월요일,대구광역시 동구 신천동,경상사고,0,0,1,0,차대차 - 측면직각충돌,교차로운행방법위반,건조,맑음,교차로 - 교차로안,이륜,남,55세,상해없음,승용,남,65세,경상
2013111100100656,2013년 11월 11일 23시,월요일,대구광역시 북구 관음동,중상사고,0,1,0,0,차대사람 - 횡단중,보행자보호의무위반,건조,맑음,단일로 - 횡단보도상,승합,남,49세,상해없음,보행자,남,41세,중상
2013111200100048,2013년 11월 12일 03시,화요일,대구광역시 달성군 다사읍,경상사고,0,0,1,0,차대사람 - 기타,안전운전불이행,건조,맑음,교차로 - 교차로안,화물,남,47세,상해없음,보행자,남,64세,경상
2013111200100049,2013년 11월 12일 03시,화요일,대구광역시 북구 칠성동2가,경상사고,0,0,2,0,차대차 - 기타,교차로운행방법위반,건조,맑음,교차로 - 교차로안,승용,남,58세,상해없음,승용,남,57세,상해없음
2013111200100086,2013년 11월 12일 06시,화요일,대구광역시 달서구 이곡동,경상사고,0,0,2,0,차대차 - 추돌 - 주정차중,안전운전불이행,건조,맑음,단일로 - 기타,승용,여,38세,상해없음,화물,남,58세,경상
2013111200100115,2013년 11월 12일 07시,화요일,대구광역시 달성군 옥포면,경상사고,0,0,1,0,차대사람 - 횡단중,안전운전불이행,건조,맑음,단일로 - 기타,승용,여,50세,상해없음,보행자,남,58세,경상
2013111200100157,2013년 11월 12일 08시,화요일,대구광역시 남구 대명동,중상사고,0,1,0,0,차대사람 - 횡단중,신호위반,건조,맑음,단일로 - 횡단보도상,승용,남,47세,상해없음,보행자,남,27세,중상
2013111200100158,2013년 11월 12일 08시,화요일,대구광역시 동구 신기동,경상사고,0,0,1,0,차대차 - 추돌 - 주정차중,안전운전불이행,건조,맑음,교차로 - 교차로부근,승용,남,39세,상해없음,승용,남,38세,경상
2013111200100159,2013년 11월 12일 08시,화요일,대구광역시 수성구 연호동,경상사고,0,0,1,0,차대차 - 기타,안전거리미확보,건조,맑음,교차로 - 교차로안,승용,남,46세,상해없음,승용,여,50세,경상
2013111200100160,2013년 11월 12일 08시,화요일,대구광역시 북구 복현동,중상사고,0,2,1,0,차대차 - 추돌 - 진행중,안전거리미확보,건조,맑음,단일로 - 기타,승용,남,39세,상해없음,승용,여,31세,경상
2013111200100161,2013년 11월 12일 08시,화요일,대구광역시 서구 내당동,부상신고사고,0,0,0,1,차대차 - 기타,안전운전불이행,건조,맑음,단일로 - 기타,승용,여,60세,상해없음,승용,여,32세,부상신고
2013111200100162,2013년 11월 12일 08시,화요일,대구광역시 달서구 감삼동,경상사고,0,0,1,0,차대차 - 기타,안전운전불이행,건조,맑음,단일로 - 기타,기타불명,기타불명,기타불명,기타불명,자전거,남,14세,경상
2013111200100188,2013년 11월 12일 09시,화요일,대구광역시 중구 삼덕동2가,경상사고,0,0,1,0,차대차 - 기타,신호위반,건조,맑음,교차로 - 교차로안,자전거,남,63세,경상,승용,남,70세,상해없음
2013111200100247,2013년 11월 12일 11시,화요일,대구광역시 동구 신천동,경상사고,0,0,1,0,차대차 - 기타,안전운전불이행,건조,맑음,단일로 - 기타,승합,남,48세,상해없음,승용,남,72세,경상
2013111200100270,2013년 11월 12일 12시,화요일,대구광역시 달서구 신당동,경상사고,0,0,1,0,차대사람 - 기타,안전운전불이행,건조,맑음,단일로 - 기타,원동기,남,34세,상해없음,보행자,남,20세,경상
2013111200100271,2013년 11월 12일 12시,화요일,대구광역시 달서구 신당동,경상사고,0,0,1,0,차대사람 - 기타,보행자보호의무위반,건조,맑음,단일로 - 횡단보도상,화물,남,27세,상해없음,보행자,남,18세,경상
2013111200100272,2013년 11월 12일 12시,화요일,대구광역시 달서구 감삼동,중상사고,0,1,0,1,차대차 - 측면직각충돌,안전운전불이행,건조,맑음,교차로 - 교차로부근,이륜,남,19세,부상신고,승용,남,55세,중상
2013111200100296,2013년 11월 12일 13시,화요일,대구광역시 북구 산격동,사망사고,1,0,0,0,차대사람 - 기타,안전운전불이행,건조,맑음,단일로 - 기타,특수,남,40세,상해없음,보행자,여,86세,사망
2013111200100367,2013년 11월 12일 15시,화요일,대구광역시 동구 방촌동,중상사고,0,1,0,0,차대차 - 기타,안전운전불이행,건조,맑음,단일로 - 기타,승용,남,53세,상해없음,자전거,남,70세,중상
2013111200100368,2013년 11월 12일 15시,화요일,대구광역시 중구 삼덕동3가,경상사고,0,0,1,0,차대차 - 기타,안전운전불이행,건조,맑음,단일로 - 기타,승용,남,59세,상해없음,승용,남,60세,경상
2013111200100403,2013년 11월 12일 16시,화요일,대구광역시 동구 괴전동,부상신고사고,0,0,0,1,차대차 - 기타,안전운전불이행,건조,맑음,단일로 - 기타,승용,여,36세,상해없음,원동기,남,21세,부상신고
2013111200100433,2013년 11월 12일 17시,화요일,대구광역시 동구 효목동,경상사고,0,0,1,0,차대차 - 기타,안전운전불이행,건조,맑음,단일로 - 기타,승용,남,54세,상해없음,이륜,남,28세,경상
2013111200100434,2013년 11월 12일 17시,화요일,대구광역시 동구 능성동,경상사고,0,0,1,0,차대사람 - 횡단중,보행자보호의무위반,건조,맑음,단일로 - 기타,승용,기타불명,기타불명,기타불명,보행자,남,8세,경상
2013111200100435,2013년 11월 12일 17시,화요일,대구광역시 동구 용계동,중상사고,0,1,1,0,차대사람 - 횡단중,신호위반,건조,맑음,교차로 - 교차로부근,화물,남,59세,상해없음,보행자,여,79세,중상
2013111200100481,2013년 11월 12일 18시,화요일,대구광역시 수성구 두산동,중상사고,0,1,0,0,차대사람 - 횡단중,기타,건조,맑음,단일로 - 횡단보도부근,승용,남,28세,상해없음,보행자,여,76세,중상
2013111200100482,2013년 11월 12일 18시,화요일,대구광역시 수성구 매호동,경상사고,0,0,1,0,차대사람 - 횡단중,안전운전불이행,건조,맑음,기타 - 기타,승용,남,64세,상해없음,보행자,남,2세,경상
2013111200100483,2013년 11월 12일 18시,화요일,대구광역시 서구 평리동,부상신고사고,0,0,0,1,차대차 - 기타,안전운전불이행,건조,맑음,교차로 - 교차로안,원동기,남,16세,부상신고,승용,남,32세,상해없음
2013111200100484,2013년 11월 12일 18시,화요일,대구광역시 서구 중리동,경상사고,0,0,1,0,차대사람 - 기타,안전운전불이행,건조,맑음,교차로 - 교차로부근,기타불명,기타불명,기타불명,기타불명,보행자,남,27세,경상
2013111200100485,2013년 11월 12일 18시,화요일,대구광역시 중구 덕산동,중상사고,0,1,0,0,차대사람 - 기타,안전운전불이행,건조,맑음,단일로 - 기타,승용,여,47세,상해없음,보행자,여,44세,중상
2013111200100516,2013년 11월 12일 19시,화요일,대구광역시 수성구 범어동,경상사고,0,0,1,0,차대차 - 추돌 - 진행중,안전거리미확보,건조,맑음,단일로 - 기타,승용,남,46세,상해없음,이륜,남,68세,경상
2013111200100517,2013년 11월 12일 19시,화요일,대구광역시 달서구 대천동,경상사고,0,0,3,0,차대차 - 기타,교차로운행방법위반,건조,맑음,교차로 - 교차로안,승용,여,51세,경상,승용,남,46세,경상
2013111200100518,2013년 11월 12일 19시,화요일,대구광역시 북구 칠성동2가,경상사고,0,0,1,0,차대차 - 기타,안전운전불이행,건조,맑음,단일로 - 기타,기타불명,기타불명,기타불명,기타불명,승용,여,60세,경상
2013111200100519,2013년 11월 12일 19시,화요일,대구광역시 서구 이현동,경상사고,0,0,2,0,차대차 - 기타,안전운전불이행,건조,맑음,단일로 - 기타,승용,남,42세,상해없음,화물,남,49세,상해없음
2013111200100547,2013년 11월 12일 20시,화요일,대구광역시 달서구 본동,경상사고,0,0,1,0,차대차 - 기타,안전운전불이행,건조,맑음,단일로 - 기타,승용,남,35세,상해없음,승용,여,37세,경상
2013111200100578,2013년 11월 12일 21시,화요일,대구광역시 남구 봉덕동,경상사고,0,0,1,0,차대사람 - 차도통행중,안전운전불이행,건조,맑음,단일로 - 기타,승용,남,25세,상해없음,보행자,남,38세,경상
2013111200100579,2013년 11월 12일 21시,화요일,대구광역시 달서구 신당동,중상사고,0,1,0,0,차대사람 - 횡단중,신호위반,건조,맑음,교차로 - 교차로안,화물,남,52세,상해없음,보행자,여,50세,중상
2013111200100613,2013년 11월 12일 22시,화요일,대구광역시 남구 대명동,중상사고,0,1,2,2,차대차 - 추돌 - 주정차중,안전운전불이행,건조,맑음,단일로 - 기타,승용,남,30세,상해없음,승용,남,60세,경상
2013111200100614,2013년 11월 12일 22시,화요일,대구광역시 남구 대명동,경상사고,0,0,1,0,차대사람 - 횡단중,안전운전불이행,건조,맑음,단일로 - 기타,승용,남,57세,상해없음,보행자,남,18세,경상
2013111200100615,2013년 11월 12일 22시,화요일,대구광역시 수성구 중동,경상사고,0,0,1,0,차대차 - 추돌 - 주정차중,안전거리미확보,건조,맑음,교차로 - 교차로부근,승용,남,51세,상해없음,승용,남,64세,경상
2013111200100616,2013년 11월 12일 22시,화요일,대구광역시 수성구 파동,경상사고,0,0,1,0,차대차 - 추돌 - 주정차중,안전운전불이행,건조,맑음,단일로 - 기타,승용,남,45세,상해없음,승합,남,47세,경상
2013111200100618,2013년 11월 12일 22시,화요일,대구광역시 달서구 두류동,중상사고,0,1,0,0,차대사람 - 기타,안전운전불이행,건조,맑음,단일로 - 기타,승용,여,40세,상해없음,보행자,여,21세,중상
2013111200100643,2013년 11월 12일 23시,화요일,대구광역시 동구 신암동,경상사고,0,0,1,0,차대차 - 측면직각충돌,안전운전불이행,건조,맑음,단일로 - 기타,승용,남,47세,상해없음,승용,남,57세,경상
2013111200100644,2013년 11월 12일 23시,화요일,대구광역시 수성구 범어동,경상사고,0,0,2,0,차대차 - 측면직각충돌,신호위반,건조,맑음,교차로 - 교차로안,승용,남,31세,상해없음,승용,남,60세,경상
2013111300100014,2013년 11월 13일 00시,수요일,대구광역시 동구 효목동,중상사고,0,1,0,0,차대차 - 기타,안전운전불이행,건조,맑음,교차로 - 교차로부근,승용,남,40세,상해없음,승용,여,35세,중상
2013111300100015,2013년 11월 13일 00시,수요일,대구광역시 수성구 매호동,경상사고,0,0,1,0,차대차 - 측면직각충돌,안전운전불이행,건조,맑음,단일로 - 기타,이륜,남,19세,상해없음,승용,남,50세,경상
2013111300100065,2013년 11월 13일 05시,수요일,대구광역시 중구 삼덕동1가,중상사고,0,1,0,0,차대사람 - 기타,안전운전불이행,건조,맑음,단일로 - 기타,승용,남,34세,상해없음,보행자,남,22세,중상
2013111300100106,2013년 11월 13일 07시,수요일,대구광역시 달성군 화원읍,경상사고,0,0,1,0,차대차 - 측면직각충돌,교차로운행방법위반,건조,맑음,교차로 - 교차로안,승용,남,60세,상해없음,승용,여,43세,경상
2013111300100107,2013년 11월 13일 07시,수요일,대구광역시 서구 비산동,중상사고,0,2,0,0,차대사람 - 차도통행중,안전운전불이행,건조,맑음,교차로 - 교차로안,승용,남,27세,상해없음,보행자,여,63세,중상
2013111300100108,2013년 11월 13일 07시,수요일,대구광역시 달서구 이곡동,중상사고,0,1,0,0,차대차 - 측면직각충돌,교차로운행방법위반,건조,맑음,교차로 - 교차로부근,승용,여,48세,상해없음,이륜,남,57세,중상
2013111300100150,2013년 11월 13일 08시,수요일,대구광역시 남구 대명동,경상사고,0,0,1,0,차대사람 - 기타,안전운전불이행,건조,맑음,교차로 - 교차로부근,승용,남,43세,상해없음,보행자,여,36세,경상
2013111300100151,2013년 11월 13일 08시,수요일,대구광역시 달서구 이곡동,중상사고,0,1,1,0,차대차 - 추돌 - 주정차중,안전운전불이행,건조,맑음,교차로 - 교차로부근,승용,남,27세,중상,승용,남,31세,상해없음
2013111300100184,2013년 11월 13일 09시,수요일,대구광역시 북구 서변동,경상사고,0,0,1,0,차대차 - 측면직각충돌,중앙선침범,건조,맑음,교차로 - 교차로부근,승용,남,26세,상해없음,승용,남,59세,경상
2013111300100211,2013년 11월 13일 10시,수요일,대구광역시 동구 지저동,경상사고,0,0,2,0,차대차 - 측면직각충돌,교차로운행방법위반,건조,맑음,교차로 - 교차로안,승용,남,57세,상해없음,승용,남,46세,경상
2013111300100212,2013년 11월 13일 10시,수요일,대구광역시 수성구 지산동,경상사고,0,0,1,0,차대차 - 기타,교차로운행방법위반,건조,맑음,교차로 - 교차로안,승용,남,50세,상해없음,승용,여,48세,경상
2013111300100213,2013년 11월 13일 10시,수요일,대구광역시 북구 침산동,경상사고,0,0,2,0,차대차 - 기타,안전운전불이행,건조,맑음,단일로 - 교량,화물,여,48세,상해없음,화물,남,62세,경상
2013111300100243,2013년 11월 13일 11시,수요일,대구광역시 달서구 갈산동,중상사고,0,1,1,0,차대차 - 측면직각충돌,교차로운행방법위반,건조,맑음,교차로 - 교차로안,이륜,남,47세,중상,승용,남,31세,경상
2013111300100275,2013년 11월 13일 12시,수요일,대구광역시 동구 불로동,경상사고,0,0,1,0,차대차 - 추돌 - 진행중,안전거리미확보,건조,맑음,교차로 - 교차로부근,승용,남,59세,상해없음,승용,여,48세,경상