사고번호,사고일시,요일,시군구,사고내용,사망자수,중상자수,경상자수,부상신고자수,사고유형,법규위반,노면상태,기상상태,도로형태,가해운전자 차종,가해운전자 성별,가해운전자 연령,가해운전자 상해정도,피해운전자 차종,피해운전자 성별,피해운전자 연령,피해운전자 상해정도
2013111300100276,2013년 11월 13일 12시,수요일,대구광역시 수성구 범어동,경상사고,0,0,1,0,차대차 - 기타,안전운전불이행,건조,맑음,단일로 - 기타,승용,남,42세,상해없음,승합,남,56세,상해없음
2013111300100277,2013년 11월 13일 12시,수요일,대구광역시 달서구 진천동,경상사고,0,0,1,0,차대차 - 측면직각충돌,기타,건조,맑음,단일로 - 기타,승합,남,56세,상해없음,승용,여,33세,상해없음
2013111300100278,2013년 11월 13일 12시,수요일,대구광역시 서구 비산동,경상사고,0,0,1,0,차대차 - 측면직각충돌,안전운전불이행,건조,맑음,단일로 - 횡단보도상,승용,여,46세,상해없음,자전거,남,68세,경상
2013111300100311,2013년 11월 13일 13시,수요일,대구광역시 달성군 현풍면,부상신고사고,0,0,0,1,차대차 - 추돌 - 주정차중,안전운전불이행,건조,맑음,단일로 - 기타,농기계,남,67세,부상신고,승합,남,59세,상해없음
2013111300100312,2013년 11월 13일 13시,수요일,대구광역시 중구 동인동2가,경상사고,0,0,1,0,차대사람 - 보도통행중,보행자보호의무위반,건조,맑음,단일로 - 횡단보도상,승용,남,63세,상해없음,보행자,남,63세,경상
2013111300100337,2013년 11월 13일 14시,수요일,대구광역시 동구 신평동,경상사고,0,0,2,0,차대차 - 기타,신호위반,건조,맑음,교차로 - 교차로안,승용,남,36세,상해없음,화물,남,60세,경상
2013111300100338,2013년 11월 13일 14시,수요일,대구광역시 달서구 이곡동,중상사고,0,1,1,0,차대차 - 측면직각충돌,안전운전불이행,건조,맑음,기타 - 기타,승용,남,39세,상해없음,이륜,남,17세,경상
2013111300100339,2013년 11월 13일 14시,수요일,대구광역시 북구 태전동,부상신고사고,0,0,0,1,차대차 - 측면직각충돌,불법유턴,건조,맑음,교차로 - 교차로안,자전거,남,12세,부상신고,화물,남,67세,상해없음
2013111300100373,2013년 11월 13일 15시,수요일,대구광역시 수성구 황금동,중상사고,0,1,0,0,차대차 - 기타,안전거리미확보,건조,맑음,교차로 - 교차로안,승용,남,38세,상해없음,승용,남,41세,중상
2013111300100374,2013년 11월 13일 15시,수요일,대구광역시 수성구 만촌동,중상사고,0,3,0,0,차대차 - 추돌 - 진행중,안전운전불이행,건조,맑음,교차로 - 교차로부근,승용,남,45세,상해없음,승용,여,42세,중상
2013111300100375,2013년 11월 13일 15시,수요일,대구광역시 달서구 이곡동,경상사고,0,0,2,0,차대차 - 기타,안전운전불이행,건조,맑음,단일로 - 기타,이륜,남,67세,경상,승용,여,38세,경상
2013111300100411,2013년 11월 13일 16시,수요일,대구광역시 동구 신천동,부상신고사고,0,0,0,2,차대차 - 측면직각충돌,차로위반,건조,맑음,교차로 - 교차로부근,승용,여,34세,부상신고,승용,남,58세,상해없음
2013111300100412,2013년 11월 13일 16시,수요일,대구광역시 달서구 용산동,경상사고,0,0,1,0,차대차 - 측면직각충돌,신호위반,건조,맑음,단일로 - 횡단보도상,승용,여,63세,상해없음,자전거,여,12세,경상
2013111300100413,2013년 11월 13일 16시,수요일,대구광역시 달서구 감삼동,경상사고,0,0,1,0,차대차 - 추돌 - 주정차중,안전운전불이행,건조,맑음,교차로 - 교차로부근,승용,남,69세,상해없음,승용,여,28세,경상
2013111300100414,2013년 11월 13일 16시,수요일,대구광역시 북구 읍내동,중상사고,0,1,0,0,차대차 - 추돌 - 진행중,안전운전불이행,건조,맑음,단일로 - 기타,승용,여,56세,상해없음,이륜,남,21세,중상
2013111300100452,2013년 11월 13일 17시,수요일,대구광역시 중구 사일동,부상신고사고,0,0,0,1,차대차 - 측면직각충돌,중앙선침범,건조,맑음,단일로 - 기타,자전거,남,30세,부상신고,승용,남,40세,상해없음
2013111300100453,2013년 11월 13일 17시,수요일,대구광역시 중구 남산동,경상사고,0,0,3,0,차대차 - 기타,안전운전불이행,건조,맑음,단일로 - 기타,승합,남,59세,상해없음,승용,남,34세,경상
2013111300100519,2013년 11월 13일 18시,수요일,대구광역시 동구 신암동,경상사고,0,0,1,0,차대차 - 측면직각충돌,직진우회전진행방해,건조,맑음,교차로 - 교차로안,승용,남,34세,상해없음,승용,남,52세,상해없음
2013111300100520,2013년 11월 13일 18시,수요일,대구광역시 수성구 시지동,중상사고,0,1,0,0,차대차 - 추돌 - 진행중,안전운전불이행,건조,맑음,단일로 - 기타,승합,남,47세,상해없음,이륜,남,16세,중상
2013111300100562,2013년 11월 13일 19시,수요일,대구광역시 달서구 감삼동,경상사고,0,0,1,0,차대차 - 기타,신호위반,건조,맑음,교차로 - 교차로안,승용,여,63세,상해없음,승용,남,57세,경상
2013111300100563,2013년 11월 13일 19시,수요일,대구광역시 달성군 옥포면,사망사고,1,1,0,0,차대사람 - 횡단중,안전운전불이행,건조,맑음,단일로 - 기타,승용,남,46세,상해없음,보행자,남,70세,사망
2013111300100594,2013년 11월 13일 20시,수요일,대구광역시 수성구 만촌동,경상사고,0,0,2,0,차대차 - 측면직각충돌,안전운전불이행,건조,맑음,단일로 - 기타,승용,남,27세,경상,승용,남,51세,경상
2013111300100595,2013년 11월 13일 20시,수요일,대구광역시 북구 고성동2가,중상사고,0,1,0,1,차대사람 - 기타,안전운전불이행,건조,맑음,기타 - 기타,승용,남,56세,상해없음,보행자,여,55세,중상
2013111300100597,2013년 11월 13일 20시,수요일,대구광역시 북구 매천동,중상사고,0,1,0,0,차대차 - 측면직각충돌,불법유턴,건조,맑음,교차로 - 교차로부근,화물,남,50세,상해없음,이륜,여,52세,중상
2013111300100623,2013년 11월 13일 21시,수요일,대구광역시 서구 비산동,경상사고,0,0,1,0,차대차 - 추돌 - 진행중,안전거리미확보,건조,맑음,단일로 - 기타,승용,여,22세,상해없음,승용,남,65세,경상
2013111300100648,2013년 11월 13일 22시,수요일,대구광역시 수성구 황금동,경상사고,0,0,1,0,차대차 - 측면직각충돌,교차로운행방법위반,건조,맑음,교차로 - 교차로안,이륜,남,19세,상해없음,자전거,남,16세,경상
2013111300100649,2013년 11월 13일 22시,수요일,대구광역시 달서구 상인동,경상사고,0,0,1,0,차대차 - 기타,신호위반,건조,맑음,단일로 - 횡단보도상,승용,남,61세,상해없음,자전거,남,24세,경상
2013111400100013,2013년 11월 14일 00시,목요일,대구광역시 동구 효목동,경상사고,0,0,2,0,차대차 - 기타,안전거리미확보,건조,맑음,단일로 - 기타,승용,여,33세,상해없음,승용,남,52세,경상
2013111400100028,2013년 11월 14일 01시,목요일,대구광역시 동구 신천동,중상사고,0,1,0,0,차대차 - 기타,안전운전불이행,건조,맑음,교차로 - 교차로부근,승용,남,48세,상해없음,승용,남,48세,중상
2013111400100029,2013년 11월 14일 01시,목요일,대구광역시 동구 지저동,중상사고,0,1,0,0,차대사람 - 횡단중,보행자보호의무위반,건조,맑음,단일로 - 기타,승용,여,56세,상해없음,보행자,여,58세,중상
2013111400100039,2013년 11월 14일 02시,목요일,대구광역시 달서구 감삼동,경상사고,0,0,1,0,차대사람 - 기타,안전운전불이행,건조,맑음,단일로 - 기타,승용,남,52세,상해없음,보행자,남,26세,경상
2013111400100040,2013년 11월 14일 02시,목요일,대구광역시 달서구 감삼동,경상사고,0,0,1,0,차대차 - 추돌 - 진행중,안전거리미확보,건조,맑음,단일로 - 기타,승용,남,50세,상해없음,승용,남,57세,경상
2013111400100068,2013년 11월 14일 05시,목요일,대구광역시 동구 신암동,중상사고,0,1,0,0,차대차 - 기타,안전운전불이행,건조,맑음,단일로 - 기타,승용,남,66세,상해없음,승용,남,32세,중상
2013111400100111,2013년 11월 14일 07시,목요일,대구광역시 북구 검단동,경상사고,0,0,1,0,차대사람 - 횡단중,보행자보호의무위반,건조,맑음,단일로 - 횡단보도상,화물,남,43세,상해없음,보행자,여,63세,경상
2013111400100145,2013년 11월 14일 08시,목요일,대구광역시 달성군 논공읍,경상사고,0,0,2,0,차대차 - 기타,중앙선침범,건조,맑음,단일로 - 기타,승용,여,47세,상해없음,승용,남,36세,상해없음
2013111400100146,2013년 11월 14일 08시,목요일,대구광역시 중구 대봉동,중상사고,0,1,0,0,차대사람 - 횡단중,안전운전불이행,건조,맑음,단일로 - 기타,이륜,남,27세,상해없음,보행자,남,73세,중상
2013111400100173,2013년 11월 14일 09시,목요일,대구광역시 북구 노원동2가,중상사고,0,1,0,0,차량단독 - 전도전복,안전운전불이행,건조,맑음,단일로 - 기타,자전거,남,28세,중상,,,,
2013111400100190,2013년 11월 14일 10시,목요일,대구광역시 동구 불로동,중상사고,0,1,0,0,차대사람 - 기타,안전운전불이행,건조,맑음,단일로 - 기타,승합,남,48세,상해없음,보행자,여,80세,중상
2013111400100191,2013년 11월 14일 10시,목요일,대구광역시 중구 동인동2가,경상사고,0,0,1,0,차대차 - 기타,안전운전불이행,건조,맑음,단일로 - 기타,승용,남,24세,상해없음,승용,여,35세,경상
2013111400100219,2013년 11월 14일 11시,목요일,대구광역시 북구 복현동,경상사고,0,0,1,0,차대차 - 기타,안전운전불이행,건조,맑음,교차로 - 교차로부근,승용,여,49세,상해없음,승용,여,58세,경상
2013111400100290,2013년 11월 14일 14시,목요일,대구광역시 중구 동인동3가,중상사고,0,1,0,0,차대차 - 측면직각충돌,안전거리미확보,건조,맑음,단일로 - 기타,승용,남,63세,상해없음,이륜,남,61세,중상
2013111400100322,2013년 11월 14일 15시,목요일,대구광역시 서구 평리동,경상사고,0,0,1,0,차대사람 - 길가장자리구역통행중,안전운전불이행,습기,비,단일로 - 기타,승용,여,49세,상해없음,보행자,여,19세,경상
2013111400100323,2013년 11월 14일 15시,목요일,대구광역시 달서구 이곡동,중상사고,0,1,0,0,차대사람 - 횡단중,안전운전불이행,건조,맑음,교차로 - 교차로부근,화물,남,79세,기타불명,보행자,여,71세,중상
2013111400100349,2013년 11월 14일 16시,목요일,대구광역시 북구 노원동2가,중상사고,0,1,0,0,차대사람 - 기타,안전운전불이행,건조,맑음,단일로 - 기타,화물,남,54세,상해없음,보행자,남,34세,중상
2013111400100390,2013년 11월 14일 17시,목요일,대구광역시 동구 동내동,경상사고,0,0,1,0,차대차 - 측면직각충돌,직진우회전진행방해,건조,맑음,교차로 - 교차로안,화물,남,52세,상해없음,승용,남,42세,경상
2013111400100391,2013년 11월 14일 17시,목요일,대구광역시 동구 검사동,경상사고,0,0,2,0,차대차 - 측면직각충돌,안전운전불이행,건조,맑음,단일로 - 기타,승용,여,56세,상해없음,화물,남,56세,경상
2013111400100392,2013년 11월 14일 17시,목요일,대구광역시 북구 매천동,경상사고,0,0,2,0,차대차 - 측면직각충돌,안전거리미확보,건조,흐림,기타 - 기타,화물,남,48세,상해없음,승용,여,46세,경상
2013111400100453,2013년 11월 14일 18시,목요일,대구광역시 동구 검사동,경상사고,0,0,1,0,차대사람 - 기타,기타,건조,맑음,기타 - 기타,자전거,여,55세,상해없음,보행자,여,24세,경상
2013111400100454,2013년 11월 14일 18시,목요일,대구광역시 동구 신암동,중상사고,0,1,0,0,차대사람 - 횡단중,안전운전불이행,건조,맑음,단일로 - 기타,승용,남,21세,상해없음,보행자,여,25세,중상
2013111400100455,2013년 11월 14일 18시,목요일,대구광역시 달성군 논공읍,중상사고,0,1,0,0,차대사람 - 기타,안전운전불이행,건조,맑음,기타 - 기타,승용,여,42세,상해없음,보행자,남,14세,중상
2013111400100456,2013년 11월 14일 18시,목요일,대구광역시 북구 대현동,중상사고,0,1,0,0,차대사람 - 횡단중,안전운전불이행,건조,맑음,기타 - 기타,승용,여,42세,상해없음,보행자,남,33세,중상
2013111400100457,2013년 11월 14일 18시,목요일,대구광역시 서구 평리동,경상사고,0,0,1,0,차대차 - 추돌 - 주정차중,안전운전불이행,습기,비,단일로 - 기타,승용,남,31세,상해없음,승용,남,57세,경상
2013111400100458,2013년 11월 14일 18시,목요일,대구광역시 북구 서변동,경상사고,0,0,1,0,차대차 - 측면직각충돌,안전운전불이행,건조,맑음,단일로 - 기타,화물,남,59세,상해없음,승용,여,50세,경상
2013111400100486,2013년 11월 14일 19시,목요일,대구광역시 남구 대명동,경상사고,0,0,1,0,차대차 - 기타,안전운전불이행,건조,맑음,단일로 - 기타,이륜,남,15세,경상,승용,남,55세,상해없음
2013111400100487,2013년 11월 14일 19시,목요일,대구광역시 달성군 다사읍,중상사고,0,1,0,0,차대사람 - 횡단중,보행자보호의무위반,건조,맑음,교차로 - 교차로부근,승용,남,48세,상해없음,보행자,남,38세,중상
2013111400100488,2013년 11월 14일 19시,목요일,대구광역시 서구 중리동,중상사고,0,1,0,0,차대차 - 기타,안전거리미확보,건조,맑음,단일로 - 기타,승용,남,65세,상해없음,승용,여,29세,중상
2013111400100528,2013년 11월 14일 20시,목요일,대구광역시 서구 비산동,중상사고,0,1,0,0,차대사람 - 횡단중,안전운전불이행,건조,맑음,교차로 - 교차로부근,승합,남,67세,상해없음,보행자,남,45세,중상
2013111400100565,2013년 11월 14일 21시,목요일,대구광역시 남구 대명동,중상사고,0,2,0,0,차대사람 - 기타,안전운전불이행,습기,비,기타 - 기타,승용,남,42세,상해없음,보행자,남,48세,중상
2013111400100566,2013년 11월 14일 21시,목요일,대구광역시 남구 대명동,경상사고,0,0,1,0,차대차 - 추돌 - 주정차중,안전거리미확보,습기,비,교차로 - 교차로안,승용,남,28세,상해없음,승용,남,30세,경상
2013111400100567,2013년 11월 14일 21시,목요일,대구광역시 남구 봉덕동,중상사고,0,1,0,0,차대차 - 추돌 - 진행중,안전운전불이행,건조,맑음,기타 - 기타,승용,여,37세,상해없음,승용,여,56세,중상
2013111400100568,2013년 11월 14일 21시,목요일,대구광역시 북구 복현동,중상사고,0,1,0,0,차대사람 - 기타,안전운전불이행,습기,비,단일로 - 기타,승용,남,62세,상해없음,보행자,남,61세,중상
2013111400100569,2013년 11월 14일 21시,목요일,대구광역시 북구 침산동,중상사고,0,1,0,0,차대차 - 기타,중앙선침범,습기,비,단일로 - 기타,이륜,남,47세,상해없음,이륜,남,20세,중상
2013111400100570,2013년 11월 14일 21시,목요일,대구광역시 서구 내당동,중상사고,0,1,0,0,차대차 - 측면직각충돌,안전거리미확보,습기,비,단일로 - 기타,승용,여,54세,상해없음,승용,남,45세,중상
2013111400100571,2013년 11월 14일 21시,목요일,대구광역시 달서구 이곡동,경상사고,0,0,1,0,차대차 - 추돌 - 주정차중,안전거리미확보,습기,비,교차로 - 교차로부근,승합,남,56세,상해없음,승용,남,71세,상해없음
2013111400100572,2013년 11월 14일 21시,목요일,대구광역시 달서구 죽전동,중상사고,0,1,0,0,차대차 - 추돌 - 진행중,안전운전불이행,습기,비,교차로 - 교차로부근,승용,남,55세,상해없음,승용,여,43세,중상
2013111400100605,2013년 11월 14일 22시,목요일,대구광역시 수성구 지산동,경상사고,0,0,5,0,차대차 - 측면직각충돌,안전운전불이행,습기,비,단일로 - 기타,승용,남,42세,경상,승용,여,35세,경상
2013111400100606,2013년 11월 14일 22시,목요일,대구광역시 북구 침산동,경상사고,0,0,1,0,차대차 - 기타,안전거리미확보,습기,비,단일로 - 기타,승용,남,27세,상해없음,원동기,남,17세,경상
2013111400100607,2013년 11월 14일 22시,목요일,대구광역시 달서구 호산동,경상사고,0,0,2,0,차대차 - 측면직각충돌,교차로운행방법위반,습기,흐림,교차로 - 교차로안,승용,남,67세,상해없음,승용,남,52세,경상
2013111400100648,2013년 11월 14일 23시,목요일,대구광역시 달서구 송현동,중상사고,0,2,0,0,차대차 - 추돌 - 주정차중,안전운전불이행,습기,비,단일로 - 기타,화물,남,28세,상해없음,승용,여,69세,중상
2013111500100029,2013년 11월 15일 00시,금요일,대구광역시 달서구 송현동,경상사고,0,0,2,0,차대차 - 추돌 - 주정차중,안전운전불이행,습기,비,교차로 - 교차로부근,화물,남,38세,경상,승용,남,55세,경상
2013111500100030,2013년 11월 15일 00시,금요일,대구광역시 달서구 이곡동,경상사고,0,0,1,0,차량단독 - 공작물충돌,안전운전불이행,건조,맑음,기타 - 기타,승용,여,40세,상해없음,,,,
2013111500100058,2013년 11월 15일 01시,금요일,대구광역시 수성구 두산동,경상사고,0,0,1,0,차대차 - 추돌 - 주정차중,안전운전불이행,건조,흐림,교차로 - 교차로부근,승용,남,34세,상해없음,승용,남,71세,상해없음
2013111500100059,2013년 11월 15일 01시,금요일,대구광역시 수성구 범어동,경상사고,0,0,1,0,차대차 - 측면직각충돌,안전거리미확보,건조,흐림,교차로 - 교차로부근,승용,남,57세,상해없음,이륜,남,32세,경상
2013111500100060,2013년 11월 15일 01시,금요일,대구광역시 달서구 진천동,경상사고,0,0,1,0,차대차 - 추돌 - 주정차중,안전운전불이행,건조,맑음,교차로 - 교차로부근,승용,남,24세,기타불명,승용,남,28세,경상
2013111500100092,2013년 11월 15일 05시,금요일,대구광역시 달성군 구지면,경상사고,0,0,1,0,차량단독 - 공작물충돌,안전운전불이행,건조,맑음,단일로 - 기타,승용,남,40세,경상,,,,
2013111500100144,2013년 11월 15일 07시,금요일,대구광역시 북구 노원동3가,중상사고,0,2,0,0,차대차 - 추돌 - 진행중,안전운전불이행,건조,맑음,단일로 - 기타,화물,남,49세,상해없음,승용,남,38세,중상
2013111500100175,2013년 11월 15일 08시,금요일,대구광역시 동구 괴전동,중상사고,0,1,1,0,차대차 - 기타,교차로운행방법위반,건조,맑음,교차로 - 교차로안,화물,남,43세,경상,승용,남,38세,중상
2013111500100176,2013년 11월 15일 08시,금요일,대구광역시 달서구 월암동,경상사고,0,0,1,0,차대차 - 측면직각충돌,차로위반,건조,맑음,교차로 - 교차로부근,건설기계,남,64세,상해없음,승용,여,34세,경상
2013111500100203,2013년 11월 15일 09시,금요일,대구광역시 수성구 지산동,중상사고,0,1,0,0,차대차 - 기타,안전운전불이행,건조,맑음,교차로 - 교차로부근,승용,남,52세,상해없음,자전거,남,35세,중상
2013111500100250,2013년 11월 15일 11시,금요일,대구광역시 남구 대명동,경상사고,0,0,2,0,차대차 - 측면직각충돌,안전거리미확보,건조,맑음,단일로 - 기타,승용,남,65세,상해없음,승용,남,44세,경상
2013111500100251,2013년 11월 15일 11시,금요일,대구광역시 북구 복현동,경상사고,0,0,1,0,차대차 - 기타,안전운전불이행,건조,맑음,단일로 - 기타,승용,남,54세,상해없음,승용,남,60세,경상
2013111500100252,2013년 11월 15일 11시,금요일,대구광역시 중구 달성동,경상사고,0,0,1,1,차대차 - 측면직각충돌,교차로운행방법위반,건조,맑음,교차로 - 교차로안,승합,남,30세,부상신고,승용,남,51세,경상
2013111500100273,2013년 11월 15일 12시,금요일,대구광역시 서구 평리동,부상신고사고,0,0,0,1,차대차 - 기타,교차로운행방법위반,건조,맑음,교차로 - 교차로부근,원동기,남,65세,부상신고,승용,남,27세,상해없음
2013111500100292,2013년 11월 15일 13시,금요일,대구광역시 북구 고성동1가,경상사고,0,0,1,0,차대차 - 추돌 - 주정차중,안전운전불이행,건조,맑음,단일로 - 기타,승용,남,44세,상해없음,승용,여,22세,경상
2013111500100293,2013년 11월 15일 13시,금요일,대구광역시 서구 내당동,중상사고,0,1,0,0,차대사람 - 기타,안전운전불이행,건조,맑음,교차로 - 교차로안,화물,남,48세,상해없음,보행자,여,66세,중상
2013111500100294,2013년 11월 15일 13시,금요일,대구광역시 중구 수창동,중상사고,0,1,0,0,차대차 - 기타,교차로운행방법위반,건조,맑음,교차로 - 교차로안,승용,남,60세,상해없음,이륜,남,55세,중상
2013111500100328,2013년 11월 15일 14시,금요일,대구광역시 남구 이천동,중상사고,0,1,0,0,차량단독 - 기타,기타,건조,맑음,단일로 - 기타,승합,남,49세,상해없음,,,,
2013111500100367,2013년 11월 15일 15시,금요일,대구광역시 서구 비산동,경상사고,0,0,1,0,차대차 - 기타,교차로운행방법위반,건조,맑음,교차로 - 교차로부근,승용,여,62세,상해없음,승용,여,54세,경상
2013111500100368,2013년 11월 15일 15시,금요일,대구광역시 달서구 용산동,부상신고사고,0,0,0,1,차량단독 - 공작물충돌,안전운전불이행,건조,맑음,단일로 - 기타,이륜,남,59세,부상신고,,,,
2013111500100395,2013년 11월 15일 16시,금요일,대구광역시 달서구 이곡동,경상사고,0,0,1,0,차대차 - 측면직각충돌,안전운전불이행,건조,맑음,단일로 - 기타,승용,여,60세,상해없음,승용,여,46세,경상
2013111500100441,2013년 11월 15일 17시,금요일,대구광역시 수성구 황금동,경상사고,0,0,1,0,차대사람 - 기타,안전운전불이행,건조,맑음,단일로 - 기타,승용,남,55세,상해없음,보행자,남,7세,경상
2013111500100442,2013년 11월 15일 17시,금요일,대구광역시 달서구 송현동,부상신고사고,0,0,0,1,차대사람 - 보도통행중,기타,건조,맑음,단일로 - 기타,이륜,남,35세,상해없음,보행자,남,20세,부상신고
2013111500100504,2013년 11월 15일 18시,금요일,대구광역시 동구 신암동,경상사고,0,0,1,0,차대차 - 기타,안전거리미확보,건조,맑음,단일로 - 기타,승용,남,33세,상해없음,승용,남,67세,경상
2013111500100505,2013년 11월 15일 18시,금요일,대구광역시 수성구 수성동1가,경상사고,0,0,2,0,차대차 - 추돌 - 진행중,안전거리미확보,건조,맑음,단일로 - 기타,승용,남,40세,상해없음,승용,남,49세,경상
2013111500100506,2013년 11월 15일 18시,금요일,대구광역시 북구 침산동,경상사고,0,0,1,0,차대차 - 추돌 - 진행중,안전운전불이행,건조,흐림,단일로 - 기타,승용,남,47세,상해없음,화물,남,45세,경상
2013111500100507,2013년 11월 15일 18시,금요일,대구광역시 북구 산격동,중상사고,0,1,0,0,차대사람 - 차도통행중,안전운전불이행,건조,맑음,교차로 - 교차로안,승용,여,57세,상해없음,보행자,여,17세,중상
2013111500100508,2013년 11월 15일 18시,금요일,대구광역시 달서구 감삼동,경상사고,0,0,4,0,차대차 - 측면직각충돌,안전거리미확보,건조,맑음,단일로 - 기타,승용,여,41세,상해없음,승용,남,18세,경상
2013111500100547,2013년 11월 15일 19시,금요일,대구광역시 남구 봉덕동,경상사고,0,0,1,0,차대차 - 측면직각충돌,신호위반,건조,맑음,교차로 - 교차로안,승용,남,38세,상해없음,이륜,남,43세,경상
2013111500100548,2013년 11월 15일 19시,금요일,대구광역시 북구 학정동,중상사고,0,1,0,0,차대차 - 측면직각충돌,안전운전불이행,건조,맑음,기타 - 기타,승용,남,60세,상해없음,이륜,남,38세,중상
2013111500100583,2013년 11월 15일 20시,금요일,대구광역시 동구 신천동,경상사고,0,0,1,0,차대사람 - 기타,안전운전불이행,건조,맑음,단일로 - 기타,승용,남,40세,상해없음,보행자,남,28세,경상
2013111500100612,2013년 11월 15일 21시,금요일,대구광역시 북구 산격동,경상사고,0,0,1,0,차대사람 - 길가장자리구역통행중,안전운전불이행,건조,맑음,단일로 - 기타,승용,남,56세,상해없음,보행자,남,43세,경상
2013111500100613,2013년 11월 15일 21시,금요일,대구광역시 북구 침산동,경상사고,0,0,1,0,차대사람 - 횡단중,안전운전불이행,건조,맑음,교차로 - 교차로안,승용,남,55세,상해없음,보행자,남,12세,경상
2013111500100614,2013년 11월 15일 21시,금요일,대구광역시 서구 내당동,경상사고,0,0,1,0,차대사람 - 길가장자리구역통행중,안전운전불이행,건조,맑음,단일로 - 기타,승용,남,40세,상해없음,보행자,남,46세,경상
2013111500100642,2013년 11월 15일 22시,금요일,대구광역시 서구 비산동,경상사고,0,0,4,0,차대차 - 추돌 - 진행중,안전운전불이행,건조,맑음,단일로 - 기타,승용,남,29세,상해없음,승합,남,57세,상해없음
2013111500100643,2013년 11월 15일 22시,금요일,대구광역시 서구 비산동,경상사고,0,0,1,0,차대사람 - 기타,안전운전불이행,건조,맑음,교차로 - 교차로부근,기타불명,기타불명,기타불명,기타불명,보행자,남,54세,경상
2013111500100644,2013년 11월 15일 22시,금요일,대구광역시 달서구 장기동,중상사고,0,1,0,0,차대사람 - 차도통행중,안전운전불이행,건조,맑음,단일로 - 기타,승용,남,51세,상해없음,보행자,남,38세,중상
2013111500100670,2013년 11월 15일 23시,금요일,대구광역시 동구 방촌동,중상사고,0,1,0,0,차대사람 - 횡단중,안전운전불이행,건조,맑음,단일로 - 횡단보도상,승용,남,33세,상해없음,보행자,남,66세,중상
2013111500100671,2013년 11월 15일 23시,금요일,대구광역시 북구 산격동,경상사고,0,0,2,0,차대차 - 기타,안전운전불이행,건조,맑음,단일로 - 기타,승용,남,48세,상해없음,승용,여,44세,경상
2013111500100672,2013년 11월 15일 23시,금요일,대구광역시 달서구 신당동,경상사고,0,0,2,0,차대차 - 기타,신호위반,건조,맑음,교차로 - 교차로안,이륜,남,33세,상해없음,승용,남,23세,경상
2013111500100673,2013년 11월 15일 23시,금요일,대구광역시 달서구 용산동,경상사고,0,0,1,0,차대차 - 추돌 - 진행중,안전운전불이행,건조,맑음,단일로 - 기타,승용,남,49세,상해없음,승용,남,23세,경상
2013111600100019,2013년 11월 16일 00시,토요일,대구광역시 동구 율하동,부상신고사고,0,0,0,1,차량단독 - 공작물충돌,안전운전불이행,건조,맑음,단일로 - 기타,승용,남,36세,부상신고,,,,
2013111600100020,2013년 11월 16일 00시,토요일,대구광역시 수성구 지산동,경상사고,0,0,1,0,차대사람 - 횡단중,보행자보호의무위반,건조,맑음,단일로 - 횡단보도상,승용,남,62세,상해없음,보행자,남,21세,경상
2013111600100041,2013년 11월 16일 01시,토요일,대구광역시 동구 신천동,경상사고,0,0,3,0,차대차 - 측면직각충돌,안전거리미확보,건조,맑음,교차로 - 교차로안,승용,남,51세,상해없음,승용,남,40세,경상
2013111600100091,2013년 11월 16일 04시,토요일,대구광역시 달서구 도원동,중상사고,0,1,0,0,차대차 - 측면직각충돌,신호위반,건조,맑음,교차로 - 교차로안,자전거,남,71세,중상,승용,남,59세,상해없음
2013111600100129,2013년 11월 16일 06시,토요일,대구광역시 달서구 이곡동,중상사고,0,1,0,0,차량단독 - 기타,기타,건조,맑음,단일로 - 기타,승용,남,58세,상해없음,,,,
2013111600100156,2013년 11월 16일 08시,토요일,대구광역시 달성군 다사읍,중상사고,0,1,0,0,차대차 - 측면직각충돌,안전운전불이행,건조,맑음,단일로 - 기타,승용,남,39세,상해없음,이륜,남,15세,중상
2013111600100178,2013년 11월 16일 09시,토요일,대구광역시 북구 읍내동,경상사고,0,0,1,0,차대사람 - 횡단중,보행자보호의무위반,건조,맑음,교차로 - 교차로안,화물,남,35세,상해없음,보행자,여,10세,경상
2013111600100208,2013년 11월 16일 10시,토요일,대구광역시 수성구 범어동,경상사고,0,0,1,0,차대차 - 측면직각충돌,안전운전불이행,건조,맑음,교차로 - 교차로안,승용,여,19세,상해없음,승용,남,49세,경상
2013111600100209,2013년 11월 16일 10시,토요일,대구광역시 북구 검단동,경상사고,0,0,1,1,차대차 - 측면직각충돌,안전거리미확보,건조,맑음,단일로 - 기타,건설기계,남,43세,부상신고,승용,남,45세,경상
2013111600100229,2013년 11월 16일 11시,토요일,대구광역시 수성구 두산동,경상사고,0,0,1,0,차대차 - 기타,기타,건조,맑음,단일로 - 기타,승용,남,54세,상해없음,자전거,남,27세,경상
2013111600100230,2013년 11월 16일 11시,토요일,대구광역시 달서구 진천동,경상사고,0,0,2,0,차대차 - 기타,안전운전불이행,건조,맑음,단일로 - 기타,승용,남,26세,상해없음,승합,남,53세,경상
2013111600100231,2013년 11월 16일 11시,토요일,대구광역시 북구 산격동,중상사고,0,1,0,0,차대차 - 측면직각충돌,안전거리미확보,건조,맑음,단일로 - 기타,승용,남,53세,상해없음,원동기,남,27세,중상