사고번호,사고일시,요일,시군구,사고내용,사망자수,중상자수,경상자수,부상신고자수,사고유형,법규위반,노면상태,기상상태,도로형태,가해운전자 차종,가해운전자 성별,가해운전자 연령,가해운전자 상해정도,피해운전자 차종,피해운전자 성별,피해운전자 연령,피해운전자 상해정도
2013111600100261,2013년 11월 16일 12시,토요일,대구광역시 수성구 범물동,경상사고,0,0,1,0,차대사람 - 횡단중,안전운전불이행,건조,맑음,단일로 - 기타,화물,남,35세,상해없음,보행자,남,6세,경상
2013111600100294,2013년 11월 16일 13시,토요일,대구광역시 수성구 범어동,경상사고,0,0,1,0,차대사람 - 횡단중,신호위반,건조,맑음,단일로 - 횡단보도상,승합,남,47세,상해없음,보행자,남,15세,경상
2013111600100295,2013년 11월 16일 13시,토요일,대구광역시 북구 고성동1가,중상사고,0,1,0,0,차대사람 - 기타,안전운전불이행,건조,맑음,단일로 - 기타,승합,남,55세,상해없음,보행자,여,71세,중상
2013111600100360,2013년 11월 16일 15시,토요일,대구광역시 북구 동천동,경상사고,0,0,1,0,차대차 - 측면직각충돌,신호위반,건조,맑음,교차로 - 교차로안,원동기,남,21세,경상,승용,남,32세,상해없음
2013111600100361,2013년 11월 16일 15시,토요일,대구광역시 북구 읍내동,부상신고사고,0,0,0,2,차대차 - 측면직각충돌,차로위반,건조,맑음,단일로 - 기타,승용,여,46세,부상신고,승용,여,63세,부상신고
2013111600100395,2013년 11월 16일 16시,토요일,대구광역시 북구 노곡동,경상사고,0,0,5,0,차대차 - 추돌 - 진행중,안전거리미확보,건조,맑음,단일로 - 기타,승용,남,29세,경상,승용,남,30세,경상
2013111600100399,2013년 11월 16일 16시,토요일,대구광역시 수성구 중동,중상사고,0,1,0,0,차대차 - 기타,안전운전불이행,건조,맑음,기타 - 기타,승용,남,33세,상해없음,자전거,여,46세,중상
2013111600100400,2013년 11월 16일 16시,토요일,대구광역시 북구 국우동,경상사고,0,0,2,0,차대차 - 기타,안전거리미확보,건조,맑음,단일로 - 기타,승용,남,72세,상해없음,승용,여,50세,경상
2013111600100401,2013년 11월 16일 16시,토요일,대구광역시 북구 태전동,중상사고,0,1,0,0,차대차 - 측면직각충돌,불법유턴,건조,맑음,단일로 - 횡단보도상,자전거,남,59세,중상,승용,남,42세,상해없음
2013111600100442,2013년 11월 16일 17시,토요일,대구광역시 달서구 송현동,경상사고,0,0,4,0,차대차 - 측면직각충돌,직진우회전진행방해,건조,맑음,교차로 - 교차로안,승용,남,29세,경상,승용,남,38세,경상
2013111600100483,2013년 11월 16일 18시,토요일,대구광역시 동구 신암동,경상사고,0,0,1,0,차대차 - 기타,안전거리미확보,건조,맑음,단일로 - 기타,승용,남,62세,상해없음,승용,여,58세,경상
2013111600100484,2013년 11월 16일 18시,토요일,대구광역시 동구 신기동,경상사고,0,0,1,0,차대차 - 기타,안전운전불이행,건조,맑음,단일로 - 기타,화물,남,53세,상해없음,승합,남,28세,경상
2013111600100485,2013년 11월 16일 18시,토요일,대구광역시 수성구 노변동,중상사고,0,1,0,0,차대차 - 기타,불법유턴,건조,맑음,단일로 - 기타,승용,남,41세,상해없음,원동기,남,19세,중상
2013111600100524,2013년 11월 16일 19시,토요일,대구광역시 달성군 다사읍,중상사고,0,1,1,0,차대차 - 추돌 - 주정차중,안전운전불이행,건조,맑음,단일로 - 기타,이륜,남,22세,중상,승용,여,40세,경상
2013111600100559,2013년 11월 16일 20시,토요일,대구광역시 달서구 장기동,경상사고,0,0,1,0,차대사람 - 기타,안전운전불이행,건조,맑음,단일로 - 기타,승용,여,37세,상해없음,보행자,여,19세,경상
2013111600100560,2013년 11월 16일 20시,토요일,대구광역시 북구 노원동3가,경상사고,0,0,1,0,차대차 - 추돌 - 진행중,안전운전불이행,건조,맑음,단일로 - 기타,화물,남,42세,상해없음,승용,남,37세,경상
2013111600100614,2013년 11월 16일 22시,토요일,대구광역시 수성구 범어동,경상사고,0,0,1,0,차대사람 - 기타,기타,건조,맑음,기타 - 기타,승용,여,48세,상해없음,보행자,남,20세,경상
2013111600100615,2013년 11월 16일 22시,토요일,대구광역시 달서구 상인동,경상사고,0,0,1,0,차대차 - 기타,신호위반,건조,맑음,교차로 - 교차로안,승용,여,49세,상해없음,승용,남,46세,경상
2013111600100643,2013년 11월 16일 23시,토요일,대구광역시 북구 서변동,중상사고,0,3,1,0,차대차 - 추돌 - 진행중,안전운전불이행,습기,흐림,단일로 - 기타,승용,여,35세,상해없음,승용,여,55세,중상
2013111600100646,2013년 11월 16일 23시,토요일,대구광역시 달서구 송현동,경상사고,0,0,1,0,차량단독 - 기타,안전운전불이행,건조,맑음,단일로 - 기타,승용,남,55세,상해없음,,,,
2013111700100055,2013년 11월 17일 01시,일요일,대구광역시 달서구 감삼동,경상사고,0,0,1,0,차대차 - 추돌 - 진행중,안전거리미확보,건조,맑음,단일로 - 기타,승용,남,60세,상해없음,승용,남,44세,경상
2013111700100072,2013년 11월 17일 02시,일요일,대구광역시 서구 내당동,경상사고,0,0,1,0,차대차 - 기타,안전운전불이행,건조,흐림,단일로 - 횡단보도부근,승용,남,27세,상해없음,승용,남,54세,경상
2013111700100097,2013년 11월 17일 03시,일요일,대구광역시 달서구 상인동,경상사고,0,0,2,0,차대차 - 측면직각충돌,신호위반,건조,맑음,교차로 - 교차로안,화물,남,20세,상해없음,승용,남,48세,경상
2013111700100098,2013년 11월 17일 03시,일요일,대구광역시 동구 동호동,경상사고,0,0,1,0,차량단독 - 공작물충돌,안전운전불이행,건조,맑음,단일로 - 기타,화물,남,40세,경상,,,,
2013111700100118,2013년 11월 17일 04시,일요일,대구광역시 중구 동성로1가,중상사고,0,3,2,0,차대차 - 기타,안전거리미확보,건조,흐림,단일로 - 기타,승용,남,24세,상해없음,승용,남,23세,중상
2013111700100182,2013년 11월 17일 09시,일요일,대구광역시 북구 서변동,중상사고,0,1,1,0,차대차 - 추돌 - 진행중,안전운전불이행,건조,맑음,단일로 - 기타,승용,남,67세,상해없음,승용,남,47세,중상
2013111700100217,2013년 11월 17일 11시,일요일,대구광역시 중구 삼덕동1가,중상사고,0,2,2,0,차대차 - 추돌 - 주정차중,안전거리미확보,건조,맑음,단일로 - 기타,화물,남,46세,상해없음,승용,남,55세,중상
2013111700100218,2013년 11월 17일 11시,일요일,대구광역시 달서구 파호동,경상사고,0,0,1,0,차대사람 - 횡단중,신호위반,건조,맑음,단일로 - 횡단보도상,자전거,남,52세,상해없음,보행자,남,19세,경상
2013111700100286,2013년 11월 17일 14시,일요일,대구광역시 동구 신천동,부상신고사고,0,0,0,1,차대차 - 기타,안전운전불이행,건조,맑음,기타 - 기타,이륜,남,43세,부상신고,승용,여,42세,상해없음
2013111700100302,2013년 11월 17일 15시,일요일,대구광역시 동구 송정동,중상사고,0,3,0,0,차대차 - 기타,중앙선침범,건조,맑음,단일로 - 기타,화물,남,72세,상해없음,승용,남,38세,상해없음
2013111700100303,2013년 11월 17일 15시,일요일,대구광역시 달성군 논공읍,경상사고,0,0,1,0,차대차 - 측면직각충돌,안전운전불이행,건조,맑음,교차로 - 교차로부근,승합,남,55세,상해없음,승용,남,44세,경상
2013111700100341,2013년 11월 17일 16시,일요일,대구광역시 남구 대명동,중상사고,0,1,0,0,차대사람 - 기타,안전운전불이행,건조,맑음,교차로 - 교차로안,승합,남,50세,상해없음,보행자,남,87세,중상
2013111700100377,2013년 11월 17일 17시,일요일,대구광역시 수성구 황금동,경상사고,0,0,1,0,차대사람 - 보도통행중,기타,건조,맑음,단일로 - 기타,승용,남,28세,상해없음,보행자,남,30세,경상
2013111700100378,2013년 11월 17일 17시,일요일,대구광역시 수성구 신매동,중상사고,0,1,0,0,차대사람 - 보도통행중,기타,건조,맑음,단일로 - 기타,승용,여,57세,상해없음,보행자,여,53세,중상
2013111700100379,2013년 11월 17일 17시,일요일,대구광역시 달성군 다사읍,경상사고,0,0,1,0,차대차 - 기타,중앙선침범,건조,맑음,단일로 - 기타,승용,남,60세,상해없음,화물,남,48세,경상
2013111700100452,2013년 11월 17일 19시,일요일,대구광역시 수성구 신매동,경상사고,0,0,1,0,차대사람 - 기타,안전운전불이행,건조,맑음,단일로 - 기타,승용,여,42세,상해없음,보행자,여,70세,경상
2013111700100453,2013년 11월 17일 19시,일요일,대구광역시 수성구 만촌동,중상사고,0,1,0,0,차대차 - 측면직각충돌,안전운전불이행,건조,맑음,교차로 - 교차로안,원동기,남,16세,중상,승용,여,62세,상해없음
2013111700100454,2013년 11월 17일 19시,일요일,대구광역시 달서구 월성동,중상사고,0,1,0,0,차대사람 - 기타,안전운전불이행,건조,맑음,단일로 - 기타,승용,남,31세,상해없음,보행자,남,63세,중상
2013111700100455,2013년 11월 17일 19시,일요일,대구광역시 달성군 화원읍,사망사고,1,0,0,0,차량단독 - 공작물충돌,안전운전불이행,건조,맑음,단일로 - 기타,원동기,남,27세,사망,,,,
2013111700100456,2013년 11월 17일 19시,일요일,대구광역시 달성군 화원읍,경상사고,0,0,2,0,차대사람 - 기타,안전운전불이행,건조,맑음,기타 - 기타,승용,남,48세,상해없음,보행자,여,64세,경상
2013111700100457,2013년 11월 17일 19시,일요일,대구광역시 북구 태전동,경상사고,0,0,1,1,차대차 - 측면직각충돌,교차로운행방법위반,건조,맑음,교차로 - 교차로안,이륜,남,51세,부상신고,이륜,남,19세,경상
2013111700100487,2013년 11월 17일 20시,일요일,대구광역시 수성구 범어동,경상사고,0,0,2,0,차대차 - 추돌 - 진행중,안전운전불이행,건조,맑음,교차로 - 교차로부근,승용,여,50세,상해없음,승용,남,34세,경상
2013111700100488,2013년 11월 17일 20시,일요일,대구광역시 달서구 진천동,경상사고,0,0,5,0,차대차 - 추돌 - 주정차중,안전운전불이행,건조,맑음,단일로 - 기타,승용,남,53세,상해없음,승합,여,35세,경상
2013111700100490,2013년 11월 17일 20시,일요일,대구광역시 달서구 감삼동,경상사고,0,0,1,0,차대차 - 추돌 - 진행중,안전운전불이행,건조,맑음,단일로 - 기타,승용,남,32세,상해없음,화물,남,34세,경상
2013111700100512,2013년 11월 17일 21시,일요일,대구광역시 달서구 감삼동,중상사고,0,1,1,1,차대사람 - 횡단중,보행자보호의무위반,건조,맑음,단일로 - 기타,이륜,남,44세,부상신고,보행자,여,26세,중상
2013111700100545,2013년 11월 17일 23시,일요일,대구광역시 북구 국우동,경상사고,0,0,1,0,차대차 - 추돌 - 진행중,직진우회전진행방해,건조,맑음,교차로 - 교차로안,승용,남,50세,상해없음,원동기,남,23세,경상
2013111800100008,2013년 11월 18일 00시,월요일,대구광역시 수성구 신매동,경상사고,0,0,1,0,차대차 - 추돌 - 주정차중,안전운전불이행,건조,맑음,교차로 - 교차로부근,승용,남,31세,상해없음,승용,남,66세,상해없음
2013111800100009,2013년 11월 18일 00시,월요일,대구광역시 달서구 상인동,중상사고,0,1,1,0,차대차 - 측면직각충돌,안전운전불이행,건조,맑음,단일로 - 기타,승용,남,62세,상해없음,원동기,남,17세,경상
2013111800100059,2013년 11월 18일 06시,월요일,대구광역시 달서구 상인동,중상사고,0,1,0,0,차대차 - 기타,안전운전불이행,건조,맑음,단일로 - 기타,화물,남,52세,상해없음,농기계,남,80세,중상
2013111800100084,2013년 11월 18일 07시,월요일,대구광역시 북구 침산동,경상사고,0,0,1,0,차대차 - 측면직각충돌,안전운전불이행,건조,맑음,단일로 - 기타,승용,남,32세,상해없음,승용,여,24세,경상
2013111800100085,2013년 11월 18일 07시,월요일,대구광역시 달서구 죽전동,중상사고,0,1,0,0,차대차 - 기타,안전운전불이행,건조,맑음,단일로 - 기타,승용,남,58세,상해없음,자전거,남,16세,중상
2013111800100086,2013년 11월 18일 07시,월요일,대구광역시 달서구 성당동,경상사고,0,0,1,0,차대사람 - 횡단중,안전운전불이행,건조,맑음,단일로 - 기타,승용,남,49세,상해없음,보행자,여,16세,경상
2013111800100126,2013년 11월 18일 08시,월요일,대구광역시 달성군 옥포면,중상사고,0,1,0,0,차대차 - 추돌 - 진행중,안전운전불이행,건조,맑음,단일로 - 기타,승용,남,61세,상해없음,승합,남,55세,상해없음
2013111800100130,2013년 11월 18일 08시,월요일,대구광역시 동구 지묘동,중상사고,0,1,0,0,차대사람 - 기타,보행자보호의무위반,건조,맑음,교차로 - 교차로안,승합,남,39세,상해없음,보행자,여,28세,중상
2013111800100131,2013년 11월 18일 08시,월요일,대구광역시 동구 신기동,경상사고,0,0,1,0,차대차 - 추돌 - 주정차중,안전운전불이행,건조,맑음,단일로 - 기타,승용,여,52세,상해없음,승용,남,41세,경상
2013111800100132,2013년 11월 18일 08시,월요일,대구광역시 동구 효목동,중상사고,0,1,1,0,차대차 - 정면충돌,안전운전불이행,건조,맑음,교차로 - 교차로안,승용,남,36세,중상,화물,남,45세,경상
2013111800100133,2013년 11월 18일 08시,월요일,대구광역시 수성구 두산동,경상사고,0,0,1,0,차대사람 - 기타,안전운전불이행,건조,맑음,단일로 - 기타,승용,남,56세,상해없음,보행자,여,42세,경상
2013111800100134,2013년 11월 18일 08시,월요일,대구광역시 수성구 범어동,경상사고,0,0,1,0,차대차 - 기타,안전운전불이행,건조,맑음,교차로 - 교차로부근,승용,남,57세,상해없음,승용,남,59세,경상
2013111800100135,2013년 11월 18일 08시,월요일,대구광역시 수성구 중동,경상사고,0,0,1,0,차대사람 - 횡단중,보행자보호의무위반,건조,맑음,단일로 - 횡단보도상,승용,여,46세,상해없음,보행자,남,57세,경상
2013111800100136,2013년 11월 18일 08시,월요일,대구광역시 수성구 범어동,경상사고,0,0,1,0,차대차 - 기타,안전운전불이행,건조,맑음,단일로 - 횡단보도상,승용,남,63세,상해없음,자전거,남,12세,경상
2013111800100137,2013년 11월 18일 08시,월요일,대구광역시 중구 삼덕동2가,경상사고,0,0,1,0,차대차 - 기타,안전운전불이행,건조,맑음,단일로 - 기타,승용,남,56세,상해없음,승용,여,49세,경상
2013111800100138,2013년 11월 18일 08시,월요일,대구광역시 달서구 용산동,부상신고사고,0,0,0,1,차대사람 - 횡단중,보행자보호의무위반,건조,맑음,교차로 - 교차로안,기타불명,기타불명,기타불명,기타불명,보행자,여,17세,부상신고
2013111800100179,2013년 11월 18일 09시,월요일,대구광역시 수성구 만촌동,경상사고,0,0,1,0,차대차 - 기타,안전운전불이행,건조,맑음,단일로 - 기타,승용,남,31세,상해없음,승용,남,56세,경상
2013111800100180,2013년 11월 18일 09시,월요일,대구광역시 달서구 본동,중상사고,0,1,0,1,차대차 - 측면직각충돌,교차로운행방법위반,건조,맑음,교차로 - 교차로안,승용,여,47세,부상신고,승용,남,44세,중상
2013111800100181,2013년 11월 18일 09시,월요일,대구광역시 달서구 파호동,경상사고,0,0,1,0,차대차 - 기타,신호위반,건조,맑음,교차로 - 교차로안,승용,여,63세,상해없음,승용,여,32세,경상
2013111800100209,2013년 11월 18일 10시,월요일,대구광역시 달서구 상인동,경상사고,0,0,2,0,차대차 - 측면직각충돌,직진우회전진행방해,건조,맑음,기타 - 기타,승용,남,38세,상해없음,승용,남,49세,경상
2013111800100210,2013년 11월 18일 10시,월요일,대구광역시 북구 대현동,부상신고사고,0,0,0,1,차대차 - 추돌 - 진행중,안전운전불이행,건조,맑음,단일로 - 기타,이륜,남,48세,부상신고,승용,남,40세,상해없음
2013111800100236,2013년 11월 18일 11시,월요일,대구광역시 달성군 가창면,경상사고,0,0,1,0,차대차 - 기타,안전운전불이행,건조,맑음,교차로 - 교차로안,이륜,남,75세,경상,승용,남,64세,상해없음
2013111800100326,2013년 11월 18일 14시,월요일,대구광역시 북구 노원동2가,중상사고,0,1,0,0,차대사람 - 기타,안전운전불이행,건조,맑음,교차로 - 교차로부근,승용,남,52세,상해없음,보행자,여,57세,중상
2013111800100354,2013년 11월 18일 15시,월요일,대구광역시 수성구 만촌동,중상사고,0,1,0,0,차대차 - 추돌 - 주정차중,안전운전불이행,건조,맑음,단일로 - 기타,승용,여,71세,상해없음,승용,여,50세,중상
2013111800100355,2013년 11월 18일 15시,월요일,대구광역시 수성구 범어동,중상사고,0,1,0,0,차대차 - 측면직각충돌,안전운전불이행,건조,흐림,교차로 - 교차로안,승용,여,42세,상해없음,이륜,남,52세,중상
2013111800100403,2013년 11월 18일 16시,월요일,대구광역시 달성군 논공읍,경상사고,0,0,1,0,차대차 - 측면직각충돌,직진우회전진행방해,건조,맑음,교차로 - 교차로안,화물,남,49세,상해없음,승용,남,27세,경상
2013111800100429,2013년 11월 18일 17시,월요일,대구광역시 남구 봉덕동,경상사고,0,0,1,0,차대차 - 측면직각충돌,안전운전불이행,건조,맑음,단일로 - 기타,자전거,남,15세,경상,승용,남,53세,상해없음
2013111800100430,2013년 11월 18일 17시,월요일,대구광역시 동구 신암동,부상신고사고,0,0,0,1,차대차 - 추돌 - 주정차중,중앙선침범,건조,맑음,단일로 - 기타,화물,남,56세,부상신고,승용,여,31세,기타불명
2013111800100431,2013년 11월 18일 17시,월요일,대구광역시 동구 신천동,중상사고,0,1,0,0,차대차 - 측면직각충돌,안전운전불이행,건조,맑음,단일로 - 횡단보도상,승용,남,61세,상해없음,자전거,남,72세,중상
2013111800100433,2013년 11월 18일 17시,월요일,대구광역시 수성구 만촌동,경상사고,0,0,1,0,차대사람 - 보도통행중,기타,건조,맑음,단일로 - 기타,승용,여,48세,상해없음,보행자,남,15세,경상
2013111800100434,2013년 11월 18일 17시,월요일,대구광역시 달서구 도원동,중상사고,0,1,0,0,차대차 - 추돌 - 진행중,교차로운행방법위반,건조,맑음,교차로 - 교차로부근,이륜,남,48세,중상,승용,여,49세,상해없음
2013111800100482,2013년 11월 18일 18시,월요일,대구광역시 동구 신천동,경상사고,0,0,1,0,차대차 - 기타,신호위반,건조,맑음,교차로 - 교차로안,승합,남,38세,상해없음,승용,남,32세,경상
2013111800100483,2013년 11월 18일 18시,월요일,대구광역시 북구 산격동,부상신고사고,0,0,0,1,차대차 - 기타,중앙선침범,건조,맑음,교차로 - 교차로안,자전거,남,51세,부상신고,승용,여,52세,상해없음
2013111800100484,2013년 11월 18일 18시,월요일,대구광역시 서구 평리동,중상사고,0,1,0,0,차대사람 - 기타,안전운전불이행,건조,맑음,교차로 - 교차로부근,화물,기타불명,기타불명,기타불명,보행자,남,11세,중상
2013111800100519,2013년 11월 18일 19시,월요일,대구광역시 동구 동호동,경상사고,0,0,1,0,차대차 - 측면직각충돌,안전운전불이행,건조,맑음,교차로 - 교차로부근,승용,남,42세,기타불명,자전거,여,34세,경상
2013111800100551,2013년 11월 18일 20시,월요일,대구광역시 남구 대명동,경상사고,0,0,1,0,차대사람 - 기타,안전운전불이행,건조,맑음,교차로 - 교차로안,승용,남,45세,상해없음,보행자,남,60세,경상
2013111800100552,2013년 11월 18일 20시,월요일,대구광역시 동구 효목동,경상사고,0,0,1,0,차량단독 - 기타,안전운전불이행,건조,맑음,단일로 - 기타,승용,여,49세,상해없음,,,,
2013111800100553,2013년 11월 18일 20시,월요일,대구광역시 북구 침산동,경상사고,0,0,1,0,차대사람 - 기타,안전운전불이행,건조,맑음,단일로 - 기타,원동기,남,25세,상해없음,보행자,여,65세,경상
2013111800100575,2013년 11월 18일 21시,월요일,대구광역시 동구 신기동,중상사고,0,1,0,0,차대사람 - 기타,안전운전불이행,건조,맑음,단일로 - 기타,승합,남,43세,상해없음,보행자,남,68세,중상
2013111800100604,2013년 11월 18일 22시,월요일,대구광역시 남구 대명동,중상사고,0,2,0,0,차대차 - 추돌 - 주정차중,안전운전불이행,건조,맑음,단일로 - 기타,승용,남,48세,상해없음,승용,남,62세,중상
2013111800100605,2013년 11월 18일 22시,월요일,대구광역시 달서구 용산동,경상사고,0,0,2,0,차대차 - 정면충돌,신호위반,건조,맑음,교차로 - 교차로안,승용,여,33세,상해없음,이륜,남,16세,경상
2013111900100012,2013년 11월 19일 00시,화요일,대구광역시 동구 검사동,중상사고,0,1,0,0,차량단독 - 기타,안전운전불이행,건조,맑음,단일로 - 기타,이륜,남,22세,상해없음,,,,
2013111900100013,2013년 11월 19일 00시,화요일,대구광역시 수성구 범어동,중상사고,0,1,0,0,차량단독 - 공작물충돌,안전운전불이행,건조,맑음,교차로 - 교차로부근,승용,남,28세,상해없음,,,,
2013111900100014,2013년 11월 19일 00시,화요일,대구광역시 수성구 수성동2가,중상사고,0,3,0,0,차대차 - 측면직각충돌,안전거리미확보,건조,맑음,단일로 - 기타,승용,남,26세,상해없음,승용,남,25세,중상
2013111900100015,2013년 11월 19일 00시,화요일,대구광역시 북구 칠성동1가,부상신고사고,0,0,0,1,차대차 - 측면직각충돌,직진우회전진행방해,건조,맑음,교차로 - 교차로안,원동기,남,22세,부상신고,승용,남,53세,상해없음
2013111900100055,2013년 11월 19일 04시,화요일,대구광역시 중구 달성동,중상사고,0,1,2,0,차대차 - 정면충돌,중앙선침범,건조,맑음,미분류 - 미분류,승용,남,44세,상해없음,승용,남,45세,중상
2013111900100065,2013년 11월 19일 05시,화요일,대구광역시 북구 국우동,중상사고,0,1,0,0,차대차 - 추돌 - 진행중,안전운전불이행,건조,맑음,단일로 - 기타,승용,남,21세,상해없음,건설기계,남,30세,상해없음
2013111900100131,2013년 11월 19일 08시,화요일,대구광역시 수성구 신매동,경상사고,0,0,1,0,차대차 - 기타,안전운전불이행,건조,맑음,단일로 - 기타,승용,여,49세,상해없음,승용,여,53세,경상
2013111900100132,2013년 11월 19일 08시,화요일,대구광역시 북구 산격동,중상사고,0,1,0,0,차대차 - 측면직각충돌,교차로운행방법위반,건조,맑음,교차로 - 교차로안,승용,남,34세,상해없음,이륜,남,68세,중상
2013111900100164,2013년 11월 19일 09시,화요일,대구광역시 수성구 범물동,경상사고,0,0,1,0,차대차 - 기타,안전운전불이행,건조,맑음,단일로 - 기타,승용,남,68세,상해없음,승용,여,56세,경상
2013111900100165,2013년 11월 19일 09시,화요일,대구광역시 달서구 이곡동,중상사고,0,1,0,0,차대차 - 측면직각충돌,신호위반,건조,맑음,단일로 - 기타,승용,남,45세,상해없음,이륜,남,55세,중상
2013111900100192,2013년 11월 19일 10시,화요일,대구광역시 수성구 수성동4가,경상사고,0,0,1,0,차대차 - 기타,중앙선침범,건조,맑음,단일로 - 기타,화물,남,71세,상해없음,이륜,남,54세,경상
2013111900100244,2013년 11월 19일 12시,화요일,대구광역시 달서구 진천동,중상사고,0,1,0,0,차대차 - 추돌 - 진행중,안전거리미확보,건조,맑음,단일로 - 기타,승용,남,57세,상해없음,화물,남,67세,중상
2013111900100261,2013년 11월 19일 13시,화요일,대구광역시 남구 대명동,경상사고,0,0,1,0,차대사람 - 기타,안전운전불이행,건조,맑음,교차로 - 교차로부근,승용,여,31세,상해없음,보행자,남,42세,경상
2013111900100262,2013년 11월 19일 13시,화요일,대구광역시 동구 봉무동,중상사고,0,1,0,0,차대사람 - 기타,안전운전불이행,건조,맑음,기타 - 기타,승용,여,44세,상해없음,보행자,여,48세,중상
2013111900100263,2013년 11월 19일 13시,화요일,대구광역시 수성구 지산동,경상사고,0,0,1,0,차대차 - 기타,안전운전불이행,건조,맑음,단일로 - 기타,승용,여,44세,기타불명,이륜,남,40세,경상
2013111900100302,2013년 11월 19일 14시,화요일,대구광역시 달성군 유가면,부상신고사고,0,0,0,1,차대차 - 측면직각충돌,기타,건조,맑음,교차로 - 교차로안,화물,남,36세,부상신고,건설기계,남,44세,상해없음
2013111900100303,2013년 11월 19일 14시,화요일,대구광역시 북구 고성동2가,중상사고,0,1,0,0,차대사람 - 차도통행중,안전운전불이행,건조,맑음,단일로 - 기타,승용,남,40세,상해없음,보행자,남,31세,중상
2013111900100361,2013년 11월 19일 16시,화요일,대구광역시 서구 내당동,중상사고,0,1,0,0,차대차 - 기타,안전운전불이행,건조,맑음,단일로 - 기타,승합,남,44세,상해없음,자전거,남,15세,중상
2013111900100407,2013년 11월 19일 17시,화요일,대구광역시 동구 용계동,중상사고,0,1,0,0,차량단독 - 기타,안전운전불이행,건조,맑음,단일로 - 기타,승합,남,58세,상해없음,,,,
2013111900100456,2013년 11월 19일 18시,화요일,대구광역시 수성구 만촌동,경상사고,0,0,1,0,차대차 - 기타,안전운전불이행,건조,맑음,교차로 - 교차로부근,이륜,남,36세,경상,승용,여,45세,상해없음
2013111900100457,2013년 11월 19일 18시,화요일,대구광역시 달서구 상인동,경상사고,0,0,1,0,차대사람 - 횡단중,안전운전불이행,건조,맑음,단일로 - 횡단보도상,화물,남,69세,상해없음,보행자,여,14세,경상
2013111900100458,2013년 11월 19일 18시,화요일,대구광역시 달서구 호산동,중상사고,0,1,0,0,차대사람 - 기타,안전운전불이행,건조,맑음,단일로 - 기타,승합,남,49세,상해없음,보행자,여,66세,중상
2013111900100518,2013년 11월 19일 20시,화요일,대구광역시 남구 대명동,중상사고,0,1,0,0,차대사람 - 기타,안전운전불이행,건조,맑음,교차로 - 교차로부근,승용,여,27세,상해없음,보행자,남,43세,중상
2013111900100519,2013년 11월 19일 20시,화요일,대구광역시 남구 대명동,경상사고,0,0,1,0,차대사람 - 기타,기타,건조,맑음,교차로 - 교차로부근,승용,남,36세,상해없음,보행자,남,51세,경상
2013111900100547,2013년 11월 19일 21시,화요일,대구광역시 서구 내당동,경상사고,0,0,1,0,차대사람 - 기타,안전운전불이행,건조,맑음,단일로 - 횡단보도부근,승용,여,50세,상해없음,보행자,남,56세,경상
2013111900100577,2013년 11월 19일 22시,화요일,대구광역시 수성구 노변동,부상신고사고,0,0,0,1,차대차 - 기타,기타,건조,맑음,단일로 - 기타,이륜,남,18세,부상신고,승용,여,44세,상해없음
2013111900100606,2013년 11월 19일 23시,화요일,대구광역시 수성구 만촌동,경상사고,0,0,1,0,차대차 - 기타,안전거리미확보,건조,맑음,단일로 - 기타,승용,남,27세,상해없음,승용,남,36세,경상
2013111900100607,2013년 11월 19일 23시,화요일,대구광역시 달서구 상인동,경상사고,0,0,1,0,차량단독 - 공작물충돌,안전운전불이행,건조,맑음,단일로 - 기타,승용,남,65세,경상,,,,
2013111900100608,2013년 11월 19일 23시,화요일,대구광역시 달성군 화원읍,경상사고,0,0,1,0,차대사람 - 기타,안전운전불이행,건조,맑음,단일로 - 기타,승용,남,50세,상해없음,보행자,남,43세,경상
2013112000100033,2013년 11월 20일 01시,수요일,대구광역시 남구 봉덕동,경상사고,0,0,1,0,차대사람 - 횡단중,안전운전불이행,건조,맑음,교차로 - 교차로부근,승용,남,32세,상해없음,보행자,여,45세,경상
2013112000100034,2013년 11월 20일 01시,수요일,대구광역시 수성구 황금동,중상사고,0,1,0,0,차대사람 - 기타,안전운전불이행,건조,맑음,단일로 - 횡단보도부근,승용,남,33세,상해없음,보행자,남,29세,중상
2013112000100035,2013년 11월 20일 01시,수요일,대구광역시 북구 태전동,중상사고,0,1,0,0,차대차 - 추돌 - 주정차중,안전운전불이행,건조,맑음,단일로 - 기타,승용,여,37세,상해없음,승용,남,41세,중상
2013112000100052,2013년 11월 20일 04시,수요일,대구광역시 중구 달성동,중상사고,0,1,0,0,차대차 - 추돌 - 진행중,안전운전불이행,건조,맑음,단일로 - 기타,화물,남,23세,상해없음,승용,남,51세,중상
2013112000100072,2013년 11월 20일 06시,수요일,대구광역시 북구 칠성동2가,사망사고,1,0,0,0,차대사람 - 횡단중,안전운전불이행,건조,맑음,단일로 - 기타,화물,남,38세,상해없음,보행자,여,81세,사망
2013112000100131,2013년 11월 20일 08시,수요일,대구광역시 북구 침산동,경상사고,0,0,1,0,차대차 - 측면직각충돌,직진우회전진행방해,건조,맑음,교차로 - 교차로안,승용,남,46세,상해없음,자전거,남,24세,경상