사고번호,사고일시,요일,시군구,사고내용,사망자수,중상자수,경상자수,부상신고자수,사고유형,법규위반,노면상태,기상상태,도로형태,가해운전자 차종,가해운전자 성별,가해운전자 연령,가해운전자 상해정도,피해운전자 차종,피해운전자 성별,피해운전자 연령,피해운전자 상해정도
2013112000100160,2013년 11월 20일 09시,수요일,대구광역시 서구 평리동,경상사고,0,0,1,0,차대사람 - 기타,안전운전불이행,건조,맑음,단일로 - 기타,승용,남,49세,상해없음,보행자,여,63세,경상
2013112000100161,2013년 11월 20일 09시,수요일,대구광역시 달서구 두류동,경상사고,0,0,1,0,차대차 - 추돌 - 주정차중,안전운전불이행,건조,맑음,교차로 - 교차로부근,승합,남,68세,상해없음,승합,남,52세,경상
2013112000100180,2013년 11월 20일 10시,수요일,대구광역시 달서구 진천동,부상신고사고,0,0,0,1,차대차 - 기타,안전운전불이행,건조,맑음,단일로 - 기타,승용,남,44세,부상신고,승용,여,43세,상해없음
2013112000100181,2013년 11월 20일 10시,수요일,대구광역시 달성군 논공읍,경상사고,0,0,1,0,차대차 - 측면직각충돌,안전운전불이행,건조,맑음,교차로 - 교차로부근,승용,남,58세,경상,화물,남,44세,상해없음
2013112000100182,2013년 11월 20일 10시,수요일,대구광역시 달서구 감삼동,중상사고,0,1,0,0,차대차 - 측면직각충돌,안전운전불이행,건조,맑음,단일로 - 횡단보도상,승용,남,47세,상해없음,자전거,남,63세,중상
2013112000100204,2013년 11월 20일 11시,수요일,대구광역시 동구 율하동,중상사고,0,1,0,0,차대차 - 기타,교차로운행방법위반,건조,맑음,교차로 - 교차로안,승용,남,66세,상해없음,승용,남,63세,상해없음
2013112000100205,2013년 11월 20일 11시,수요일,대구광역시 수성구 범물동,중상사고,0,1,0,0,차대차 - 측면직각충돌,안전운전불이행,건조,맑음,단일로 - 기타,승용,남,30세,상해없음,이륜,남,50세,중상
2013112000100206,2013년 11월 20일 11시,수요일,대구광역시 중구 동인동3가,중상사고,0,1,0,0,차대사람 - 횡단중,안전운전불이행,건조,맑음,단일로 - 기타,승용,여,32세,상해없음,보행자,여,73세,중상
2013112000100230,2013년 11월 20일 12시,수요일,대구광역시 남구 대명동,경상사고,0,0,1,0,차대사람 - 차도통행중,안전운전불이행,건조,맑음,단일로 - 기타,승용,남,49세,상해없음,보행자,남,62세,경상
2013112000100287,2013년 11월 20일 14시,수요일,대구광역시 남구 봉덕동,경상사고,0,0,3,0,차대차 - 기타,교차로운행방법위반,건조,맑음,교차로 - 교차로안,승용,여,54세,경상,승용,여,58세,경상
2013112000100288,2013년 11월 20일 14시,수요일,대구광역시 중구 남산동,경상사고,0,0,2,1,차대차 - 기타,안전거리미확보,건조,맑음,단일로 - 기타,승용,여,52세,부상신고,승용,남,42세,경상
2013112000100319,2013년 11월 20일 15시,수요일,대구광역시 수성구 만촌동,경상사고,0,0,1,0,차대차 - 기타,안전운전불이행,건조,맑음,단일로 - 기타,승용,여,65세,상해없음,원동기,남,43세,경상
2013112000100320,2013년 11월 20일 15시,수요일,대구광역시 중구 삼덕동2가,경상사고,0,0,1,0,차대사람 - 기타,중앙선침범,건조,맑음,단일로 - 기타,자전거,남,65세,상해없음,보행자,남,72세,경상
2013112000100321,2013년 11월 20일 15시,수요일,대구광역시 중구 사일동,부상신고사고,0,0,0,1,차대사람 - 기타,안전운전불이행,건조,맑음,단일로 - 기타,이륜,남,49세,상해없음,보행자,여,72세,부상신고
2013112000100353,2013년 11월 20일 16시,수요일,대구광역시 중구 동산동,경상사고,0,0,1,0,차대차 - 측면직각충돌,안전운전불이행,건조,기타,단일로 - 기타,승용,여,39세,기타불명,자전거,여,33세,경상
2013112000100395,2013년 11월 20일 17시,수요일,대구광역시 달서구 송현동,중상사고,0,1,0,0,차대차 - 측면직각충돌,안전운전불이행,건조,맑음,교차로 - 교차로안,승용,남,21세,상해없음,자전거,남,54세,중상
2013112000100396,2013년 11월 20일 17시,수요일,대구광역시 달성군 논공읍,경상사고,0,0,3,0,차대차 - 기타,안전거리미확보,건조,맑음,단일로 - 기타,화물,남,65세,경상,승용,남,56세,경상
2013112000100397,2013년 11월 20일 17시,수요일,대구광역시 달성군 화원읍,경상사고,0,0,1,0,차대차 - 기타,안전운전불이행,건조,맑음,단일로 - 기타,승용,남,56세,상해없음,승용,여,42세,경상
2013112000100398,2013년 11월 20일 17시,수요일,대구광역시 중구 남산동,중상사고,0,1,0,0,차대사람 - 횡단중,보행자보호의무위반,건조,맑음,단일로 - 횡단보도상,승용,남,27세,상해없음,보행자,여,51세,중상
2013112000100450,2013년 11월 20일 18시,수요일,대구광역시 수성구 삼덕동,사망사고,1,1,0,0,차량단독 - 공작물충돌,안전운전불이행,건조,맑음,교차로 - 교차로안,이륜,남,17세,중상,,,,
2013112000100451,2013년 11월 20일 18시,수요일,대구광역시 북구 대현동,경상사고,0,0,1,0,차대사람 - 기타,안전운전불이행,건조,맑음,단일로 - 기타,승합,남,46세,상해없음,보행자,남,44세,경상
2013112000100452,2013년 11월 20일 18시,수요일,대구광역시 서구 비산동,중상사고,0,1,3,0,차대차 - 추돌 - 진행중,안전운전불이행,건조,맑음,단일로 - 기타,승용,남,44세,중상,승용,여,46세,경상
2013112000100453,2013년 11월 20일 18시,수요일,대구광역시 중구 대봉동,경상사고,0,0,1,0,차대차 - 추돌 - 주정차중,안전운전불이행,건조,맑음,교차로 - 교차로안,승용,남,60세,상해없음,승용,남,47세,경상
2013112000100516,2013년 11월 20일 19시,수요일,대구광역시 동구 신암동,경상사고,0,0,1,0,차대차 - 기타,기타,건조,맑음,단일로 - 기타,승용,남,52세,상해없음,자전거,남,15세,경상
2013112000100517,2013년 11월 20일 19시,수요일,대구광역시 북구 태전동,경상사고,0,0,1,0,차대차 - 기타,안전운전불이행,건조,맑음,단일로 - 기타,승용,남,43세,상해없음,자전거,남,23세,경상
2013112000100572,2013년 11월 20일 21시,수요일,대구광역시 서구 평리동,중상사고,0,1,2,0,차대차 - 정면충돌,신호위반,건조,맑음,교차로 - 교차로안,화물,남,67세,상해없음,승용,남,46세,중상
2013112000100573,2013년 11월 20일 21시,수요일,대구광역시 달서구 신당동,중상사고,0,1,0,0,차대차 - 측면직각충돌,교차로운행방법위반,건조,맑음,교차로 - 교차로안,승용,남,50세,상해없음,승용,남,50세,중상
2013112000100574,2013년 11월 20일 21시,수요일,대구광역시 달서구 이곡동,경상사고,0,0,1,0,차대차 - 기타,안전운전불이행,건조,맑음,단일로 - 기타,승용,남,54세,기타불명,승용,여,33세,경상
2013112000100603,2013년 11월 20일 22시,수요일,대구광역시 수성구 지산동,중상사고,0,1,0,0,차대차 - 추돌 - 주정차중,안전운전불이행,건조,맑음,단일로 - 기타,승용,여,47세,상해없음,승용,여,53세,중상
2013112000100628,2013년 11월 20일 23시,수요일,대구광역시 동구 율하동,중상사고,0,1,0,0,차대차 - 기타,안전거리미확보,건조,맑음,교차로 - 교차로부근,승합,남,53세,상해없음,승용,남,24세,중상
2013112000100629,2013년 11월 20일 23시,수요일,대구광역시 북구 동천동,부상신고사고,0,0,0,1,차대차 - 측면직각충돌,안전거리미확보,건조,맑음,단일로 - 기타,승용,남,54세,상해없음,원동기,남,17세,부상신고
2013112100100031,2013년 11월 21일 01시,목요일,대구광역시 달성군 논공읍,중상사고,0,1,0,0,차대차 - 기타,안전운전불이행,건조,맑음,교차로 - 교차로부근,화물,남,58세,상해없음,승용,남,51세,중상
2013112100100042,2013년 11월 21일 02시,목요일,대구광역시 수성구 만촌동,중상사고,0,1,0,0,차대사람 - 횡단중,안전운전불이행,건조,맑음,단일로 - 기타,승용,여,54세,상해없음,보행자,남,56세,중상
2013112100100043,2013년 11월 21일 02시,목요일,대구광역시 달서구 본리동,중상사고,0,1,1,0,차대차 - 측면직각충돌,안전운전불이행,건조,맑음,단일로 - 기타,승용,남,37세,경상,이륜,남,24세,중상
2013112100100143,2013년 11월 21일 08시,목요일,대구광역시 수성구 매호동,중상사고,0,1,0,0,차대차 - 측면직각충돌,신호위반,건조,맑음,교차로 - 교차로안,승용,남,59세,상해없음,이륜,남,19세,중상
2013112100100144,2013년 11월 21일 08시,목요일,대구광역시 달서구 송현동,경상사고,0,0,1,0,차대차 - 측면직각충돌,안전운전불이행,건조,맑음,단일로 - 기타,승용,여,40세,상해없음,승용,여,42세,경상
2013112100100145,2013년 11월 21일 08시,목요일,대구광역시 달성군 유가면,경상사고,0,0,2,0,차대차 - 측면직각충돌,교차로운행방법위반,건조,맑음,교차로 - 교차로안,화물,남,59세,상해없음,화물,남,55세,경상
2013112100100146,2013년 11월 21일 08시,목요일,대구광역시 북구 검단동,경상사고,0,0,1,0,차대사람 - 횡단중,안전운전불이행,건조,맑음,단일로 - 기타,승용,남,65세,상해없음,보행자,여,29세,경상
2013112100100147,2013년 11월 21일 08시,목요일,대구광역시 중구 계산동2가,중상사고,0,1,0,0,차대차 - 측면직각충돌,안전운전불이행,건조,기타,기타 - 기타,승용,여,43세,상해없음,원동기,남,61세,중상
2013112100100169,2013년 11월 21일 09시,목요일,대구광역시 달서구 용산동,경상사고,0,0,1,0,차대차 - 측면직각충돌,신호위반,건조,맑음,단일로 - 횡단보도상,승용,여,36세,상해없음,이륜,남,24세,경상
2013112100100197,2013년 11월 21일 10시,목요일,대구광역시 달서구 월성동,경상사고,0,0,2,0,차대차 - 추돌 - 진행중,안전거리미확보,건조,맑음,단일로 - 기타,화물,남,48세,상해없음,승용,남,60세,경상
2013112100100226,2013년 11월 21일 11시,목요일,대구광역시 남구 대명동,경상사고,0,0,1,0,차대차 - 기타,불법유턴,건조,맑음,교차로 - 교차로부근,화물,남,52세,상해없음,승용,남,66세,경상
2013112100100227,2013년 11월 21일 11시,목요일,대구광역시 남구 대명동,중상사고,0,1,0,0,차대사람 - 차도통행중,안전운전불이행,건조,맑음,교차로 - 교차로안,승합,남,45세,상해없음,보행자,여,69세,중상
2013112100100228,2013년 11월 21일 11시,목요일,대구광역시 북구 팔달동,중상사고,0,1,0,0,차대사람 - 횡단중,안전운전불이행,건조,맑음,단일로 - 기타,승용,남,46세,상해없음,보행자,여,76세,중상
2013112100100251,2013년 11월 21일 12시,목요일,대구광역시 동구 효목동,중상사고,0,1,0,0,차대차 - 기타,안전운전불이행,건조,맑음,단일로 - 횡단보도상,승용,남,72세,상해없음,자전거,남,61세,중상
2013112100100252,2013년 11월 21일 12시,목요일,대구광역시 달성군 다사읍,경상사고,0,0,1,0,차대차 - 기타,안전운전불이행,건조,맑음,단일로 - 횡단보도부근,이륜,남,33세,경상,승용,여,55세,상해없음
2013112100100273,2013년 11월 21일 13시,목요일,대구광역시 동구 방촌동,경상사고,0,0,1,0,차대차 - 측면직각충돌,직진우회전진행방해,건조,맑음,교차로 - 교차로안,승용,여,38세,상해없음,승용,여,53세,경상
2013112100100274,2013년 11월 21일 13시,목요일,대구광역시 달서구 상인동,경상사고,0,0,1,0,차대차 - 측면직각충돌,신호위반,건조,맑음,교차로 - 교차로부근,원동기,남,39세,경상,승용,여,36세,상해없음
2013112100100275,2013년 11월 21일 13시,목요일,대구광역시 달서구 월성동,경상사고,0,0,1,0,차대사람 - 횡단중,안전운전불이행,건조,맑음,단일로 - 기타,승용,남,53세,상해없음,보행자,남,69세,경상
2013112100100307,2013년 11월 21일 14시,목요일,대구광역시 동구 율하동,경상사고,0,0,1,0,차대사람 - 기타,안전운전불이행,건조,맑음,기타 - 기타,화물,남,57세,상해없음,보행자,남,65세,경상
2013112100100308,2013년 11월 21일 14시,목요일,대구광역시 달서구 월성동,경상사고,0,0,1,0,차대차 - 측면직각충돌,중앙선침범,건조,맑음,기타 - 기타,원동기,남,51세,경상,승용,여,50세,상해없음
2013112100100309,2013년 11월 21일 14시,목요일,대구광역시 달성군 가창면,경상사고,0,0,1,0,차대사람 - 차도통행중,안전운전불이행,건조,맑음,단일로 - 기타,화물,남,74세,상해없음,보행자,여,7세,경상
2013112100100310,2013년 11월 21일 14시,목요일,대구광역시 달성군 논공읍,중상사고,0,1,1,0,차대차 - 추돌 - 주정차중,안전거리미확보,건조,맑음,교차로 - 교차로안,승용,남,80세,상해없음,승용,여,53세,경상
2013112100100311,2013년 11월 21일 14시,목요일,대구광역시 서구 평리동,경상사고,0,0,1,1,차대차 - 측면직각충돌,교차로운행방법위반,건조,맑음,교차로 - 교차로안,승용,남,51세,상해없음,승용,여,50세,경상
2013112100100312,2013년 11월 21일 14시,목요일,대구광역시 중구 삼덕동2가,중상사고,0,1,0,0,차대사람 - 기타,안전운전불이행,건조,기타,기타 - 기타,승용,남,62세,상해없음,보행자,여,73세,중상
2013112100100313,2013년 11월 21일 14시,목요일,대구광역시 달서구 성당동,경상사고,0,0,1,0,차대차 - 추돌 - 주정차중,안전운전불이행,건조,맑음,단일로 - 기타,승용,남,46세,상해없음,자전거,남,59세,경상
2013112100100344,2013년 11월 21일 15시,목요일,대구광역시 동구 불로동,중상사고,0,1,0,0,차대차 - 추돌 - 진행중,안전운전불이행,건조,맑음,단일로 - 기타,화물,남,55세,상해없음,건설기계,남,28세,중상
2013112100100348,2013년 11월 21일 15시,목요일,대구광역시 동구 신암동,경상사고,0,0,2,0,차대차 - 기타,안전거리미확보,건조,맑음,단일로 - 기타,승용,남,55세,상해없음,이륜,남,33세,경상
2013112100100349,2013년 11월 21일 15시,목요일,대구광역시 북구 침산동,중상사고,0,1,0,0,차대차 - 기타,교차로운행방법위반,건조,맑음,교차로 - 교차로안,승용,여,43세,상해없음,원동기,남,74세,중상
2013112100100382,2013년 11월 21일 16시,목요일,대구광역시 남구 대명동,경상사고,0,0,1,0,차대사람 - 기타,안전운전불이행,건조,맑음,단일로 - 기타,승용,남,47세,상해없음,보행자,남,57세,경상
2013112100100383,2013년 11월 21일 16시,목요일,대구광역시 북구 노원동3가,중상사고,0,1,0,0,차대차 - 측면직각충돌,안전운전불이행,건조,맑음,단일로 - 기타,승용,남,56세,상해없음,자전거,남,39세,중상
2013112100100384,2013년 11월 21일 16시,목요일,대구광역시 달서구 이곡동,경상사고,0,0,1,0,차대사람 - 횡단중,안전운전불이행,건조,맑음,단일로 - 기타,기타불명,기타불명,기타불명,기타불명,보행자,여,12세,경상
2013112100100385,2013년 11월 21일 16시,목요일,대구광역시 북구 국우동,중상사고,0,1,0,0,차대차 - 기타,교차로운행방법위반,건조,맑음,교차로 - 교차로안,화물,남,69세,상해없음,화물,남,50세,중상
2013112100100386,2013년 11월 21일 16시,목요일,대구광역시 북구 태전동,중상사고,0,1,0,0,차대차 - 측면직각충돌,안전운전불이행,건조,맑음,기타 - 기타,자전거,여,56세,상해없음,이륜,남,20세,중상
2013112100100427,2013년 11월 21일 17시,목요일,대구광역시 동구 신서동,경상사고,0,0,1,0,차대사람 - 기타,안전운전불이행,건조,맑음,단일로 - 기타,승용,남,47세,상해없음,보행자,남,5세,경상
2013112100100428,2013년 11월 21일 17시,목요일,대구광역시 중구 삼덕동3가,경상사고,0,0,1,0,차대차 - 기타,안전운전불이행,건조,맑음,기타 - 기타,승합,남,34세,상해없음,승합,남,33세,경상
2013112100100479,2013년 11월 21일 18시,목요일,대구광역시 서구 평리동,경상사고,0,0,1,0,차대사람 - 기타,안전운전불이행,건조,맑음,단일로 - 기타,이륜,남,69세,상해없음,보행자,남,72세,경상
2013112100100480,2013년 11월 21일 18시,목요일,대구광역시 달서구 죽전동,중상사고,0,1,0,0,차대차 - 기타,불법유턴,건조,맑음,단일로 - 기타,화물,남,63세,상해없음,이륜,남,34세,중상
2013112100100481,2013년 11월 21일 18시,목요일,대구광역시 달서구 성당동,중상사고,0,1,0,0,차대사람 - 기타,안전운전불이행,건조,흐림,단일로 - 기타,화물,남,63세,상해없음,보행자,남,67세,중상
2013112100100517,2013년 11월 21일 19시,목요일,대구광역시 중구 동산동,경상사고,0,0,1,0,차대차 - 기타,안전운전불이행,건조,맑음,단일로 - 기타,승용,남,63세,상해없음,자전거,남,66세,경상
2013112100100518,2013년 11월 21일 19시,목요일,대구광역시 달서구 성당동,경상사고,0,0,1,0,차대차 - 측면직각충돌,안전거리미확보,건조,맑음,단일로 - 기타,승용,남,27세,상해없음,원동기,남,45세,경상
2013112100100556,2013년 11월 21일 20시,목요일,대구광역시 달성군 다사읍,경상사고,0,0,1,0,차대차 - 측면직각충돌,안전거리미확보,건조,맑음,교차로 - 교차로부근,승용,여,44세,상해없음,원동기,남,18세,경상
2013112100100592,2013년 11월 21일 21시,목요일,대구광역시 남구 대명동,경상사고,0,0,5,1,차대차 - 추돌 - 주정차중,안전운전불이행,건조,맑음,단일로 - 기타,승용,남,48세,부상신고,승용,남,56세,경상
2013112100100593,2013년 11월 21일 21시,목요일,대구광역시 달서구 송현동,중상사고,0,1,0,0,차대차 - 측면직각충돌,신호위반,건조,맑음,교차로 - 교차로안,승용,남,66세,상해없음,승합,남,60세,중상
2013112100100594,2013년 11월 21일 21시,목요일,대구광역시 달성군 논공읍,경상사고,0,0,1,0,차량단독 - 전도전복,안전운전불이행,건조,맑음,단일로 - 기타,이륜,남,53세,경상,,,,
2013112100100631,2013년 11월 21일 22시,목요일,대구광역시 수성구 상동,중상사고,0,1,0,0,차대사람 - 기타,안전운전불이행,건조,맑음,단일로 - 기타,원동기,남,20세,상해없음,보행자,여,65세,중상
2013112100100632,2013년 11월 21일 22시,목요일,대구광역시 달서구 상인동,경상사고,0,0,1,0,차대차 - 기타,차로위반,건조,맑음,단일로 - 기타,승용,남,54세,상해없음,이륜,남,19세,경상
2013112100100633,2013년 11월 21일 22시,목요일,대구광역시 중구 교동,중상사고,0,2,4,0,차대차 - 측면직각충돌,신호위반,건조,맑음,교차로 - 교차로안,승용,남,67세,중상,승용,남,58세,경상
2013112100100663,2013년 11월 21일 23시,목요일,대구광역시 북구 태전동,경상사고,0,0,3,0,차대차 - 추돌 - 진행중,직진우회전진행방해,건조,맑음,교차로 - 교차로안,승용,남,38세,상해없음,승용,남,28세,경상
2013112200100024,2013년 11월 22일 00시,금요일,대구광역시 달서구 신당동,부상신고사고,0,0,0,1,차대차 - 측면직각충돌,신호위반,건조,맑음,교차로 - 교차로부근,이륜,남,26세,부상신고,승용,여,48세,상해없음
2013112200100040,2013년 11월 22일 01시,금요일,대구광역시 동구 서호동,경상사고,0,0,2,0,차대차 - 기타,중앙선침범,건조,맑음,교차로 - 교차로안,화물,남,33세,상해없음,승합,남,49세,경상
2013112200100052,2013년 11월 22일 02시,금요일,대구광역시 북구 검단동,경상사고,0,0,1,0,차대차 - 추돌 - 주정차중,안전운전불이행,건조,맑음,단일로 - 기타,승용,여,40세,상해없음,승용,남,28세,경상
2013112200100123,2013년 11월 22일 07시,금요일,대구광역시 달서구 도원동,경상사고,0,0,1,0,차대사람 - 기타,안전운전불이행,건조,맑음,기타 - 기타,승용,여,55세,상해없음,보행자,여,48세,경상
2013112200100124,2013년 11월 22일 07시,금요일,대구광역시 달서구 송현동,경상사고,0,0,1,0,차대사람 - 보도통행중,보행자보호의무위반,건조,맑음,교차로 - 교차로부근,승용,남,52세,상해없음,보행자,여,16세,경상
2013112200100165,2013년 11월 22일 08시,금요일,대구광역시 수성구 지산동,중상사고,0,1,0,0,차대차 - 기타,안전운전불이행,건조,맑음,교차로 - 교차로안,승용,남,55세,상해없음,자전거,남,14세,중상
2013112200100166,2013년 11월 22일 08시,금요일,대구광역시 북구 노원동1가,부상신고사고,0,0,0,1,차대차 - 추돌 - 주정차중,안전운전불이행,건조,맑음,기타 - 기타,자전거,남,40세,부상신고,화물,남,47세,상해없음
2013112200100189,2013년 11월 22일 09시,금요일,대구광역시 수성구 매호동,중상사고,0,1,0,0,차대차 - 측면직각충돌,안전거리미확보,건조,맑음,단일로 - 기타,승용,여,46세,상해없음,이륜,남,67세,중상
2013112200100211,2013년 11월 22일 10시,금요일,대구광역시 남구 대명동,중상사고,0,1,0,0,차대차 - 기타,안전운전불이행,건조,맑음,단일로 - 기타,자전거,남,45세,중상,승합,남,65세,상해없음
2013112200100212,2013년 11월 22일 10시,금요일,대구광역시 북구 관음동,경상사고,0,0,2,0,차대차 - 측면직각충돌,안전운전불이행,건조,맑음,교차로 - 교차로안,화물,남,22세,기타불명,승용,남,40세,경상
2013112200100246,2013년 11월 22일 11시,금요일,대구광역시 수성구 범어동,경상사고,0,0,1,0,차대차 - 기타,안전운전불이행,건조,맑음,단일로 - 기타,화물,남,53세,상해없음,승용,여,35세,경상
2013112200100247,2013년 11월 22일 11시,금요일,대구광역시 북구 노원동3가,경상사고,0,0,1,0,차대차 - 기타,안전운전불이행,건조,맑음,단일로 - 기타,승용,남,45세,상해없음,원동기,남,58세,경상
2013112200100270,2013년 11월 22일 12시,금요일,대구광역시 수성구 범어동,중상사고,0,1,0,0,차대차 - 기타,안전거리미확보,건조,맑음,단일로 - 기타,승용,여,71세,상해없음,승용,여,51세,중상
2013112200100330,2013년 11월 22일 14시,금요일,대구광역시 동구 신천동,중상사고,0,1,0,0,차대차 - 추돌 - 진행중,안전운전불이행,건조,맑음,단일로 - 기타,승합,남,48세,상해없음,승용,남,41세,중상
2013112200100331,2013년 11월 22일 14시,금요일,대구광역시 동구 신기동,중상사고,0,1,0,0,차대차 - 측면직각충돌,교차로운행방법위반,건조,맑음,교차로 - 교차로안,승용,남,56세,상해없음,자전거,남,77세,중상
2013112200100332,2013년 11월 22일 14시,금요일,대구광역시 달서구 본동,경상사고,0,0,1,0,차대차 - 기타,직진우회전진행방해,건조,맑음,교차로 - 교차로안,승용,여,50세,상해없음,이륜,남,71세,경상
2013112200100365,2013년 11월 22일 15시,금요일,대구광역시 달서구 송현동,중상사고,0,2,0,0,차대차 - 기타,안전운전불이행,건조,맑음,교차로 - 교차로부근,승합,남,70세,상해없음,승용,남,64세,중상
2013112200100366,2013년 11월 22일 15시,금요일,대구광역시 서구 내당동,경상사고,0,0,1,0,차대차 - 측면직각충돌,직진우회전진행방해,건조,맑음,교차로 - 교차로안,이륜,남,22세,상해없음,승용,여,59세,상해없음
2013112200100367,2013년 11월 22일 15시,금요일,대구광역시 중구 대봉동,경상사고,0,0,1,0,차대차 - 기타,교차로운행방법위반,건조,맑음,교차로 - 교차로부근,승용,남,36세,상해없음,이륜,남,43세,경상
2013112200100368,2013년 11월 22일 15시,금요일,대구광역시 달서구 감삼동,경상사고,0,0,2,0,차대차 - 기타,교차로운행방법위반,건조,맑음,교차로 - 교차로안,화물,남,59세,기타불명,화물,남,41세,경상
2013112200100397,2013년 11월 22일 16시,금요일,대구광역시 중구 남산동,중상사고,0,1,0,0,차대차 - 측면직각충돌,신호위반,건조,맑음,교차로 - 교차로안,화물,남,27세,기타불명,이륜,남,16세,중상
2013112200100435,2013년 11월 22일 17시,금요일,대구광역시 수성구 만촌동,중상사고,0,1,0,0,차대차 - 기타,안전운전불이행,건조,맑음,단일로 - 기타,기타불명,기타불명,기타불명,기타불명,자전거,여,21세,중상
2013112200100436,2013년 11월 22일 17시,금요일,대구광역시 달서구 송현동,경상사고,0,0,1,0,차대차 - 기타,중앙선침범,건조,맑음,교차로 - 교차로부근,승합,남,60세,상해없음,자전거,남,60세,경상
2013112200100437,2013년 11월 22일 17시,금요일,대구광역시 중구 대신동,경상사고,0,0,1,0,차대사람 - 기타,기타,건조,맑음,단일로 - 기타,승용,남,45세,상해없음,보행자,여,27세,경상
2013112200100491,2013년 11월 22일 18시,금요일,대구광역시 수성구 수성동1가,중상사고,0,1,0,0,차대차 - 측면직각충돌,신호위반,건조,맑음,단일로 - 기타,승합,남,61세,상해없음,이륜,남,19세,중상
2013112200100492,2013년 11월 22일 18시,금요일,대구광역시 수성구 신매동,중상사고,0,1,0,0,차대사람 - 횡단중,안전운전불이행,건조,맑음,단일로 - 기타,승합,남,65세,상해없음,보행자,남,24세,중상
2013112200100493,2013년 11월 22일 18시,금요일,대구광역시 달서구 대천동,경상사고,0,0,1,0,차대차 - 기타,안전운전불이행,건조,맑음,교차로 - 교차로안,승용,여,52세,상해없음,승용,여,42세,경상
2013112200100494,2013년 11월 22일 18시,금요일,대구광역시 달서구 호산동,경상사고,0,0,1,0,차대사람 - 횡단중,신호위반,건조,맑음,단일로 - 횡단보도상,승용,남,27세,상해없음,보행자,여,36세,경상
2013112200100495,2013년 11월 22일 18시,금요일,대구광역시 달서구 용산동,중상사고,0,1,0,0,차대차 - 기타,안전운전불이행,건조,맑음,단일로 - 기타,화물,남,57세,상해없음,승용,남,52세,중상
2013112200100496,2013년 11월 22일 18시,금요일,대구광역시 달서구 갈산동,경상사고,0,0,4,1,차대차 - 기타,안전운전불이행,건조,맑음,단일로 - 기타,승용,남,25세,부상신고,승용,남,31세,경상
2013112200100536,2013년 11월 22일 19시,금요일,대구광역시 수성구 상동,중상사고,0,1,1,0,차대차 - 추돌 - 주정차중,안전운전불이행,건조,맑음,단일로 - 기타,승용,여,48세,상해없음,이륜,남,57세,중상
2013112200100537,2013년 11월 22일 19시,금요일,대구광역시 달서구 호림동,중상사고,0,1,0,0,차대차 - 측면직각충돌,신호위반,건조,흐림,교차로 - 교차로안,승용,남,44세,상해없음,이륜,남,32세,중상
2013112200100538,2013년 11월 22일 19시,금요일,대구광역시 달서구 두류동,사망사고,1,0,0,0,차대차 - 기타,보행자보호의무위반,건조,맑음,단일로 - 횡단보도상,승합,남,55세,상해없음,승용,남,48세,상해없음
2013112200100539,2013년 11월 22일 19시,금요일,대구광역시 북구 팔달동,중상사고,0,1,0,0,차대차 - 추돌 - 진행중,안전운전불이행,건조,맑음,단일로 - 기타,승용,남,40세,상해없음,자전거,남,41세,중상
2013112200100573,2013년 11월 22일 20시,금요일,대구광역시 수성구 만촌동,경상사고,0,0,1,0,차대차 - 추돌 - 주정차중,안전운전불이행,건조,맑음,기타 - 기타,승용,남,48세,상해없음,이륜,남,16세,경상
2013112200100574,2013년 11월 22일 20시,금요일,대구광역시 달서구 본리동,경상사고,0,0,1,0,차대사람 - 횡단중,안전운전불이행,건조,맑음,단일로 - 기타,승용,여,48세,상해없음,보행자,남,2세,경상
2013112200100638,2013년 11월 22일 22시,금요일,대구광역시 서구 평리동,중상사고,0,3,1,0,차대차 - 측면직각충돌,신호위반,건조,맑음,교차로 - 교차로안,승용,여,51세,중상,승용,남,60세,중상
2013112200100639,2013년 11월 22일 22시,금요일,대구광역시 달서구 본리동,경상사고,0,0,1,0,차대차 - 추돌 - 주정차중,안전운전불이행,건조,맑음,단일로 - 횡단보도부근,승용,남,51세,상해없음,승용,남,56세,경상
2013112300100020,2013년 11월 23일 00시,토요일,대구광역시 동구 신암동,부상신고사고,0,0,0,1,차대차 - 추돌 - 주정차중,안전운전불이행,건조,맑음,단일로 - 기타,원동기,남,28세,부상신고,승용,남,50세,상해없음
2013112300100021,2013년 11월 23일 00시,토요일,대구광역시 서구 평리동,경상사고,0,0,1,0,차대사람 - 횡단중,신호위반,건조,맑음,단일로 - 횡단보도상,승용,여,33세,상해없음,보행자,여,17세,경상
2013112300100022,2013년 11월 23일 00시,토요일,대구광역시 서구 내당동,중상사고,0,1,3,0,차대차 - 기타,안전거리미확보,건조,맑음,단일로 - 기타,승용,여,28세,상해없음,승용,남,44세,경상
2013112300100023,2013년 11월 23일 00시,토요일,대구광역시 북구 구암동,중상사고,0,2,0,0,차대차 - 추돌 - 주정차중,중앙선침범,건조,맑음,교차로 - 교차로안,승용,남,36세,상해없음,승용,남,30세,중상