사고번호,사고일시,요일,시군구,사고내용,사망자수,중상자수,경상자수,부상신고자수,사고유형,법규위반,노면상태,기상상태,도로형태,가해운전자 차종,가해운전자 성별,가해운전자 연령,가해운전자 상해정도,피해운전자 차종,피해운전자 성별,피해운전자 연령,피해운전자 상해정도
2013112300100044,2013년 11월 23일 01시,토요일,대구광역시 수성구 신매동,중상사고,0,1,0,0,차대차 - 측면직각충돌,안전운전불이행,건조,맑음,단일로 - 기타,원동기,남,56세,중상,승용,남,54세,상해없음
2013112300100045,2013년 11월 23일 01시,토요일,대구광역시 달서구 본동,경상사고,0,0,1,0,차대사람 - 보도통행중,기타,건조,맑음,단일로 - 기타,승용,남,24세,상해없음,보행자,남,29세,경상
2013112300100046,2013년 11월 23일 01시,토요일,대구광역시 달서구 송현동,중상사고,0,1,4,0,차대차 - 기타,안전운전불이행,건조,맑음,단일로 - 기타,승용,남,25세,상해없음,승용,남,41세,경상
2013112300100066,2013년 11월 23일 02시,토요일,대구광역시 수성구 만촌동,경상사고,0,0,1,0,차대차 - 추돌 - 진행중,안전운전불이행,건조,맑음,단일로 - 기타,승용,남,42세,상해없음,승용,남,60세,상해없음
2013112300100067,2013년 11월 23일 02시,토요일,대구광역시 수성구 만촌동,경상사고,0,0,3,0,차대차 - 추돌 - 진행중,안전운전불이행,건조,맑음,단일로 - 기타,승용,남,30세,상해없음,승용,남,43세,경상
2013112300100068,2013년 11월 23일 02시,토요일,대구광역시 수성구 황금동,경상사고,0,0,2,0,차대차 - 측면직각충돌,안전운전불이행,건조,맑음,단일로 - 기타,승용,남,56세,상해없음,승용,남,23세,경상
2013112300100099,2013년 11월 23일 05시,토요일,대구광역시 남구 대명동,중상사고,0,1,2,0,차대차 - 추돌 - 주정차중,안전운전불이행,건조,맑음,단일로 - 기타,화물,남,30세,상해없음,승용,남,26세,중상
2013112300100127,2013년 11월 23일 06시,토요일,대구광역시 달서구 신당동,경상사고,0,0,2,0,차대차 - 추돌 - 진행중,안전운전불이행,건조,흐림,단일로 - 기타,승용,남,13세,상해없음,이륜,남,17세,경상
2013112300100145,2013년 11월 23일 07시,토요일,대구광역시 달서구 진천동,경상사고,0,0,1,0,차대차 - 기타,신호위반,건조,맑음,교차로 - 교차로안,승용,남,25세,경상,승용,남,43세,상해없음
2013112300100146,2013년 11월 23일 07시,토요일,대구광역시 중구 덕산동,경상사고,0,0,1,0,차대차 - 기타,안전운전불이행,건조,맑음,단일로 - 기타,승용,남,57세,상해없음,승용,여,47세,경상
2013112300100164,2013년 11월 23일 08시,토요일,대구광역시 달성군 논공읍,중상사고,0,1,1,0,차대차 - 측면직각충돌,안전운전불이행,건조,맑음,교차로 - 교차로안,승용,여,66세,경상,농기계,남,74세,중상
2013112300100192,2013년 11월 23일 09시,토요일,대구광역시 달서구 상인동,경상사고,0,0,1,0,차대차 - 추돌 - 주정차중,안전운전불이행,건조,맑음,단일로 - 기타,승용,여,53세,경상,승용,남,45세,기타불명
2013112300100193,2013년 11월 23일 09시,토요일,대구광역시 북구 산격동,경상사고,0,0,1,0,차대차 - 기타,교차로운행방법위반,건조,맑음,교차로 - 교차로안,승용,여,53세,상해없음,원동기,남,31세,경상
2013112300100194,2013년 11월 23일 09시,토요일,대구광역시 달서구 감삼동,경상사고,0,0,1,0,차대차 - 측면직각충돌,안전운전불이행,건조,맑음,교차로 - 교차로안,승용,여,32세,상해없음,자전거,여,48세,경상
2013112300100222,2013년 11월 23일 10시,토요일,대구광역시 남구 대명동,경상사고,0,0,1,0,차대차 - 측면직각충돌,교차로운행방법위반,건조,맑음,교차로 - 교차로안,승용,남,58세,상해없음,승용,남,29세,경상
2013112300100223,2013년 11월 23일 10시,토요일,대구광역시 북구 산격동,경상사고,0,0,1,0,차대차 - 기타,중앙선침범,건조,맑음,단일로 - 기타,승용,남,67세,상해없음,승용,남,34세,경상
2013112300100224,2013년 11월 23일 10시,토요일,대구광역시 달서구 두류동,중상사고,0,2,0,0,차대차 - 기타,교차로운행방법위반,건조,흐림,단일로 - 기타,승용,남,23세,상해없음,이륜,남,15세,중상
2013112300100295,2013년 11월 23일 12시,토요일,대구광역시 남구 대명동,경상사고,0,0,1,0,차대사람 - 길가장자리구역통행중,안전운전불이행,건조,맑음,단일로 - 기타,승용,여,46세,상해없음,보행자,남,42세,경상
2013112300100296,2013년 11월 23일 12시,토요일,대구광역시 동구 신암동,경상사고,0,0,1,0,차대사람 - 기타,안전운전불이행,건조,맑음,단일로 - 기타,승용,남,53세,상해없음,보행자,남,16세,경상
2013112300100297,2013년 11월 23일 12시,토요일,대구광역시 동구 신천동,경상사고,0,0,2,0,차대차 - 기타,안전운전불이행,건조,맑음,단일로 - 기타,승용,남,52세,상해없음,승용,남,38세,경상
2013112300100298,2013년 11월 23일 12시,토요일,대구광역시 서구 이현동,경상사고,0,0,1,0,차대차 - 측면직각충돌,안전운전불이행,건조,맑음,교차로 - 교차로부근,화물,남,62세,상해없음,승용,여,39세,경상
2013112300100299,2013년 11월 23일 12시,토요일,대구광역시 달서구 감삼동,중상사고,0,1,3,0,차대차 - 추돌 - 진행중,안전운전불이행,건조,맑음,교차로 - 교차로부근,화물,남,24세,상해없음,승용,남,33세,기타불명
2013112300100327,2013년 11월 23일 13시,토요일,대구광역시 달서구 상인동,중상사고,0,2,0,0,차대차 - 측면직각충돌,불법유턴,건조,맑음,교차로 - 교차로부근,자전거,남,33세,상해없음,승용,남,55세,중상
2013112300100328,2013년 11월 23일 13시,토요일,대구광역시 달서구 감삼동,경상사고,0,0,1,0,차대차 - 추돌 - 주정차중,안전운전불이행,건조,맑음,단일로 - 기타,승합,남,23세,상해없음,승용,남,45세,경상
2013112300100329,2013년 11월 23일 13시,토요일,대구광역시 북구 서변동,중상사고,0,1,0,0,차대사람 - 보도통행중,보행자보호의무위반,건조,맑음,단일로 - 횡단보도상,승용,여,55세,상해없음,보행자,남,7세,중상
2013112300100354,2013년 11월 23일 14시,토요일,대구광역시 남구 대명동,중상사고,0,1,0,0,차대사람 - 길가장자리구역통행중,안전운전불이행,건조,맑음,단일로 - 기타,승용,여,29세,상해없음,보행자,남,78세,중상
2013112300100355,2013년 11월 23일 14시,토요일,대구광역시 동구 신천동,중상사고,0,1,0,0,차대차 - 측면직각충돌,안전거리미확보,건조,맑음,기타 - 기타,승용,여,63세,상해없음,이륜,남,17세,중상
2013112300100356,2013년 11월 23일 14시,토요일,대구광역시 서구 평리동,중상사고,0,1,0,0,차대차 - 기타,안전운전불이행,건조,맑음,단일로 - 기타,승용,남,55세,상해없음,이륜,남,41세,중상
2013112300100357,2013년 11월 23일 14시,토요일,대구광역시 달서구 감삼동,경상사고,0,0,1,0,차대차 - 측면직각충돌,신호위반,건조,맑음,교차로 - 교차로안,승합,남,58세,상해없음,이륜,남,33세,경상
2013112300100386,2013년 11월 23일 15시,토요일,대구광역시 달서구 상인동,경상사고,0,0,1,0,차대차 - 기타,신호위반,건조,맑음,교차로 - 교차로안,이륜,남,52세,상해없음,자전거,남,12세,경상
2013112300100419,2013년 11월 23일 16시,토요일,대구광역시 동구 방촌동,부상신고사고,0,0,0,1,차대차 - 기타,안전거리미확보,건조,맑음,단일로 - 기타,이륜,남,22세,부상신고,승용,남,40세,상해없음
2013112300100465,2013년 11월 23일 17시,토요일,대구광역시 수성구 만촌동,경상사고,0,0,2,0,차대차 - 측면직각충돌,안전거리미확보,건조,맑음,단일로 - 기타,승용,남,42세,상해없음,승용,여,28세,경상
2013112300100466,2013년 11월 23일 17시,토요일,대구광역시 중구 동인동1가,경상사고,0,0,1,1,차대차 - 기타,안전거리미확보,건조,맑음,단일로 - 기타,승용,여,38세,상해없음,승용,남,65세,경상
2013112300100467,2013년 11월 23일 17시,토요일,대구광역시 북구 읍내동,경상사고,0,0,1,0,차대차 - 기타,안전운전불이행,건조,맑음,단일로 - 기타,승용,남,35세,상해없음,이륜,남,36세,경상
2013112300100468,2013년 11월 23일 17시,토요일,대구광역시 북구 태전동,경상사고,0,0,2,0,차대차 - 추돌 - 진행중,안전운전불이행,건조,맑음,단일로 - 기타,승용,남,24세,상해없음,승용,여,35세,경상
2013112300100506,2013년 11월 23일 18시,토요일,대구광역시 중구 남산동,경상사고,0,0,1,0,차대차 - 추돌 - 진행중,안전거리미확보,건조,맑음,단일로 - 기타,승용,남,22세,상해없음,승용,여,28세,경상
2013112300100507,2013년 11월 23일 18시,토요일,대구광역시 중구 공평동,경상사고,0,0,1,0,차대사람 - 기타,신호위반,건조,맑음,단일로 - 기타,승용,여,24세,상해없음,보행자,남,25세,경상
2013112300100508,2013년 11월 23일 18시,토요일,대구광역시 중구 공평동,경상사고,0,0,1,0,차량단독 - 기타,안전운전불이행,건조,맑음,단일로 - 기타,승합,남,43세,상해없음,,,,
2013112300100549,2013년 11월 23일 19시,토요일,대구광역시 동구 율하동,경상사고,0,0,2,1,차대차 - 측면직각충돌,불법유턴,건조,맑음,단일로 - 횡단보도상,이륜,여,48세,부상신고,승용,남,30세,경상
2013112300100550,2013년 11월 23일 19시,토요일,대구광역시 달서구 송현동,경상사고,0,0,1,0,차대사람 - 기타,안전운전불이행,건조,맑음,단일로 - 기타,승용,남,60세,상해없음,보행자,남,17세,경상
2013112300100584,2013년 11월 23일 20시,토요일,대구광역시 동구 효목동,중상사고,0,1,1,0,차대차 - 기타,안전운전불이행,건조,맑음,단일로 - 기타,승용,여,36세,상해없음,승용,남,71세,중상
2013112300100585,2013년 11월 23일 20시,토요일,대구광역시 수성구 매호동,경상사고,0,0,2,0,차대차 - 측면직각충돌,교차로운행방법위반,건조,맑음,교차로 - 교차로안,원동기,남,18세,상해없음,승용,남,22세,경상
2013112300100586,2013년 11월 23일 20시,토요일,대구광역시 달서구 두류동,경상사고,0,0,1,0,차대차 - 기타,직진우회전진행방해,건조,맑음,교차로 - 교차로안,승용,남,53세,상해없음,승용,여,57세,경상
2013112300100587,2013년 11월 23일 20시,토요일,대구광역시 북구 구암동,부상신고사고,0,0,0,1,차대차 - 측면직각충돌,신호위반,건조,맑음,교차로 - 교차로안,화물,남,43세,상해없음,이륜,남,19세,부상신고
2013112300100617,2013년 11월 23일 21시,토요일,대구광역시 수성구 황금동,중상사고,0,1,0,0,차대사람 - 기타,신호위반,건조,맑음,단일로 - 횡단보도상,승용,남,54세,상해없음,보행자,여,51세,중상
2013112300100618,2013년 11월 23일 21시,토요일,대구광역시 북구 산격동,부상신고사고,0,0,0,2,차대차 - 기타,안전운전불이행,건조,맑음,교차로 - 교차로안,승용,남,61세,상해없음,이륜,남,16세,부상신고
2013112300100619,2013년 11월 23일 21시,토요일,대구광역시 서구 내당동,경상사고,0,0,1,0,차량단독 - 기타,기타,건조,맑음,단일로 - 기타,승용,남,49세,상해없음,,,,
2013112300100620,2013년 11월 23일 21시,토요일,대구광역시 달서구 본리동,중상사고,0,1,0,0,차대차 - 기타,안전거리미확보,건조,맑음,단일로 - 기타,승용,남,39세,상해없음,승용,남,58세,중상
2013112300100639,2013년 11월 23일 22시,토요일,대구광역시 남구 봉덕동,경상사고,0,0,1,0,차대사람 - 기타,안전운전불이행,건조,맑음,단일로 - 기타,승용,남,66세,상해없음,보행자,여,71세,경상
2013112300100640,2013년 11월 23일 22시,토요일,대구광역시 남구 대명동,중상사고,0,3,1,0,차대차 - 측면직각충돌,교차로운행방법위반,건조,맑음,교차로 - 교차로안,이륜,남,35세,중상,이륜,여,57세,중상
2013112300100661,2013년 11월 23일 23시,토요일,대구광역시 동구 지저동,중상사고,0,1,0,0,차대차 - 추돌 - 진행중,안전운전불이행,건조,맑음,단일로 - 기타,화물,남,44세,상해없음,승용,남,32세,중상
2013112300100662,2013년 11월 23일 23시,토요일,대구광역시 달서구 월성동,경상사고,0,0,4,0,차대차 - 측면직각충돌,안전거리미확보,건조,맑음,단일로 - 기타,승용,남,33세,상해없음,승용,남,51세,경상
2013112300100663,2013년 11월 23일 23시,토요일,대구광역시 북구 팔달동,경상사고,0,0,1,0,차대차 - 측면직각충돌,안전거리미확보,건조,맑음,단일로 - 기타,화물,남,51세,상해없음,화물,남,33세,경상
2013112400100015,2013년 11월 24일 00시,일요일,대구광역시 수성구 만촌동,경상사고,0,0,1,0,차대차 - 측면직각충돌,안전운전불이행,건조,맑음,교차로 - 교차로안,승용,남,52세,상해없음,승용,여,49세,상해없음
2013112400100016,2013년 11월 24일 00시,일요일,대구광역시 달서구 상인동,경상사고,0,0,2,0,차대차 - 추돌 - 주정차중,안전운전불이행,건조,맑음,단일로 - 기타,화물,남,38세,상해없음,승용,남,54세,경상
2013112400100017,2013년 11월 24일 00시,일요일,대구광역시 달서구 상인동,경상사고,0,0,1,0,차대차 - 측면직각충돌,교차로운행방법위반,건조,맑음,교차로 - 교차로안,승용,남,46세,상해없음,승용,남,54세,경상
2013112400100018,2013년 11월 24일 00시,일요일,대구광역시 달서구 용산동,경상사고,0,0,2,0,차대차 - 추돌 - 진행중,안전거리미확보,건조,맑음,단일로 - 기타,이륜,남,21세,상해없음,이륜,남,16세,경상
2013112400100019,2013년 11월 24일 00시,일요일,대구광역시 북구 읍내동,경상사고,0,0,5,0,차대차 - 측면직각충돌,중앙선침범,건조,맑음,교차로 - 교차로부근,승용,남,43세,상해없음,승용,남,54세,경상
2013112400100037,2013년 11월 24일 01시,일요일,대구광역시 중구 삼덕동1가,경상사고,0,0,2,0,차대차 - 추돌 - 주정차중,안전운전불이행,건조,맑음,교차로 - 교차로부근,승용,남,23세,상해없음,승용,남,42세,경상
2013112400100055,2013년 11월 24일 02시,일요일,대구광역시 남구 대명동,중상사고,0,1,0,0,차대사람 - 기타,안전운전불이행,건조,맑음,교차로 - 교차로부근,승용,남,51세,상해없음,보행자,남,28세,중상
2013112400100070,2013년 11월 24일 03시,일요일,대구광역시 중구 공평동,중상사고,0,1,0,0,차대차 - 측면직각충돌,과속,건조,맑음,단일로 - 기타,승용,남,33세,상해없음,이륜,남,75세,중상
2013112400100088,2013년 11월 24일 05시,일요일,대구광역시 중구 삼덕동2가,경상사고,0,0,1,0,차대차 - 기타,안전거리미확보,건조,맑음,단일로 - 기타,승용,남,53세,상해없음,승용,남,46세,상해없음
2013112400100099,2013년 11월 24일 06시,일요일,대구광역시 달서구 성당동,경상사고,0,0,1,0,차대차 - 추돌 - 진행중,안전운전불이행,건조,맑음,단일로 - 기타,승용,남,42세,상해없음,승용,남,46세,경상
2013112400100128,2013년 11월 24일 09시,일요일,대구광역시 달성군 하빈면,경상사고,0,0,3,0,차대차 - 측면직각충돌,안전운전불이행,건조,맑음,단일로 - 기타,승용,남,30세,상해없음,승용,남,50세,경상
2013112400100190,2013년 11월 24일 12시,일요일,대구광역시 동구 검사동,경상사고,0,0,1,0,차대차 - 기타,중앙선침범,건조,맑음,단일로 - 기타,승용,남,70세,상해없음,승용,남,30세,경상
2013112400100191,2013년 11월 24일 12시,일요일,대구광역시 달서구 유천동,경상사고,0,0,1,0,차대차 - 측면직각충돌,신호위반,건조,맑음,교차로 - 교차로안,승용,여,61세,상해없음,승용,남,42세,경상
2013112400100192,2013년 11월 24일 12시,일요일,대구광역시 달서구 용산동,경상사고,0,0,3,0,차대차 - 추돌 - 주정차중,안전운전불이행,건조,맑음,단일로 - 기타,승용,남,27세,기타불명,승용,여,45세,경상
2013112400100223,2013년 11월 24일 13시,일요일,대구광역시 북구 산격동,경상사고,0,0,3,0,차대차 - 기타,신호위반,건조,맑음,교차로 - 교차로안,승용,여,40세,상해없음,승용,남,35세,경상
2013112400100268,2013년 11월 24일 15시,일요일,대구광역시 남구 봉덕동,경상사고,0,0,1,0,차대차 - 추돌 - 주정차중,안전거리미확보,건조,맑음,교차로 - 교차로부근,승용,남,69세,상해없음,승용,남,28세,경상
2013112400100295,2013년 11월 24일 16시,일요일,대구광역시 수성구 두산동,경상사고,0,0,1,0,차대사람 - 기타,보행자보호의무위반,건조,맑음,단일로 - 기타,승용,여,67세,기타불명,보행자,여,19세,경상
2013112400100296,2013년 11월 24일 16시,일요일,대구광역시 수성구 범어동,경상사고,0,0,1,0,차대차 - 측면직각충돌,안전운전불이행,건조,맑음,단일로 - 기타,승용,남,52세,상해없음,승용,여,40세,경상
2013112400100297,2013년 11월 24일 16시,일요일,대구광역시 달서구 감삼동,경상사고,0,0,4,0,차대차 - 측면직각충돌,안전거리미확보,건조,맑음,단일로 - 기타,승용,남,50세,상해없음,승용,남,33세,경상
2013112400100400,2013년 11월 24일 18시,일요일,대구광역시 동구 입석동,경상사고,0,0,1,0,차대차 - 추돌 - 진행중,안전운전불이행,건조,맑음,단일로 - 교량,승용,기타불명,기타불명,기타불명,승용,여,50세,경상
2013112400100456,2013년 11월 24일 19시,일요일,대구광역시 수성구 만촌동,경상사고,0,0,1,0,차대차 - 기타,중앙선침범,습기,비,단일로 - 기타,승용,남,63세,상해없음,이륜,남,25세,경상
2013112400100505,2013년 11월 24일 20시,일요일,대구광역시 남구 봉덕동,경상사고,0,0,4,0,차대차 - 측면직각충돌,중앙선침범,습기,비,단일로 - 기타,승용,남,31세,상해없음,승용,남,36세,경상
2013112400100506,2013년 11월 24일 20시,일요일,대구광역시 중구 남산동,경상사고,0,0,1,0,차대차 - 추돌 - 주정차중,안전거리미확보,습기,비,교차로 - 교차로안,승용,남,40세,상해없음,승용,남,46세,경상
2013112400100551,2013년 11월 24일 21시,일요일,대구광역시 남구 이천동,중상사고,0,2,0,0,차량단독 - 공작물충돌,안전운전불이행,습기,비,단일로 - 기타,승합,남,55세,상해없음,,,,
2013112400100552,2013년 11월 24일 21시,일요일,대구광역시 수성구 지산동,중상사고,0,1,0,0,차대차 - 측면직각충돌,교차로운행방법위반,습기,비,교차로 - 교차로안,승용,남,58세,상해없음,이륜,남,48세,중상
2013112400100553,2013년 11월 24일 21시,일요일,대구광역시 달서구 상인동,경상사고,0,0,1,0,차대차 - 기타,신호위반,습기,비,교차로 - 교차로안,승용,여,51세,상해없음,승용,남,47세,경상
2013112400100554,2013년 11월 24일 21시,일요일,대구광역시 달서구 진천동,경상사고,0,0,1,0,차대차 - 측면직각충돌,안전운전불이행,습기,비,단일로 - 기타,승용,남,22세,상해없음,승용,남,50세,경상
2013112400100555,2013년 11월 24일 21시,일요일,대구광역시 북구 노원동2가,중상사고,0,1,1,0,차대차 - 측면직각충돌,안전운전불이행,건조,맑음,교차로 - 교차로부근,승용,여,52세,상해없음,승용,남,59세,중상
2013112400100556,2013년 11월 24일 21시,일요일,대구광역시 중구 삼덕동3가,경상사고,0,0,3,0,차대차 - 기타,안전거리미확보,습기,비,단일로 - 기타,승용,남,35세,상해없음,화물,남,41세,경상
2013112400100636,2013년 11월 24일 23시,일요일,대구광역시 동구 신암동,중상사고,0,2,1,0,차대차 - 추돌 - 진행중,안전운전불이행,습기,비,교차로 - 교차로부근,승용,남,51세,상해없음,승용,남,67세,중상
2013112400100637,2013년 11월 24일 23시,일요일,대구광역시 달서구 도원동,중상사고,0,1,0,0,차대사람 - 횡단중,안전운전불이행,습기,비,단일로 - 횡단보도상,승용,남,53세,상해없음,보행자,여,32세,중상
2013112400100638,2013년 11월 24일 23시,일요일,대구광역시 달서구 두류동,경상사고,0,0,2,0,차대차 - 추돌 - 주정차중,안전운전불이행,습기,비,교차로 - 교차로부근,화물,남,33세,상해없음,승용,남,55세,경상
2013112400100639,2013년 11월 24일 23시,일요일,대구광역시 서구 비산동,경상사고,0,0,1,0,차대차 - 추돌 - 주정차중,안전운전불이행,습기,비,교차로 - 교차로부근,승용,남,47세,상해없음,승용,남,49세,경상
2013112500100020,2013년 11월 25일 00시,월요일,대구광역시 북구 대현동,경상사고,0,0,1,0,차대차 - 추돌 - 진행중,안전운전불이행,습기,비,단일로 - 기타,승용,남,37세,상해없음,승용,남,32세,경상
2013112500100021,2013년 11월 25일 00시,월요일,대구광역시 달서구 감삼동,경상사고,0,0,6,0,차대차 - 측면직각충돌,안전운전불이행,건조,맑음,교차로 - 교차로부근,승용,여,24세,경상,승용,남,54세,경상
2013112500100037,2013년 11월 25일 01시,월요일,대구광역시 동구 신평동,중상사고,0,1,0,0,차량단독 - 공작물충돌,안전운전불이행,습기,비,단일로 - 기타,화물,남,44세,중상,,,,
2013112500100039,2013년 11월 25일 01시,월요일,대구광역시 북구 복현동,경상사고,0,0,1,1,차대차 - 기타,안전운전불이행,건조,맑음,단일로 - 기타,승용,남,43세,부상신고,승용,남,27세,경상
2013112500100040,2013년 11월 25일 01시,월요일,대구광역시 중구 삼덕동1가,중상사고,0,1,1,0,차대차 - 추돌 - 주정차중,안전거리미확보,습기,비,교차로 - 교차로안,승용,남,52세,상해없음,승용,남,31세,경상
2013112500100057,2013년 11월 25일 02시,월요일,대구광역시 남구 대명동,중상사고,0,1,3,1,차대차 - 측면직각충돌,중앙선침범,습기,비,교차로 - 교차로부근,승용,기타불명,기타불명,기타불명,승용,여,31세,경상
2013112500100062,2013년 11월 25일 03시,월요일,대구광역시 중구 대신동,중상사고,0,1,0,0,차대차 - 기타,안전운전불이행,습기,비,단일로 - 기타,화물,남,48세,상해없음,이륜,여,47세,중상
2013112500100067,2013년 11월 25일 04시,월요일,대구광역시 북구 침산동,경상사고,0,0,1,0,차대차 - 추돌 - 주정차중,안전운전불이행,건조,맑음,단일로 - 기타,승용,남,26세,상해없음,승합,남,48세,경상
2013112500100076,2013년 11월 25일 05시,월요일,대구광역시 달서구 호림동,중상사고,0,1,0,0,차량단독 - 공작물충돌,안전운전불이행,습기,비,단일로 - 기타,승용,남,36세,중상,,,,
2013112500100093,2013년 11월 25일 06시,월요일,대구광역시 북구 복현동,중상사고,0,1,0,0,차대사람 - 횡단중,신호위반,건조,맑음,단일로 - 기타,승용,남,61세,상해없음,보행자,남,55세,중상
2013112500100117,2013년 11월 25일 07시,월요일,대구광역시 달서구 송현동,중상사고,0,1,3,0,차대차 - 추돌 - 진행중,안전운전불이행,습기,비,교차로 - 교차로안,승용,남,21세,상해없음,화물,남,43세,경상
2013112500100165,2013년 11월 25일 08시,월요일,대구광역시 수성구 대흥동,경상사고,0,0,2,0,차대차 - 기타,신호위반,건조,맑음,교차로 - 교차로안,승용,남,40세,상해없음,승용,남,45세,경상
2013112500100166,2013년 11월 25일 08시,월요일,대구광역시 달서구 장기동,중상사고,0,1,0,0,차대차 - 측면직각충돌,안전운전불이행,건조,맑음,단일로 - 기타,화물,여,52세,상해없음,승용,여,44세,중상
2013112500100167,2013년 11월 25일 08시,월요일,대구광역시 달서구 이곡동,경상사고,0,0,1,0,차대차 - 측면직각충돌,교차로운행방법위반,습기,맑음,교차로 - 교차로안,승용,남,45세,상해없음,승용,남,54세,경상
2013112500100168,2013년 11월 25일 08시,월요일,대구광역시 달서구 갈산동,중상사고,0,1,0,0,차대차 - 측면직각충돌,교차로운행방법위반,건조,맑음,교차로 - 교차로안,이륜,남,49세,중상,승용,남,32세,상해없음
2013112500100208,2013년 11월 25일 09시,월요일,대구광역시 동구 신천동,경상사고,0,0,1,0,차대차 - 추돌 - 진행중,안전운전불이행,건조,맑음,단일로 - 기타,승용,남,62세,상해없음,승용,여,28세,경상
2013112500100209,2013년 11월 25일 09시,월요일,대구광역시 달서구 월성동,중상사고,0,1,0,0,차대차 - 측면직각충돌,중앙선침범,건조,맑음,단일로 - 기타,화물,남,34세,상해없음,이륜,남,43세,중상
2013112500100210,2013년 11월 25일 09시,월요일,대구광역시 달성군 구지면,경상사고,0,0,1,0,차대차 - 측면직각충돌,안전거리미확보,건조,맑음,교차로 - 교차로부근,화물,남,74세,상해없음,화물,남,44세,경상
2013112500100211,2013년 11월 25일 09시,월요일,대구광역시 북구 노원동3가,경상사고,0,0,1,0,차대차 - 기타,안전거리미확보,건조,맑음,단일로 - 기타,승용,여,53세,상해없음,승용,여,46세,경상
2013112500100212,2013년 11월 25일 09시,월요일,대구광역시 서구 내당동,경상사고,0,0,1,0,차대차 - 측면직각충돌,신호위반,건조,맑음,교차로 - 교차로안,승용,남,57세,상해없음,승용,남,70세,경상
2013112500100241,2013년 11월 25일 10시,월요일,대구광역시 동구 신암동,중상사고,0,1,4,0,차대차 - 추돌 - 주정차중,안전운전불이행,습기,비,교차로 - 교차로부근,승용,여,51세,상해없음,승용,남,69세,중상
2013112500100242,2013년 11월 25일 10시,월요일,대구광역시 북구 침산동,중상사고,0,1,0,0,차대차 - 기타,교차로운행방법위반,습기,비,교차로 - 교차로안,원동기,남,66세,중상,승용,여,38세,상해없음
2013112500100243,2013년 11월 25일 10시,월요일,대구광역시 달서구 성당동,중상사고,0,1,0,0,차대차 - 측면직각충돌,안전운전불이행,건조,맑음,단일로 - 기타,승용,남,37세,상해없음,자전거,남,76세,중상
2013112500100291,2013년 11월 25일 12시,월요일,대구광역시 북구 노원동2가,경상사고,0,0,1,0,차대차 - 기타,교차로운행방법위반,건조,맑음,교차로 - 교차로안,승용,남,47세,상해없음,이륜,여,47세,경상
2013112500100311,2013년 11월 25일 13시,월요일,대구광역시 달성군 논공읍,중상사고,0,1,0,0,차량단독 - 기타,기타,건조,맑음,단일로 - 기타,승합,남,52세,상해없음,,,,
2013112500100312,2013년 11월 25일 13시,월요일,대구광역시 북구 노원동3가,중상사고,0,1,0,0,차량단독 - 기타,안전운전불이행,건조,맑음,단일로 - 기타,화물,남,25세,중상,,,,
2013112500100313,2013년 11월 25일 13시,월요일,대구광역시 북구 산격동,경상사고,0,0,1,0,차대차 - 기타,안전운전불이행,건조,맑음,단일로 - 기타,승용,남,57세,상해없음,자전거,여,52세,경상
2013112500100314,2013년 11월 25일 13시,월요일,대구광역시 북구 산격동,중상사고,0,1,0,0,차대차 - 기타,안전거리미확보,건조,맑음,단일로 - 기타,자전거,남,70세,중상,화물,남,51세,상해없음
2013112500100315,2013년 11월 25일 13시,월요일,대구광역시 달서구 감삼동,경상사고,0,0,1,0,차대사람 - 차도통행중,안전운전불이행,건조,맑음,단일로 - 기타,화물,남,37세,상해없음,보행자,여,71세,경상
2013112500100436,2013년 11월 25일 17시,월요일,대구광역시 수성구 만촌동,중상사고,0,1,0,0,차대사람 - 보도통행중,기타,건조,맑음,단일로 - 기타,승용,남,48세,상해없음,보행자,남,49세,중상
2013112500100437,2013년 11월 25일 17시,월요일,대구광역시 수성구 중동,중상사고,0,1,0,0,차대차 - 추돌 - 진행중,안전거리미확보,건조,맑음,교차로 - 교차로부근,승용,남,58세,상해없음,승용,여,50세,중상
2013112500100438,2013년 11월 25일 17시,월요일,대구광역시 달서구 월성동,경상사고,0,0,1,0,차대사람 - 기타,신호위반,건조,맑음,단일로 - 횡단보도부근,승용,여,32세,상해없음,보행자,남,9세,경상
2013112500100494,2013년 11월 25일 18시,월요일,대구광역시 중구 봉산동,부상신고사고,0,0,0,1,차대사람 - 기타,안전운전불이행,건조,기타,기타 - 기타,승용,남,39세,상해없음,보행자,여,20세,부상신고
2013112500100495,2013년 11월 25일 18시,월요일,대구광역시 달서구 이곡동,경상사고,0,0,1,0,차대차 - 측면직각충돌,안전거리미확보,건조,흐림,단일로 - 기타,승용,여,48세,상해없음,이륜,남,62세,경상
2013112500100540,2013년 11월 25일 19시,월요일,대구광역시 달서구 상인동,경상사고,0,0,1,0,차대차 - 측면직각충돌,중앙선침범,건조,맑음,단일로 - 기타,승용,남,37세,상해없음,승용,여,44세,경상
2013112500100541,2013년 11월 25일 19시,월요일,대구광역시 달성군 논공읍,중상사고,0,1,0,0,차대사람 - 차도통행중,안전운전불이행,건조,맑음,단일로 - 기타,이륜,여,39세,기타불명,보행자,남,60세,중상