사고번호,사고일시,요일,시군구,사고내용,사망자수,중상자수,경상자수,부상신고자수,사고유형,법규위반,노면상태,기상상태,도로형태,가해운전자 차종,가해운전자 성별,가해운전자 연령,가해운전자 상해정도,피해운전자 차종,피해운전자 성별,피해운전자 연령,피해운전자 상해정도
2013112500100604,2013년 11월 25일 22시,월요일,대구광역시 남구 대명동,중상사고,0,1,0,0,차대사람 - 길가장자리구역통행중,안전운전불이행,건조,맑음,단일로 - 기타,승용,남,45세,상해없음,보행자,남,60세,중상
2013112500100622,2013년 11월 25일 23시,월요일,대구광역시 달서구 두류동,경상사고,0,0,1,1,차대차 - 측면직각충돌,신호위반,건조,맑음,교차로 - 교차로안,이륜,남,37세,부상신고,승용,남,64세,경상
2013112600100014,2013년 11월 26일 00시,화요일,대구광역시 남구 대명동,중상사고,0,2,0,0,차대차 - 정면충돌,신호위반,건조,맑음,교차로 - 교차로안,승용,남,45세,기타불명,승용,남,60세,중상
2013112600100029,2013년 11월 26일 01시,화요일,대구광역시 동구 신암동,중상사고,0,1,0,0,차대사람 - 기타,안전운전불이행,건조,맑음,단일로 - 기타,승용,남,29세,상해없음,보행자,남,46세,중상
2013112600100030,2013년 11월 26일 01시,화요일,대구광역시 서구 내당동,중상사고,0,1,0,0,차대차 - 기타,안전거리미확보,건조,맑음,단일로 - 기타,승용,남,60세,상해없음,승용,남,33세,중상
2013112600100048,2013년 11월 26일 03시,화요일,대구광역시 수성구 만촌동,경상사고,0,0,1,0,차대사람 - 기타,신호위반,건조,맑음,교차로 - 교차로안,승용,남,39세,상해없음,보행자,여,25세,경상
2013112600100049,2013년 11월 26일 03시,화요일,대구광역시 북구 구암동,부상신고사고,0,0,0,1,차대차 - 추돌 - 진행중,안전운전불이행,건조,맑음,기타 - 기타,원동기,남,19세,부상신고,승용,남,58세,상해없음
2013112600100053,2013년 11월 26일 04시,화요일,대구광역시 달서구 신당동,사망사고,1,0,0,0,차대차 - 기타,안전운전불이행,건조,맑음,단일로 - 기타,승용,남,23세,사망,건설기계,남,56세,기타불명
2013112600100062,2013년 11월 26일 05시,화요일,대구광역시 수성구 두산동,경상사고,0,0,3,1,차대차 - 기타,안전운전불이행,건조,맑음,단일로 - 기타,승용,남,24세,상해없음,승용,남,29세,상해없음
2013112600100063,2013년 11월 26일 05시,화요일,대구광역시 달성군 화원읍,경상사고,0,0,1,0,차대차 - 기타,신호위반,건조,맑음,교차로 - 교차로안,화물,남,56세,경상,건설기계,남,43세,상해없음
2013112600100164,2013년 11월 26일 08시,화요일,대구광역시 수성구 범물동,중상사고,0,1,0,0,차대사람 - 횡단중,안전운전불이행,건조,맑음,단일로 - 횡단보도상,승용,남,38세,상해없음,보행자,남,34세,중상
2013112600100165,2013년 11월 26일 08시,화요일,대구광역시 수성구 범어동,경상사고,0,0,1,0,차대차 - 측면직각충돌,교차로운행방법위반,건조,맑음,교차로 - 교차로안,화물,남,61세,상해없음,승용,남,56세,경상
2013112600100166,2013년 11월 26일 08시,화요일,대구광역시 달성군 다사읍,중상사고,0,1,2,0,차대차 - 추돌 - 진행중,안전운전불이행,건조,맑음,단일로 - 기타,승용,남,65세,상해없음,승용,남,48세,중상
2013112600100167,2013년 11월 26일 08시,화요일,대구광역시 북구 검단동,경상사고,0,0,1,0,차대차 - 측면직각충돌,교차로운행방법위반,건조,맑음,교차로 - 교차로안,화물,남,28세,상해없음,원동기,여,53세,경상
2013112600100168,2013년 11월 26일 08시,화요일,대구광역시 북구 침산동,중상사고,0,1,0,0,차대사람 - 기타,안전운전불이행,건조,맑음,단일로 - 기타,승용,여,31세,상해없음,보행자,여,71세,중상
2013112600100169,2013년 11월 26일 08시,화요일,대구광역시 서구 평리동,중상사고,0,1,0,0,차대차 - 측면직각충돌,직진우회전진행방해,건조,맑음,교차로 - 교차로안,승용,남,58세,상해없음,이륜,남,52세,중상
2013112600100170,2013년 11월 26일 08시,화요일,대구광역시 북구 태전동,경상사고,0,0,1,0,차대사람 - 횡단중,보행자보호의무위반,건조,맑음,기타 - 기타,화물,남,46세,상해없음,보행자,여,21세,경상
2013112600100171,2013년 11월 26일 08시,화요일,대구광역시 북구 읍내동,경상사고,0,0,1,0,차대차 - 측면직각충돌,안전운전불이행,건조,맑음,단일로 - 기타,승용,남,54세,상해없음,이륜,여,24세,경상
2013112600100234,2013년 11월 26일 10시,화요일,대구광역시 남구 봉덕동,경상사고,0,0,2,0,차대차 - 측면직각충돌,직진우회전진행방해,건조,맑음,교차로 - 교차로안,승용,남,64세,경상,승용,남,66세,경상
2013112600100235,2013년 11월 26일 10시,화요일,대구광역시 달서구 송현동,경상사고,0,0,1,0,차대차 - 추돌 - 진행중,안전거리미확보,건조,맑음,단일로 - 기타,승합,남,59세,상해없음,승용,남,79세,경상
2013112600100316,2013년 11월 26일 13시,화요일,대구광역시 남구 대명동,경상사고,0,0,1,0,차대차 - 측면직각충돌,안전운전불이행,건조,맑음,단일로 - 기타,화물,남,56세,상해없음,승용,남,60세,경상
2013112600100317,2013년 11월 26일 13시,화요일,대구광역시 북구 칠성동1가,경상사고,0,0,1,0,차대차 - 기타,교차로운행방법위반,건조,맑음,교차로 - 교차로안,승용,여,51세,상해없음,승용,여,37세,경상
2013112600100318,2013년 11월 26일 13시,화요일,대구광역시 달서구 이곡동,사망사고,1,0,0,0,차대사람 - 기타,안전운전불이행,건조,맑음,단일로 - 기타,건설기계,남,53세,상해없음,보행자,여,78세,사망
2013112600100341,2013년 11월 26일 14시,화요일,대구광역시 서구 평리동,중상사고,0,1,0,0,차대사람 - 횡단중,안전운전불이행,건조,맑음,단일로 - 횡단보도상,화물,남,33세,상해없음,보행자,남,12세,중상
2013112600100342,2013년 11월 26일 14시,화요일,대구광역시 중구 삼덕동1가,경상사고,0,0,1,0,차대차 - 기타,안전운전불이행,건조,맑음,단일로 - 기타,승용,남,53세,상해없음,이륜,남,17세,경상
2013112600100375,2013년 11월 26일 15시,화요일,대구광역시 동구 봉무동,중상사고,0,1,0,1,차대차 - 측면직각충돌,교차로운행방법위반,건조,맑음,교차로 - 교차로안,화물,남,39세,부상신고,승용,남,65세,중상
2013112600100376,2013년 11월 26일 15시,화요일,대구광역시 달서구 대천동,경상사고,0,0,1,0,차대차 - 추돌 - 주정차중,안전운전불이행,건조,맑음,교차로 - 교차로부근,승용,여,31세,상해없음,화물,남,27세,경상
2013112600100408,2013년 11월 26일 16시,화요일,대구광역시 남구 대명동,중상사고,0,1,0,0,차대차 - 측면직각충돌,안전운전불이행,건조,맑음,단일로 - 기타,자전거,남,75세,중상,승용,남,71세,상해없음
2013112600100450,2013년 11월 26일 17시,화요일,대구광역시 수성구 신매동,중상사고,0,1,0,0,차대사람 - 보도통행중,기타,건조,맑음,기타 - 기타,자전거,남,15세,기타불명,보행자,여,53세,중상
2013112600100451,2013년 11월 26일 17시,화요일,대구광역시 북구 노원동3가,경상사고,0,0,1,0,차대차 - 측면직각충돌,교차로운행방법위반,건조,맑음,교차로 - 교차로안,승용,남,34세,기타불명,이륜,남,52세,경상
2013112600100452,2013년 11월 26일 17시,화요일,대구광역시 달서구 이곡동,경상사고,0,0,1,0,차대사람 - 기타,안전운전불이행,건조,맑음,단일로 - 기타,승용,남,46세,상해없음,보행자,남,67세,경상
2013112600100453,2013년 11월 26일 17시,화요일,대구광역시 달서구 감삼동,중상사고,0,1,0,0,차대차 - 기타,신호위반,건조,맑음,단일로 - 횡단보도상,승용,남,35세,상해없음,자전거,남,10세,중상
2013112600100454,2013년 11월 26일 17시,화요일,대구광역시 달서구 신당동,경상사고,0,0,1,0,차대차 - 기타,안전운전불이행,건조,맑음,교차로 - 교차로안,이륜,남,19세,경상,승용,남,49세,상해없음
2013112600100455,2013년 11월 26일 17시,화요일,대구광역시 달서구 두류동,경상사고,0,0,1,0,차대사람 - 기타,안전운전불이행,건조,맑음,단일로 - 기타,승합,남,46세,상해없음,보행자,남,79세,경상
2013112600100456,2013년 11월 26일 17시,화요일,대구광역시 북구 태전동,경상사고,0,0,1,0,차대차 - 기타,안전운전불이행,기타,기타,기타 - 기타,자전거,남,13세,경상,승용,여,52세,상해없음
2013112600100508,2013년 11월 26일 18시,화요일,대구광역시 남구 대명동,중상사고,0,2,0,0,차대차 - 기타,신호위반,건조,맑음,교차로 - 교차로안,승용,남,65세,상해없음,승용,여,51세,중상
2013112600100509,2013년 11월 26일 18시,화요일,대구광역시 서구 평리동,경상사고,0,0,4,0,차대차 - 추돌 - 주정차중,안전운전불이행,건조,맑음,교차로 - 교차로부근,승용,남,55세,상해없음,승용,남,58세,상해없음
2013112600100540,2013년 11월 26일 19시,화요일,대구광역시 수성구 황금동,중상사고,0,1,0,0,차대사람 - 횡단중,신호위반,건조,맑음,교차로 - 교차로부근,원동기,남,19세,상해없음,보행자,남,11세,중상
2013112600100541,2013년 11월 26일 19시,화요일,대구광역시 북구 복현동,중상사고,0,1,0,0,차대사람 - 기타,안전운전불이행,건조,맑음,단일로 - 기타,이륜,남,37세,상해없음,보행자,여,51세,중상
2013112600100542,2013년 11월 26일 19시,화요일,대구광역시 중구 계산동2가,경상사고,0,0,4,0,차대차 - 기타,안전거리미확보,건조,맑음,단일로 - 기타,승용,남,40세,상해없음,승용,남,21세,경상
2013112600100569,2013년 11월 26일 20시,화요일,대구광역시 달서구 본리동,경상사고,0,0,1,0,차대사람 - 차도통행중,안전운전불이행,습기,흐림,단일로 - 기타,승용,남,58세,상해없음,보행자,남,58세,경상
2013112600100604,2013년 11월 26일 21시,화요일,대구광역시 달서구 용산동,경상사고,0,0,1,0,차대사람 - 차도통행중,안전운전불이행,건조,흐림,교차로 - 교차로안,승용,여,43세,상해없음,보행자,남,16세,경상
2013112600100605,2013년 11월 26일 21시,화요일,대구광역시 달서구 죽전동,경상사고,0,0,1,0,차대차 - 추돌 - 진행중,안전거리미확보,건조,흐림,단일로 - 기타,화물,남,34세,상해없음,승용,남,62세,상해없음
2013112600100633,2013년 11월 26일 22시,화요일,대구광역시 중구 삼덕동1가,경상사고,0,0,1,0,차대사람 - 길가장자리구역통행중,안전운전불이행,건조,맑음,단일로 - 기타,승용,남,34세,상해없음,보행자,여,26세,경상
2013112600100662,2013년 11월 26일 23시,화요일,대구광역시 수성구 중동,부상신고사고,0,0,0,1,차대차 - 기타,안전운전불이행,건조,맑음,단일로 - 기타,기타불명,기타불명,기타불명,기타불명,이륜,남,44세,부상신고
2013112600100663,2013년 11월 26일 23시,화요일,대구광역시 북구 고성동3가,경상사고,0,0,1,0,차대차 - 기타,중앙선침범,건조,맑음,단일로 - 기타,자전거,남,27세,경상,승용,남,58세,상해없음
2013112600100664,2013년 11월 26일 23시,화요일,대구광역시 북구 동천동,경상사고,0,0,1,0,차대차 - 측면직각충돌,신호위반,건조,맑음,교차로 - 교차로안,승용,남,66세,상해없음,승용,남,25세,경상
2013112600100665,2013년 11월 26일 23시,화요일,대구광역시 북구 관음동,중상사고,0,1,1,0,차대차 - 측면직각충돌,안전운전불이행,건조,맑음,교차로 - 교차로안,승용,남,44세,상해없음,이륜,남,17세,중상
2013112700100020,2013년 11월 27일 00시,수요일,대구광역시 수성구 만촌동,경상사고,0,0,1,0,차대차 - 측면직각충돌,안전운전불이행,건조,맑음,교차로 - 교차로안,승용,남,47세,상해없음,승용,여,27세,경상
2013112700100021,2013년 11월 27일 00시,수요일,대구광역시 달서구 호산동,경상사고,0,0,1,0,차대차 - 추돌 - 주정차중,안전운전불이행,건조,맑음,단일로 - 기타,기타불명,기타불명,기타불명,기타불명,승용,남,34세,경상
2013112700100056,2013년 11월 27일 03시,수요일,대구광역시 북구 구암동,경상사고,0,0,2,0,차대차 - 측면직각충돌,교차로운행방법위반,건조,맑음,교차로 - 교차로안,승용,남,33세,상해없음,승용,남,58세,경상
2013112700100065,2013년 11월 27일 04시,수요일,대구광역시 서구 내당동,중상사고,0,1,1,2,차대차 - 측면직각충돌,신호위반,건조,맑음,교차로 - 교차로안,승용,남,28세,상해없음,승합,남,52세,부상신고
2013112700100090,2013년 11월 27일 06시,수요일,대구광역시 달서구 호산동,경상사고,0,0,1,0,차대차 - 추돌 - 주정차중,안전운전불이행,습기,비,단일로 - 기타,승용,남,37세,상해없음,화물,남,53세,경상
2013112700100114,2013년 11월 27일 07시,수요일,대구광역시 수성구 신매동,경상사고,0,0,1,0,차대차 - 측면직각충돌,안전거리미확보,습기,비,교차로 - 교차로부근,승용,남,27세,경상,승용,남,47세,상해없음
2013112700100115,2013년 11월 27일 07시,수요일,대구광역시 달성군 옥포면,경상사고,0,0,1,0,차대차 - 추돌 - 주정차중,안전운전불이행,습기,흐림,교차로 - 교차로부근,승용,남,53세,상해없음,승용,남,36세,경상
2013112700100116,2013년 11월 27일 07시,수요일,대구광역시 북구 침산동,경상사고,0,0,1,0,차대차 - 기타,안전거리미확보,건조,맑음,단일로 - 기타,승용,남,27세,상해없음,화물,남,41세,경상
2013112700100142,2013년 11월 27일 08시,수요일,대구광역시 남구 대명동,중상사고,0,1,0,0,차대사람 - 길가장자리구역통행중,안전운전불이행,건조,맑음,단일로 - 기타,화물,남,33세,상해없음,보행자,남,53세,중상
2013112700100143,2013년 11월 27일 08시,수요일,대구광역시 수성구 만촌동,경상사고,0,0,2,0,차대차 - 추돌 - 진행중,안전거리미확보,습기,비,단일로 - 기타,승용,남,70세,상해없음,승용,남,49세,경상
2013112700100144,2013년 11월 27일 08시,수요일,대구광역시 서구 평리동,중상사고,0,1,0,0,차대사람 - 횡단중,보행자보호의무위반,건조,맑음,단일로 - 횡단보도상,승용,여,48세,상해없음,보행자,여,17세,중상
2013112700100145,2013년 11월 27일 08시,수요일,대구광역시 달서구 성당동,경상사고,0,0,1,0,차대차 - 추돌 - 주정차중,안전거리미확보,습기,비,교차로 - 교차로부근,화물,남,56세,상해없음,승용,여,39세,경상
2013112700100173,2013년 11월 27일 09시,수요일,대구광역시 동구 신기동,중상사고,0,1,1,0,차대차 - 기타,교차로운행방법위반,건조,맑음,교차로 - 교차로안,화물,남,55세,상해없음,승용,남,73세,경상
2013112700100174,2013년 11월 27일 09시,수요일,대구광역시 수성구 황금동,경상사고,0,0,1,0,차대차 - 추돌 - 진행중,안전운전불이행,건조,맑음,교차로 - 교차로부근,승용,남,37세,상해없음,승용,여,42세,경상
2013112700100175,2013년 11월 27일 09시,수요일,대구광역시 중구 대신동,경상사고,0,0,2,0,차대차 - 기타,안전거리미확보,습기,비,단일로 - 기타,승용,남,63세,상해없음,승합,남,53세,경상
2013112700100185,2013년 11월 27일 10시,수요일,대구광역시 달서구 갈산동,중상사고,0,1,0,0,차대차 - 측면직각충돌,교차로운행방법위반,습기,비,교차로 - 교차로안,화물,남,36세,상해없음,승용,여,62세,중상
2013112700100208,2013년 11월 27일 11시,수요일,대구광역시 동구 서호동,경상사고,0,0,1,0,차대차 - 추돌 - 주정차중,안전운전불이행,건조,맑음,교차로 - 교차로부근,승용,남,48세,상해없음,승용,남,40세,경상
2013112700100234,2013년 11월 27일 12시,수요일,대구광역시 달서구 대곡동,경상사고,0,0,2,0,차대차 - 기타,신호위반,습기,흐림,교차로 - 교차로안,승용,남,76세,상해없음,승용,여,46세,경상
2013112700100235,2013년 11월 27일 12시,수요일,대구광역시 북구 노원동2가,중상사고,0,1,0,0,차량단독 - 기타,기타,습기,비,단일로 - 기타,승합,남,51세,상해없음,,,,
2013112700100236,2013년 11월 27일 12시,수요일,대구광역시 서구 이현동,부상신고사고,0,0,0,1,차대차 - 기타,안전운전불이행,습기,비,단일로 - 기타,원동기,남,41세,부상신고,화물,남,58세,상해없음
2013112700100257,2013년 11월 27일 13시,수요일,대구광역시 수성구 지산동,부상신고사고,0,0,0,1,차대차 - 측면직각충돌,안전운전불이행,습기,비,단일로 - 기타,승용,여,58세,상해없음,이륜,남,41세,부상신고
2013112700100258,2013년 11월 27일 13시,수요일,대구광역시 수성구 범어동,경상사고,0,0,3,0,차대차 - 측면직각충돌,안전거리미확보,습기,비,단일로 - 기타,승용,여,50세,경상,승용,남,31세,경상
2013112700100259,2013년 11월 27일 13시,수요일,대구광역시 북구 구암동,중상사고,0,1,0,0,차대차 - 기타,안전운전불이행,습기,비,교차로 - 교차로안,승용,남,46세,상해없음,이륜,남,46세,중상
2013112700100290,2013년 11월 27일 14시,수요일,대구광역시 북구 서변동,중상사고,0,1,1,0,차대차 - 추돌 - 주정차중,안전운전불이행,습기,흐림,단일로 - 기타,화물,남,43세,상해없음,승용,여,49세,중상
2013112700100326,2013년 11월 27일 15시,수요일,대구광역시 남구 대명동,경상사고,0,0,1,0,차대차 - 측면직각충돌,중앙선침범,건조,맑음,교차로 - 교차로부근,승용,남,50세,상해없음,승용,남,42세,경상
2013112700100327,2013년 11월 27일 15시,수요일,대구광역시 동구 신천동,중상사고,0,1,0,0,차대사람 - 보도통행중,신호위반,건조,맑음,단일로 - 횡단보도상,승용,여,45세,상해없음,보행자,남,11세,중상
2013112700100328,2013년 11월 27일 15시,수요일,대구광역시 수성구 범어동,중상사고,0,1,4,0,차대차 - 정면충돌,안전운전불이행,건조,맑음,교차로 - 교차로부근,승합,남,68세,상해없음,승용,남,52세,경상
2013112700100329,2013년 11월 27일 15시,수요일,대구광역시 북구 산격동,경상사고,0,0,5,0,차대차 - 기타,신호위반,건조,맑음,교차로 - 교차로안,화물,남,73세,상해없음,원동기,남,40세,경상
2013112700100360,2013년 11월 27일 16시,수요일,대구광역시 수성구 지산동,경상사고,0,0,1,0,차대차 - 기타,안전운전불이행,습기,비,단일로 - 기타,승용,남,58세,상해없음,이륜,남,47세,경상
2013112700100361,2013년 11월 27일 16시,수요일,대구광역시 서구 내당동,경상사고,0,0,1,0,차대차 - 추돌 - 진행중,안전운전불이행,건조,맑음,단일로 - 기타,승용,남,38세,상해없음,승용,여,50세,경상
2013112700100406,2013년 11월 27일 17시,수요일,대구광역시 수성구 매호동,중상사고,0,1,0,0,차대사람 - 횡단중,보행자보호의무위반,건조,맑음,단일로 - 횡단보도상,화물,남,33세,상해없음,보행자,여,13세,중상
2013112700100407,2013년 11월 27일 17시,수요일,대구광역시 수성구 지산동,경상사고,0,0,1,0,차대차 - 측면직각충돌,안전거리미확보,건조,맑음,단일로 - 기타,건설기계,남,61세,상해없음,승용,여,36세,경상
2013112700100408,2013년 11월 27일 17시,수요일,대구광역시 달서구 대천동,경상사고,0,0,1,0,차대사람 - 기타,기타,건조,맑음,기타 - 기타,특수,남,31세,상해없음,보행자,여,43세,경상
2013112700100465,2013년 11월 27일 18시,수요일,대구광역시 달서구 감삼동,중상사고,0,1,0,0,차대사람 - 횡단중,보행자보호의무위반,건조,맑음,단일로 - 횡단보도상,화물,남,42세,상해없음,보행자,남,30세,중상
2013112700100466,2013년 11월 27일 18시,수요일,대구광역시 달서구 이곡동,경상사고,0,0,3,0,차대차 - 추돌 - 주정차중,안전운전불이행,습기,눈,단일로 - 기타,승용,남,20세,상해없음,승용,남,55세,경상
2013112700100513,2013년 11월 27일 19시,수요일,대구광역시 수성구 범어동,중상사고,0,1,0,0,차대차 - 기타,중앙선침범,건조,맑음,단일로 - 기타,자전거,남,12세,중상,승용,남,60세,상해없음
2013112700100552,2013년 11월 27일 20시,수요일,대구광역시 달서구 대천동,경상사고,0,0,1,0,차대차 - 측면직각충돌,중앙선침범,습기,눈,단일로 - 기타,승용,남,26세,상해없음,이륜,남,18세,경상
2013112700100553,2013년 11월 27일 20시,수요일,대구광역시 북구 태전동,경상사고,0,0,1,0,차대차 - 기타,안전운전불이행,습기,비,단일로 - 기타,승용,남,45세,상해없음,승용,남,25세,경상
2013112700100554,2013년 11월 27일 20시,수요일,대구광역시 북구 매천동,경상사고,0,0,1,0,차대차 - 추돌 - 진행중,직진우회전진행방해,건조,맑음,교차로 - 교차로안,승용,남,49세,상해없음,원동기,남,18세,경상
2013112700100645,2013년 11월 27일 23시,수요일,대구광역시 남구 대명동,중상사고,0,1,0,0,차량단독 - 공작물충돌,안전운전불이행,결빙,눈,단일로 - 기타,승용,남,29세,중상,,,,
2013112700100646,2013년 11월 27일 23시,수요일,대구광역시 수성구 지산동,경상사고,0,0,1,0,차대차 - 추돌 - 진행중,안전운전불이행,건조,맑음,교차로 - 교차로부근,승용,남,33세,상해없음,승용,남,60세,경상
2013112800100018,2013년 11월 28일 00시,목요일,대구광역시 남구 봉덕동,경상사고,0,0,2,0,차대차 - 측면직각충돌,교차로운행방법위반,습기,눈,교차로 - 교차로안,승용,남,76세,경상,승용,남,32세,경상
2013112800100019,2013년 11월 28일 00시,목요일,대구광역시 수성구 중동,경상사고,0,0,1,0,차대차 - 측면직각충돌,안전운전불이행,적설,눈,단일로 - 기타,승용,남,40세,상해없음,원동기,남,31세,경상
2013112800100046,2013년 11월 28일 02시,목요일,대구광역시 북구 고성동3가,경상사고,0,0,1,0,차대차 - 추돌 - 주정차중,안전운전불이행,건조,맑음,교차로 - 교차로부근,승용,남,40세,상해없음,승용,남,52세,경상
2013112800100057,2013년 11월 28일 04시,목요일,대구광역시 중구 동인동3가,경상사고,0,0,1,0,차대차 - 측면직각충돌,신호위반,건조,맑음,교차로 - 교차로안,승용,남,26세,상해없음,승용,여,53세,경상
2013112800100066,2013년 11월 28일 05시,목요일,대구광역시 동구 입석동,중상사고,0,2,0,0,차대차 - 정면충돌,중앙선침범,건조,맑음,교차로 - 교차로안,승용,여,46세,상해없음,승용,남,60세,중상
2013112800100100,2013년 11월 28일 07시,목요일,대구광역시 북구 복현동,경상사고,0,0,1,0,차대사람 - 횡단중,신호위반,습기,맑음,단일로 - 기타,승용,남,25세,상해없음,보행자,남,14세,경상
2013112800100144,2013년 11월 28일 08시,목요일,대구광역시 수성구 만촌동,사망사고,1,0,0,0,차대사람 - 기타,안전운전불이행,건조,맑음,단일로 - 기타,화물,여,57세,상해없음,보행자,여,85세,사망
2013112800100145,2013년 11월 28일 08시,목요일,대구광역시 달성군 화원읍,경상사고,0,0,7,0,차대차 - 추돌 - 진행중,안전운전불이행,건조,맑음,교차로 - 교차로안,승용,남,34세,경상,화물,남,44세,상해없음
2013112800100146,2013년 11월 28일 08시,목요일,대구광역시 북구 노원동3가,경상사고,0,0,1,0,차대차 - 기타,교차로운행방법위반,건조,맑음,교차로 - 교차로부근,승용,남,62세,상해없음,승용,남,51세,경상
2013112800100147,2013년 11월 28일 08시,목요일,대구광역시 달서구 감삼동,중상사고,0,1,0,0,차대차 - 측면직각충돌,안전운전불이행,건조,맑음,단일로 - 횡단보도부근,승용,남,40세,상해없음,자전거,남,58세,중상
2013112800100182,2013년 11월 28일 09시,목요일,대구광역시 동구 서호동,중상사고,0,1,0,0,차대차 - 추돌 - 진행중,안전운전불이행,건조,맑음,교차로 - 교차로안,건설기계,남,48세,상해없음,승용,여,38세,중상
2013112800100183,2013년 11월 28일 09시,목요일,대구광역시 서구 내당동,중상사고,0,1,0,0,차대차 - 기타,안전거리미확보,건조,맑음,단일로 - 기타,승용,남,52세,상해없음,승용,여,46세,중상
2013112800100207,2013년 11월 28일 10시,목요일,대구광역시 달서구 월성동,부상신고사고,0,0,0,1,차대차 - 추돌 - 진행중,안전거리미확보,건조,맑음,단일로 - 기타,원동기,남,46세,부상신고,승용,여,51세,상해없음
2013112800100252,2013년 11월 28일 12시,목요일,대구광역시 북구 산격동,사망사고,1,0,0,0,차대차 - 측면직각충돌,직진우회전진행방해,건조,맑음,교차로 - 교차로부근,화물,남,36세,상해없음,자전거,남,81세,사망
2013112800100253,2013년 11월 28일 12시,목요일,대구광역시 북구 관음동,경상사고,0,0,1,0,차대차 - 기타,안전운전불이행,건조,맑음,단일로 - 기타,승용,남,71세,기타불명,화물,남,40세,경상
2013112800100254,2013년 11월 28일 12시,목요일,대구광역시 북구 동천동,경상사고,0,0,1,1,차대차 - 추돌 - 진행중,안전운전불이행,건조,맑음,단일로 - 기타,원동기,남,48세,부상신고,원동기,남,17세,경상
2013112800100299,2013년 11월 28일 14시,목요일,대구광역시 수성구 만촌동,중상사고,0,1,0,0,차대차 - 기타,안전운전불이행,건조,맑음,단일로 - 기타,승용,여,55세,상해없음,이륜,남,43세,중상
2013112800100300,2013년 11월 28일 14시,목요일,대구광역시 북구 학정동,경상사고,0,0,1,0,차대차 - 추돌 - 진행중,안전운전불이행,건조,맑음,교차로 - 교차로안,승용,여,30세,상해없음,승용,여,35세,경상
2013112800100332,2013년 11월 28일 15시,목요일,대구광역시 동구 입석동,중상사고,0,1,0,0,차대차 - 기타,안전운전불이행,건조,맑음,교차로 - 교차로부근,승합,여,60세,상해없음,자전거,남,62세,중상
2013112800100333,2013년 11월 28일 15시,목요일,대구광역시 달서구 상인동,경상사고,0,0,1,0,차대차 - 측면직각충돌,신호위반,건조,맑음,단일로 - 횡단보도상,승용,여,35세,상해없음,자전거,여,53세,경상
2013112800100334,2013년 11월 28일 15시,목요일,대구광역시 서구 비산동,중상사고,0,1,0,0,차대차 - 측면직각충돌,교차로운행방법위반,건조,맑음,교차로 - 교차로안,승용,남,30세,상해없음,승용,여,38세,중상
2013112800100396,2013년 11월 28일 17시,목요일,대구광역시 수성구 범어동,중상사고,0,1,0,0,차대사람 - 기타,안전운전불이행,건조,맑음,단일로 - 기타,이륜,남,18세,상해없음,보행자,여,14세,중상
2013112800100454,2013년 11월 28일 18시,목요일,대구광역시 수성구 만촌동,경상사고,0,0,1,0,차대차 - 추돌 - 진행중,안전거리미확보,건조,맑음,단일로 - 기타,승용,남,41세,상해없음,이륜,남,49세,경상
2013112800100455,2013년 11월 28일 18시,목요일,대구광역시 북구 국우동,경상사고,0,0,1,0,차대차 - 측면직각충돌,안전거리미확보,건조,맑음,단일로 - 기타,승용,남,46세,상해없음,원동기,남,36세,경상
2013112800100493,2013년 11월 28일 19시,목요일,대구광역시 달서구 월암동,중상사고,0,1,0,0,차대차 - 정면충돌,중앙선침범,건조,맑음,단일로 - 기타,승용,남,43세,상해없음,승용,남,34세,중상
2013112800100521,2013년 11월 28일 20시,목요일,대구광역시 남구 대명동,경상사고,0,0,1,0,차대사람 - 길가장자리구역통행중,안전운전불이행,건조,맑음,단일로 - 기타,승용,기타불명,기타불명,기타불명,보행자,남,48세,경상
2013112800100522,2013년 11월 28일 20시,목요일,대구광역시 중구 삼덕동3가,중상사고,0,1,0,0,차대차 - 기타,교차로운행방법위반,건조,맑음,교차로 - 교차로안,승용,여,33세,상해없음,자전거,남,71세,중상
2013112800100557,2013년 11월 28일 21시,목요일,대구광역시 남구 대명동,부상신고사고,0,0,0,1,차대차 - 추돌 - 주정차중,안전거리미확보,건조,맑음,단일로 - 기타,이륜,남,39세,부상신고,승용,남,52세,상해없음
2013112800100558,2013년 11월 28일 21시,목요일,대구광역시 남구 봉덕동,중상사고,0,1,1,0,차대차 - 추돌 - 주정차중,안전운전불이행,건조,맑음,단일로 - 기타,승용,여,32세,상해없음,승용,남,60세,중상
2013112800100559,2013년 11월 28일 21시,목요일,대구광역시 동구 신천동,경상사고,0,0,1,0,차대차 - 추돌 - 진행중,안전거리미확보,건조,맑음,단일로 - 기타,화물,남,38세,기타불명,이륜,남,18세,경상
2013112800100560,2013년 11월 28일 21시,목요일,대구광역시 북구 칠성동2가,부상신고사고,0,0,0,1,차대차 - 측면직각충돌,불법유턴,건조,맑음,교차로 - 교차로부근,자전거,남,13세,부상신고,승용,남,45세,상해없음