사고번호,사고일시,요일,시군구,사고내용,사망자수,중상자수,경상자수,부상신고자수,사고유형,법규위반,노면상태,기상상태,도로형태,가해운전자 차종,가해운전자 성별,가해운전자 연령,가해운전자 상해정도,피해운전자 차종,피해운전자 성별,피해운전자 연령,피해운전자 상해정도
2013112800100594,2013년 11월 28일 22시,목요일,대구광역시 달서구 상인동,경상사고,0,0,1,0,차대차 - 기타,안전운전불이행,건조,맑음,단일로 - 기타,승용,남,53세,상해없음,이륜,남,28세,경상
2013112800100595,2013년 11월 28일 22시,목요일,대구광역시 서구 평리동,중상사고,0,1,0,0,차대사람 - 횡단중,안전운전불이행,건조,맑음,단일로 - 기타,승용,남,46세,상해없음,보행자,여,67세,중상
2013112800100596,2013년 11월 28일 22시,목요일,대구광역시 달서구 감삼동,경상사고,0,0,1,0,차대사람 - 횡단중,안전운전불이행,건조,맑음,단일로 - 횡단보도상,기타불명,기타불명,기타불명,기타불명,보행자,남,23세,경상
2013112800100597,2013년 11월 28일 22시,목요일,대구광역시 북구 태전동,중상사고,0,1,0,0,차대사람 - 횡단중,안전운전불이행,건조,맑음,단일로 - 기타,승합,여,50세,상해없음,보행자,여,19세,중상
2013112800100623,2013년 11월 28일 23시,목요일,대구광역시 서구 평리동,부상신고사고,0,0,0,1,차대차 - 기타,신호위반,건조,맑음,교차로 - 교차로안,원동기,남,19세,부상신고,승용,여,52세,상해없음
2013112800100624,2013년 11월 28일 23시,목요일,대구광역시 달서구 신당동,경상사고,0,0,2,0,차대차 - 추돌 - 주정차중,안전운전불이행,건조,맑음,교차로 - 교차로부근,승용,남,23세,상해없음,승용,남,56세,경상
2013112900100056,2013년 11월 29일 04시,금요일,대구광역시 서구 내당동,중상사고,0,1,0,0,차대사람 - 횡단중,안전운전불이행,건조,맑음,교차로 - 교차로부근,승용,남,27세,상해없음,보행자,남,44세,중상
2013112900100154,2013년 11월 29일 08시,금요일,대구광역시 남구 봉덕동,경상사고,0,0,1,0,차대차 - 기타,안전운전불이행,건조,맑음,교차로 - 교차로부근,자전거,남,30세,경상,승용,여,53세,상해없음
2013112900100155,2013년 11월 29일 08시,금요일,대구광역시 동구 방촌동,경상사고,0,0,1,0,차대사람 - 기타,안전운전불이행,건조,맑음,기타 - 기타,화물,남,50세,상해없음,보행자,남,21세,경상
2013112900100156,2013년 11월 29일 08시,금요일,대구광역시 수성구 황금동,경상사고,0,0,1,0,차대사람 - 기타,안전운전불이행,건조,맑음,교차로 - 교차로안,승용,남,34세,상해없음,보행자,여,34세,경상
2013112900100157,2013년 11월 29일 08시,금요일,대구광역시 수성구 두산동,부상신고사고,0,0,0,1,차대차 - 기타,안전운전불이행,건조,맑음,단일로 - 기타,이륜,여,59세,부상신고,자전거,남,12세,상해없음
2013112900100158,2013년 11월 29일 08시,금요일,대구광역시 달서구 성당동,경상사고,0,0,1,0,차대차 - 측면직각충돌,불법유턴,건조,맑음,단일로 - 기타,승용,여,41세,상해없음,승용,남,48세,경상
2013112900100188,2013년 11월 29일 09시,금요일,대구광역시 동구 신천동,경상사고,0,0,2,0,차대차 - 기타,안전운전불이행,건조,맑음,교차로 - 교차로안,승용,여,36세,상해없음,승합,여,44세,경상
2013112900100215,2013년 11월 29일 10시,금요일,대구광역시 중구 남산동,경상사고,0,0,2,3,차대차 - 측면직각충돌,안전거리미확보,건조,맑음,단일로 - 기타,승용,남,60세,경상,승용,남,20세,경상
2013112900100253,2013년 11월 29일 11시,금요일,대구광역시 달성군 현풍면,경상사고,0,0,1,0,차대차 - 추돌 - 진행중,안전운전불이행,건조,맑음,단일로 - 기타,승용,남,50세,상해없음,이륜,남,75세,경상
2013112900100254,2013년 11월 29일 11시,금요일,대구광역시 중구 종로1가,경상사고,0,0,1,1,차대차 - 기타,안전운전불이행,건조,기타,교차로 - 교차로부근,원동기,남,16세,부상신고,승용,남,41세,상해없음
2013112900100279,2013년 11월 29일 12시,금요일,대구광역시 달서구 본리동,경상사고,0,0,1,0,차대차 - 측면직각충돌,안전운전불이행,건조,맑음,단일로 - 기타,승용,여,47세,상해없음,승용,여,40세,경상
2013112900100308,2013년 11월 29일 13시,금요일,대구광역시 동구 신서동,중상사고,0,1,0,0,차대차 - 기타,안전운전불이행,건조,맑음,교차로 - 교차로안,자전거,여,47세,중상,화물,남,49세,상해없음
2013112900100309,2013년 11월 29일 13시,금요일,대구광역시 중구 대봉동,중상사고,0,1,0,0,차대차 - 기타,안전거리미확보,건조,맑음,단일로 - 기타,승합,남,56세,상해없음,승용,여,34세,중상
2013112900100345,2013년 11월 29일 14시,금요일,대구광역시 동구 신천동,중상사고,0,1,0,0,차대사람 - 차도통행중,안전운전불이행,건조,맑음,단일로 - 기타,승용,여,36세,상해없음,보행자,여,68세,중상
2013112900100374,2013년 11월 29일 15시,금요일,대구광역시 달서구 월성동,경상사고,0,0,1,0,차대사람 - 횡단중,보행자보호의무위반,건조,맑음,단일로 - 횡단보도상,승용,남,63세,상해없음,보행자,여,13세,경상
2013112900100409,2013년 11월 29일 16시,금요일,대구광역시 수성구 황금동,경상사고,0,0,1,0,차대차 - 기타,안전운전불이행,건조,맑음,단일로 - 기타,승합,남,55세,상해없음,이륜,남,63세,경상
2013112900100410,2013년 11월 29일 16시,금요일,대구광역시 달서구 도원동,중상사고,0,1,0,0,차대사람 - 횡단중,안전운전불이행,건조,맑음,단일로 - 기타,화물,남,55세,상해없음,보행자,여,40세,중상
2013112900100411,2013년 11월 29일 16시,금요일,대구광역시 북구 산격동,경상사고,0,0,1,0,차대차 - 측면직각충돌,안전거리미확보,건조,맑음,단일로 - 기타,승용,여,49세,상해없음,원동기,남,27세,경상
2013112900100412,2013년 11월 29일 16시,금요일,대구광역시 서구 이현동,경상사고,0,0,1,0,차대차 - 기타,교차로운행방법위반,건조,맑음,단일로 - 기타,승용,남,56세,상해없음,화물,남,38세,경상
2013112900100450,2013년 11월 29일 17시,금요일,대구광역시 서구 비산동,경상사고,0,0,1,0,차대차 - 측면직각충돌,안전운전불이행,건조,맑음,단일로 - 횡단보도부근,이륜,남,18세,경상,승용,남,53세,상해없음
2013112900100451,2013년 11월 29일 17시,금요일,대구광역시 북구 서변동,경상사고,0,0,1,0,차대사람 - 횡단중,안전운전불이행,건조,맑음,교차로 - 교차로부근,승용,남,39세,상해없음,보행자,여,10세,경상
2013112900100505,2013년 11월 29일 18시,금요일,대구광역시 남구 대명동,중상사고,0,1,0,0,차대사람 - 기타,안전운전불이행,건조,맑음,교차로 - 교차로부근,승용,남,37세,상해없음,보행자,남,76세,중상
2013112900100506,2013년 11월 29일 18시,금요일,대구광역시 북구 칠성동2가,경상사고,0,0,1,0,차대차 - 기타,안전운전불이행,건조,맑음,교차로 - 교차로안,승용,여,36세,상해없음,이륜,남,17세,경상
2013112900100547,2013년 11월 29일 19시,금요일,대구광역시 북구 침산동,중상사고,0,1,0,0,차대차 - 기타,교차로운행방법위반,건조,맑음,교차로 - 교차로안,승합,남,53세,상해없음,자전거,남,59세,중상
2013112900100575,2013년 11월 29일 20시,금요일,대구광역시 남구 이천동,경상사고,0,0,1,0,차대차 - 측면직각충돌,차로위반,건조,맑음,교차로 - 교차로부근,승용,남,18세,상해없음,승용,여,33세,경상
2013112900100576,2013년 11월 29일 20시,금요일,대구광역시 동구 능성동,경상사고,0,0,1,0,차대차 - 기타,안전운전불이행,건조,맑음,단일로 - 기타,승합,남,54세,상해없음,승용,남,44세,경상
2013112900100577,2013년 11월 29일 20시,금요일,대구광역시 달서구 갈산동,경상사고,0,0,1,0,차대차 - 측면직각충돌,교차로운행방법위반,건조,맑음,교차로 - 교차로안,승용,남,36세,상해없음,자전거,남,30세,경상
2013112900100609,2013년 11월 29일 21시,금요일,대구광역시 남구 대명동,경상사고,0,0,1,0,차대차 - 기타,안전운전불이행,건조,맑음,기타 - 기타,이륜,남,46세,경상,승용,여,55세,상해없음
2013112900100610,2013년 11월 29일 21시,금요일,대구광역시 수성구 수성동1가,중상사고,0,1,2,0,차대차 - 측면직각충돌,신호위반,건조,맑음,교차로 - 교차로안,승용,여,52세,상해없음,승용,여,53세,중상
2013112900100611,2013년 11월 29일 21시,금요일,대구광역시 달서구 신당동,경상사고,0,0,1,0,차대차 - 측면직각충돌,중앙선침범,건조,맑음,단일로 - 기타,승용,남,33세,상해없음,승용,남,66세,경상
2013112900100612,2013년 11월 29일 21시,금요일,대구광역시 달서구 신당동,경상사고,0,0,1,0,차대사람 - 기타,안전운전불이행,건조,맑음,단일로 - 기타,이륜,남,44세,상해없음,보행자,여,38세,경상
2013112900100641,2013년 11월 29일 22시,금요일,대구광역시 서구 비산동,경상사고,0,0,1,0,차대차 - 추돌 - 주정차중,안전운전불이행,건조,맑음,단일로 - 기타,승용,남,33세,상해없음,승용,여,51세,경상
2013112900100686,2013년 11월 29일 23시,금요일,대구광역시 수성구 두산동,경상사고,0,0,1,0,차대차 - 측면직각충돌,교차로운행방법위반,건조,맑음,교차로 - 교차로안,승용,남,56세,상해없음,승용,여,58세,상해없음
2013112900100687,2013년 11월 29일 23시,금요일,대구광역시 북구 국우동,경상사고,0,0,1,0,차대차 - 추돌 - 진행중,안전운전불이행,건조,맑음,기타 - 기타,승용,남,52세,상해없음,승용,남,51세,경상
2013113000100066,2013년 11월 30일 02시,토요일,대구광역시 남구 봉덕동,경상사고,0,0,1,0,차대차 - 측면직각충돌,안전거리미확보,건조,맑음,단일로 - 기타,승용,남,56세,상해없음,승용,남,55세,경상
2013113000100089,2013년 11월 30일 04시,토요일,대구광역시 북구 구암동,중상사고,0,1,0,0,차대사람 - 횡단중,신호위반,건조,맑음,교차로 - 교차로부근,승용,남,40세,기타불명,보행자,여,72세,중상
2013113000100114,2013년 11월 30일 06시,토요일,대구광역시 달서구 월성동,중상사고,0,1,0,0,차대사람 - 횡단중,보행자보호의무위반,건조,맑음,단일로 - 기타,승용,남,35세,상해없음,보행자,남,45세,중상
2013113000100124,2013년 11월 30일 07시,토요일,대구광역시 달서구 본동,중상사고,0,1,0,0,차대사람 - 횡단중,안전운전불이행,건조,맑음,단일로 - 기타,승용,남,54세,상해없음,보행자,여,60세,중상
2013113000100149,2013년 11월 30일 08시,토요일,대구광역시 달서구 진천동,경상사고,0,0,1,0,차대차 - 측면직각충돌,교차로운행방법위반,건조,맑음,교차로 - 교차로부근,승용,여,52세,상해없음,승용,남,63세,경상
2013113000100150,2013년 11월 30일 08시,토요일,대구광역시 달성군 화원읍,중상사고,0,1,0,0,차대차 - 기타,안전운전불이행,건조,맑음,교차로 - 교차로안,화물,남,52세,상해없음,이륜,남,73세,중상
2013113000100151,2013년 11월 30일 08시,토요일,대구광역시 달서구 두류동,중상사고,0,1,0,0,차대차 - 추돌 - 진행중,안전운전불이행,건조,맑음,단일로 - 기타,화물,남,47세,상해없음,승용,남,67세,중상
2013113000100166,2013년 11월 30일 09시,토요일,대구광역시 수성구 만촌동,중상사고,0,1,0,0,차대차 - 추돌 - 주정차중,기타,건조,맑음,단일로 - 기타,승합,남,54세,중상,승합,남,55세,상해없음
2013113000100192,2013년 11월 30일 10시,토요일,대구광역시 중구 남산동,중상사고,0,1,0,0,차대차 - 기타,안전운전불이행,건조,맑음,단일로 - 횡단보도상,승용,여,49세,상해없음,이륜,남,40세,중상
2013113000100231,2013년 11월 30일 11시,토요일,대구광역시 북구 팔달동,중상사고,0,1,0,0,차량단독 - 기타,안전운전불이행,건조,맑음,단일로 - 기타,승합,남,44세,상해없음,,,,
2013113000100306,2013년 11월 30일 13시,토요일,대구광역시 달서구 송현동,경상사고,0,0,1,0,차대사람 - 길가장자리구역통행중,안전운전불이행,건조,맑음,단일로 - 기타,화물,남,34세,상해없음,보행자,여,24세,경상
2013113000100307,2013년 11월 30일 13시,토요일,대구광역시 북구 침산동,경상사고,0,0,1,0,차대차 - 기타,안전운전불이행,건조,맑음,단일로 - 기타,자전거,남,78세,경상,화물,남,34세,상해없음
2013113000100308,2013년 11월 30일 13시,토요일,대구광역시 중구 공평동,부상신고사고,0,0,0,1,차대사람 - 기타,안전운전불이행,건조,맑음,단일로 - 기타,기타불명,기타불명,기타불명,기타불명,보행자,남,22세,부상신고
2013113000100336,2013년 11월 30일 14시,토요일,대구광역시 남구 대명동,중상사고,0,1,0,0,차대차 - 기타,안전거리미확보,건조,맑음,단일로 - 기타,승용,여,34세,상해없음,원동기,남,53세,중상
2013113000100337,2013년 11월 30일 14시,토요일,대구광역시 수성구 상동,사망사고,1,0,0,0,차대사람 - 기타,안전운전불이행,건조,맑음,단일로 - 기타,승합,남,56세,상해없음,보행자,여,76세,사망
2013113000100338,2013년 11월 30일 14시,토요일,대구광역시 중구 동인동1가,경상사고,0,0,1,0,차대차 - 측면직각충돌,불법유턴,건조,맑음,교차로 - 교차로부근,이륜,남,41세,경상,승용,남,36세,상해없음
2013113000100339,2013년 11월 30일 14시,토요일,대구광역시 달서구 본리동,경상사고,0,0,1,0,차대차 - 기타,안전거리미확보,건조,맑음,단일로 - 기타,승용,남,50세,상해없음,원동기,남,16세,경상
2013113000100364,2013년 11월 30일 15시,토요일,대구광역시 남구 이천동,경상사고,0,0,1,0,차대차 - 측면직각충돌,기타,건조,맑음,단일로 - 기타,승용,남,60세,상해없음,이륜,남,33세,경상
2013113000100365,2013년 11월 30일 15시,토요일,대구광역시 달서구 성당동,경상사고,0,0,1,0,차대차 - 측면직각충돌,안전운전불이행,건조,맑음,교차로 - 교차로부근,승용,남,55세,상해없음,이륜,남,62세,경상
2013113000100388,2013년 11월 30일 16시,토요일,대구광역시 동구 지저동,중상사고,0,1,0,0,차대사람 - 횡단중,안전운전불이행,건조,맑음,교차로 - 교차로안,승합,남,43세,상해없음,보행자,여,90세,중상
2013113000100389,2013년 11월 30일 16시,토요일,대구광역시 서구 내당동,중상사고,0,1,0,0,차대차 - 측면직각충돌,신호위반,건조,맑음,단일로 - 횡단보도상,승용,여,26세,상해없음,원동기,남,31세,중상
2013113000100425,2013년 11월 30일 17시,토요일,대구광역시 남구 대명동,부상신고사고,0,0,0,1,차대사람 - 기타,안전운전불이행,건조,맑음,단일로 - 기타,기타불명,기타불명,기타불명,기타불명,보행자,남,8세,부상신고
2013113000100426,2013년 11월 30일 17시,토요일,대구광역시 수성구 만촌동,경상사고,0,0,1,0,차대차 - 기타,안전운전불이행,건조,맑음,교차로 - 교차로부근,승용,남,36세,상해없음,승용,여,40세,경상
2013113000100427,2013년 11월 30일 17시,토요일,대구광역시 수성구 만촌동,경상사고,0,0,4,0,차대차 - 측면직각충돌,안전운전불이행,건조,맑음,단일로 - 기타,승용,여,50세,상해없음,승용,여,48세,경상
2013113000100428,2013년 11월 30일 17시,토요일,대구광역시 서구 비산동,중상사고,0,2,0,0,차대차 - 추돌 - 주정차중,안전운전불이행,건조,맑음,단일로 - 기타,승용,남,38세,상해없음,승합,남,57세,상해없음
2013113000100429,2013년 11월 30일 17시,토요일,대구광역시 서구 내당동,중상사고,0,1,0,0,차대사람 - 기타,기타,건조,맑음,단일로 - 기타,승합,남,54세,상해없음,보행자,여,53세,중상
2013113000100430,2013년 11월 30일 17시,토요일,대구광역시 북구 서변동,경상사고,0,0,1,0,차대차 - 추돌 - 진행중,안전거리미확보,건조,맑음,교차로 - 교차로안,승용,남,67세,상해없음,승용,남,27세,경상
2013113000100431,2013년 11월 30일 17시,토요일,대구광역시 북구 태전동,경상사고,0,0,1,0,차대차 - 기타,안전운전불이행,건조,맑음,단일로 - 기타,승용,여,41세,상해없음,승용,여,48세,경상
2013113000100483,2013년 11월 30일 18시,토요일,대구광역시 동구 봉무동,경상사고,0,0,4,1,차대차 - 측면직각충돌,중앙선침범,건조,맑음,단일로 - 기타,이륜,남,16세,부상신고,승용,남,32세,경상
2013113000100484,2013년 11월 30일 18시,토요일,대구광역시 수성구 지산동,경상사고,0,0,2,0,차대차 - 추돌 - 진행중,안전거리미확보,건조,맑음,단일로 - 기타,승용,남,58세,상해없음,화물,남,52세,경상
2013113000100485,2013년 11월 30일 18시,토요일,대구광역시 달성군 구지면,경상사고,0,0,3,0,차대차 - 측면직각충돌,교차로운행방법위반,건조,맑음,교차로 - 교차로안,건설기계,남,33세,상해없음,승용,여,46세,경상
2013113000100486,2013년 11월 30일 18시,토요일,대구광역시 달서구 이곡동,중상사고,0,1,0,0,차대사람 - 기타,보행자보호의무위반,건조,맑음,단일로 - 기타,승용,남,56세,상해없음,보행자,남,12세,중상
2013113000100522,2013년 11월 30일 19시,토요일,대구광역시 수성구 두산동,중상사고,0,1,0,0,차대차 - 기타,안전운전불이행,건조,맑음,단일로 - 기타,승용,남,59세,상해없음,승용,남,35세,중상
2013113000100523,2013년 11월 30일 19시,토요일,대구광역시 달성군 다사읍,경상사고,0,0,1,0,차대사람 - 길가장자리구역통행중,안전운전불이행,건조,맑음,교차로 - 교차로안,승용,남,41세,상해없음,보행자,남,61세,경상
2013113000100524,2013년 11월 30일 19시,토요일,대구광역시 서구 비산동,중상사고,0,1,0,0,차량단독 - 기타,기타,건조,맑음,단일로 - 기타,승합,남,48세,상해없음,,,,
2013113000100525,2013년 11월 30일 19시,토요일,대구광역시 달서구 용산동,경상사고,0,0,1,0,차대차 - 추돌 - 주정차중,안전운전불이행,건조,맑음,단일로 - 기타,기타불명,기타불명,기타불명,기타불명,승용,남,40세,경상
2013113000100556,2013년 11월 30일 20시,토요일,대구광역시 수성구 황금동,경상사고,0,0,2,0,차대차 - 기타,안전거리미확보,건조,맑음,단일로 - 기타,승용,남,53세,상해없음,승용,남,25세,경상
2013113000100557,2013년 11월 30일 20시,토요일,대구광역시 수성구 만촌동,중상사고,0,1,0,0,차대차 - 측면직각충돌,안전거리미확보,건조,맑음,단일로 - 기타,승용,남,32세,상해없음,승합,남,44세,상해없음
2013113000100558,2013년 11월 30일 20시,토요일,대구광역시 중구 삼덕동3가,경상사고,0,0,1,0,차대차 - 추돌 - 진행중,안전거리미확보,건조,맑음,단일로 - 기타,승용,남,29세,상해없음,승용,남,28세,경상
2013113000100559,2013년 11월 30일 20시,토요일,대구광역시 달서구 두류동,중상사고,0,1,0,0,차대사람 - 횡단중,보행자보호의무위반,건조,흐림,교차로 - 교차로안,승용,남,63세,상해없음,보행자,여,54세,중상
2013113000100591,2013년 11월 30일 21시,토요일,대구광역시 동구 신암동,경상사고,0,0,1,0,차대차 - 기타,안전거리미확보,건조,맑음,교차로 - 교차로부근,승용,여,47세,상해없음,승용,남,56세,경상
2013113000100645,2013년 11월 30일 23시,토요일,대구광역시 남구 대명동,중상사고,0,1,0,0,차대차 - 기타,차로위반,건조,맑음,단일로 - 기타,승용,남,24세,상해없음,승용,남,70세,중상
2013113000100646,2013년 11월 30일 23시,토요일,대구광역시 동구 방촌동,경상사고,0,0,1,0,차대차 - 기타,안전거리미확보,건조,맑음,단일로 - 기타,승용,남,18세,상해없음,승용,남,53세,경상
2013113000100647,2013년 11월 30일 23시,토요일,대구광역시 수성구 지산동,경상사고,0,0,1,0,차대차 - 기타,교차로운행방법위반,건조,맑음,교차로 - 교차로안,승용,남,43세,상해없음,원동기,남,41세,경상
2013113000100648,2013년 11월 30일 23시,토요일,대구광역시 달서구 신당동,경상사고,0,0,1,0,차대사람 - 차도통행중,안전운전불이행,건조,맑음,단일로 - 기타,승용,여,44세,상해없음,보행자,남,19세,경상
2013113000100649,2013년 11월 30일 23시,토요일,대구광역시 달서구 이곡동,중상사고,0,1,0,0,차대사람 - 보도통행중,기타,건조,맑음,단일로 - 기타,원동기,남,27세,상해없음,보행자,남,45세,중상
2013120100100022,2013년 12월 1일 00시,일요일,대구광역시 수성구 상동,경상사고,0,0,1,0,차대차 - 측면직각충돌,안전운전불이행,건조,맑음,교차로 - 교차로안,승용,남,54세,상해없음,승용,여,30세,경상
2013120100100023,2013년 12월 1일 00시,일요일,대구광역시 달서구 본동,경상사고,0,0,2,0,차대차 - 측면직각충돌,안전운전불이행,건조,맑음,교차로 - 교차로안,화물,남,30세,상해없음,승용,남,44세,상해없음
2013120100100039,2013년 12월 1일 01시,일요일,대구광역시 중구 공평동,경상사고,0,0,3,2,차대차 - 측면직각충돌,안전운전불이행,건조,맑음,교차로 - 교차로안,승용,남,24세,상해없음,승용,남,52세,경상
2013120100100059,2013년 12월 1일 02시,일요일,대구광역시 달서구 용산동,경상사고,0,0,3,0,차대차 - 추돌 - 주정차중,안전운전불이행,건조,맑음,단일로 - 기타,승용,남,36세,상해없음,승용,남,45세,경상
2013120100100070,2013년 12월 1일 03시,일요일,대구광역시 달서구 두류동,경상사고,0,0,1,0,차대차 - 측면직각충돌,안전거리미확보,건조,맑음,교차로 - 교차로부근,승용,남,29세,상해없음,승용,남,58세,경상
2013120100100086,2013년 12월 1일 04시,일요일,대구광역시 수성구 범어동,중상사고,0,1,0,0,차대차 - 기타,안전운전불이행,건조,맑음,교차로 - 교차로부근,승용,남,52세,상해없음,자전거,남,66세,중상
2013120100100087,2013년 12월 1일 04시,일요일,대구광역시 수성구 만촌동,경상사고,0,0,1,0,차대차 - 추돌 - 주정차중,안전운전불이행,건조,맑음,단일로 - 기타,승용,여,39세,상해없음,승용,여,50세,경상
2013120100100099,2013년 12월 1일 05시,일요일,대구광역시 동구 불로동,중상사고,0,1,0,0,차대사람 - 횡단중,신호위반,건조,맑음,교차로 - 교차로부근,승용,남,42세,상해없음,보행자,남,65세,중상
2013120100100129,2013년 12월 1일 08시,일요일,대구광역시 동구 불로동,경상사고,0,0,1,0,차대차 - 기타,교차로운행방법위반,건조,맑음,교차로 - 교차로안,승용,남,67세,상해없음,자전거,여,41세,경상
2013120100100167,2013년 12월 1일 10시,일요일,대구광역시 동구 진인동,경상사고,0,0,1,1,차대차 - 측면직각충돌,안전거리미확보,건조,맑음,단일로 - 기타,승합,남,55세,상해없음,승용,남,39세,경상
2013120100100168,2013년 12월 1일 10시,일요일,대구광역시 수성구 만촌동,경상사고,0,0,2,0,차대차 - 측면직각충돌,기타,건조,맑음,단일로 - 기타,승용,여,49세,상해없음,승용,남,67세,경상
2013120100100169,2013년 12월 1일 10시,일요일,대구광역시 달성군 하빈면,경상사고,0,0,1,0,차대차 - 측면직각충돌,안전운전불이행,건조,맑음,교차로 - 교차로안,승용,여,57세,상해없음,화물,여,55세,경상
2013120100100185,2013년 12월 1일 11시,일요일,대구광역시 동구 율하동,경상사고,0,0,3,0,차대차 - 측면직각충돌,기타,건조,맑음,교차로 - 교차로안,승용,남,19세,상해없음,승용,여,48세,경상
2013120100100186,2013년 12월 1일 11시,일요일,대구광역시 달서구 송현동,경상사고,0,0,1,0,차대차 - 측면직각충돌,직진우회전진행방해,건조,맑음,교차로 - 교차로안,승용,남,59세,상해없음,이륜,남,24세,경상
2013120100100259,2013년 12월 1일 14시,일요일,대구광역시 동구 입석동,중상사고,0,1,3,0,차대차 - 추돌 - 주정차중,안전거리미확보,건조,맑음,단일로 - 기타,승용,남,52세,상해없음,승용,남,35세,경상
2013120100100283,2013년 12월 1일 15시,일요일,대구광역시 남구 대명동,중상사고,0,1,0,0,차대차 - 측면직각충돌,직진우회전진행방해,건조,맑음,교차로 - 교차로안,이륜,여,38세,중상,승용,남,40세,상해없음
2013120100100284,2013년 12월 1일 15시,일요일,대구광역시 달서구 도원동,경상사고,0,0,2,0,차대차 - 기타,신호위반,건조,맑음,교차로 - 교차로안,이륜,남,36세,경상,승용,여,52세,경상
2013120100100304,2013년 12월 1일 16시,일요일,대구광역시 달서구 진천동,중상사고,0,1,0,0,차대차 - 측면직각충돌,직진우회전진행방해,건조,맑음,교차로 - 교차로안,원동기,남,44세,중상,승용,남,44세,상해없음
2013120100100305,2013년 12월 1일 16시,일요일,대구광역시 서구 비산동,경상사고,0,0,1,0,차대차 - 기타,안전운전불이행,건조,맑음,단일로 - 기타,승용,여,47세,상해없음,승용,남,23세,상해없음
2013120100100306,2013년 12월 1일 16시,일요일,대구광역시 서구 비산동,중상사고,0,1,0,0,차대차 - 기타,안전운전불이행,건조,맑음,기타 - 기타,승용,여,33세,상해없음,이륜,남,62세,중상
2013120100100307,2013년 12월 1일 16시,일요일,대구광역시 달서구 신당동,경상사고,0,0,1,0,차대사람 - 보도통행중,안전운전불이행,건조,맑음,단일로 - 기타,승용,남,23세,상해없음,보행자,남,11세,경상
2013120100100333,2013년 12월 1일 17시,일요일,대구광역시 서구 비산동,중상사고,0,1,0,0,차대차 - 기타,중앙선침범,건조,맑음,단일로 - 기타,자전거,남,22세,중상,승용,남,62세,상해없음
2013120100100334,2013년 12월 1일 17시,일요일,대구광역시 북구 읍내동,중상사고,0,1,1,0,차대차 - 측면직각충돌,차로위반,건조,맑음,단일로 - 기타,승용,여,43세,경상,승용,여,41세,중상
2013120100100373,2013년 12월 1일 18시,일요일,대구광역시 동구 방촌동,경상사고,0,0,1,0,차대차 - 기타,안전운전불이행,건조,맑음,단일로 - 기타,승용,남,20세,상해없음,원동기,남,18세,경상
2013120100100374,2013년 12월 1일 18시,일요일,대구광역시 서구 상리동,경상사고,0,0,1,0,차대차 - 추돌 - 주정차중,안전운전불이행,건조,맑음,단일로 - 기타,승용,남,52세,상해없음,승용,남,47세,경상
2013120100100375,2013년 12월 1일 18시,일요일,대구광역시 달서구 본리동,중상사고,0,1,0,0,차대차 - 정면충돌,교차로운행방법위반,건조,맑음,교차로 - 교차로안,승용,여,46세,상해없음,승용,남,58세,중상
2013120100100403,2013년 12월 1일 19시,일요일,대구광역시 달서구 상인동,중상사고,0,1,0,0,차대차 - 측면직각충돌,신호위반,건조,맑음,교차로 - 교차로안,승용,남,59세,상해없음,이륜,남,18세,중상
2013120100100404,2013년 12월 1일 19시,일요일,대구광역시 중구 태평로1가,중상사고,0,1,0,0,차대사람 - 횡단중,안전운전불이행,건조,맑음,단일로 - 기타,승용,남,75세,상해없음,보행자,남,61세,중상
2013120100100435,2013년 12월 1일 20시,일요일,대구광역시 달서구 유천동,경상사고,0,0,2,0,차대차 - 추돌 - 진행중,안전운전불이행,건조,맑음,교차로 - 교차로안,승용,남,62세,상해없음,승용,여,28세,경상
2013120100100436,2013년 12월 1일 20시,일요일,대구광역시 북구 침산동,경상사고,0,0,2,0,차대차 - 기타,교차로운행방법위반,건조,맑음,교차로 - 교차로부근,승용,여,40세,상해없음,승용,남,66세,경상
2013120100100455,2013년 12월 1일 21시,일요일,대구광역시 달서구 상인동,경상사고,0,0,2,1,차대차 - 측면직각충돌,안전운전불이행,건조,맑음,교차로 - 교차로안,승용,남,29세,부상신고,승용,남,33세,경상
2013120100100473,2013년 12월 1일 22시,일요일,대구광역시 서구 내당동,중상사고,0,1,1,0,차대차 - 측면직각충돌,신호위반,건조,맑음,교차로 - 교차로안,승용,남,53세,상해없음,원동기,남,23세,중상
2013120100100488,2013년 12월 1일 23시,일요일,대구광역시 달서구 송현동,경상사고,0,0,1,0,차대차 - 측면직각충돌,안전운전불이행,건조,맑음,교차로 - 교차로부근,승용,여,36세,상해없음,이륜,남,18세,경상
2013120100100489,2013년 12월 1일 23시,일요일,대구광역시 달서구 용산동,부상신고사고,0,0,0,2,차대차 - 측면직각충돌,안전운전불이행,건조,맑음,교차로 - 교차로안,이륜,남,47세,상해없음,이륜,남,16세,부상신고
2013120200100015,2013년 12월 2일 01시,월요일,대구광역시 달서구 본리동,경상사고,0,0,2,2,차대차 - 측면직각충돌,신호위반,건조,맑음,교차로 - 교차로안,승용,남,55세,상해없음,승용,남,52세,상해없음
2013120200100021,2013년 12월 2일 02시,월요일,대구광역시 북구 산격동,경상사고,0,0,1,0,차대차 - 기타,중앙선침범,건조,맑음,교차로 - 교차로안,이륜,남,22세,상해없음,승용,남,30세,경상