사고번호,사고일시,요일,시군구,사고내용,사망자수,중상자수,경상자수,부상신고자수,사고유형,법규위반,노면상태,기상상태,도로형태,가해운전자 차종,가해운전자 성별,가해운전자 연령,가해운전자 상해정도,피해운전자 차종,피해운전자 성별,피해운전자 연령,피해운전자 상해정도
2013120500100555,2013년 12월 5일 22시,목요일,대구광역시 달서구 신당동,경상사고,0,0,2,0,차대차 - 추돌 - 진행중,차로위반,건조,맑음,단일로 - 기타,승용,남,22세,상해없음,이륜,남,21세,경상
2013120500100556,2013년 12월 5일 22시,목요일,대구광역시 달서구 용산동,중상사고,0,1,0,0,차대차 - 기타,안전거리미확보,건조,흐림,교차로 - 교차로부근,승용,남,46세,상해없음,자전거,남,77세,중상
2013120600100040,2013년 12월 6일 02시,금요일,대구광역시 동구 효목동,경상사고,0,0,1,0,차대차 - 기타,안전거리미확보,건조,맑음,단일로 - 기타,승용,남,58세,상해없음,승용,남,51세,상해없음
2013120600100048,2013년 12월 6일 03시,금요일,대구광역시 남구 대명동,경상사고,0,0,2,0,차대차 - 측면직각충돌,안전운전불이행,건조,맑음,교차로 - 교차로부근,승용,남,54세,상해없음,승용,여,36세,상해없음
2013120600100098,2013년 12월 6일 07시,금요일,대구광역시 동구 신암동,경상사고,0,0,1,0,차대사람 - 횡단중,보행자보호의무위반,건조,맑음,단일로 - 횡단보도상,화물,남,63세,기타불명,보행자,남,23세,경상
2013120600100099,2013년 12월 6일 07시,금요일,대구광역시 달서구 본동,경상사고,0,0,1,0,차대사람 - 횡단중,보행자보호의무위반,건조,맑음,단일로 - 기타,승용,남,38세,상해없음,보행자,여,69세,경상
2013120600100132,2013년 12월 6일 08시,금요일,대구광역시 남구 이천동,중상사고,0,1,0,0,차량단독 - 기타,안전운전불이행,건조,맑음,단일로 - 기타,승합,남,41세,상해없음,,,,
2013120600100133,2013년 12월 6일 08시,금요일,대구광역시 수성구 신매동,경상사고,0,0,1,0,차대차 - 기타,직진우회전진행방해,건조,맑음,교차로 - 교차로안,승용,여,43세,상해없음,승용,남,46세,경상
2013120600100134,2013년 12월 6일 08시,금요일,대구광역시 북구 산격동,중상사고,0,1,0,0,차대차 - 기타,중앙선침범,건조,맑음,교차로 - 교차로부근,자전거,남,40세,중상,화물,남,44세,상해없음
2013120600100163,2013년 12월 6일 09시,금요일,대구광역시 남구 대명동,중상사고,0,2,0,0,차대차 - 추돌 - 진행중,안전거리미확보,건조,맑음,교차로 - 교차로부근,승용,남,53세,상해없음,승용,여,44세,중상
2013120600100164,2013년 12월 6일 09시,금요일,대구광역시 달서구 대곡동,중상사고,0,1,0,0,차대사람 - 횡단중,신호위반,건조,맑음,단일로 - 기타,승합,남,44세,상해없음,보행자,여,40세,중상
2013120600100190,2013년 12월 6일 10시,금요일,대구광역시 중구 동산동,중상사고,0,1,0,0,차대사람 - 기타,안전운전불이행,건조,맑음,단일로 - 기타,승용,남,34세,상해없음,보행자,남,72세,중상
2013120600100191,2013년 12월 6일 10시,금요일,대구광역시 달서구 감삼동,중상사고,0,1,0,0,차대차 - 측면직각충돌,안전운전불이행,건조,맑음,단일로 - 기타,승용,남,45세,상해없음,이륜,남,46세,중상
2013120600100255,2013년 12월 6일 12시,금요일,대구광역시 동구 방촌동,경상사고,0,0,2,0,차대차 - 기타,안전운전불이행,건조,맑음,단일로 - 기타,화물,남,27세,상해없음,승합,남,58세,경상
2013120600100256,2013년 12월 6일 12시,금요일,대구광역시 수성구 만촌동,경상사고,0,0,1,0,차대차 - 기타,안전운전불이행,건조,맑음,교차로 - 교차로부근,승용,남,60세,상해없음,승용,여,37세,경상
2013120600100257,2013년 12월 6일 12시,금요일,대구광역시 북구 칠성동2가,경상사고,0,0,2,0,차대차 - 기타,안전거리미확보,건조,맑음,교차로 - 교차로부근,승용,남,27세,상해없음,승용,여,50세,경상
2013120600100258,2013년 12월 6일 12시,금요일,대구광역시 서구 평리동,경상사고,0,0,3,0,차대차 - 기타,안전운전불이행,건조,맑음,교차로 - 교차로안,승용,남,57세,경상,승용,여,41세,경상
2013120600100289,2013년 12월 6일 13시,금요일,대구광역시 동구 용계동,중상사고,0,1,0,0,차대차 - 기타,안전운전불이행,건조,맑음,단일로 - 기타,화물,여,52세,상해없음,이륜,남,31세,중상
2013120600100290,2013년 12월 6일 13시,금요일,대구광역시 북구 산격동,경상사고,0,0,1,0,차대차 - 측면직각충돌,안전거리미확보,건조,맑음,단일로 - 기타,승용,남,60세,상해없음,이륜,남,52세,경상
2013120600100329,2013년 12월 6일 14시,금요일,대구광역시 서구 중리동,중상사고,0,1,1,0,차대차 - 추돌 - 주정차중,안전운전불이행,건조,맑음,단일로 - 기타,승용,여,49세,상해없음,승용,여,42세,중상
2013120600100330,2013년 12월 6일 14시,금요일,대구광역시 서구 이현동,중상사고,0,1,1,0,차대차 - 기타,안전운전불이행,건조,맑음,교차로 - 교차로안,승용,여,34세,경상,화물,남,51세,상해없음
2013120600100331,2013년 12월 6일 14시,금요일,대구광역시 중구 동인동3가,경상사고,0,0,1,0,차대사람 - 기타,안전운전불이행,건조,기타,단일로 - 기타,승용,남,45세,상해없음,보행자,남,26세,경상
2013120600100332,2013년 12월 6일 14시,금요일,대구광역시 달서구 감삼동,경상사고,0,0,2,0,차대차 - 추돌 - 주정차중,안전운전불이행,건조,맑음,단일로 - 기타,화물,남,37세,상해없음,화물,남,59세,경상
2013120600100374,2013년 12월 6일 15시,금요일,대구광역시 달서구 본리동,중상사고,0,1,2,0,차대차 - 기타,안전운전불이행,건조,맑음,교차로 - 교차로부근,화물,남,32세,상해없음,승용,남,51세,경상
2013120600100403,2013년 12월 6일 16시,금요일,대구광역시 동구 각산동,중상사고,0,1,0,0,차대차 - 측면직각충돌,안전운전불이행,건조,맑음,교차로 - 교차로안,승용,남,40세,상해없음,승용,여,45세,중상
2013120600100404,2013년 12월 6일 16시,금요일,대구광역시 달서구 상인동,경상사고,0,0,1,0,차대사람 - 횡단중,보행자보호의무위반,건조,맑음,단일로 - 횡단보도상,승용,여,44세,상해없음,보행자,여,13세,경상
2013120600100445,2013년 12월 6일 17시,금요일,대구광역시 남구 대명동,경상사고,0,0,2,0,차대사람 - 길가장자리구역통행중,교차로운행방법위반,건조,맑음,교차로 - 교차로안,승합,남,58세,상해없음,보행자,여,33세,경상
2013120600100446,2013년 12월 6일 17시,금요일,대구광역시 서구 평리동,경상사고,0,0,1,0,차대사람 - 기타,안전운전불이행,건조,맑음,교차로 - 교차로부근,화물,남,64세,상해없음,보행자,남,20세,경상
2013120600100447,2013년 12월 6일 17시,금요일,대구광역시 서구 비산동,경상사고,0,0,1,0,차대차 - 측면직각충돌,교차로운행방법위반,건조,맑음,교차로 - 교차로안,승용,남,57세,상해없음,이륜,남,46세,경상
2013120600100448,2013년 12월 6일 17시,금요일,대구광역시 중구 동인동1가,경상사고,0,0,1,0,차대차 - 추돌 - 진행중,안전거리미확보,건조,기타,기타 - 기타,승용,여,57세,상해없음,승용,남,34세,경상
2013120600100449,2013년 12월 6일 17시,금요일,대구광역시 달서구 두류동,중상사고,0,2,3,0,차대차 - 추돌 - 주정차중,안전운전불이행,건조,맑음,단일로 - 기타,승용,남,34세,상해없음,승용,남,38세,경상
2013120600100500,2013년 12월 6일 18시,금요일,대구광역시 수성구 지산동,경상사고,0,0,2,0,차대사람 - 길가장자리구역통행중,안전운전불이행,건조,맑음,교차로 - 교차로부근,승용,여,32세,상해없음,보행자,남,61세,경상
2013120600100501,2013년 12월 6일 18시,금요일,대구광역시 달서구 상인동,중상사고,0,1,0,0,차대차 - 기타,안전운전불이행,건조,맑음,단일로 - 기타,이륜,남,68세,중상,승용,남,39세,상해없음
2013120600100502,2013년 12월 6일 18시,금요일,대구광역시 달서구 이곡동,경상사고,0,0,1,0,차대차 - 기타,안전운전불이행,건조,맑음,단일로 - 기타,승용,남,54세,경상,승용,여,39세,상해없음
2013120600100534,2013년 12월 6일 19시,금요일,대구광역시 서구 평리동,경상사고,0,0,1,0,차대사람 - 기타,안전운전불이행,건조,맑음,교차로 - 교차로안,화물,남,52세,기타불명,보행자,여,13세,경상
2013120600100535,2013년 12월 6일 19시,금요일,대구광역시 달서구 장기동,경상사고,0,0,1,0,차대차 - 기타,안전운전불이행,건조,맑음,단일로 - 기타,승용,남,54세,상해없음,승용,남,29세,경상
2013120600100597,2013년 12월 6일 21시,금요일,대구광역시 남구 대명동,중상사고,0,1,0,0,차대사람 - 횡단중,신호위반,건조,맑음,단일로 - 기타,원동기,남,16세,상해없음,보행자,남,52세,중상
2013120600100598,2013년 12월 6일 21시,금요일,대구광역시 달서구 월성동,경상사고,0,0,1,0,차대차 - 측면직각충돌,안전거리미확보,건조,맑음,단일로 - 기타,화물,남,56세,상해없음,특수,남,68세,상해없음
2013120600100599,2013년 12월 6일 21시,금요일,대구광역시 북구 읍내동,중상사고,0,1,0,0,차대차 - 측면직각충돌,불법유턴,건조,맑음,교차로 - 교차로부근,자전거,여,11세,중상,승용,남,40세,상해없음
2013120600100632,2013년 12월 6일 22시,금요일,대구광역시 달서구 상인동,사망사고,1,0,0,0,차대사람 - 횡단중,안전운전불이행,건조,맑음,단일로 - 기타,승합,남,55세,상해없음,보행자,남,51세,사망
2013120600100633,2013년 12월 6일 22시,금요일,대구광역시 달서구 본동,경상사고,0,0,1,0,차대차 - 기타,안전운전불이행,건조,맑음,교차로 - 교차로부근,승용,여,44세,상해없음,이륜,남,17세,경상
2013120600100634,2013년 12월 6일 22시,금요일,대구광역시 달서구 용산동,경상사고,0,0,1,0,차대차 - 추돌 - 주정차중,안전운전불이행,건조,맑음,기타 - 기타,승용,여,58세,상해없음,승용,남,29세,경상
2013120600100665,2013년 12월 6일 23시,금요일,대구광역시 서구 평리동,경상사고,0,0,1,0,차대사람 - 기타,기타,건조,맑음,단일로 - 기타,승합,남,54세,상해없음,보행자,여,36세,경상
2013120700100026,2013년 12월 7일 00시,토요일,대구광역시 남구 대명동,경상사고,0,0,1,0,차대차 - 기타,안전운전불이행,건조,맑음,단일로 - 기타,승용,남,38세,상해없음,원동기,남,21세,경상
2013120700100027,2013년 12월 7일 00시,토요일,대구광역시 중구 동산동,경상사고,0,0,1,0,차대사람 - 기타,신호위반,건조,맑음,단일로 - 횡단보도상,승용,남,33세,상해없음,보행자,남,47세,경상
2013120700100028,2013년 12월 7일 00시,토요일,대구광역시 북구 서변동,경상사고,0,0,1,0,차량단독 - 기타,기타,건조,맑음,단일로 - 기타,승용,남,48세,상해없음,,,,
2013120700100066,2013년 12월 7일 02시,토요일,대구광역시 서구 내당동,경상사고,0,0,5,0,차대차 - 추돌 - 진행중,안전운전불이행,건조,맑음,교차로 - 교차로부근,승용,남,21세,상해없음,승용,남,54세,경상
2013120700100082,2013년 12월 7일 03시,토요일,대구광역시 남구 대명동,중상사고,0,1,0,0,차대사람 - 횡단중,안전운전불이행,건조,맑음,단일로 - 기타,승용,남,49세,상해없음,보행자,여,25세,중상
2013120700100083,2013년 12월 7일 03시,토요일,대구광역시 동구 검사동,경상사고,0,0,2,0,차대차 - 기타,안전거리미확보,건조,맑음,단일로 - 기타,승용,남,48세,상해없음,원동기,남,16세,경상
2013120700100084,2013년 12월 7일 03시,토요일,대구광역시 중구 공평동,중상사고,0,1,1,0,차대사람 - 기타,보행자보호의무위반,건조,맑음,교차로 - 교차로안,승용,남,30세,상해없음,보행자,여,27세,중상
2013120700100126,2013년 12월 7일 06시,토요일,대구광역시 북구 침산동,경상사고,0,0,1,0,차대차 - 측면직각충돌,불법유턴,건조,맑음,교차로 - 교차로안,자전거,남,65세,경상,승용,남,65세,상해없음
2013120700100143,2013년 12월 7일 07시,토요일,대구광역시 북구 침산동,중상사고,0,1,0,0,차대차 - 기타,안전운전불이행,건조,맑음,교차로 - 교차로부근,승용,남,53세,상해없음,자전거,여,61세,중상
2013120700100163,2013년 12월 7일 09시,토요일,대구광역시 달서구 본동,중상사고,0,1,0,0,차대차 - 추돌 - 주정차중,안전거리미확보,건조,맑음,단일로 - 기타,승용,남,60세,상해없음,승용,남,64세,중상
2013120700100164,2013년 12월 7일 09시,토요일,대구광역시 북구 관음동,경상사고,0,0,2,0,차대차 - 측면직각충돌,신호위반,건조,맑음,교차로 - 교차로안,승용,남,40세,상해없음,승용,남,25세,경상
2013120700100217,2013년 12월 7일 11시,토요일,대구광역시 중구 달성동,경상사고,0,0,1,0,차대차 - 기타,안전운전불이행,건조,맑음,단일로 - 기타,승용,여,30세,상해없음,승용,남,64세,경상
2013120700100287,2013년 12월 7일 13시,토요일,대구광역시 수성구 만촌동,경상사고,0,0,1,0,차대사람 - 기타,안전운전불이행,건조,맑음,단일로 - 기타,화물,남,48세,상해없음,보행자,남,67세,경상
2013120700100288,2013년 12월 7일 13시,토요일,대구광역시 수성구 대흥동,경상사고,0,0,1,0,차대차 - 추돌 - 진행중,안전운전불이행,건조,맑음,단일로 - 기타,승용,남,39세,상해없음,화물,남,41세,경상
2013120700100289,2013년 12월 7일 13시,토요일,대구광역시 달서구 상인동,경상사고,0,0,1,0,차대차 - 정면충돌,교차로운행방법위반,건조,맑음,교차로 - 교차로안,승용,여,44세,상해없음,이륜,남,21세,경상
2013120700100290,2013년 12월 7일 13시,토요일,대구광역시 달성군 현풍면,경상사고,0,0,1,0,차대차 - 기타,안전운전불이행,건조,맑음,교차로 - 교차로안,승용,남,79세,상해없음,화물,남,56세,경상
2013120700100291,2013년 12월 7일 13시,토요일,대구광역시 달서구 용산동,중상사고,0,1,0,0,차대차 - 측면직각충돌,신호위반,건조,맑음,교차로 - 교차로안,이륜,남,18세,중상,승용,여,49세,상해없음
2013120700100315,2013년 12월 7일 14시,토요일,대구광역시 남구 봉덕동,경상사고,0,0,1,0,차대사람 - 기타,안전운전불이행,건조,맑음,단일로 - 기타,승용,남,78세,상해없음,보행자,여,44세,경상
2013120700100317,2013년 12월 7일 14시,토요일,대구광역시 수성구 범어동,경상사고,0,0,1,0,차대차 - 기타,안전거리미확보,건조,맑음,교차로 - 교차로부근,승용,여,53세,상해없음,승합,남,31세,상해없음
2013120700100318,2013년 12월 7일 14시,토요일,대구광역시 달성군 구지면,중상사고,0,1,3,0,차대차 - 측면직각충돌,직진우회전진행방해,건조,맑음,교차로 - 교차로안,승용,여,32세,경상,승용,남,38세,중상
2013120700100319,2013년 12월 7일 14시,토요일,대구광역시 북구 산격동,경상사고,0,0,1,0,차대차 - 기타,직진우회전진행방해,건조,맑음,교차로 - 교차로안,승용,남,47세,상해없음,이륜,남,34세,경상
2013120700100345,2013년 12월 7일 15시,토요일,대구광역시 남구 봉덕동,경상사고,0,0,1,0,차대차 - 추돌 - 주정차중,기타,건조,맑음,단일로 - 기타,승용,남,43세,상해없음,화물,남,30세,경상
2013120700100346,2013년 12월 7일 15시,토요일,대구광역시 수성구 범물동,경상사고,0,0,3,0,차대차 - 기타,교차로운행방법위반,건조,맑음,교차로 - 교차로안,승용,남,35세,상해없음,승용,여,30세,경상
2013120700100347,2013년 12월 7일 15시,토요일,대구광역시 수성구 연호동,경상사고,0,0,1,0,차대차 - 기타,안전운전불이행,건조,맑음,단일로 - 기타,승용,남,45세,상해없음,화물,남,41세,상해없음
2013120700100348,2013년 12월 7일 15시,토요일,대구광역시 달서구 상인동,중상사고,0,1,0,0,차대사람 - 횡단중,안전운전불이행,건조,맑음,단일로 - 기타,승용,남,34세,상해없음,보행자,여,54세,중상
2013120700100349,2013년 12월 7일 15시,토요일,대구광역시 서구 비산동,중상사고,0,1,0,0,차대차 - 기타,안전운전불이행,건조,맑음,교차로 - 교차로안,승용,남,47세,상해없음,자전거,남,15세,중상
2013120700100350,2013년 12월 7일 15시,토요일,대구광역시 서구 이현동,경상사고,0,0,1,0,차대차 - 기타,안전운전불이행,건조,맑음,단일로 - 기타,승용,남,54세,상해없음,승용,남,29세,경상
2013120700100375,2013년 12월 7일 16시,토요일,대구광역시 달서구 월성동,중상사고,0,1,0,0,차대사람 - 기타,안전운전불이행,건조,맑음,교차로 - 교차로부근,화물,남,22세,상해없음,보행자,여,77세,중상
2013120700100408,2013년 12월 7일 17시,토요일,대구광역시 동구 신천동,경상사고,0,0,2,0,차대차 - 측면직각충돌,안전거리미확보,건조,맑음,단일로 - 기타,승용,남,29세,경상,승용,남,29세,경상
2013120700100409,2013년 12월 7일 17시,토요일,대구광역시 달서구 이곡동,경상사고,0,0,2,0,차대차 - 추돌 - 진행중,안전운전불이행,건조,맑음,단일로 - 기타,승용,남,51세,상해없음,승용,여,36세,경상
2013120700100410,2013년 12월 7일 17시,토요일,대구광역시 북구 매천동,중상사고,0,1,0,0,차대차 - 기타,안전운전불이행,건조,맑음,단일로 - 기타,승용,남,54세,상해없음,이륜,남,58세,중상
2013120700100448,2013년 12월 7일 18시,토요일,대구광역시 달서구 두류동,중상사고,0,1,0,0,차대차 - 추돌 - 주정차중,안전운전불이행,건조,맑음,단일로 - 기타,자전거,남,55세,중상,승용,남,31세,상해없음
2013120700100484,2013년 12월 7일 19시,토요일,대구광역시 달서구 두류동,중상사고,0,1,0,0,차대사람 - 횡단중,신호위반,건조,맑음,교차로 - 교차로안,승용,남,71세,기타불명,보행자,여,54세,중상
2013120700100513,2013년 12월 7일 20시,토요일,대구광역시 동구 용계동,경상사고,0,0,1,0,차대차 - 기타,안전운전불이행,건조,맑음,단일로 - 기타,화물,남,57세,상해없음,승용,남,30세,경상
2013120700100514,2013년 12월 7일 20시,토요일,대구광역시 수성구 범어동,중상사고,0,2,0,0,차대차 - 기타,기타,건조,맑음,단일로 - 기타,승합,남,58세,상해없음,이륜,남,19세,중상
2013120700100515,2013년 12월 7일 20시,토요일,대구광역시 수성구 범어동,중상사고,0,1,1,0,차대사람 - 횡단중,안전운전불이행,건조,맑음,단일로 - 기타,이륜,남,18세,경상,보행자,여,51세,중상
2013120700100535,2013년 12월 7일 21시,토요일,대구광역시 남구 대명동,중상사고,0,1,0,0,차대사람 - 기타,보행자보호의무위반,건조,맑음,단일로 - 기타,승용,남,25세,상해없음,보행자,남,6세,중상
2013120700100536,2013년 12월 7일 21시,토요일,대구광역시 북구 관음동,중상사고,0,1,0,0,차대차 - 정면충돌,직진우회전진행방해,건조,맑음,교차로 - 교차로안,이륜,남,69세,중상,승용,남,53세,상해없음
2013120700100565,2013년 12월 7일 22시,토요일,대구광역시 동구 방촌동,중상사고,0,1,0,0,차대사람 - 횡단중,안전운전불이행,건조,맑음,단일로 - 기타,승용,남,35세,상해없음,보행자,남,49세,중상
2013120700100566,2013년 12월 7일 22시,토요일,대구광역시 동구 지묘동,중상사고,0,1,0,0,차대차 - 기타,안전운전불이행,건조,맑음,교차로 - 교차로부근,승용,남,53세,상해없음,승용,여,65세,중상
2013120700100567,2013년 12월 7일 22시,토요일,대구광역시 달서구 본리동,사망사고,1,0,0,0,차대사람 - 횡단중,안전운전불이행,건조,맑음,단일로 - 기타,승용,남,52세,상해없음,보행자,남,43세,사망
2013120800100016,2013년 12월 8일 00시,일요일,대구광역시 동구 도학동,경상사고,0,0,2,0,차대차 - 기타,신호위반,건조,맑음,교차로 - 교차로안,승용,남,74세,상해없음,승용,남,40세,경상
2013120800100017,2013년 12월 8일 00시,일요일,대구광역시 동구 신암동,경상사고,0,0,4,0,차대차 - 추돌 - 주정차중,안전운전불이행,건조,맑음,단일로 - 기타,승용,남,40세,상해없음,승용,남,34세,경상
2013120800100018,2013년 12월 8일 00시,일요일,대구광역시 북구 침산동,중상사고,0,3,2,0,차대차 - 측면직각충돌,신호위반,건조,맑음,교차로 - 교차로안,승용,남,23세,상해없음,승용,남,46세,중상
2013120800100040,2013년 12월 8일 01시,일요일,대구광역시 달서구 대천동,경상사고,0,0,2,0,차대차 - 측면직각충돌,교차로운행방법위반,건조,맑음,교차로 - 교차로안,승용,남,33세,상해없음,화물,남,52세,경상
2013120800100041,2013년 12월 8일 01시,일요일,대구광역시 북구 구암동,경상사고,0,0,2,0,차대차 - 측면직각충돌,안전운전불이행,건조,맑음,단일로 - 기타,승용,남,57세,경상,승용,남,63세,경상
2013120800100062,2013년 12월 8일 02시,일요일,대구광역시 북구 태전동,경상사고,0,0,1,0,차대차 - 추돌 - 주정차중,안전운전불이행,건조,맑음,교차로 - 교차로부근,승용,남,57세,상해없음,승용,남,23세,경상
2013120800100100,2013년 12월 8일 05시,일요일,대구광역시 중구 삼덕동1가,경상사고,0,0,2,0,차대차 - 추돌 - 주정차중,안전운전불이행,건조,맑음,교차로 - 교차로부근,이륜,남,30세,상해없음,승용,남,53세,경상
2013120800100118,2013년 12월 8일 06시,일요일,대구광역시 동구 신기동,중상사고,0,1,0,0,차량단독 - 공작물충돌,안전운전불이행,건조,맑음,단일로 - 기타,원동기,남,18세,중상,,,,
2013120800100119,2013년 12월 8일 06시,일요일,대구광역시 달서구 성당동,부상신고사고,0,0,0,1,차대차 - 추돌 - 주정차중,안전운전불이행,건조,맑음,단일로 - 기타,이륜,남,20세,부상신고,화물,남,58세,상해없음
2013120800100145,2013년 12월 8일 08시,일요일,대구광역시 수성구 중동,경상사고,0,0,2,0,차대차 - 기타,안전운전불이행,건조,맑음,교차로 - 교차로부근,승용,남,34세,상해없음,승용,여,46세,경상
2013120800100146,2013년 12월 8일 08시,일요일,대구광역시 달성군 현풍면,중상사고,0,1,1,0,차대차 - 기타,차로위반,건조,맑음,단일로 - 기타,화물,남,68세,상해없음,승합,남,35세,상해없음
2013120800100174,2013년 12월 8일 10시,일요일,대구광역시 남구 대명동,경상사고,0,0,1,0,차대사람 - 기타,안전운전불이행,건조,맑음,교차로 - 교차로부근,승용,남,52세,상해없음,보행자,남,55세,경상
2013120800100175,2013년 12월 8일 10시,일요일,대구광역시 달서구 월성동,중상사고,0,1,0,0,차대사람 - 횡단중,안전운전불이행,건조,맑음,교차로 - 교차로부근,승용,남,43세,상해없음,보행자,여,70세,중상
2013120800100190,2013년 12월 8일 11시,일요일,대구광역시 동구 용계동,경상사고,0,0,2,0,차대차 - 기타,교차로운행방법위반,건조,맑음,교차로 - 교차로부근,승용,남,53세,상해없음,승용,남,26세,경상
2013120800100226,2013년 12월 8일 13시,일요일,대구광역시 달서구 상인동,경상사고,0,0,2,0,차대사람 - 기타,안전운전불이행,건조,맑음,단일로 - 기타,승합,남,41세,상해없음,보행자,남,10세,경상
2013120800100227,2013년 12월 8일 13시,일요일,대구광역시 북구 산격동,부상신고사고,0,0,0,1,차대차 - 기타,안전운전불이행,건조,맑음,교차로 - 교차로안,승용,남,40세,상해없음,승용,여,50세,부상신고
2013120800100228,2013년 12월 8일 13시,일요일,대구광역시 달서구 장기동,경상사고,0,0,1,0,차대차 - 기타,안전운전불이행,건조,맑음,교차로 - 교차로안,승용,남,65세,상해없음,원동기,남,43세,경상
2013120800100262,2013년 12월 8일 14시,일요일,대구광역시 달서구 송현동,부상신고사고,0,0,0,2,차대차 - 측면직각충돌,안전운전불이행,건조,맑음,교차로 - 교차로부근,승용,남,41세,상해없음,이륜,남,28세,부상신고
2013120800100263,2013년 12월 8일 14시,일요일,대구광역시 중구 남산동,경상사고,0,0,1,0,차대차 - 기타,안전거리미확보,건조,맑음,교차로 - 교차로안,승용,남,39세,상해없음,승합,남,54세,상해없음
2013120800100290,2013년 12월 8일 15시,일요일,대구광역시 동구 지저동,경상사고,0,0,2,0,차대차 - 추돌 - 진행중,안전운전불이행,건조,맑음,교차로 - 교차로부근,승용,남,51세,상해없음,승용,남,35세,경상
2013120800100291,2013년 12월 8일 15시,일요일,대구광역시 동구 방촌동,경상사고,0,0,1,0,차대사람 - 기타,안전운전불이행,건조,맑음,단일로 - 기타,승용,여,60세,상해없음,보행자,남,69세,경상
2013120800100322,2013년 12월 8일 16시,일요일,대구광역시 북구 산격동,부상신고사고,0,0,0,1,차대사람 - 기타,안전운전불이행,건조,맑음,기타 - 기타,자전거,남,50세,부상신고,보행자,남,56세,상해없음
2013120800100353,2013년 12월 8일 17시,일요일,대구광역시 중구 삼덕동1가,부상신고사고,0,0,0,1,차대사람 - 기타,안전운전불이행,건조,맑음,교차로 - 교차로안,기타불명,기타불명,기타불명,기타불명,보행자,남,25세,부상신고
2013120800100354,2013년 12월 8일 17시,일요일,대구광역시 북구 동변동,경상사고,0,0,1,0,차대차 - 기타,안전운전불이행,건조,맑음,단일로 - 기타,승용,여,37세,상해없음,화물,남,49세,기타불명
2013120800100400,2013년 12월 8일 18시,일요일,대구광역시 북구 침산동,경상사고,0,0,1,1,차대차 - 추돌 - 진행중,안전운전불이행,건조,맑음,교차로 - 교차로안,승용,남,26세,부상신고,승용,남,58세,경상
2013120800100437,2013년 12월 8일 19시,일요일,대구광역시 동구 효목동,경상사고,0,0,3,0,차대차 - 추돌 - 진행중,안전거리미확보,건조,맑음,단일로 - 기타,승용,남,44세,상해없음,승용,남,27세,상해없음
2013120800100438,2013년 12월 8일 19시,일요일,대구광역시 달서구 상인동,경상사고,0,0,1,0,차대사람 - 기타,안전운전불이행,건조,맑음,단일로 - 기타,승용,남,31세,상해없음,보행자,남,45세,경상
2013120800100439,2013년 12월 8일 19시,일요일,대구광역시 서구 원대동1가,중상사고,0,1,0,0,차대차 - 측면직각충돌,교차로운행방법위반,건조,맑음,교차로 - 교차로안,승용,남,42세,상해없음,이륜,남,66세,중상
2013120800100440,2013년 12월 8일 19시,일요일,대구광역시 달서구 신당동,경상사고,0,0,1,0,차대사람 - 기타,기타,건조,맑음,단일로 - 기타,승용,남,27세,기타불명,보행자,여,21세,경상
2013120800100464,2013년 12월 8일 20시,일요일,대구광역시 북구 노원동2가,경상사고,0,0,2,0,차대차 - 기타,교차로운행방법위반,건조,맑음,단일로 - 기타,승용,남,49세,상해없음,원동기,여,37세,경상
2013120800100465,2013년 12월 8일 20시,일요일,대구광역시 달서구 용산동,경상사고,0,0,1,0,차대차 - 추돌 - 주정차중,안전운전불이행,건조,맑음,단일로 - 기타,승용,남,33세,상해없음,승용,남,32세,경상
2013120800100484,2013년 12월 8일 21시,일요일,대구광역시 달서구 용산동,중상사고,0,1,0,0,차대차 - 측면직각충돌,교차로운행방법위반,건조,흐림,교차로 - 교차로안,이륜,남,43세,중상,승용,남,49세,상해없음
2013120800100499,2013년 12월 8일 22시,일요일,대구광역시 달성군 화원읍,부상신고사고,0,0,0,1,차대사람 - 보도통행중,신호위반,건조,맑음,단일로 - 횡단보도상,승용,기타불명,기타불명,기타불명,보행자,남,23세,부상신고
2013120800100500,2013년 12월 8일 22시,일요일,대구광역시 서구 내당동,경상사고,0,0,1,0,차대차 - 기타,안전거리미확보,건조,맑음,단일로 - 기타,이륜,남,29세,경상,승용,남,42세,상해없음
2013120800100501,2013년 12월 8일 22시,일요일,대구광역시 중구 동인동2가,중상사고,0,1,1,1,차대차 - 측면직각충돌,신호위반,건조,맑음,교차로 - 교차로안,승용,남,28세,부상신고,승용,남,44세,경상
2013120900100011,2013년 12월 9일 00시,월요일,대구광역시 서구 평리동,경상사고,0,0,2,0,차대차 - 측면직각충돌,신호위반,건조,맑음,교차로 - 교차로안,승용,남,55세,상해없음,승용,남,44세,경상
2013120900100020,2013년 12월 9일 01시,월요일,대구광역시 북구 복현동,중상사고,0,1,0,0,차대차 - 측면직각충돌,직진우회전진행방해,건조,맑음,단일로 - 기타,승용,남,41세,상해없음,원동기,남,23세,중상
2013120900100026,2013년 12월 9일 02시,월요일,대구광역시 수성구 신매동,중상사고,0,1,0,0,차대사람 - 횡단중,안전운전불이행,건조,맑음,단일로 - 기타,승용,남,69세,상해없음,보행자,남,27세,중상