사고번호,사고일시,요일,시군구,사고내용,사망자수,중상자수,경상자수,부상신고자수,사고유형,법규위반,노면상태,기상상태,도로형태,가해운전자 차종,가해운전자 성별,가해운전자 연령,가해운전자 상해정도,피해운전자 차종,피해운전자 성별,피해운전자 연령,피해운전자 상해정도
2013121200100139,2013년 12월 12일 08시,목요일,대구광역시 북구 국우동,경상사고,0,0,1,0,차대차 - 측면직각충돌,안전운전불이행,건조,맑음,교차로 - 교차로안,승용,여,31세,상해없음,승용,남,41세,경상
2013121200100193,2013년 12월 12일 10시,목요일,대구광역시 북구 침산동,중상사고,0,1,1,0,차대차 - 추돌 - 진행중,안전운전불이행,건조,맑음,단일로 - 기타,화물,남,43세,상해없음,승용,여,51세,중상
2013121200100194,2013년 12월 12일 10시,목요일,대구광역시 달서구 성당동,경상사고,0,0,1,0,차대사람 - 기타,기타,건조,맑음,단일로 - 기타,승합,남,51세,기타불명,보행자,여,61세,경상
2013121200100213,2013년 12월 12일 11시,목요일,대구광역시 달성군 유가면,중상사고,0,1,0,0,차대차 - 측면직각충돌,교차로운행방법위반,건조,맑음,교차로 - 교차로안,건설기계,남,61세,상해없음,승용,남,37세,중상
2013121200100214,2013년 12월 12일 11시,목요일,대구광역시 달서구 장기동,경상사고,0,0,1,0,차대차 - 측면직각충돌,안전운전불이행,건조,흐림,단일로 - 기타,화물,남,43세,상해없음,이륜,남,48세,경상
2013121200100261,2013년 12월 12일 13시,목요일,대구광역시 서구 내당동,경상사고,0,0,1,1,차대차 - 측면직각충돌,안전운전불이행,건조,맑음,단일로 - 기타,화물,남,35세,상해없음,원동기,남,22세,경상
2013121200100262,2013년 12월 12일 13시,목요일,대구광역시 중구 남산동,경상사고,0,0,1,0,차대차 - 기타,안전운전불이행,건조,맑음,단일로 - 기타,승용,남,63세,상해없음,자전거,남,81세,경상
2013121200100290,2013년 12월 12일 14시,목요일,대구광역시 중구 삼덕동2가,경상사고,0,0,1,0,차대사람 - 기타,안전운전불이행,건조,맑음,단일로 - 기타,승용,여,36세,상해없음,보행자,여,27세,경상
2013121200100308,2013년 12월 12일 15시,목요일,대구광역시 수성구 범어동,중상사고,0,1,0,0,차대차 - 기타,안전거리미확보,건조,맑음,단일로 - 기타,승용,여,58세,상해없음,이륜,남,58세,중상
2013121200100334,2013년 12월 12일 16시,목요일,대구광역시 동구 용계동,중상사고,0,1,0,0,차대차 - 기타,안전거리미확보,건조,맑음,단일로 - 기타,승용,남,45세,상해없음,승합,남,47세,기타불명
2013121200100335,2013년 12월 12일 16시,목요일,대구광역시 달성군 화원읍,부상신고사고,0,0,0,1,차대차 - 측면직각충돌,안전운전불이행,건조,맑음,단일로 - 기타,자전거,남,69세,부상신고,승용,남,65세,상해없음
2013121200100336,2013년 12월 12일 16시,목요일,대구광역시 달서구 용산동,경상사고,0,0,1,0,차대차 - 기타,안전거리미확보,건조,맑음,단일로 - 기타,승용,여,54세,상해없음,이륜,남,72세,경상
2013121200100365,2013년 12월 12일 17시,목요일,대구광역시 수성구 매호동,경상사고,0,0,1,0,차대사람 - 기타,안전운전불이행,건조,맑음,단일로 - 기타,승용,여,57세,상해없음,보행자,남,13세,경상
2013121200100366,2013년 12월 12일 17시,목요일,대구광역시 달서구 대천동,경상사고,0,0,2,0,차대차 - 정면충돌,안전운전불이행,건조,맑음,단일로 - 기타,승용,남,55세,상해없음,승용,여,20세,경상
2013121200100367,2013년 12월 12일 17시,목요일,대구광역시 중구 북성로1가,중상사고,0,1,0,0,차대차 - 측면직각충돌,안전운전불이행,건조,맑음,단일로 - 기타,이륜,남,57세,중상,화물,남,43세,상해없음
2013121200100400,2013년 12월 12일 18시,목요일,대구광역시 남구 봉덕동,중상사고,0,1,0,0,차대사람 - 기타,보행자보호의무위반,건조,맑음,단일로 - 기타,승용,남,48세,상해없음,보행자,남,50세,중상
2013121200100401,2013년 12월 12일 18시,목요일,대구광역시 달서구 본동,중상사고,0,1,0,0,차대사람 - 횡단중,안전운전불이행,건조,맑음,단일로 - 기타,승용,남,27세,상해없음,보행자,남,55세,중상
2013121200100402,2013년 12월 12일 18시,목요일,대구광역시 북구 서변동,경상사고,0,0,3,0,차대차 - 측면직각충돌,안전운전불이행,건조,맑음,기타 - 기타,화물,남,31세,상해없음,승용,여,46세,경상
2013121200100424,2013년 12월 12일 19시,목요일,대구광역시 동구 방촌동,부상신고사고,0,0,0,1,차대차 - 기타,중앙선침범,건조,맑음,교차로 - 교차로부근,자전거,여,45세,부상신고,승합,남,47세,상해없음
2013121200100425,2013년 12월 12일 19시,목요일,대구광역시 수성구 신매동,경상사고,0,0,1,0,차대차 - 추돌 - 진행중,안전운전불이행,건조,맑음,단일로 - 기타,승용,남,53세,상해없음,이륜,남,33세,경상
2013121200100426,2013년 12월 12일 19시,목요일,대구광역시 북구 노원동3가,중상사고,0,1,0,0,차대차 - 기타,안전운전불이행,건조,맑음,교차로 - 교차로부근,승용,남,47세,상해없음,이륜,남,44세,중상
2013121200100427,2013년 12월 12일 19시,목요일,대구광역시 중구 남산동,경상사고,0,0,3,0,차대차 - 추돌 - 주정차중,안전거리미확보,건조,맑음,단일로 - 기타,승용,남,30세,상해없음,승용,남,48세,경상
2013121200100428,2013년 12월 12일 19시,목요일,대구광역시 중구 남산동,경상사고,0,0,1,0,차대차 - 측면직각충돌,안전거리미확보,건조,맑음,단일로 - 기타,승용,남,57세,상해없음,이륜,남,22세,경상
2013121200100429,2013년 12월 12일 19시,목요일,대구광역시 북구 동천동,경상사고,0,0,2,0,차대차 - 추돌 - 주정차중,안전운전불이행,건조,맑음,단일로 - 교량,승용,남,48세,상해없음,승용,남,33세,경상
2013121200100452,2013년 12월 12일 20시,목요일,대구광역시 달서구 장동,경상사고,0,0,1,0,차대차 - 기타,안전거리미확보,건조,흐림,단일로 - 기타,승용,남,49세,상해없음,이륜,남,23세,경상
2013121200100453,2013년 12월 12일 20시,목요일,대구광역시 북구 읍내동,경상사고,0,0,1,0,차대사람 - 기타,안전운전불이행,건조,맑음,단일로 - 기타,승용,남,58세,기타불명,보행자,여,48세,경상
2013121200100495,2013년 12월 12일 21시,목요일,대구광역시 동구 봉무동,중상사고,0,1,0,0,차대차 - 측면직각충돌,신호위반,습기,흐림,교차로 - 교차로안,승용,남,38세,상해없음,이륜,남,17세,중상
2013121200100496,2013년 12월 12일 21시,목요일,대구광역시 수성구 황금동,경상사고,0,0,5,0,차대차 - 기타,안전운전불이행,건조,맑음,교차로 - 교차로부근,승용,여,46세,경상,승용,남,43세,경상
2013121200100497,2013년 12월 12일 21시,목요일,대구광역시 달성군 논공읍,중상사고,0,2,0,0,차대차 - 측면직각충돌,교차로운행방법위반,건조,맑음,교차로 - 교차로안,화물,남,46세,상해없음,원동기,남,44세,중상
2013121200100498,2013년 12월 12일 21시,목요일,대구광역시 달서구 파호동,경상사고,0,0,1,0,차대차 - 측면직각충돌,교차로운행방법위반,건조,흐림,교차로 - 교차로안,승용,남,51세,상해없음,승용,남,42세,경상
2013121200100528,2013년 12월 12일 22시,목요일,대구광역시 수성구 두산동,경상사고,0,0,5,0,차대차 - 측면직각충돌,안전운전불이행,건조,맑음,단일로 - 기타,승용,남,62세,경상,승용,남,32세,경상
2013121200100529,2013년 12월 12일 22시,목요일,대구광역시 달서구 성당동,부상신고사고,0,0,0,1,차대사람 - 횡단중,안전운전불이행,건조,흐림,단일로 - 기타,승용,남,33세,상해없음,보행자,남,38세,부상신고
2013121200100530,2013년 12월 12일 22시,목요일,대구광역시 달서구 장기동,중상사고,0,1,0,0,차대차 - 추돌 - 진행중,안전거리미확보,습기,비,단일로 - 기타,승용,남,63세,상해없음,자전거,남,70세,중상
2013121200100531,2013년 12월 12일 22시,목요일,대구광역시 북구 읍내동,경상사고,0,0,1,1,차대차 - 기타,안전거리미확보,건조,맑음,단일로 - 기타,자전거,남,64세,부상신고,이륜,남,18세,경상
2013121200100557,2013년 12월 12일 23시,목요일,대구광역시 동구 신암동,중상사고,0,1,0,0,차대사람 - 보도통행중,신호위반,습기,비,단일로 - 기타,화물,남,49세,상해없음,보행자,남,18세,중상
2013121200100558,2013년 12월 12일 23시,목요일,대구광역시 달서구 대곡동,경상사고,0,0,1,0,차대차 - 기타,안전운전불이행,건조,맑음,단일로 - 기타,승용,남,57세,상해없음,이륜,남,17세,경상
2013121200100559,2013년 12월 12일 23시,목요일,대구광역시 북구 고성동1가,중상사고,0,1,0,0,차대사람 - 차도통행중,안전운전불이행,습기,비,단일로 - 기타,승용,기타불명,기타불명,기타불명,보행자,남,46세,중상
2013121200100560,2013년 12월 12일 23시,목요일,대구광역시 중구 남산동,경상사고,0,0,1,0,차대차 - 추돌 - 주정차중,안전운전불이행,습기,비,교차로 - 교차로부근,승용,남,38세,상해없음,승용,남,60세,경상
2013121300100017,2013년 12월 13일 00시,금요일,대구광역시 북구 산격동,경상사고,0,0,2,0,차대차 - 기타,안전운전불이행,습기,비,단일로 - 기타,승용,남,49세,상해없음,승용,남,49세,경상
2013121300100018,2013년 12월 13일 00시,금요일,대구광역시 달서구 신당동,경상사고,0,0,1,0,차대사람 - 횡단중,안전운전불이행,습기,비,단일로 - 기타,이륜,남,17세,상해없음,보행자,남,21세,경상
2013121300100031,2013년 12월 13일 01시,금요일,대구광역시 북구 산격동,경상사고,0,0,1,0,차대사람 - 횡단중,중앙선침범,습기,비,단일로 - 기타,승용,남,56세,상해없음,보행자,남,24세,경상
2013121300100085,2013년 12월 13일 07시,금요일,대구광역시 서구 내당동,중상사고,0,1,1,0,차대차 - 추돌 - 주정차중,안전거리미확보,건조,맑음,단일로 - 기타,승용,남,31세,상해없음,승용,남,55세,경상
2013121300100086,2013년 12월 13일 07시,금요일,대구광역시 서구 비산동,경상사고,0,0,1,0,차대차 - 측면직각충돌,교차로운행방법위반,건조,맑음,교차로 - 교차로안,승용,남,46세,상해없음,승용,여,49세,경상
2013121300100114,2013년 12월 13일 08시,금요일,대구광역시 달서구 상인동,중상사고,0,1,0,0,차대사람 - 횡단중,안전운전불이행,건조,맑음,교차로 - 교차로안,화물,남,40세,상해없음,보행자,여,13세,중상
2013121300100115,2013년 12월 13일 08시,금요일,대구광역시 달서구 상인동,경상사고,0,0,1,0,차대차 - 기타,교차로운행방법위반,건조,맑음,교차로 - 교차로안,승용,여,51세,상해없음,화물,남,28세,경상
2013121300100190,2013년 12월 13일 11시,금요일,대구광역시 남구 대명동,경상사고,0,0,2,0,차대차 - 추돌 - 진행중,안전운전불이행,건조,맑음,단일로 - 기타,승용,여,49세,상해없음,승용,남,28세,경상
2013121300100209,2013년 12월 13일 12시,금요일,대구광역시 남구 봉덕동,경상사고,0,0,1,0,차대차 - 정면충돌,중앙선침범,건조,맑음,단일로 - 기타,승용,남,25세,상해없음,화물,남,36세,경상
2013121300100210,2013년 12월 13일 12시,금요일,대구광역시 동구 신기동,경상사고,0,0,1,0,차대차 - 기타,교차로운행방법위반,건조,맑음,단일로 - 횡단보도상,화물,남,56세,상해없음,자전거,여,65세,경상
2013121300100236,2013년 12월 13일 13시,금요일,대구광역시 수성구 수성동1가,중상사고,0,1,2,0,차대차 - 측면직각충돌,신호위반,건조,맑음,교차로 - 교차로안,화물,남,27세,상해없음,승용,여,57세,중상
2013121300100263,2013년 12월 13일 14시,금요일,대구광역시 수성구 황금동,경상사고,0,0,1,0,차대차 - 추돌 - 주정차중,안전운전불이행,건조,맑음,단일로 - 기타,승용,남,63세,상해없음,승용,여,45세,경상
2013121300100294,2013년 12월 13일 15시,금요일,대구광역시 서구 내당동,중상사고,0,1,0,0,차대차 - 기타,안전운전불이행,건조,맑음,단일로 - 기타,승합,남,34세,상해없음,자전거,여,70세,중상
2013121300100322,2013년 12월 13일 16시,금요일,대구광역시 동구 서호동,경상사고,0,0,1,0,차대차 - 추돌 - 주정차중,안전운전불이행,건조,맑음,단일로 - 기타,승용,여,54세,상해없음,승용,남,24세,경상
2013121300100359,2013년 12월 13일 17시,금요일,대구광역시 북구 고성동1가,중상사고,0,1,1,0,차대사람 - 횡단중,중앙선침범,건조,맑음,단일로 - 기타,이륜,남,63세,상해없음,보행자,남,33세,경상
2013121300100400,2013년 12월 13일 18시,금요일,대구광역시 수성구 황금동,중상사고,0,1,0,0,차량단독 - 기타,안전운전불이행,건조,맑음,단일로 - 기타,승합,남,51세,상해없음,,,,
2013121300100401,2013년 12월 13일 18시,금요일,대구광역시 북구 노원동1가,경상사고,0,0,3,0,차대차 - 기타,안전거리미확보,건조,맑음,단일로 - 기타,승용,남,60세,상해없음,승용,여,47세,경상
2013121300100402,2013년 12월 13일 18시,금요일,대구광역시 서구 비산동,경상사고,0,0,1,0,차대차 - 추돌 - 주정차중,교차로운행방법위반,건조,맑음,교차로 - 교차로안,화물,남,63세,상해없음,이륜,남,21세,경상
2013121300100429,2013년 12월 13일 19시,금요일,대구광역시 동구 신암동,중상사고,0,1,2,0,차대차 - 측면직각충돌,교차로운행방법위반,건조,맑음,교차로 - 교차로안,승용,남,27세,상해없음,승합,남,48세,상해없음
2013121300100430,2013년 12월 13일 19시,금요일,대구광역시 달서구 본동,부상신고사고,0,0,0,1,차대차 - 측면직각충돌,안전운전불이행,건조,맑음,기타 - 기타,이륜,남,22세,부상신고,승용,여,39세,상해없음
2013121300100432,2013년 12월 13일 19시,금요일,대구광역시 중구 대봉동,경상사고,0,0,1,0,차대사람 - 기타,안전운전불이행,건조,맑음,단일로 - 기타,승용,남,54세,상해없음,보행자,남,26세,경상
2013121300100458,2013년 12월 13일 20시,금요일,대구광역시 수성구 만촌동,경상사고,0,0,1,0,차대차 - 추돌 - 진행중,안전운전불이행,건조,맑음,단일로 - 기타,화물,남,60세,상해없음,승용,여,51세,경상
2013121300100459,2013년 12월 13일 20시,금요일,대구광역시 달서구 성당동,경상사고,0,0,1,0,차대차 - 기타,안전운전불이행,건조,맑음,단일로 - 기타,승용,남,60세,상해없음,승용,남,28세,상해없음
2013121300100484,2013년 12월 13일 21시,금요일,대구광역시 달서구 유천동,경상사고,0,0,1,0,차대차 - 기타,교차로운행방법위반,건조,맑음,교차로 - 교차로안,승용,남,51세,상해없음,이륜,남,31세,경상
2013121300100485,2013년 12월 13일 21시,금요일,대구광역시 북구 동천동,경상사고,0,0,2,0,차대차 - 측면직각충돌,신호위반,건조,맑음,교차로 - 교차로안,승용,남,31세,상해없음,승용,남,44세,상해없음
2013121300100513,2013년 12월 13일 22시,금요일,대구광역시 달서구 본동,경상사고,0,0,1,0,차대차 - 측면직각충돌,중앙선침범,건조,맑음,교차로 - 교차로부근,승용,여,57세,상해없음,원동기,남,17세,경상
2013121300100544,2013년 12월 13일 23시,금요일,대구광역시 북구 동천동,중상사고,0,1,0,0,차대차 - 측면직각충돌,차로위반,건조,맑음,교차로 - 교차로부근,승용,여,42세,상해없음,이륜,남,16세,중상
2013121400100021,2013년 12월 14일 00시,토요일,대구광역시 수성구 수성동1가,부상신고사고,0,0,0,1,차대차 - 측면직각충돌,안전거리미확보,건조,맑음,단일로 - 기타,승용,남,50세,상해없음,승용,남,58세,부상신고
2013121400100022,2013년 12월 14일 00시,토요일,대구광역시 달서구 본동,경상사고,0,0,1,1,차대차 - 측면직각충돌,직진우회전진행방해,건조,맑음,교차로 - 교차로안,승용,남,46세,부상신고,이륜,남,18세,경상
2013121400100023,2013년 12월 14일 00시,토요일,대구광역시 달서구 송현동,중상사고,0,1,1,0,차대차 - 기타,교차로운행방법위반,건조,맑음,교차로 - 교차로안,승용,여,58세,경상,승용,여,54세,중상
2013121400100024,2013년 12월 14일 00시,토요일,대구광역시 달서구 장동,경상사고,0,0,4,0,차대차 - 기타,신호위반,건조,맑음,교차로 - 교차로안,승용,남,69세,경상,승용,남,53세,경상
2013121400100066,2013년 12월 14일 02시,토요일,대구광역시 북구 관음동,경상사고,0,0,3,0,차대차 - 측면직각충돌,신호위반,건조,맑음,교차로 - 교차로안,승용,남,22세,상해없음,승용,남,55세,경상
2013121400100067,2013년 12월 14일 02시,토요일,대구광역시 북구 동천동,중상사고,0,1,0,0,차대차 - 측면직각충돌,안전운전불이행,건조,맑음,기타 - 기타,승용,남,23세,상해없음,승용,남,48세,중상
2013121400100092,2013년 12월 14일 03시,토요일,대구광역시 동구 동호동,경상사고,0,0,2,0,차대차 - 추돌 - 진행중,안전운전불이행,건조,맑음,교차로 - 교차로부근,승용,남,26세,상해없음,승용,남,34세,경상
2013121400100115,2013년 12월 14일 05시,토요일,대구광역시 달서구 송현동,경상사고,0,0,2,0,차대차 - 기타,신호위반,건조,맑음,교차로 - 교차로안,승용,남,30세,상해없음,승용,남,75세,경상
2013121400100143,2013년 12월 14일 07시,토요일,대구광역시 달서구 갈산동,경상사고,0,0,1,0,차대차 - 측면직각충돌,불법유턴,습기,눈,단일로 - 기타,자전거,여,32세,경상,승용,남,35세,상해없음
2013121400100166,2013년 12월 14일 08시,토요일,대구광역시 동구 신천동,중상사고,0,2,1,0,차대차 - 기타,중앙선침범,결빙,눈,단일로 - 기타,승용,남,36세,상해없음,승용,남,63세,중상
2013121400100167,2013년 12월 14일 08시,토요일,대구광역시 수성구 두산동,경상사고,0,0,1,0,차량단독 - 기타,안전운전불이행,결빙,맑음,단일로 - 교량,승용,남,55세,상해없음,,,,
2013121400100168,2013년 12월 14일 08시,토요일,대구광역시 달서구 본리동,경상사고,0,0,1,0,차대사람 - 보도통행중,기타,결빙,눈,단일로 - 기타,화물,남,57세,상해없음,보행자,여,52세,경상
2013121400100196,2013년 12월 14일 09시,토요일,대구광역시 남구 대명동,경상사고,0,0,2,1,차대차 - 측면직각충돌,교차로운행방법위반,적설,눈,교차로 - 교차로안,승용,남,32세,상해없음,승용,남,42세,경상
2013121400100197,2013년 12월 14일 09시,토요일,대구광역시 수성구 가천동,경상사고,0,0,1,0,차량단독 - 기타,안전운전불이행,결빙,눈,단일로 - 기타,승용,남,53세,상해없음,,,,
2013121400100198,2013년 12월 14일 09시,토요일,대구광역시 달성군 화원읍,경상사고,0,0,1,0,차대차 - 측면직각충돌,안전운전불이행,건조,맑음,단일로 - 기타,승용,남,51세,상해없음,승용,남,59세,경상
2013121400100199,2013년 12월 14일 09시,토요일,대구광역시 달서구 죽전동,중상사고,0,1,0,0,차대사람 - 횡단중,안전운전불이행,습기,맑음,단일로 - 횡단보도상,화물,남,61세,상해없음,보행자,여,37세,중상
2013121400100200,2013년 12월 14일 09시,토요일,대구광역시 달서구 신당동,경상사고,0,0,1,0,차대차 - 추돌 - 주정차중,안전운전불이행,건조,맑음,단일로 - 기타,승용,남,44세,상해없음,승용,남,42세,경상
2013121400100221,2013년 12월 14일 10시,토요일,대구광역시 남구 대명동,경상사고,0,0,1,0,차대차 - 측면직각충돌,중앙선침범,결빙,맑음,단일로 - 기타,승용,여,55세,상해없음,승용,남,23세,경상
2013121400100222,2013년 12월 14일 10시,토요일,대구광역시 동구 신암동,경상사고,0,0,1,0,차대차 - 기타,안전운전불이행,건조,맑음,교차로 - 교차로안,승용,남,27세,상해없음,승용,남,55세,경상
2013121400100223,2013년 12월 14일 10시,토요일,대구광역시 동구 입석동,경상사고,0,0,1,0,차대사람 - 차도통행중,안전운전불이행,적설,눈,단일로 - 기타,승용,남,32세,상해없음,보행자,남,8세,경상
2013121400100240,2013년 12월 14일 11시,토요일,대구광역시 수성구 범어동,중상사고,0,1,0,0,차대차 - 추돌 - 주정차중,안전운전불이행,건조,맑음,단일로 - 기타,승합,남,22세,상해없음,승용,남,71세,중상
2013121400100241,2013년 12월 14일 11시,토요일,대구광역시 북구 국우동,경상사고,0,0,2,0,차대차 - 추돌 - 진행중,안전운전불이행,건조,맑음,단일로 - 기타,승용,남,30세,상해없음,승용,여,51세,경상
2013121400100267,2013년 12월 14일 12시,토요일,대구광역시 달서구 본동,경상사고,0,0,1,0,차대차 - 추돌 - 주정차중,안전운전불이행,건조,맑음,교차로 - 교차로부근,화물,기타불명,기타불명,기타불명,승용,남,61세,경상
2013121400100302,2013년 12월 14일 13시,토요일,대구광역시 수성구 수성동3가,경상사고,0,0,1,0,차대차 - 추돌 - 주정차중,안전운전불이행,건조,맑음,교차로 - 교차로안,승용,남,55세,상해없음,승용,남,57세,경상
2013121400100303,2013년 12월 14일 13시,토요일,대구광역시 달서구 상인동,중상사고,0,1,0,0,차대사람 - 횡단중,보행자보호의무위반,건조,맑음,단일로 - 횡단보도상,승용,남,34세,상해없음,보행자,남,18세,중상
2013121400100327,2013년 12월 14일 14시,토요일,대구광역시 달성군 유가면,중상사고,0,1,0,0,차대차 - 측면직각충돌,직진우회전진행방해,건조,맑음,교차로 - 교차로안,승용,여,51세,상해없음,화물,남,65세,중상
2013121400100328,2013년 12월 14일 14시,토요일,대구광역시 북구 관음동,경상사고,0,0,1,0,차대차 - 추돌 - 진행중,직진우회전진행방해,건조,맑음,교차로 - 교차로안,승용,남,53세,상해없음,승용,여,22세,경상
2013121400100353,2013년 12월 14일 15시,토요일,대구광역시 수성구 가천동,경상사고,0,0,1,0,차대차 - 측면직각충돌,안전운전불이행,건조,맑음,단일로 - 기타,승용,여,44세,상해없음,화물,남,39세,경상
2013121400100354,2013년 12월 14일 15시,토요일,대구광역시 수성구 중동,경상사고,0,0,1,0,차대차 - 추돌 - 주정차중,안전거리미확보,건조,맑음,교차로 - 교차로부근,승용,남,50세,상해없음,승용,남,42세,경상
2013121400100369,2013년 12월 14일 16시,토요일,대구광역시 동구 신암동,경상사고,0,0,1,0,차대차 - 추돌 - 진행중,안전거리미확보,건조,맑음,단일로 - 기타,승용,남,45세,상해없음,승용,여,47세,경상
2013121400100395,2013년 12월 14일 17시,토요일,대구광역시 달서구 송현동,경상사고,0,0,2,0,차대차 - 추돌 - 주정차중,안전운전불이행,건조,맑음,단일로 - 기타,승용,남,61세,상해없음,승용,남,44세,경상
2013121400100396,2013년 12월 14일 17시,토요일,대구광역시 북구 태전동,경상사고,0,0,1,0,차대차 - 추돌 - 주정차중,안전운전불이행,건조,맑음,단일로 - 기타,화물,남,74세,상해없음,승용,남,28세,경상
2013121400100425,2013년 12월 14일 18시,토요일,대구광역시 동구 괴전동,중상사고,0,1,0,0,차대차 - 추돌 - 진행중,안전운전불이행,건조,맑음,단일로 - 기타,승용,남,31세,상해없음,이륜,남,63세,중상
2013121400100426,2013년 12월 14일 18시,토요일,대구광역시 수성구 지산동,경상사고,0,0,1,0,차대사람 - 기타,안전운전불이행,건조,맑음,단일로 - 기타,승용,남,35세,상해없음,보행자,여,41세,경상
2013121400100427,2013년 12월 14일 18시,토요일,대구광역시 수성구 지산동,중상사고,0,1,0,0,차대사람 - 횡단중,보행자보호의무위반,건조,맑음,단일로 - 횡단보도상,승용,여,50세,상해없음,보행자,여,63세,중상
2013121400100453,2013년 12월 14일 19시,토요일,대구광역시 남구 대명동,중상사고,0,1,0,0,차대차 - 측면직각충돌,안전운전불이행,건조,맑음,교차로 - 교차로부근,승용,여,28세,상해없음,이륜,남,52세,중상
2013121400100454,2013년 12월 14일 19시,토요일,대구광역시 북구 매천동,중상사고,0,1,0,0,차대차 - 기타,차로위반,건조,맑음,단일로 - 기타,승용,남,33세,상해없음,승합,남,55세,상해없음
2013121400100479,2013년 12월 14일 20시,토요일,대구광역시 수성구 파동,중상사고,0,1,0,0,차대사람 - 횡단중,안전운전불이행,건조,맑음,교차로 - 교차로부근,승용,남,40세,상해없음,보행자,남,17세,중상
2013121400100480,2013년 12월 14일 20시,토요일,대구광역시 중구 동성로2가,경상사고,0,0,1,0,차대사람 - 기타,안전운전불이행,건조,맑음,단일로 - 기타,승용,남,36세,상해없음,보행자,남,28세,경상
2013121400100495,2013년 12월 14일 21시,토요일,대구광역시 수성구 지산동,경상사고,0,0,1,0,차대사람 - 차도통행중,안전운전불이행,건조,맑음,단일로 - 기타,승용,남,41세,상해없음,보행자,남,18세,경상
2013121400100519,2013년 12월 14일 22시,토요일,대구광역시 서구 이현동,경상사고,0,0,1,0,차대사람 - 횡단중,보행자보호의무위반,건조,맑음,교차로 - 교차로부근,승용,남,46세,상해없음,보행자,남,30세,경상
2013121400100520,2013년 12월 14일 22시,토요일,대구광역시 중구 덕산동,경상사고,0,0,4,0,차대차 - 기타,안전운전불이행,건조,맑음,단일로 - 기타,승용,남,23세,상해없음,승용,남,50세,경상
2013121500100021,2013년 12월 15일 00시,일요일,대구광역시 달서구 파호동,경상사고,0,0,2,1,차대차 - 추돌 - 진행중,안전운전불이행,건조,맑음,교차로 - 교차로부근,승용,남,29세,상해없음,승용,남,56세,경상
2013121500100044,2013년 12월 15일 01시,일요일,대구광역시 중구 남산동,경상사고,0,0,1,0,차대차 - 기타,안전거리미확보,건조,맑음,단일로 - 기타,승용,남,45세,상해없음,승용,남,54세,경상
2013121500100045,2013년 12월 15일 01시,일요일,대구광역시 중구 대봉동,경상사고,0,0,4,0,차대차 - 기타,안전거리미확보,건조,맑음,단일로 - 기타,승용,남,49세,상해없음,승용,남,48세,경상
2013121500100071,2013년 12월 15일 03시,일요일,대구광역시 달서구 본리동,부상신고사고,0,0,0,1,차대사람 - 기타,보행자보호의무위반,건조,맑음,단일로 - 횡단보도상,승용,남,52세,상해없음,보행자,여,25세,부상신고
2013121500100089,2013년 12월 15일 05시,일요일,대구광역시 서구 비산동,경상사고,0,0,2,0,차대차 - 추돌 - 진행중,안전운전불이행,건조,맑음,단일로 - 기타,승용,남,39세,상해없음,승용,남,25세,경상
2013121500100090,2013년 12월 15일 05시,일요일,대구광역시 중구 삼덕동1가,경상사고,0,0,1,0,차대사람 - 길가장자리구역통행중,신호위반,건조,맑음,단일로 - 기타,승용,남,37세,상해없음,보행자,남,21세,경상
2013121500100104,2013년 12월 15일 07시,일요일,대구광역시 수성구 시지동,경상사고,0,0,1,0,차대차 - 추돌 - 진행중,안전거리미확보,건조,맑음,단일로 - 기타,화물,기타불명,기타불명,기타불명,승용,여,45세,경상
2013121500100113,2013년 12월 15일 08시,일요일,대구광역시 북구 칠성동1가,중상사고,0,1,0,0,차대차 - 측면직각충돌,안전운전불이행,건조,맑음,교차로 - 교차로안,건설기계,남,48세,상해없음,자전거,남,53세,중상
2013121500100150,2013년 12월 15일 11시,일요일,대구광역시 수성구 황금동,경상사고,0,0,1,0,차대차 - 기타,안전거리미확보,건조,맑음,단일로 - 기타,기타불명,기타불명,기타불명,기타불명,이륜,남,26세,경상
2013121500100161,2013년 12월 15일 12시,일요일,대구광역시 서구 평리동,경상사고,0,0,1,0,차대차 - 측면직각충돌,교차로운행방법위반,건조,맑음,교차로 - 교차로안,이륜,남,17세,경상,승용,남,47세,상해없음
2013121500100177,2013년 12월 15일 13시,일요일,대구광역시 북구 칠성동1가,경상사고,0,0,1,0,차대차 - 측면직각충돌,불법유턴,건조,맑음,단일로 - 기타,승용,남,37세,상해없음,원동기,남,17세,경상
2013121500100203,2013년 12월 15일 14시,일요일,대구광역시 동구 지저동,경상사고,0,0,1,0,차대사람 - 기타,안전운전불이행,건조,맑음,단일로 - 기타,승용,남,28세,상해없음,보행자,여,21세,경상
2013121500100204,2013년 12월 15일 14시,일요일,대구광역시 동구 방촌동,경상사고,0,0,1,0,차대차 - 기타,안전운전불이행,건조,맑음,기타 - 기타,화물,남,48세,상해없음,승용,여,54세,경상
2013121500100205,2013년 12월 15일 14시,일요일,대구광역시 달서구 진천동,경상사고,0,0,1,0,차대차 - 측면직각충돌,안전운전불이행,건조,맑음,교차로 - 교차로부근,원동기,남,19세,경상,원동기,남,41세,상해없음