사고번호,사고일시,요일,시군구,사고내용,사망자수,중상자수,경상자수,부상신고자수,사고유형,법규위반,노면상태,기상상태,도로형태,가해운전자 차종,가해운전자 성별,가해운전자 연령,가해운전자 상해정도,피해운전자 차종,피해운전자 성별,피해운전자 연령,피해운전자 상해정도
2013121500100206,2013년 12월 15일 14시,일요일,대구광역시 달서구 상인동,부상신고사고,0,0,0,4,차대차 - 기타,안전운전불이행,건조,맑음,교차로 - 교차로부근,승용,남,25세,상해없음,승합,여,29세,상해없음
2013121500100228,2013년 12월 15일 15시,일요일,대구광역시 달성군 현풍면,중상사고,0,1,0,0,차대차 - 추돌 - 진행중,안전운전불이행,건조,맑음,교차로 - 교차로부근,승용,남,49세,상해없음,승합,여,48세,중상
2013121500100273,2013년 12월 15일 17시,일요일,대구광역시 동구 신암동,경상사고,0,0,1,0,차대차 - 측면직각충돌,신호위반,건조,맑음,교차로 - 교차로안,승용,남,24세,상해없음,이륜,남,19세,경상
2013121500100274,2013년 12월 15일 17시,일요일,대구광역시 북구 노원동2가,경상사고,0,0,2,0,차대차 - 기타,안전운전불이행,건조,맑음,단일로 - 기타,승합,남,43세,상해없음,승용,남,27세,경상
2013121500100302,2013년 12월 15일 18시,일요일,대구광역시 수성구 두산동,중상사고,0,1,0,0,차대사람 - 기타,안전운전불이행,건조,맑음,단일로 - 기타,승용,여,31세,상해없음,보행자,남,30세,중상
2013121500100303,2013년 12월 15일 18시,일요일,대구광역시 달서구 두류동,경상사고,0,0,2,0,차대차 - 측면직각충돌,안전거리미확보,건조,맑음,단일로 - 기타,승용,남,53세,상해없음,승용,남,26세,경상
2013121500100328,2013년 12월 15일 19시,일요일,대구광역시 북구 침산동,중상사고,0,1,1,0,차대차 - 기타,신호위반,건조,맑음,교차로 - 교차로안,승용,남,42세,상해없음,승용,남,56세,경상
2013121500100348,2013년 12월 15일 20시,일요일,대구광역시 달서구 감삼동,중상사고,0,1,0,0,차대사람 - 기타,안전운전불이행,건조,맑음,교차로 - 교차로안,승용,남,30세,상해없음,보행자,남,64세,중상
2013121500100349,2013년 12월 15일 20시,일요일,대구광역시 북구 구암동,부상신고사고,0,0,0,1,차대차 - 측면직각충돌,안전운전불이행,건조,맑음,단일로 - 기타,원동기,남,21세,부상신고,승용,여,45세,상해없음
2013121500100364,2013년 12월 15일 21시,일요일,대구광역시 남구 대명동,경상사고,0,0,1,1,차대사람 - 횡단중,안전운전불이행,건조,맑음,단일로 - 기타,원동기,남,25세,부상신고,보행자,남,40세,경상
2013121500100365,2013년 12월 15일 21시,일요일,대구광역시 동구 신천동,경상사고,0,0,1,0,차대사람 - 기타,안전운전불이행,건조,맑음,교차로 - 교차로안,승용,남,34세,상해없음,보행자,남,35세,경상
2013121500100385,2013년 12월 15일 22시,일요일,대구광역시 달서구 본리동,경상사고,0,0,4,0,차대차 - 측면직각충돌,교차로운행방법위반,건조,맑음,교차로 - 교차로안,승용,남,58세,상해없음,승용,여,38세,경상
2013121500100397,2013년 12월 15일 23시,일요일,대구광역시 중구 동인동1가,경상사고,0,0,1,0,차대차 - 기타,신호위반,건조,맑음,교차로 - 교차로안,승용,남,65세,상해없음,승용,남,58세,상해없음
2013121600100009,2013년 12월 16일 00시,월요일,대구광역시 중구 달성동,중상사고,0,2,1,0,차대차 - 기타,기타,건조,맑음,교차로 - 교차로안,승용,남,48세,상해없음,승용,남,75세,중상
2013121600100033,2013년 12월 16일 04시,월요일,대구광역시 동구 지묘동,부상신고사고,0,0,0,1,차량단독 - 공작물충돌,안전운전불이행,건조,맑음,단일로 - 기타,승용,여,52세,부상신고,,,,
2013121600100100,2013년 12월 16일 08시,월요일,대구광역시 수성구 신매동,경상사고,0,0,1,0,차대차 - 추돌 - 진행중,안전거리미확보,건조,맑음,단일로 - 기타,승용,여,46세,상해없음,승용,남,27세,경상
2013121600100120,2013년 12월 16일 09시,월요일,대구광역시 달서구 죽전동,경상사고,0,0,1,0,차대차 - 추돌 - 진행중,안전운전불이행,건조,흐림,단일로 - 기타,승용,여,41세,상해없음,화물,남,40세,경상
2013121600100137,2013년 12월 16일 10시,월요일,대구광역시 북구 복현동,경상사고,0,0,1,0,차대사람 - 횡단중,안전운전불이행,건조,맑음,단일로 - 기타,원동기,남,45세,상해없음,보행자,여,49세,경상
2013121600100138,2013년 12월 16일 10시,월요일,대구광역시 북구 읍내동,중상사고,0,1,0,0,차대차 - 측면직각충돌,중앙선침범,건조,맑음,단일로 - 기타,승용,남,33세,상해없음,승용,여,38세,중상
2013121600100158,2013년 12월 16일 11시,월요일,대구광역시 동구 신암동,경상사고,0,0,1,0,차대사람 - 길가장자리구역통행중,안전운전불이행,건조,맑음,단일로 - 횡단보도부근,승용,남,45세,상해없음,보행자,남,48세,경상
2013121600100159,2013년 12월 16일 11시,월요일,대구광역시 달서구 성당동,부상신고사고,0,0,0,1,차대차 - 측면직각충돌,안전운전불이행,건조,맑음,교차로 - 교차로부근,이륜,남,76세,부상신고,승용,여,37세,상해없음
2013121600100181,2013년 12월 16일 12시,월요일,대구광역시 중구 대신동,중상사고,0,1,1,0,차대차 - 기타,안전거리미확보,건조,맑음,단일로 - 기타,승용,여,63세,상해없음,이륜,남,25세,경상
2013121600100199,2013년 12월 16일 13시,월요일,대구광역시 수성구 만촌동,중상사고,0,1,0,0,차대사람 - 기타,안전운전불이행,건조,맑음,단일로 - 횡단보도부근,승용,남,34세,상해없음,보행자,여,70세,중상
2013121600100200,2013년 12월 16일 13시,월요일,대구광역시 달서구 송현동,부상신고사고,0,0,0,1,차대사람 - 기타,안전운전불이행,건조,맑음,단일로 - 기타,승용,기타불명,기타불명,기타불명,보행자,여,41세,부상신고
2013121600100201,2013년 12월 16일 13시,월요일,대구광역시 달서구 송현동,경상사고,0,0,1,0,차대차 - 기타,교차로운행방법위반,건조,맑음,교차로 - 교차로안,승용,여,48세,상해없음,이륜,남,28세,경상
2013121600100221,2013년 12월 16일 14시,월요일,대구광역시 달서구 대곡동,중상사고,0,1,0,0,차대사람 - 기타,안전운전불이행,건조,맑음,단일로 - 기타,승용,여,38세,상해없음,보행자,여,65세,중상
2013121600100244,2013년 12월 16일 15시,월요일,대구광역시 서구 원대동1가,경상사고,0,0,1,0,차대차 - 추돌 - 주정차중,안전운전불이행,건조,맑음,교차로 - 교차로부근,승용,남,67세,상해없음,승용,남,61세,경상
2013121600100313,2013년 12월 16일 17시,월요일,대구광역시 남구 대명동,경상사고,0,0,2,0,차대차 - 추돌 - 진행중,안전운전불이행,건조,맑음,기타 - 기타,승용,남,51세,경상,승용,남,55세,경상
2013121600100314,2013년 12월 16일 17시,월요일,대구광역시 동구 용계동,경상사고,0,0,4,0,차대차 - 추돌 - 진행중,안전거리미확보,건조,맑음,교차로 - 교차로부근,승용,남,58세,상해없음,화물,남,24세,상해없음
2013121600100315,2013년 12월 16일 17시,월요일,대구광역시 북구 대현동,중상사고,0,1,0,0,차대차 - 측면직각충돌,안전운전불이행,건조,맑음,교차로 - 교차로부근,승용,여,47세,상해없음,이륜,남,24세,중상
2013121600100360,2013년 12월 16일 18시,월요일,대구광역시 달서구 진천동,중상사고,0,1,0,0,차대차 - 측면직각충돌,안전운전불이행,건조,맑음,교차로 - 교차로부근,이륜,남,32세,중상,승용,남,43세,상해없음
2013121600100361,2013년 12월 16일 18시,월요일,대구광역시 달서구 도원동,중상사고,0,1,0,0,차대사람 - 기타,보행자보호의무위반,건조,맑음,단일로 - 횡단보도상,승용,남,53세,상해없음,보행자,남,9세,중상
2013121600100362,2013년 12월 16일 18시,월요일,대구광역시 북구 산격동,중상사고,0,1,0,0,차대차 - 측면직각충돌,안전운전불이행,건조,맑음,단일로 - 기타,화물,남,35세,상해없음,자전거,남,49세,중상
2013121600100380,2013년 12월 16일 19시,월요일,대구광역시 남구 봉덕동,경상사고,0,0,1,0,차대사람 - 기타,안전운전불이행,건조,맑음,단일로 - 기타,승용,기타불명,기타불명,기타불명,보행자,여,16세,경상
2013121600100404,2013년 12월 16일 20시,월요일,대구광역시 달서구 도원동,중상사고,0,1,1,0,차대사람 - 횡단중,안전운전불이행,건조,맑음,단일로 - 기타,승용,남,47세,상해없음,보행자,여,49세,중상
2013121600100405,2013년 12월 16일 20시,월요일,대구광역시 서구 내당동,중상사고,0,1,4,0,차대차 - 추돌 - 주정차중,안전거리미확보,건조,맑음,단일로 - 기타,승용,여,38세,상해없음,승용,남,58세,경상
2013121600100435,2013년 12월 16일 21시,월요일,대구광역시 북구 칠성동1가,사망사고,1,0,0,0,차량단독 - 공작물충돌,안전운전불이행,건조,맑음,단일로 - 기타,자전거,남,44세,사망,,,,
2013121600100464,2013년 12월 16일 22시,월요일,대구광역시 남구 대명동,경상사고,0,0,1,0,차대사람 - 기타,안전운전불이행,건조,맑음,단일로 - 기타,승용,남,20세,상해없음,보행자,남,44세,경상
2013121600100465,2013년 12월 16일 22시,월요일,대구광역시 수성구 범어동,중상사고,0,1,0,0,차대사람 - 횡단중,안전운전불이행,건조,맑음,단일로 - 기타,승용,남,44세,상해없음,보행자,남,48세,중상
2013121600100466,2013년 12월 16일 22시,월요일,대구광역시 북구 산격동,경상사고,0,0,1,0,차대차 - 측면직각충돌,신호위반,건조,맑음,교차로 - 교차로안,승용,여,46세,상해없음,승용,남,52세,경상
2013121600100467,2013년 12월 16일 22시,월요일,대구광역시 북구 태전동,경상사고,0,0,1,0,차대차 - 측면직각충돌,안전운전불이행,건조,맑음,교차로 - 교차로부근,승용,남,46세,상해없음,원동기,남,27세,경상
2013121700100013,2013년 12월 17일 00시,화요일,대구광역시 북구 산격동,중상사고,0,1,1,0,차대차 - 측면직각충돌,안전거리미확보,건조,맑음,교차로 - 교차로부근,원동기,남,19세,경상,승용,여,24세,상해없음
2013121700100022,2013년 12월 17일 01시,화요일,대구광역시 수성구 범물동,중상사고,0,1,0,0,차대차 - 추돌 - 주정차중,안전운전불이행,건조,맑음,교차로 - 교차로부근,승용,남,41세,상해없음,승용,남,41세,상해없음
2013121700100033,2013년 12월 17일 02시,화요일,대구광역시 수성구 상동,경상사고,0,0,1,0,차대차 - 정면충돌,중앙선침범,건조,맑음,교차로 - 교차로부근,승용,여,36세,상해없음,승용,남,36세,경상
2013121700100040,2013년 12월 17일 03시,화요일,대구광역시 중구 삼덕동1가,중상사고,0,1,0,0,차대차 - 측면직각충돌,안전거리미확보,건조,맑음,단일로 - 기타,승용,남,24세,상해없음,이륜,남,22세,중상
2013121700100080,2013년 12월 17일 06시,화요일,대구광역시 남구 대명동,경상사고,0,0,1,0,차대사람 - 기타,안전운전불이행,건조,맑음,기타 - 기타,승용,남,75세,상해없음,보행자,남,60세,경상
2013121700100136,2013년 12월 17일 08시,화요일,대구광역시 북구 학정동,경상사고,0,0,2,0,차대차 - 정면충돌,직진우회전진행방해,건조,맑음,교차로 - 교차로안,승용,여,42세,경상,승용,여,49세,경상
2013121700100163,2013년 12월 17일 09시,화요일,대구광역시 남구 봉덕동,경상사고,0,0,1,0,차대차 - 추돌 - 진행중,안전거리미확보,건조,맑음,교차로 - 교차로안,승용,남,46세,상해없음,승용,남,50세,경상
2013121700100164,2013년 12월 17일 09시,화요일,대구광역시 북구 읍내동,경상사고,0,0,1,1,차대차 - 측면직각충돌,안전운전불이행,건조,맑음,교차로 - 교차로안,원동기,남,18세,부상신고,승용,여,42세,경상
2013121700100180,2013년 12월 17일 10시,화요일,대구광역시 동구 신천동,경상사고,0,0,1,0,차대사람 - 보도통행중,기타,건조,맑음,단일로 - 기타,승용,남,47세,상해없음,보행자,남,21세,경상
2013121700100181,2013년 12월 17일 10시,화요일,대구광역시 달서구 대천동,사망사고,1,0,0,0,차대사람 - 기타,안전운전불이행,건조,맑음,교차로 - 교차로부근,화물,남,50세,상해없음,보행자,남,68세,사망
2013121700100182,2013년 12월 17일 10시,화요일,대구광역시 달성군 화원읍,중상사고,0,1,1,0,차대차 - 기타,안전운전불이행,건조,맑음,단일로 - 기타,건설기계,남,49세,상해없음,승용,여,44세,경상
2013121700100183,2013년 12월 17일 10시,화요일,대구광역시 북구 관음동,경상사고,0,0,1,0,차대차 - 추돌 - 주정차중,안전운전불이행,건조,맑음,단일로 - 기타,화물,여,47세,상해없음,승용,남,67세,경상
2013121700100210,2013년 12월 17일 11시,화요일,대구광역시 동구 효목동,경상사고,0,0,1,0,차대차 - 기타,안전운전불이행,건조,맑음,단일로 - 기타,이륜,남,53세,경상,화물,남,70세,상해없음
2013121700100211,2013년 12월 17일 11시,화요일,대구광역시 동구 각산동,중상사고,0,1,0,0,차량단독 - 기타,안전운전불이행,건조,맑음,단일로 - 기타,승합,남,44세,상해없음,,,,
2013121700100212,2013년 12월 17일 11시,화요일,대구광역시 수성구 두산동,경상사고,0,0,1,0,차대차 - 기타,안전운전불이행,건조,맑음,단일로 - 기타,화물,남,41세,상해없음,자전거,남,84세,경상
2013121700100213,2013년 12월 17일 11시,화요일,대구광역시 중구 계산동2가,중상사고,0,5,0,0,차대차 - 기타,신호위반,건조,맑음,교차로 - 교차로안,승용,남,74세,상해없음,승용,여,48세,중상
2013121700100230,2013년 12월 17일 12시,화요일,대구광역시 수성구 황금동,중상사고,0,1,0,0,차대사람 - 기타,안전운전불이행,건조,맑음,단일로 - 기타,승용,여,43세,상해없음,보행자,여,71세,중상
2013121700100231,2013년 12월 17일 12시,화요일,대구광역시 수성구 중동,경상사고,0,0,1,0,차대사람 - 기타,안전운전불이행,건조,맑음,기타 - 기타,승용,남,45세,상해없음,보행자,여,44세,경상
2013121700100232,2013년 12월 17일 12시,화요일,대구광역시 달서구 상인동,경상사고,0,0,1,0,차대차 - 추돌 - 주정차중,안전운전불이행,건조,맑음,단일로 - 기타,원동기,남,48세,경상,화물,남,55세,기타불명
2013121700100252,2013년 12월 17일 13시,화요일,대구광역시 동구 신천동,중상사고,0,1,0,0,차대차 - 측면직각충돌,교차로운행방법위반,건조,맑음,교차로 - 교차로안,화물,남,53세,상해없음,이륜,남,37세,중상
2013121700100253,2013년 12월 17일 13시,화요일,대구광역시 중구 태평로1가,경상사고,0,0,1,0,차대차 - 기타,안전운전불이행,건조,맑음,단일로 - 기타,화물,남,32세,상해없음,이륜,남,51세,경상
2013121700100273,2013년 12월 17일 14시,화요일,대구광역시 동구 신암동,경상사고,0,0,1,0,차대사람 - 차도통행중,안전운전불이행,건조,맑음,교차로 - 교차로부근,승용,기타불명,기타불명,기타불명,보행자,여,86세,경상
2013121700100274,2013년 12월 17일 14시,화요일,대구광역시 중구 종로2가,부상신고사고,0,0,0,1,차대사람 - 기타,안전운전불이행,건조,기타,단일로 - 기타,기타불명,기타불명,기타불명,기타불명,보행자,남,8세,부상신고
2013121700100299,2013년 12월 17일 15시,화요일,대구광역시 달서구 상인동,중상사고,0,1,0,0,차대사람 - 횡단중,안전운전불이행,건조,맑음,단일로 - 기타,원동기,남,73세,중상,보행자,남,12세,상해없음
2013121700100300,2013년 12월 17일 15시,화요일,대구광역시 서구 중리동,경상사고,0,0,1,0,차대차 - 기타,안전운전불이행,건조,맑음,단일로 - 횡단보도상,승용,기타불명,기타불명,기타불명,자전거,남,12세,경상
2013121700100331,2013년 12월 17일 16시,화요일,대구광역시 달성군 화원읍,중상사고,0,1,0,0,차대차 - 측면직각충돌,안전운전불이행,건조,맑음,단일로 - 기타,자전거,남,9세,중상,승합,남,67세,상해없음
2013121700100420,2013년 12월 17일 18시,화요일,대구광역시 수성구 상동,중상사고,0,1,0,2,차대차 - 추돌 - 진행중,안전운전불이행,건조,맑음,단일로 - 기타,화물,남,28세,상해없음,승용,여,53세,중상
2013121700100421,2013년 12월 17일 18시,화요일,대구광역시 달서구 상인동,경상사고,0,0,1,0,차대차 - 측면직각충돌,직진우회전진행방해,건조,맑음,교차로 - 교차로안,승용,남,45세,상해없음,승합,남,39세,상해없음
2013121700100422,2013년 12월 17일 18시,화요일,대구광역시 달서구 본동,경상사고,0,0,1,0,차대차 - 기타,교차로운행방법위반,건조,맑음,교차로 - 교차로안,승용,남,57세,경상,승합,남,59세,상해없음
2013121700100461,2013년 12월 17일 19시,화요일,대구광역시 북구 산격동,경상사고,0,0,2,0,차대차 - 기타,안전운전불이행,건조,맑음,단일로 - 기타,승용,남,32세,상해없음,승용,남,32세,경상
2013121700100462,2013년 12월 17일 19시,화요일,대구광역시 서구 평리동,중상사고,0,1,0,0,차대차 - 기타,교차로운행방법위반,건조,맑음,교차로 - 교차로안,화물,남,38세,상해없음,자전거,남,60세,중상
2013121700100520,2013년 12월 17일 21시,화요일,대구광역시 달서구 감삼동,경상사고,0,0,1,0,차대차 - 기타,안전운전불이행,건조,맑음,교차로 - 교차로부근,승용,남,43세,상해없음,승용,남,28세,경상
2013121700100521,2013년 12월 17일 21시,화요일,대구광역시 달서구 진천동,경상사고,0,0,1,0,차대차 - 추돌 - 진행중,안전거리미확보,건조,맑음,단일로 - 기타,이륜,남,21세,경상,승용,남,55세,상해없음
2013121700100522,2013년 12월 17일 21시,화요일,대구광역시 중구 동성로1가,경상사고,0,0,1,0,차대사람 - 횡단중,보행자보호의무위반,건조,맑음,단일로 - 횡단보도상,승용,여,36세,상해없음,보행자,여,45세,경상
2013121700100523,2013년 12월 17일 21시,화요일,대구광역시 중구 문화동,경상사고,0,0,1,0,차대차 - 추돌 - 주정차중,안전운전불이행,건조,맑음,단일로 - 기타,승용,남,60세,상해없음,승용,남,50세,경상
2013121700100556,2013년 12월 17일 22시,화요일,대구광역시 북구 팔달동,경상사고,0,0,1,0,차대차 - 추돌 - 진행중,안전운전불이행,건조,맑음,단일로 - 기타,승용,남,51세,상해없음,자전거,남,53세,경상
2013121700100589,2013년 12월 17일 23시,화요일,대구광역시 남구 대명동,경상사고,0,0,1,0,차대차 - 측면직각충돌,직진우회전진행방해,습기,비,교차로 - 교차로안,이륜,남,16세,경상,승용,남,62세,상해없음
2013121700100590,2013년 12월 17일 23시,화요일,대구광역시 동구 신기동,중상사고,0,1,0,0,차대사람 - 기타,안전운전불이행,건조,맑음,단일로 - 기타,승용,여,34세,상해없음,보행자,남,18세,중상
2013121700100591,2013년 12월 17일 23시,화요일,대구광역시 수성구 만촌동,경상사고,0,0,1,0,차대차 - 측면직각충돌,신호위반,건조,맑음,교차로 - 교차로안,이륜,남,32세,경상,승용,남,35세,상해없음
2013121700100592,2013년 12월 17일 23시,화요일,대구광역시 달서구 호림동,중상사고,0,3,0,0,차대차 - 기타,중앙선침범,습기,비,교차로 - 교차로부근,승용,여,54세,상해없음,승용,여,33세,중상
2013121800100028,2013년 12월 18일 00시,수요일,대구광역시 북구 침산동,경상사고,0,0,3,0,차대차 - 측면직각충돌,신호위반,습기,비,교차로 - 교차로안,승용,남,43세,상해없음,승용,남,40세,경상
2013121800100029,2013년 12월 18일 00시,수요일,대구광역시 서구 비산동,경상사고,0,0,2,0,차대차 - 추돌 - 진행중,안전운전불이행,습기,비,단일로 - 기타,승용,남,30세,상해없음,이륜,남,16세,경상
2013121800100080,2013년 12월 18일 04시,수요일,대구광역시 수성구 수성동3가,중상사고,0,1,0,0,차대차 - 측면직각충돌,신호위반,습기,비,단일로 - 기타,화물,남,58세,상해없음,승용,남,43세,중상
2013121800100081,2013년 12월 18일 04시,수요일,대구광역시 북구 노원동1가,부상신고사고,0,0,0,1,차량단독 - 기타,안전운전불이행,건조,맑음,교차로 - 교차로부근,승용,남,42세,부상신고,,,,
2013121800100110,2013년 12월 18일 06시,수요일,대구광역시 남구 대명동,사망사고,1,0,0,0,차대사람 - 보도통행중,안전운전불이행,습기,흐림,단일로 - 횡단보도상,승용,남,42세,상해없음,보행자,여,74세,사망
2013121800100111,2013년 12월 18일 06시,수요일,대구광역시 동구 신암동,사망사고,1,0,0,0,차대사람 - 횡단중,보행자보호의무위반,습기,흐림,단일로 - 횡단보도상,승용,남,25세,상해없음,보행자,기타불명,66세,사망
2013121800100112,2013년 12월 18일 06시,수요일,대구광역시 달성군 논공읍,경상사고,0,0,2,0,차대차 - 추돌 - 주정차중,안전운전불이행,건조,맑음,교차로 - 교차로부근,승합,남,44세,상해없음,승합,남,42세,경상
2013121800100113,2013년 12월 18일 06시,수요일,대구광역시 달성군 화원읍,경상사고,0,0,1,0,차대차 - 측면직각충돌,안전운전불이행,건조,맑음,단일로 - 기타,승합,남,69세,상해없음,승용,남,36세,경상
2013121800100143,2013년 12월 18일 07시,수요일,대구광역시 달서구 파호동,경상사고,0,0,1,0,차대차 - 측면직각충돌,중앙선침범,건조,맑음,단일로 - 기타,승용,남,71세,상해없음,승용,남,37세,경상
2013121800100178,2013년 12월 18일 08시,수요일,대구광역시 남구 이천동,중상사고,0,1,0,0,차대사람 - 기타,기타,건조,흐림,단일로 - 기타,승합,남,52세,상해없음,보행자,여,52세,중상
2013121800100179,2013년 12월 18일 08시,수요일,대구광역시 달성군 논공읍,경상사고,0,0,1,0,차대차 - 추돌 - 주정차중,안전운전불이행,건조,맑음,교차로 - 교차로부근,승용,기타불명,기타불명,기타불명,승용,여,46세,경상
2013121800100180,2013년 12월 18일 08시,수요일,대구광역시 달서구 신당동,경상사고,0,0,2,0,차대차 - 측면직각충돌,직진우회전진행방해,건조,맑음,교차로 - 교차로안,승용,남,66세,경상,승용,남,43세,경상
2013121800100213,2013년 12월 18일 09시,수요일,대구광역시 동구 신암동,경상사고,0,0,2,0,차대차 - 기타,안전운전불이행,건조,맑음,단일로 - 기타,승용,남,73세,경상,승용,남,58세,경상
2013121800100214,2013년 12월 18일 09시,수요일,대구광역시 수성구 수성동1가,중상사고,0,1,0,0,차대사람 - 기타,안전운전불이행,건조,흐림,단일로 - 기타,건설기계,남,42세,상해없음,보행자,여,70세,중상
2013121800100215,2013년 12월 18일 09시,수요일,대구광역시 달서구 월성동,경상사고,0,0,1,0,차대차 - 측면직각충돌,안전운전불이행,건조,맑음,교차로 - 교차로안,승용,기타불명,기타불명,기타불명,화물,여,37세,경상
2013121800100216,2013년 12월 18일 09시,수요일,대구광역시 중구 동인동1가,경상사고,0,0,2,0,차대차 - 기타,안전거리미확보,건조,기타,단일로 - 기타,승용,여,30세,상해없음,승용,남,60세,경상
2013121800100244,2013년 12월 18일 10시,수요일,대구광역시 북구 고성동1가,중상사고,0,1,0,0,차대차 - 기타,안전운전불이행,건조,맑음,교차로 - 교차로안,자전거,남,19세,중상,승용,남,83세,상해없음
2013121800100360,2013년 12월 18일 15시,수요일,대구광역시 수성구 범어동,경상사고,0,0,1,0,차대차 - 기타,안전거리미확보,건조,맑음,교차로 - 교차로안,승용,기타불명,기타불명,기타불명,승용,여,54세,경상
2013121800100361,2013년 12월 18일 15시,수요일,대구광역시 수성구 중동,경상사고,0,0,1,0,차대사람 - 기타,안전운전불이행,건조,맑음,단일로 - 기타,승용,남,56세,상해없음,보행자,여,61세,경상
2013121800100362,2013년 12월 18일 15시,수요일,대구광역시 서구 평리동,경상사고,0,0,1,0,차대차 - 측면직각충돌,신호위반,건조,맑음,교차로 - 교차로안,화물,남,26세,상해없음,원동기,남,63세,경상
2013121800100381,2013년 12월 18일 16시,수요일,대구광역시 달서구 두류동,경상사고,0,0,1,0,차대차 - 기타,안전거리미확보,건조,맑음,단일로 - 기타,승용,남,68세,경상,승합,남,38세,상해없음
2013121800100431,2013년 12월 18일 17시,수요일,대구광역시 달서구 상인동,경상사고,0,0,1,0,차대사람 - 기타,보행자보호의무위반,건조,맑음,단일로 - 기타,승용,여,45세,상해없음,보행자,여,39세,경상
2013121800100484,2013년 12월 18일 18시,수요일,대구광역시 달서구 대천동,경상사고,0,0,1,0,차대차 - 추돌 - 진행중,차로위반,건조,맑음,교차로 - 교차로안,승용,남,51세,상해없음,승용,남,46세,경상
2013121800100485,2013년 12월 18일 18시,수요일,대구광역시 달성군 논공읍,경상사고,0,0,1,0,차대차 - 측면직각충돌,신호위반,건조,맑음,교차로 - 교차로안,승용,여,47세,상해없음,승용,남,42세,경상
2013121800100486,2013년 12월 18일 18시,수요일,대구광역시 달성군 화원읍,중상사고,0,1,0,0,차대사람 - 기타,안전운전불이행,건조,맑음,교차로 - 교차로부근,화물,남,35세,상해없음,보행자,여,77세,중상
2013121800100487,2013년 12월 18일 18시,수요일,대구광역시 달성군 화원읍,중상사고,0,1,0,0,차대사람 - 기타,기타,건조,맑음,단일로 - 기타,자전거,남,13세,상해없음,보행자,남,60세,중상
2013121800100521,2013년 12월 18일 19시,수요일,대구광역시 달서구 진천동,경상사고,0,0,1,0,차대사람 - 기타,기타,건조,맑음,단일로 - 기타,승합,남,50세,상해없음,보행자,여,58세,경상
2013121800100522,2013년 12월 18일 19시,수요일,대구광역시 북구 산격동,경상사고,0,0,1,0,차대차 - 추돌 - 주정차중,안전운전불이행,건조,맑음,단일로 - 기타,원동기,남,25세,경상,승용,남,29세,상해없음
2013121800100523,2013년 12월 18일 19시,수요일,대구광역시 달서구 장동,중상사고,0,1,0,0,차대사람 - 기타,안전운전불이행,건조,맑음,교차로 - 교차로부근,승용,여,63세,상해없음,보행자,여,79세,중상
2013121800100548,2013년 12월 18일 20시,수요일,대구광역시 남구 봉덕동,중상사고,0,1,1,0,차대차 - 추돌 - 주정차중,안전거리미확보,건조,맑음,단일로 - 기타,승용,남,36세,상해없음,승용,남,66세,경상
2013121800100549,2013년 12월 18일 20시,수요일,대구광역시 서구 중리동,경상사고,0,0,1,0,차대차 - 측면직각충돌,신호위반,건조,맑음,교차로 - 교차로안,승용,남,59세,상해없음,승용,여,48세,경상
2013121800100550,2013년 12월 18일 20시,수요일,대구광역시 중구 동인동4가,중상사고,0,1,0,0,차대사람 - 기타,안전운전불이행,건조,맑음,단일로 - 기타,화물,남,39세,상해없음,보행자,여,84세,중상
2013121800100551,2013년 12월 18일 20시,수요일,대구광역시 달서구 신당동,경상사고,0,0,2,0,차대차 - 측면직각충돌,교차로운행방법위반,건조,흐림,교차로 - 교차로안,승용,남,43세,경상,승용,남,51세,경상
2013121800100588,2013년 12월 18일 21시,수요일,대구광역시 달서구 감삼동,경상사고,0,0,1,0,차대차 - 기타,안전거리미확보,건조,맑음,단일로 - 기타,승용,남,52세,상해없음,이륜,남,33세,경상
2013121800100634,2013년 12월 18일 22시,수요일,대구광역시 수성구 두산동,경상사고,0,0,2,0,차대차 - 추돌 - 진행중,안전운전불이행,건조,맑음,단일로 - 기타,승용,남,40세,상해없음,승용,남,60세,상해없음
2013121800100635,2013년 12월 18일 22시,수요일,대구광역시 수성구 노변동,경상사고,0,0,1,0,차대사람 - 횡단중,보행자보호의무위반,건조,맑음,교차로 - 교차로부근,승용,여,28세,상해없음,보행자,남,20세,경상
2013121800100673,2013년 12월 18일 23시,수요일,대구광역시 수성구 지산동,경상사고,0,0,1,0,차대사람 - 차도통행중,안전운전불이행,건조,흐림,단일로 - 기타,화물,남,42세,상해없음,보행자,남,49세,경상
2013121900100026,2013년 12월 19일 00시,목요일,대구광역시 달서구 월성동,경상사고,0,0,1,0,차대사람 - 기타,불법유턴,건조,맑음,단일로 - 기타,승용,남,43세,상해없음,보행자,남,58세,경상
2013121900100027,2013년 12월 19일 00시,목요일,대구광역시 달서구 신당동,경상사고,0,0,1,0,차대차 - 기타,안전운전불이행,건조,맑음,단일로 - 기타,승용,남,29세,기타불명,승용,남,55세,경상
2013121900100071,2013년 12월 19일 02시,목요일,대구광역시 중구 달성동,경상사고,0,0,1,0,차대차 - 기타,안전운전불이행,건조,맑음,단일로 - 기타,승용,여,46세,상해없음,승용,남,55세,경상