사고번호,사고일시,요일,시군구,사고내용,사망자수,중상자수,경상자수,부상신고자수,사고유형,법규위반,노면상태,기상상태,도로형태,가해운전자 차종,가해운전자 성별,가해운전자 연령,가해운전자 상해정도,피해운전자 차종,피해운전자 성별,피해운전자 연령,피해운전자 상해정도
2013122200100080,2013년 12월 22일 03시,일요일,대구광역시 달성군 화원읍,경상사고,0,0,2,0,차대차 - 측면직각충돌,안전운전불이행,건조,맑음,단일로 - 횡단보도상,승용,남,18세,상해없음,승용,남,46세,경상
2013122200100081,2013년 12월 22일 03시,일요일,대구광역시 서구 비산동,경상사고,0,0,3,0,차대차 - 추돌 - 진행중,안전운전불이행,건조,맑음,단일로 - 기타,승용,남,44세,상해없음,승용,남,62세,경상
2013122200100089,2013년 12월 22일 04시,일요일,대구광역시 남구 대명동,경상사고,0,0,1,0,차량단독 - 전도전복,안전운전불이행,건조,맑음,단일로 - 기타,승합,남,45세,기타불명,,,,
2013122200100108,2013년 12월 22일 06시,일요일,대구광역시 남구 대명동,경상사고,0,0,1,0,차대차 - 기타,중앙선침범,건조,맑음,단일로 - 기타,승용,남,68세,상해없음,승용,남,49세,상해없음
2013122200100109,2013년 12월 22일 06시,일요일,대구광역시 북구 구암동,중상사고,0,2,0,0,차대사람 - 기타,안전운전불이행,건조,맑음,교차로 - 교차로부근,승용,남,56세,상해없음,보행자,여,56세,중상
2013122200100136,2013년 12월 22일 08시,일요일,대구광역시 남구 대명동,중상사고,0,1,0,0,차대사람 - 횡단중,신호위반,건조,맑음,단일로 - 횡단보도상,승용,여,48세,상해없음,보행자,남,19세,중상
2013122200100137,2013년 12월 22일 08시,일요일,대구광역시 서구 내당동,경상사고,0,0,1,0,차대차 - 기타,안전운전불이행,건조,맑음,교차로 - 교차로안,승용,여,41세,상해없음,자전거,남,61세,경상
2013122200100193,2013년 12월 22일 12시,일요일,대구광역시 동구 방촌동,경상사고,0,0,1,0,차대차 - 기타,교차로운행방법위반,건조,맑음,교차로 - 교차로안,승용,남,50세,상해없음,승용,남,33세,경상
2013122200100194,2013년 12월 22일 12시,일요일,대구광역시 서구 비산동,사망사고,1,0,0,0,차대차 - 기타,중앙선침범,건조,맑음,단일로 - 기타,원동기,남,72세,사망,승용,남,37세,상해없음
2013122200100195,2013년 12월 22일 12시,일요일,대구광역시 중구 삼덕동1가,경상사고,0,0,1,0,차대사람 - 기타,안전운전불이행,건조,맑음,단일로 - 기타,승용,남,21세,기타불명,보행자,남,32세,경상
2013122200100261,2013년 12월 22일 15시,일요일,대구광역시 남구 봉덕동,경상사고,0,0,2,0,차대차 - 추돌 - 주정차중,안전운전불이행,건조,맑음,단일로 - 기타,승용,남,59세,상해없음,승용,남,55세,경상
2013122200100262,2013년 12월 22일 15시,일요일,대구광역시 수성구 만촌동,경상사고,0,0,2,0,차대차 - 추돌 - 주정차중,안전운전불이행,건조,맑음,단일로 - 횡단보도부근,승용,남,33세,상해없음,승용,남,70세,경상
2013122200100263,2013년 12월 22일 15시,일요일,대구광역시 서구 평리동,경상사고,0,0,1,0,차대차 - 기타,기타,건조,맑음,단일로 - 기타,승용,남,57세,상해없음,원동기,남,22세,경상
2013122200100291,2013년 12월 22일 16시,일요일,대구광역시 남구 봉덕동,경상사고,0,0,1,0,차대차 - 측면직각충돌,안전운전불이행,건조,맑음,단일로 - 기타,승합,남,51세,상해없음,승용,남,45세,경상
2013122200100292,2013년 12월 22일 16시,일요일,대구광역시 동구 지묘동,경상사고,0,0,4,0,차대차 - 추돌 - 진행중,안전운전불이행,건조,맑음,교차로 - 교차로부근,승용,여,47세,상해없음,승용,여,32세,경상
2013122200100293,2013년 12월 22일 16시,일요일,대구광역시 달서구 용산동,경상사고,0,0,3,0,차대차 - 측면직각충돌,안전운전불이행,건조,맑음,교차로 - 교차로부근,승용,여,58세,경상,이륜,남,18세,경상
2013122200100352,2013년 12월 22일 18시,일요일,대구광역시 수성구 황금동,경상사고,0,0,5,0,차대차 - 기타,안전운전불이행,건조,맑음,단일로 - 기타,승용,남,36세,상해없음,승용,남,35세,상해없음
2013122200100353,2013년 12월 22일 18시,일요일,대구광역시 수성구 두산동,중상사고,0,1,0,0,차대차 - 측면직각충돌,안전거리미확보,건조,맑음,단일로 - 기타,승용,여,46세,상해없음,이륜,남,49세,중상
2013122200100354,2013년 12월 22일 18시,일요일,대구광역시 달성군 현풍면,경상사고,0,0,1,0,차대차 - 측면직각충돌,안전운전불이행,건조,맑음,교차로 - 교차로부근,승용,남,58세,상해없음,화물,남,57세,경상
2013122200100355,2013년 12월 22일 18시,일요일,대구광역시 중구 동인동2가,중상사고,0,1,0,0,차대차 - 기타,직진우회전진행방해,건조,맑음,교차로 - 교차로안,이륜,남,45세,중상,승용,남,50세,상해없음
2013122200100382,2013년 12월 22일 19시,일요일,대구광역시 동구 검사동,중상사고,0,1,0,0,차대사람 - 기타,안전운전불이행,건조,맑음,단일로 - 기타,승용,여,48세,상해없음,보행자,남,57세,중상
2013122200100383,2013년 12월 22일 19시,일요일,대구광역시 달서구 본리동,경상사고,0,0,1,0,차대차 - 측면직각충돌,안전운전불이행,건조,맑음,단일로 - 횡단보도상,승용,여,36세,상해없음,자전거,남,60세,경상
2013122200100407,2013년 12월 22일 20시,일요일,대구광역시 남구 봉덕동,경상사고,0,0,2,0,차대차 - 측면직각충돌,교차로운행방법위반,건조,맑음,교차로 - 교차로안,승용,남,53세,상해없음,승용,남,53세,경상
2013122200100427,2013년 12월 22일 21시,일요일,대구광역시 서구 비산동,경상사고,0,0,2,0,차대차 - 추돌 - 주정차중,안전운전불이행,건조,맑음,단일로 - 기타,승용,남,53세,상해없음,승용,남,42세,경상
2013122200100449,2013년 12월 22일 22시,일요일,대구광역시 수성구 대흥동,경상사고,0,0,2,0,차대차 - 추돌 - 주정차중,안전운전불이행,건조,맑음,단일로 - 기타,화물,남,45세,상해없음,승용,남,34세,경상
2013122300100015,2013년 12월 23일 00시,월요일,대구광역시 달서구 본리동,경상사고,0,0,1,0,차대차 - 기타,안전운전불이행,건조,맑음,단일로 - 기타,승용,남,57세,상해없음,이륜,남,58세,경상
2013122300100024,2013년 12월 23일 01시,월요일,대구광역시 수성구 두산동,경상사고,0,0,2,0,차대차 - 추돌 - 주정차중,안전운전불이행,건조,맑음,단일로 - 기타,승용,여,37세,상해없음,승용,남,40세,경상
2013122300100043,2013년 12월 23일 04시,월요일,대구광역시 동구 신암동,중상사고,0,4,1,0,차대차 - 정면충돌,중앙선침범,건조,맑음,단일로 - 기타,화물,남,66세,상해없음,승용,남,43세,중상
2013122300100044,2013년 12월 23일 04시,월요일,대구광역시 달성군 옥포면,사망사고,1,0,0,0,차량단독 - 도로외이탈 - 추락,안전운전불이행,건조,맑음,단일로 - 기타,승용,남,52세,사망,,,,
2013122300100059,2013년 12월 23일 06시,월요일,대구광역시 수성구 두산동,부상신고사고,0,0,0,1,차대차 - 기타,안전운전불이행,건조,맑음,단일로 - 기타,화물,남,48세,상해없음,자전거,남,61세,부상신고
2013122300100060,2013년 12월 23일 06시,월요일,대구광역시 달성군 옥포면,경상사고,0,0,3,0,차대차 - 추돌 - 주정차중,안전운전불이행,건조,맑음,교차로 - 교차로부근,승용,남,62세,상해없음,승용,남,51세,경상
2013122300100061,2013년 12월 23일 06시,월요일,대구광역시 서구 평리동,경상사고,0,0,2,0,차대차 - 추돌 - 주정차중,안전운전불이행,건조,맑음,단일로 - 기타,승용,기타불명,기타불명,기타불명,승용,남,58세,경상
2013122300100092,2013년 12월 23일 07시,월요일,대구광역시 달성군 현풍면,중상사고,0,2,0,0,차대차 - 기타,교차로운행방법위반,건조,맑음,교차로 - 교차로안,승용,남,44세,중상,건설기계,남,53세,중상
2013122300100093,2013년 12월 23일 07시,월요일,대구광역시 서구 내당동,중상사고,0,1,0,0,차대차 - 기타,차로위반,건조,맑음,교차로 - 교차로부근,승합,기타불명,기타불명,기타불명,이륜,남,53세,중상
2013122300100094,2013년 12월 23일 07시,월요일,대구광역시 북구 동천동,중상사고,0,1,0,0,차대사람 - 횡단중,안전운전불이행,건조,맑음,교차로 - 교차로부근,화물,남,29세,상해없음,보행자,여,16세,중상
2013122300100095,2013년 12월 23일 07시,월요일,대구광역시 북구 태전동,경상사고,0,0,1,0,차대차 - 추돌 - 진행중,교차로운행방법위반,건조,맑음,교차로 - 교차로안,승용,남,45세,상해없음,승용,남,32세,경상
2013122300100096,2013년 12월 23일 07시,월요일,대구광역시 북구 매천동,경상사고,0,0,1,0,차대차 - 기타,안전운전불이행,건조,맑음,단일로 - 기타,승용,여,22세,기타불명,승용,남,36세,경상
2013122300100137,2013년 12월 23일 08시,월요일,대구광역시 수성구 황금동,중상사고,0,1,0,0,차대사람 - 기타,안전운전불이행,건조,맑음,단일로 - 기타,화물,남,45세,상해없음,보행자,여,74세,중상
2013122300100138,2013년 12월 23일 08시,월요일,대구광역시 달서구 송현동,중상사고,0,1,1,0,차대차 - 측면직각충돌,신호위반,건조,맑음,교차로 - 교차로안,승용,여,53세,상해없음,승용,남,66세,경상
2013122300100139,2013년 12월 23일 08시,월요일,대구광역시 달서구 송현동,경상사고,0,0,6,0,차대차 - 기타,안전운전불이행,건조,맑음,단일로 - 기타,승용,여,32세,상해없음,승용,여,34세,경상
2013122300100140,2013년 12월 23일 08시,월요일,대구광역시 서구 비산동,중상사고,0,1,0,0,차대차 - 측면직각충돌,교차로운행방법위반,건조,맑음,교차로 - 교차로안,승용,남,26세,기타불명,자전거,남,54세,중상
2013122300100157,2013년 12월 23일 09시,월요일,대구광역시 수성구 수성동1가,중상사고,0,1,1,0,차대차 - 추돌 - 진행중,안전운전불이행,건조,맑음,단일로 - 기타,승용,남,77세,상해없음,승용,여,36세,중상
2013122300100158,2013년 12월 23일 09시,월요일,대구광역시 달서구 본리동,중상사고,0,1,0,0,차대차 - 측면직각충돌,안전운전불이행,건조,맑음,단일로 - 기타,승용,남,36세,상해없음,이륜,여,27세,중상
2013122300100191,2013년 12월 23일 10시,월요일,대구광역시 달서구 도원동,중상사고,0,1,0,0,차대사람 - 기타,안전운전불이행,건조,맑음,단일로 - 기타,승용,남,67세,상해없음,보행자,남,18세,중상
2013122300100192,2013년 12월 23일 10시,월요일,대구광역시 북구 노원동3가,부상신고사고,0,0,0,1,차량단독 - 기타,안전운전불이행,건조,맑음,단일로 - 기타,화물,남,61세,부상신고,,,,
2013122300100193,2013년 12월 23일 10시,월요일,대구광역시 중구 동인동4가,경상사고,0,0,1,0,차대차 - 기타,신호위반,건조,맑음,교차로 - 교차로부근,기타불명,기타불명,기타불명,기타불명,승용,남,58세,상해없음
2013122300100194,2013년 12월 23일 10시,월요일,대구광역시 달서구 이곡동,경상사고,0,0,2,0,차대차 - 측면직각충돌,안전거리미확보,건조,맑음,단일로 - 기타,승용,남,28세,경상,화물,남,60세,경상
2013122300100220,2013년 12월 23일 11시,월요일,대구광역시 동구 각산동,중상사고,0,1,0,0,차대사람 - 기타,안전운전불이행,건조,맑음,교차로 - 교차로부근,승합,남,45세,상해없음,보행자,여,68세,중상
2013122300100252,2013년 12월 23일 12시,월요일,대구광역시 달성군 가창면,경상사고,0,0,1,0,차량단독 - 전도전복,안전운전불이행,건조,맑음,단일로 - 기타,이륜,남,84세,경상,,,,
2013122300100253,2013년 12월 23일 12시,월요일,대구광역시 북구 노원동3가,경상사고,0,0,1,0,차대차 - 기타,기타,건조,맑음,단일로 - 기타,승합,남,47세,상해없음,이륜,남,47세,상해없음
2013122300100298,2013년 12월 23일 13시,월요일,대구광역시 서구 내당동,경상사고,0,0,1,0,차대사람 - 기타,안전운전불이행,건조,맑음,기타 - 기타,승용,남,56세,상해없음,보행자,여,20세,경상
2013122300100328,2013년 12월 23일 14시,월요일,대구광역시 동구 율하동,경상사고,0,0,1,0,차대차 - 측면직각충돌,교차로운행방법위반,건조,맑음,교차로 - 교차로안,승용,여,64세,상해없음,승용,남,56세,경상
2013122300100329,2013년 12월 23일 14시,월요일,대구광역시 수성구 범어동,경상사고,0,0,1,0,차대차 - 측면직각충돌,안전거리미확보,건조,맑음,단일로 - 기타,승합,남,60세,상해없음,승용,여,31세,경상
2013122300100330,2013년 12월 23일 14시,월요일,대구광역시 수성구 지산동,경상사고,0,0,1,0,차대차 - 기타,교차로운행방법위반,건조,맑음,교차로 - 교차로안,승용,남,22세,상해없음,승용,남,61세,경상
2013122300100358,2013년 12월 23일 15시,월요일,대구광역시 남구 봉덕동,중상사고,0,1,0,0,차량단독 - 공작물충돌,안전운전불이행,건조,맑음,단일로 - 기타,자전거,남,71세,중상,,,,
2013122300100359,2013년 12월 23일 15시,월요일,대구광역시 수성구 수성동1가,경상사고,0,0,1,0,차대사람 - 기타,안전운전불이행,건조,맑음,단일로 - 기타,승용,남,68세,상해없음,보행자,남,22세,경상
2013122300100360,2013년 12월 23일 15시,월요일,대구광역시 북구 검단동,경상사고,0,0,1,0,차대차 - 측면직각충돌,안전운전불이행,건조,맑음,단일로 - 기타,화물,남,52세,상해없음,자전거,남,52세,경상
2013122300100361,2013년 12월 23일 15시,월요일,대구광역시 달서구 이곡동,중상사고,0,1,0,0,차대차 - 측면직각충돌,신호위반,건조,맑음,교차로 - 교차로안,이륜,남,19세,중상,승용,남,40세,상해없음
2013122300100391,2013년 12월 23일 16시,월요일,대구광역시 중구 계산동2가,중상사고,0,1,0,0,차대차 - 추돌 - 진행중,안전거리미확보,건조,맑음,단일로 - 기타,승용,남,30세,상해없음,승합,남,52세,상해없음
2013122300100435,2013년 12월 23일 17시,월요일,대구광역시 달서구 본동,중상사고,0,1,0,0,차대사람 - 기타,안전운전불이행,건조,맑음,기타 - 기타,승용,남,38세,상해없음,보행자,여,74세,중상
2013122300100436,2013년 12월 23일 17시,월요일,대구광역시 중구 삼덕동1가,부상신고사고,0,0,0,1,차대차 - 기타,안전운전불이행,건조,맑음,단일로 - 기타,이륜,남,30세,부상신고,승합,여,53세,상해없음
2013122300100489,2013년 12월 23일 18시,월요일,대구광역시 서구 비산동,중상사고,0,1,0,0,차대사람 - 길가장자리구역통행중,교차로운행방법위반,건조,맑음,교차로 - 교차로부근,승용,남,49세,상해없음,보행자,여,59세,중상
2013122300100490,2013년 12월 23일 18시,월요일,대구광역시 서구 중리동,경상사고,0,0,1,0,차대차 - 추돌 - 진행중,안전거리미확보,건조,맑음,단일로 - 기타,승용,남,32세,상해없음,자전거,남,58세,경상
2013122300100491,2013년 12월 23일 18시,월요일,대구광역시 북구 태전동,중상사고,0,1,0,0,차대차 - 기타,안전운전불이행,건조,맑음,단일로 - 기타,승용,남,39세,상해없음,이륜,남,17세,중상
2013122300100527,2013년 12월 23일 19시,월요일,대구광역시 남구 봉덕동,경상사고,0,0,3,0,차대차 - 추돌 - 주정차중,안전운전불이행,건조,맑음,단일로 - 기타,승용,남,23세,상해없음,승용,남,45세,경상
2013122300100557,2013년 12월 23일 20시,월요일,대구광역시 수성구 만촌동,경상사고,0,0,1,1,차대차 - 측면직각충돌,안전운전불이행,건조,맑음,단일로 - 기타,승용,남,19세,부상신고,승용,여,51세,경상
2013122300100617,2013년 12월 23일 22시,월요일,대구광역시 달서구 죽전동,경상사고,0,0,1,0,차대사람 - 길가장자리구역통행중,안전운전불이행,건조,맑음,단일로 - 기타,기타불명,기타불명,기타불명,기타불명,보행자,남,46세,경상
2013122300100618,2013년 12월 23일 22시,월요일,대구광역시 북구 태전동,경상사고,0,0,3,1,차대차 - 추돌 - 진행중,안전거리미확보,건조,맑음,단일로 - 기타,승용,여,36세,부상신고,승용,남,60세,경상
2013122300100645,2013년 12월 23일 23시,월요일,대구광역시 수성구 가천동,중상사고,0,1,0,0,차대차 - 기타,안전운전불이행,건조,맑음,교차로 - 교차로부근,승용,여,26세,상해없음,승용,남,66세,중상
2013122400100022,2013년 12월 24일 00시,화요일,대구광역시 달서구 감삼동,중상사고,0,1,0,0,차대사람 - 기타,안전운전불이행,건조,맑음,단일로 - 기타,승용,남,44세,상해없음,보행자,남,46세,중상
2013122400100063,2013년 12월 24일 02시,화요일,대구광역시 북구 복현동,중상사고,0,1,1,0,차대차 - 기타,신호위반,건조,맑음,교차로 - 교차로안,승용,남,46세,상해없음,승용,남,60세,중상
2013122400100064,2013년 12월 24일 02시,화요일,대구광역시 달서구 이곡동,경상사고,0,0,2,1,차대차 - 측면직각충돌,신호위반,건조,맑음,교차로 - 교차로안,승용,남,51세,부상신고,승용,남,25세,경상
2013122400100075,2013년 12월 24일 03시,화요일,대구광역시 동구 율암동,사망사고,1,0,0,0,차대차 - 기타,안전운전불이행,건조,맑음,단일로 - 기타,승용,남,51세,사망,화물,남,61세,기타불명
2013122400100076,2013년 12월 24일 03시,화요일,대구광역시 북구 복현동,경상사고,0,0,1,0,차대사람 - 횡단중,신호위반,건조,맑음,단일로 - 횡단보도상,승용,남,51세,상해없음,보행자,남,32세,경상
2013122400100117,2013년 12월 24일 06시,화요일,대구광역시 남구 대명동,경상사고,0,0,1,0,차대차 - 기타,교차로운행방법위반,건조,맑음,교차로 - 교차로안,승용,남,48세,상해없음,승용,여,46세,경상
2013122400100137,2013년 12월 24일 07시,화요일,대구광역시 수성구 만촌동,중상사고,0,1,0,0,차대차 - 기타,안전운전불이행,건조,맑음,단일로 - 기타,승용,남,46세,상해없음,이륜,남,66세,중상
2013122400100138,2013년 12월 24일 07시,화요일,대구광역시 달성군 다사읍,경상사고,0,0,1,0,차대차 - 측면직각충돌,차로위반,건조,맑음,교차로 - 교차로부근,승용,여,45세,상해없음,화물,남,56세,경상
2013122400100166,2013년 12월 24일 08시,화요일,대구광역시 달서구 월성동,경상사고,0,0,3,0,차대차 - 추돌 - 주정차중,안전운전불이행,건조,맑음,단일로 - 기타,승용,여,25세,상해없음,화물,남,46세,경상
2013122400100208,2013년 12월 24일 10시,화요일,대구광역시 남구 봉덕동,경상사고,0,0,1,0,차대차 - 기타,신호위반,건조,맑음,교차로 - 교차로안,승용,남,64세,상해없음,승용,남,59세,경상
2013122400100209,2013년 12월 24일 10시,화요일,대구광역시 남구 대명동,중상사고,0,1,0,0,차대사람 - 기타,안전운전불이행,건조,맑음,단일로 - 기타,승합,남,58세,상해없음,보행자,여,52세,중상
2013122400100232,2013년 12월 24일 11시,화요일,대구광역시 달서구 도원동,경상사고,0,0,3,0,차대차 - 측면직각충돌,안전운전불이행,건조,맑음,단일로 - 기타,승용,여,62세,경상,승용,남,41세,경상
2013122400100253,2013년 12월 24일 12시,화요일,대구광역시 달서구 상인동,중상사고,0,1,0,0,차량단독 - 기타,기타,건조,맑음,단일로 - 기타,승합,남,57세,상해없음,,,,
2013122400100277,2013년 12월 24일 13시,화요일,대구광역시 남구 대명동,경상사고,0,0,1,0,차대차 - 측면직각충돌,안전운전불이행,건조,맑음,교차로 - 교차로안,승용,남,57세,기타불명,승용,남,34세,경상
2013122400100278,2013년 12월 24일 13시,화요일,대구광역시 달성군 다사읍,경상사고,0,0,1,0,차대차 - 기타,중앙선침범,건조,맑음,교차로 - 교차로부근,이륜,남,80세,경상,화물,남,45세,상해없음
2013122400100279,2013년 12월 24일 13시,화요일,대구광역시 북구 침산동,부상신고사고,0,0,0,1,차대차 - 기타,차로위반,건조,맑음,단일로 - 기타,자전거,남,78세,부상신고,승용,여,55세,상해없음
2013122400100312,2013년 12월 24일 14시,화요일,대구광역시 달서구 파호동,중상사고,0,1,0,0,차대차 - 기타,안전거리미확보,건조,맑음,단일로 - 교량,승용,남,27세,상해없음,원동기,남,46세,중상
2013122400100313,2013년 12월 24일 14시,화요일,대구광역시 북구 관음동,중상사고,0,1,0,0,차대차 - 기타,안전운전불이행,건조,맑음,단일로 - 기타,화물,남,28세,상해없음,승용,남,48세,중상
2013122400100338,2013년 12월 24일 15시,화요일,대구광역시 동구 신천동,경상사고,0,0,1,0,차대차 - 기타,안전운전불이행,건조,맑음,단일로 - 기타,승용,남,52세,상해없음,승용,남,31세,경상
2013122400100340,2013년 12월 24일 15시,화요일,대구광역시 북구 산격동,중상사고,0,1,0,0,차대사람 - 횡단중,보행자보호의무위반,건조,맑음,교차로 - 교차로안,승용,여,44세,상해없음,보행자,여,60세,중상
2013122400100341,2013년 12월 24일 15시,화요일,대구광역시 북구 읍내동,경상사고,0,0,1,0,차대차 - 추돌 - 진행중,안전거리미확보,건조,맑음,교차로 - 교차로부근,이륜,남,45세,상해없음,승용,남,59세,경상
2013122400100342,2013년 12월 24일 15시,화요일,대구광역시 북구 국우동,경상사고,0,0,1,0,차대차 - 추돌 - 진행중,안전운전불이행,건조,맑음,단일로 - 기타,승용,여,54세,상해없음,승용,여,34세,경상
2013122400100369,2013년 12월 24일 16시,화요일,대구광역시 달성군 옥포면,경상사고,0,0,1,0,차대차 - 측면직각충돌,안전거리미확보,건조,맑음,단일로 - 기타,건설기계,남,50세,상해없음,승용,여,44세,경상
2013122400100401,2013년 12월 24일 17시,화요일,대구광역시 달성군 화원읍,중상사고,0,1,0,0,차대사람 - 횡단중,안전운전불이행,건조,맑음,교차로 - 교차로부근,승용,여,25세,상해없음,보행자,여,80세,중상
2013122400100443,2013년 12월 24일 18시,화요일,대구광역시 달성군 옥포면,중상사고,0,2,3,0,차대차 - 추돌 - 진행중,안전거리미확보,건조,맑음,단일로 - 기타,승용,남,34세,상해없음,승용,여,40세,경상
2013122400100446,2013년 12월 24일 18시,화요일,대구광역시 동구 효목동,중상사고,0,1,0,0,차대차 - 정면충돌,중앙선침범,건조,맑음,단일로 - 기타,승용,여,41세,상해없음,원동기,남,36세,중상
2013122400100447,2013년 12월 24일 18시,화요일,대구광역시 동구 신천동,경상사고,0,0,1,0,차대사람 - 기타,안전운전불이행,건조,맑음,단일로 - 기타,기타불명,기타불명,기타불명,기타불명,보행자,여,57세,경상
2013122400100448,2013년 12월 24일 18시,화요일,대구광역시 수성구 범어동,중상사고,0,1,0,0,차대차 - 추돌 - 진행중,안전운전불이행,건조,맑음,단일로 - 횡단보도부근,승용,여,44세,상해없음,승용,남,33세,중상
2013122400100449,2013년 12월 24일 18시,화요일,대구광역시 달서구 상인동,중상사고,0,1,0,0,차량단독 - 기타,기타,건조,맑음,교차로 - 교차로부근,승합,남,59세,상해없음,,,,
2013122400100450,2013년 12월 24일 18시,화요일,대구광역시 중구 봉산동,중상사고,0,1,1,0,차대차 - 추돌 - 진행중,안전거리미확보,건조,맑음,단일로 - 기타,승용,남,70세,기타불명,승용,여,42세,중상
2013122400100497,2013년 12월 24일 19시,화요일,대구광역시 북구 복현동,경상사고,0,0,1,0,차대사람 - 차도통행중,안전운전불이행,건조,맑음,교차로 - 교차로안,승용,남,52세,상해없음,보행자,남,40세,경상
2013122400100498,2013년 12월 24일 19시,화요일,대구광역시 중구 동산동,중상사고,0,1,0,0,차대차 - 측면직각충돌,기타,건조,맑음,단일로 - 기타,승용,남,68세,상해없음,원동기,남,42세,중상
2013122400100500,2013년 12월 24일 19시,화요일,대구광역시 달서구 두류동,중상사고,0,2,0,0,차대차 - 추돌 - 진행중,안전운전불이행,건조,흐림,단일로 - 기타,이륜,남,15세,중상,승용,여,27세,상해없음
2013122400100542,2013년 12월 24일 20시,화요일,대구광역시 동구 효목동,경상사고,0,0,1,0,차대차 - 측면직각충돌,안전운전불이행,건조,맑음,교차로 - 교차로부근,승합,남,38세,상해없음,화물,남,64세,경상
2013122400100543,2013년 12월 24일 20시,화요일,대구광역시 수성구 파동,경상사고,0,0,1,0,차대차 - 기타,기타,건조,맑음,단일로 - 기타,승용,남,40세,상해없음,자전거,여,54세,경상
2013122400100544,2013년 12월 24일 20시,화요일,대구광역시 수성구 중동,중상사고,0,1,0,0,차대차 - 기타,안전운전불이행,건조,맑음,교차로 - 교차로안,화물,남,33세,상해없음,이륜,남,23세,중상
2013122400100545,2013년 12월 24일 20시,화요일,대구광역시 서구 내당동,중상사고,0,1,0,0,차대차 - 측면직각충돌,신호위반,건조,맑음,단일로 - 기타,승용,남,21세,상해없음,이륜,남,46세,중상
2013122400100546,2013년 12월 24일 20시,화요일,대구광역시 달서구 장기동,경상사고,0,0,1,0,차대차 - 측면직각충돌,안전운전불이행,건조,맑음,기타 - 기타,승용,남,25세,상해없음,자전거,남,24세,경상
2013122400100583,2013년 12월 24일 21시,화요일,대구광역시 수성구 매호동,경상사고,0,0,1,0,차대사람 - 횡단중,안전운전불이행,건조,맑음,단일로 - 기타,원동기,남,18세,상해없음,보행자,여,53세,경상
2013122400100584,2013년 12월 24일 21시,화요일,대구광역시 북구 구암동,부상신고사고,0,0,0,1,차대차 - 기타,안전거리미확보,건조,맑음,교차로 - 교차로안,승용,여,25세,상해없음,이륜,남,17세,부상신고
2013122400100660,2013년 12월 24일 23시,화요일,대구광역시 북구 노원동3가,경상사고,0,0,1,0,차대차 - 측면직각충돌,안전운전불이행,건조,맑음,단일로 - 기타,승용,남,31세,상해없음,승용,남,90세 이상,상해없음
2013122500100055,2013년 12월 25일 02시,수요일,대구광역시 북구 노원동3가,경상사고,0,0,1,0,차대차 - 추돌 - 주정차중,안전운전불이행,건조,맑음,교차로 - 교차로부근,승용,남,44세,상해없음,승용,남,55세,경상
2013122500100071,2013년 12월 25일 03시,수요일,대구광역시 달서구 용산동,경상사고,0,0,2,0,차대차 - 추돌 - 진행중,안전운전불이행,건조,맑음,단일로 - 기타,승용,여,33세,상해없음,승용,남,55세,경상
2013122500100092,2013년 12월 25일 04시,수요일,대구광역시 동구 신암동,중상사고,0,1,0,0,차량단독 - 공작물충돌,안전운전불이행,건조,맑음,단일로 - 기타,승용,남,30세,중상,,,,
2013122500100093,2013년 12월 25일 04시,수요일,대구광역시 달성군 화원읍,중상사고,0,1,0,0,차대차 - 정면충돌,중앙선침범,건조,맑음,단일로 - 기타,화물,남,51세,상해없음,승용,남,42세,중상
2013122500100108,2013년 12월 25일 05시,수요일,대구광역시 중구 삼덕동1가,경상사고,0,0,1,1,차대사람 - 길가장자리구역통행중,안전운전불이행,건조,맑음,단일로 - 기타,승용,남,20세,상해없음,보행자,남,18세,부상신고
2013122500100131,2013년 12월 25일 06시,수요일,대구광역시 수성구 지산동,중상사고,0,1,0,0,차대사람 - 횡단중,안전운전불이행,건조,맑음,교차로 - 교차로안,승합,남,53세,상해없음,보행자,여,59세,중상
2013122500100142,2013년 12월 25일 07시,수요일,대구광역시 서구 평리동,경상사고,0,0,2,0,차대차 - 기타,안전운전불이행,건조,맑음,교차로 - 교차로부근,승용,남,39세,상해없음,승용,남,56세,경상
2013122500100177,2013년 12월 25일 09시,수요일,대구광역시 북구 고성동1가,경상사고,0,0,1,0,차대차 - 측면직각충돌,안전운전불이행,건조,맑음,단일로 - 기타,승용,남,53세,상해없음,자전거,여,25세,경상
2013122500100193,2013년 12월 25일 10시,수요일,대구광역시 수성구 두산동,중상사고,0,1,0,0,차대차 - 추돌 - 진행중,안전거리미확보,건조,맑음,교차로 - 교차로부근,이륜,남,59세,중상,승용,남,79세,상해없음
2013122500100225,2013년 12월 25일 12시,수요일,대구광역시 동구 신기동,중상사고,0,1,0,0,차대차 - 측면직각충돌,직진우회전진행방해,건조,맑음,교차로 - 교차로안,승합,남,51세,상해없음,원동기,남,60세,중상
2013122500100244,2013년 12월 25일 13시,수요일,대구광역시 중구 사일동,경상사고,0,0,1,0,차대차 - 기타,안전거리미확보,건조,맑음,단일로 - 기타,승용,여,27세,상해없음,승용,남,44세,경상
2013122500100260,2013년 12월 25일 14시,수요일,대구광역시 동구 신천동,경상사고,0,0,1,0,차대사람 - 차도통행중,안전운전불이행,건조,맑음,단일로 - 기타,승용,남,52세,상해없음,보행자,여,58세,경상